"CharacteristicName","ATTAINS.ParameterName","Alias.Type.Name"
"Quinoxyfen","QUINOXYFEN","ATTAINS.PARAMETER"
"Quinoxyfen","QUINOXYFEN","STANDARDIZE NAME (Normalized)"
"Quinoxyfen","QUINOXYFEN","WQX SYNONYM REGISTRY (validation)"
"CFC-113","CFC-113","ATTAINS.PARAMETER"
"CFC-113","CFC-113","STANDARDIZE NAME (Normalized)"
"CFC-113","CFC-113","WQX SYNONYM REGISTRY (validation)"
"CFC-113","CFC-113","SYSTEMATIC NAME"
"Polycyclic aromatic hydrocarbons","PAH2 - 4 RING POLYCYCLIC AROMATIC HYDROCARBONS IN FISH TISSUE","WQX SYNONYM REGISTRY (validation)"
"Polycyclic aromatic hydrocarbons","PAH2 - 4 RING POLYCYCLIC AROMATIC HYDROCARBONS IN FISH TISSUE","ATTAINS.PARAMETER"
"Cylindrospermopsin","CYLINDROSPERMOPSIN","ATTAINS.PARAMETER"
"Cylindrospermopsin","CYLINDROSPERMOPSIN","STANDARDIZE NAME (Normalized)"
"Cylindrospermopsin","CYLINDROSPERMOPSIN","WQX SYNONYM REGISTRY (validation)"
"Cylindrospermopsin","CYLINDROSPERMOPSIN","SYSTEMATIC NAME"
"Cylindrospermopsin","CYLINDROSPERMOPSIN","CST.STD.POLLUTANT"
"Cylindrospermopsin","CYLINDROSPERMOPSIN","CST.POLLUTANT"
"2,3,7,8-Tetrachlorodibenzo-p-dioxin","DIOXIN - FISH CONSUMPTION ADVISORY","ATTAINS.PARAMETER"
"Chrysene","CONTAMINATED SEDIMENTS (CHRYSENE)","ATTAINS.PARAMETER"
"Pyrethrins","PYRETHRINS","ATTAINS.PARAMETER"
"Pyrethrins","PYRETHRINS","WQX SYNONYM REGISTRY (validation)"
"Pyrethrins","PYRETHRINS","STANDARDIZE NAME (Normalized)"
"2-Chloro-4-isopropylamino-6-amino-s-triazine","DESETHYLATRAZINE","ATTAINS.PARAMETER"
"Desethylatrazine***retired***use 2-Chloro-4-isopropylamino-6-amino-s-triazine","DESETHYLATRAZINE","RETIRED NAME"
"2-Chloro-4-isopropylamino-6-amino-s-triazine","DESETHYLATRAZINE","WQX SYNONYM REGISTRY (validation)"
"2-Chloro-4-isopropylamino-6-amino-s-triazine","DESETHYLATRAZINE","SYSTEMATIC NAME"
"Disulfoton sulfone","DISULFOTON SULFONE","ATTAINS.PARAMETER"
"Disulfoton sulfone","DISULFOTON SULFONE","WQX SYNONYM REGISTRY (validation)"
"Disulfoton sulfone","DISULFOTON SULFONE","STANDARDIZE NAME (Normalized)"
"Disulfoton sulfone","DISULFOTON SULFONE","SYSTEMATIC NAME"
"Aldicarb sulfoxide","ALDICARB SULFOXIDE","ATTAINS.PARAMETER"
"Aldicarb sulfoxide","ALDICARB SULFOXIDE","WQX SYNONYM REGISTRY (validation)"
"Aldicarb sulfoxide","ALDICARB SULFOXIDE","STANDARDIZE NAME (Normalized)"
"Etofenprox","ETOFENPROX","ATTAINS.PARAMETER"
"Etofenprox","ETOFENPROX","STANDARDIZE NAME (Normalized)"
"Etofenprox","ETOFENPROX","WQX SYNONYM REGISTRY (validation)"
"Heptachlor","HEPTACHLOR","ATTAINS.PARAMETER"
"Heptachlor","HEPTACHLOR","STANDARDIZE NAME (Normalized)"
"Heptachlor","HEPTACHLOR","WQX SYNONYM REGISTRY (validation)"
"Heptachlor","HEPTACHLOR","CST.POLLUTANT"
"Heptachlor","HEPTACHLOR","CST.STD.POLLUTANT"
"2,5-Dichlorophenol","2,5-DICHLOROPHENOL","ATTAINS.PARAMETER"
"2,5-Dichlorophenol","2,5-DICHLOROPHENOL","STANDARDIZE NAME (Normalized)"
"2,5-Dichlorophenol","2,5-DICHLOROPHENOL","WQX SYNONYM REGISTRY (validation)"
"2,5-Dichlorophenol","2,5-DICHLOROPHENOL","CST.STD.POLLUTANT"
"2,5-Dichlorophenol","2,5-DICHLOROPHENOL","CST.POLLUTANT"
"Periphyton","PERIPHYTON (AUFWUCHS) INDICATOR BIOASSESSMENTS","ATTAINS.PARAMETER"
"1-Butanol","N-BUTYL ALCOHOL","ATTAINS.PARAMETER"
"1-Butanol","N-BUTYL ALCOHOL","WQX SYNONYM REGISTRY (validation)"
"Fluoranthene","FLUORANTHENE IN FISH TISSUE","WQX SYNONYM REGISTRY (validation)"
"Fluoranthene","FLUORANTHENE IN FISH TISSUE","ATTAINS.PARAMETER"
"1,2-Butylene oxide","1,2-BUTYLENE OXIDE","ATTAINS.PARAMETER"
"1,2-Butylene oxide","1,2-BUTYLENE OXIDE","SYSTEMATIC NAME"
"1,2-Butylene oxide","1,2-BUTYLENE OXIDE","STANDARDIZE NAME (Normalized)"
"1,2-Butylene oxide","1,2-BUTYLENE OXIDE","WQX SYNONYM REGISTRY (validation)"
"Fenvalerate","FENVALERATE","ATTAINS.PARAMETER"
"Fenvalerate","FENVALERATE","WQX SYNONYM REGISTRY (validation)"
"Fenvalerate","FENVALERATE","STANDARDIZE NAME (Normalized)"
"Cyanazine","CYANAZINE","ATTAINS.PARAMETER"
"Cyanazine","CYANAZINE","WQX SYNONYM REGISTRY (validation)"
"Cyanazine","CYANAZINE","STANDARDIZE NAME (Normalized)"
"2-Methoxyethanol","2-METHOXYETHANOL","ATTAINS.PARAMETER"
"2-Methoxyethanol","2-METHOXYETHANOL","STANDARDIZE NAME (Normalized)"
"2-Methoxyethanol","2-METHOXYETHANOL","WQX SYNONYM REGISTRY (validation)"
"Growth","EXCESS ALGAL GROWTH","ATTAINS.PARAMETER"
"General observation (text)","RIPARIAN BUFFER, LACK OF","ATTAINS.PARAMETER"
"p-Cymene","P-CYMENE","ATTAINS.PARAMETER"
"Cymene","P-CYMENE","SYSTEMATIC NAME"
"p-Cymene","P-CYMENE","STANDARDIZE NAME (Normalized)"
"p-Cymene","P-CYMENE","WQX SYNONYM REGISTRY (validation)"
"Biochemical oxygen demand, standard conditions","BIOCHEMICAL OXYGEN DEMAND (BOD), ULTIMATE","ATTAINS.PARAMETER"
"Methoxychlor","METHOXYCHLOR","ATTAINS.PARAMETER"
"Methoxychlor","METHOXYCHLOR","WQX SYNONYM REGISTRY (validation)"
"Methoxychlor","METHOXYCHLOR","STANDARDIZE NAME (Normalized)"
"Methoxychlor","METHOXYCHLOR","CST.STD.POLLUTANT"
"Methoxychlor","METHOXYCHLOR","CST.POLLUTANT"
"Carbon tetrachloride","CARBON TETRACHLORIDE","ATTAINS.PARAMETER"
"Carbon tetrachloride","CARBON TETRACHLORIDE","WQX SYNONYM REGISTRY (validation)"
"Carbon tetrachloride","CARBON TETRACHLORIDE","STANDARDIZE NAME (Normalized)"
"Carbon tetrachloride","CARBON TETRACHLORIDE","CST.POLLUTANT"
"Carbon tetrachloride","CARBON TETRACHLORIDE","CST.STD.POLLUTANT"
"Perfluorooctanoic acid","PERFLUOROOCTANOIC ACID (PFOA) IN FISH TISSUE","ATTAINS.PARAMETER"
"Perfluorooctanoic acid","PERFLUOROOCTANOIC ACID (PFOA) IN FISH TISSUE","WQX SYNONYM REGISTRY (validation)"
"General observation (text)","NUTRIENTS","ATTAINS.PARAMETER"
"General observation (text)","PHTHLATE","ATTAINS.PARAMETER"
"Europium","EUROPIUM","ATTAINS.PARAMETER"
"Europium","EUROPIUM","SYSTEMATIC NAME"
"Europium","EUROPIUM","STANDARDIZE NAME (Normalized)"
"Europium","EUROPIUM","WQX SYNONYM REGISTRY (validation)"
"Holmium","HOLMIUM","ATTAINS.PARAMETER"
"Holmium","HOLMIUM","STANDARDIZE NAME (Normalized)"
"Holmium","HOLMIUM","SYSTEMATIC NAME"
"Holmium","HOLMIUM","WQX SYNONYM REGISTRY (validation)"
"Simetryn","SIMETRYN","ATTAINS.PARAMETER"
"Simetryn","SIMETRYN","STANDARDIZE NAME (Normalized)"
"Simetryn","SIMETRYN","WQX SYNONYM REGISTRY (validation)"
"Taxon Present (Y/N) (choice list)","BACTERIA (OYSTER WATERS)","ATTAINS.PARAMETER"
"Carbaryl","CARBARYL","ATTAINS.PARAMETER"
"Carbaryl","CARBARYL","WQX SYNONYM REGISTRY (validation)"
"Carbaryl","CARBARYL","SYSTEMATIC NAME"
"Carbaryl","CARBARYL","STANDARDIZE NAME (Normalized)"
"Carbaryl","CARBARYL","CST.POLLUTANT"
"Carbaryl","CARBARYL","CST.STD.POLLUTANT"
"HCFC-123b","1,1-DICHLORO-1,2,2-TRIFLUOROETHANE","WQX SYNONYM REGISTRY (validation)"
"HCFC-123b","1,1-DICHLORO-1,2,2-TRIFLUOROETHANE","ATTAINS.PARAMETER"
"2,3,7,8-Tetrachlorodibenzo-p-dioxin","2,3,7,8-TETRACHLORODIBENZO-P-DIOXIN","ATTAINS.PARAMETER"
"2,3,7,8-Tetrachlorodibenzo-p-dioxin","2,3,7,8-TETRACHLORODIBENZO-P-DIOXIN","SYSTEMATIC NAME"
"2,3,7,8-Tetrachlorodibenzo-p-dioxin","2,3,7,8-TETRACHLORODIBENZO-P-DIOXIN","WQX SYNONYM REGISTRY (validation)"
"2,3,7,8-Tetrachlorodibenzo-p-dioxin","2,3,7,8-TETRACHLORODIBENZO-P-DIOXIN","STANDARDIZE NAME (Normalized)"
"Biochemical oxygen demand, standard conditions","BIOCHEMICAL OXYGEN DEMAND (BOD)","ATTAINS.PARAMETER"
"Biochemical oxygen demand, standard conditions","BIOCHEMICAL OXYGEN DEMAND (BOD)","WQX SYNONYM REGISTRY (validation)"
"2-Hexanone","2-HEXANONE","ATTAINS.PARAMETER"
"2-Hexanone","2-HEXANONE","WQX SYNONYM REGISTRY (validation)"
"2-Hexanone","2-HEXANONE","SYSTEMATIC NAME"
"2-Hexanone","2-HEXANONE","STANDARDIZE NAME (Normalized)"
"2-Hexanone","2-HEXANONE","CST.POLLUTANT"
"2-Hexanone","2-HEXANONE","CST.STD.POLLUTANT"
"Benz[a]anthracene","BENZO[A]ANTHRACENE IN FISH TISSUE","ATTAINS.PARAMETER"
"Benz[a]anthracene","BENZO[A]ANTHRACENE IN FISH TISSUE","WQX SYNONYM REGISTRY (validation)"
"Fluoranthene","CONTAMINATED SEDIMENTS (FLUORANTHENE)","ATTAINS.PARAMETER"
"Fluoranthene","CONTAMINATED SEDIMENTS (FLUORANTHENE)","WQX SYNONYM REGISTRY (validation)"
"Dichlofenthion","DICHLOFENTHION","ATTAINS.PARAMETER"
"Dichlofenthion","DICHLOFENTHION","WQX SYNONYM REGISTRY (validation)"
"Dichlofenthion","DICHLOFENTHION","STANDARDIZE NAME (Normalized)"
"Cyanide","CYANIDE","ATTAINS.PARAMETER"
"Cyanide","CYANIDE","SYSTEMATIC NAME"
"Cyanide","CYANIDE","STANDARDIZE NAME (Normalized)"
"Cyanide","CYANIDE","WQX SYNONYM REGISTRY (validation)"
"Cyanide","CYANIDE","CST.POLLUTANT"
"Cyanide","CYANIDE","CST.STD.POLLUTANT"
"Molinate","MOLINATE","ATTAINS.PARAMETER"
"Molinate","MOLINATE","WQX SYNONYM REGISTRY (validation)"
"Molinate","MOLINATE","STANDARDIZE NAME (Normalized)"
"Molinate","MOLINATE","CST.STD.POLLUTANT"
"Molinate","MOLINATE","CST.POLLUTANT"
"2,4-Dinitrophenol","2,4-DINITROPHENOL","ATTAINS.PARAMETER"
"2,4-Dinitrophenol","2,4-DINITROPHENOL","STANDARDIZE NAME (Normalized)"
"2,4-Dinitrophenol","2,4-DINITROPHENOL","WQX SYNONYM REGISTRY (validation)"
"2,4-Dinitrophenol","2,4-DINITROPHENOL","CST.STD.POLLUTANT"
"2,4-Dinitrophenol","2,4-DINITROPHENOL","CST.POLLUTANT"
"2-Acetylaminofluorene","2-ACETYLAMINOFLUORENE","ATTAINS.PARAMETER"
"2-Acetylaminofluorene","2-ACETYLAMINOFLUORENE","WQX SYNONYM REGISTRY (validation)"
"2-Acetylaminofluorene","2-ACETYLAMINOFLUORENE","STANDARDIZE NAME (Normalized)"
"p,p'-DDD","4,4'-DDD","WQX SYNONYM REGISTRY (validation)"
"p,p'-DDD","4,4'-DDD","ATTAINS.PARAMETER"
"p,p'-DDD","4,4'-DDD","CST.POLLUTANT"
"2,4,5-Trichlorophenol","2,4,5-TRICHLOROPHENOL","ATTAINS.PARAMETER"
"2,4,5-Trichlorophenol","2,4,5-TRICHLOROPHENOL","WQX SYNONYM REGISTRY (validation)"
"2,4,5-Trichlorophenol","2,4,5-TRICHLOROPHENOL","STANDARDIZE NAME (Normalized)"
"2,4,5-Trichlorophenol","2,4,5-TRICHLOROPHENOL","CST.POLLUTANT"
"2,4,5-Trichlorophenol","2,4,5-TRICHLOROPHENOL","CST.STD.POLLUTANT"
"Dimethyl phthalate","DIMETHYL PHTHALATE IN FISH TISSUE","ATTAINS.PARAMETER"
"Dimethyl phthalate","DIMETHYL PHTHALATE IN FISH TISSUE","WQX SYNONYM REGISTRY (validation)"
"Propylene glycol","1,2-PROPANEDIOL","ATTAINS.PARAMETER"
"Propylene glycol","1,2-PROPANEDIOL","SYSTEMATIC NAME"
"Propylene glycol","1,2-PROPANEDIOL","WQX SYNONYM REGISTRY (validation)"
"1,1-Dichloropropene","1,1-DICHLOROPROPENE","ATTAINS.PARAMETER"
"1,1-Dichloropropene","1,1-DICHLOROPROPENE","SYSTEMATIC NAME"
"1,1-Dichloropropene","1,1-DICHLOROPROPENE","STANDARDIZE NAME (Normalized)"
"1,1-Dichloropropene","1,1-DICHLOROPROPENE","WQX SYNONYM REGISTRY (validation)"
"Chlorodibromomethane","DIBROMOCHLOROMETHANE","ATTAINS.PARAMETER"
"Chlorodibromomethane","DIBROMOCHLOROMETHANE","SYSTEMATIC NAME"
"Chlorodibromomethane","DIBROMOCHLOROMETHANE","WQX SYNONYM REGISTRY (validation)"
"o-Cresol","2-METHYLPHENOL","WQX SYNONYM REGISTRY (validation)"
"o-Cresol","2-METHYLPHENOL","RETIRED NAME"
"o-Cresol","2-METHYLPHENOL","ATTAINS.PARAMETER"
"Allyl Alcohol","ALLYL ALCOHOL","ATTAINS.PARAMETER"
"Allyl Alcohol","ALLYL ALCOHOL","WQX SYNONYM REGISTRY (validation)"
"Allyl Alcohol","ALLYL ALCOHOL","STANDARDIZE NAME (Normalized)"
"2-Propen-1-ol***retired***use Allyl Alcohol","ALLYL ALCOHOL","RETIRED NAME"
"Methyl paraoxon","METHYL PARAOXON","ATTAINS.PARAMETER"
"Methyl paraoxon","METHYL PARAOXON","STANDARDIZE NAME (Normalized)"
"Methyl paraoxon","METHYL PARAOXON","SYSTEMATIC NAME"
"Methyl paraoxon","METHYL PARAOXON","WQX SYNONYM REGISTRY (validation)"
"Hexazinone","HEXAZINONE","ATTAINS.PARAMETER"
"Hexazinone","HEXAZINONE","WQX SYNONYM REGISTRY (validation)"
"Hexazinone","HEXAZINONE","STANDARDIZE NAME (Normalized)"
"Hexazinone","HEXAZINONE","CST.POLLUTANT"
"Hexazinone","HEXAZINONE","CST.STD.POLLUTANT"
"General observation (text)","LACK OF A COLDWATER ASSEMBLAGE","ATTAINS.PARAMETER"
"2,4-Toluenediamine","DIAMINOTOLUENE (MIXED ISOMERS)","ATTAINS.PARAMETER"
"Pyriproxyfen","PYRIPROXYFEN","ATTAINS.PARAMETER"
"Pyriproxyfen","PYRIPROXYFEN","SYSTEMATIC NAME"
"Pyriproxyfen","PYRIPROXYFEN","WQX SYNONYM REGISTRY (validation)"
"Pyriproxyfen","PYRIPROXYFEN","STANDARDIZE NAME (Normalized)"
"Terbutryn","TERBUTRYN","ATTAINS.PARAMETER"
"Terbutryn","TERBUTRYN","STANDARDIZE NAME (Normalized)"
"Terbutryn","TERBUTRYN","WQX SYNONYM REGISTRY (validation)"
"Butyl benzyl phthalate","N-BUTYLBENZYLPHTHALATE","WQX SYNONYM REGISTRY (validation)"
"Butyl benzyl phthalate","N-BUTYLBENZYLPHTHALATE","ATTAINS.PARAMETER"
"p-Cresol","4-METHYLPHENOL","ATTAINS.PARAMETER"
"p-Cresol","4-METHYLPHENOL","RETIRED NAME"
"p-Cresol","4-METHYLPHENOL","WQX SYNONYM REGISTRY (validation)"
"p-Cresol","4-METHYLPHENOL","SYSTEMATIC NAME"
"Methyl methacrylate","METHYL METHACRYLATE","ATTAINS.PARAMETER"
"Methyl methacrylate","METHYL METHACRYLATE","WQX SYNONYM REGISTRY (validation)"
"Methyl methacrylate","METHYL METHACRYLATE","STANDARDIZE NAME (Normalized)"
"Methyl methacrylate","METHYL METHACRYLATE","CST.POLLUTANT"
"Methyl methacrylate","METHYL METHACRYLATE","CST.STD.POLLUTANT"
"General observation (text)","ESTUARINE BIOASSESSMENTS","ATTAINS.PARAMETER"
"N-Nitrosodiphenylamine","N-NITROSODIPHENYLAMINE","ATTAINS.PARAMETER"
"N-Nitrosodiphenylamine","N-NITROSODIPHENYLAMINE","STANDARDIZE NAME (Normalized)"
"N-Nitrosodiphenylamine","N-NITROSODIPHENYLAMINE","WQX SYNONYM REGISTRY (validation)"
"N-Nitrosodiphenylamine","N-NITROSODIPHENYLAMINE","CST.STD.POLLUTANT"
"Carbofuran","CARBOFURAN","ATTAINS.PARAMETER"
"Carbofuran","CARBOFURAN","STANDARDIZE NAME (Normalized)"
"Carbofuran","CARBOFURAN","WQX SYNONYM REGISTRY (validation)"
"Carbofuran","CARBOFURAN","CST.STD.POLLUTANT"
"Carbofuran","CARBOFURAN","CST.POLLUTANT"
"trans-Chlordane","TRANS-CHLORDANE","ATTAINS.PARAMETER"
"trans-Chlordane","TRANS-CHLORDANE","SYSTEMATIC NAME"
"trans-Chlordane","TRANS-CHLORDANE","STANDARDIZE NAME (Normalized)"
"trans-Chlordane","TRANS-CHLORDANE","WQX SYNONYM REGISTRY (validation)"
"General observation (text)","HABITAT ALTERATIONS","ATTAINS.PARAMETER"
"Aquatic Plant Cover, substrate rock/bank cover (choice list)","AQUATIC PLANTS (MACROPHYTES)","ATTAINS.PARAMETER"
"Sediment Oxygen Demand","SEDIMENT OXYGEN DEMAND","ATTAINS.PARAMETER"
"Sediment Oxygen Demand","SEDIMENT OXYGEN DEMAND","STANDARDIZE NAME (Normalized)"
"Sediment Oxygen Demand","SEDIMENT OXYGEN DEMAND","WQX SYNONYM REGISTRY (validation)"
"Sediment Oxygen Demand","SEDIMENT OXYGEN DEMAND","SYSTEMATIC NAME"
"General observation (text)","RIPARIAN DISTURBANCE","ATTAINS.PARAMETER"
"Penoxsulam","PENOXSULAM","ATTAINS.PARAMETER"
"Penoxsulam","PENOXSULAM","RETIRED NAME"
"Penoxsulam","PENOXSULAM","STANDARDIZE NAME (Normalized)"
"Penoxsulam","PENOXSULAM","WQX SYNONYM REGISTRY (validation)"
"Pebulate","PEBULATE","ATTAINS.PARAMETER"
"Pebulate","PEBULATE","STANDARDIZE NAME (Normalized)"
"Pebulate","PEBULATE","WQX SYNONYM REGISTRY (validation)"
"Thiacloprid","THIACLOPRID","ATTAINS.PARAMETER"
"Thiacloprid","THIACLOPRID","SYSTEMATIC NAME"
"Thiacloprid","THIACLOPRID","WQX SYNONYM REGISTRY (validation)"
"Thiacloprid","THIACLOPRID","STANDARDIZE NAME (Normalized)"
"Dibenzofuran","DIBENZOFURAN IN SEDIMENT","ATTAINS.PARAMETER"
"MCPA","MCPA","WQX SYNONYM REGISTRY (validation)"
"MCPA","MCPA","ATTAINS.PARAMETER"
"MCPA","MCPA","STANDARDIZE NAME (Normalized)"
"MCPA","MCPA","SYSTEMATIC NAME"
"1,2,3-Trichloropropane","1,2,3-TRICHLOROPROPANE","ATTAINS.PARAMETER"
"1,2,3-Trichloropropane","1,2,3-TRICHLOROPROPANE","STANDARDIZE NAME (Normalized)"
"1,2,3-Trichloropropane","1,2,3-TRICHLOROPROPANE","WQX SYNONYM REGISTRY (validation)"
"1,2,3-Trichloropropane","1,2,3-TRICHLOROPROPANE","CST.POLLUTANT"
"1,2,3-Trichloropropane","1,2,3-TRICHLOROPROPANE","CST.STD.POLLUTANT"
"Isophorone","ISOPHORONE IN FISH TISSUE","ATTAINS.PARAMETER"
"Isophorone","ISOPHORONE IN FISH TISSUE","WQX SYNONYM REGISTRY (validation)"
"Pyrene","PYRENE IN FISH TISSUE","WQX SYNONYM REGISTRY (validation)"
"Pyrene","PYRENE IN FISH TISSUE","ATTAINS.PARAMETER"
"Tetrachloroethene***retired***use Tetrachloroethylene","TETRACHLOROETHYLENE","ATTAINS.PARAMETER"
"Tetrachloroethylene","TETRACHLOROETHYLENE","STANDARDIZE NAME (Normalized)"
"Tetrachloroethylene","TETRACHLOROETHYLENE","WQX SYNONYM REGISTRY (validation)"
"Tetrachloroethene***retired***use Tetrachloroethylene","TETRACHLOROETHYLENE","CST.STD.POLLUTANT"
"1,3-Dichloropropene","1,3-DICHLOROPROPENE","ATTAINS.PARAMETER"
"1,3-Dichloropropene","1,3-DICHLOROPROPENE","WQX SYNONYM REGISTRY (validation)"
"1,3-Dichloropropene","1,3-DICHLOROPROPENE","STANDARDIZE NAME (Normalized)"
"1,3-Dichloropropene","1,3-DICHLOROPROPENE","CST.STD.POLLUTANT"
"1,3-Dichloropropene","1,3-DICHLOROPROPENE","CST.POLLUTANT"
"Enterococcus","ENTEROCOCCUS","ATTAINS.PARAMETER"
"Enterococcus","ENTEROCOCCUS","STANDARDIZE NAME (Normalized)"
"Enterococcus","ENTEROCOCCUS","WQX SYNONYM REGISTRY (validation)"
"Enterococcus","ENTEROCOCCUS","SYSTEMATIC NAME"
"Enterococcus","ENTEROCOCCUS","CST.POLLUTANT"
"p,p'-DDE","DDE IN SEDIMENT","ATTAINS.PARAMETER"
"Myclobutanil","MYCLOBUTANIL","ATTAINS.PARAMETER"
"Myclobutanil","MYCLOBUTANIL","STANDARDIZE NAME (Normalized)"
"Myclobutanil","MYCLOBUTANIL","WQX SYNONYM REGISTRY (validation)"
"Myclobutanil","MYCLOBUTANIL","CST.STD.POLLUTANT"
"Myclobutanil","MYCLOBUTANIL","CST.POLLUTANT"
"Benzo[b,k]fluoranthene","BENZO[B,K]FLUORANTHENES","WQX SYNONYM REGISTRY (validation)"
"Benzo[b,k]fluoranthene","BENZO[B,K]FLUORANTHENES","ATTAINS.PARAMETER"
"p,p'-DDD","DDD (DICHLORODIPHENYLDICHLOROETHANE)","WQX SYNONYM REGISTRY (validation)"
"p,p'-DDD","DDD (DICHLORODIPHENYLDICHLOROETHANE)","ATTAINS.PARAMETER"
"Ethylene dibromide","ETHELYNE DIBROMIDE","WQX SYNONYM REGISTRY (validation)"
"Ethylene dibromide","ETHELYNE DIBROMIDE","ATTAINS.PARAMETER"
"Triclopyr","TRICLOPYR","ATTAINS.PARAMETER"
"Triclopyr","TRICLOPYR","STANDARDIZE NAME (Normalized)"
"Triclopyr","TRICLOPYR","WQX SYNONYM REGISTRY (validation)"
"Triclopyr","TRICLOPYR","CST.STD.POLLUTANT"
"Triclopyr","TRICLOPYR","CST.POLLUTANT"
"3,3'-Dimethoxybenzidine","3,3'-DIMETHOXYBENZIDINE","ATTAINS.PARAMETER"
"3,3'-Dimethoxybenzidine","3,3'-DIMETHOXYBENZIDINE","SYSTEMATIC NAME"
"3,3'-Dimethoxybenzidine","3,3'-DIMETHOXYBENZIDINE","STANDARDIZE NAME (Normalized)"
"3,3'-Dimethoxybenzidine","3,3'-DIMETHOXYBENZIDINE","WQX SYNONYM REGISTRY (validation)"
"Oxytetracycline","OXYTETRACYCLINE","ATTAINS.PARAMETER"
"Oxytetracycline","OXYTETRACYCLINE","STANDARDIZE NAME (Normalized)"
"Oxytetracycline","OXYTETRACYCLINE","WQX SYNONYM REGISTRY (validation)"
"Radium","RADIUM","ATTAINS.PARAMETER"
"Radium","RADIUM","STANDARDIZE NAME (Normalized)"
"Radium","RADIUM","WQX SYNONYM REGISTRY (validation)"
"Radium","RADIUM","SYSTEMATIC NAME"
"General observation (text)","THERMAL MODIFICATIONS","ATTAINS.PARAMETER"
"Ethylene","ETHYLENE","ATTAINS.PARAMETER"
"Ethylene","ETHYLENE","WQX SYNONYM REGISTRY (validation)"
"Ethylene","ETHYLENE","STANDARDIZE NAME (Normalized)"
"Nonylphenol","NONYLPHENOL","ATTAINS.PARAMETER"
"Nonylphenol","NONYLPHENOL","STANDARDIZE NAME (Normalized)"
"Nonylphenol","NONYLPHENOL","WQX SYNONYM REGISTRY (validation)"
"Branched p-nonylphenol","NONYLPHENOL","CST.STD.POLLUTANT"
"Branched p-nonylphenol","NONYLPHENOL","CST.POLLUTANT"
"N-Nitrosodiphenylamine","N-NITROSODIPHENYLAMINE IN FISH TISSUE","ATTAINS.PARAMETER"
"N-Nitrosodiphenylamine","N-NITROSODIPHENYLAMINE IN FISH TISSUE","WQX SYNONYM REGISTRY (validation)"
"General observation (text)","UNKNOWN (BIOLOGICAL IMPACTS)","ATTAINS.PARAMETER"
"Carbon-13/Carbon-12 ratio","CARBON-13/CARBON-12 RATIO","ATTAINS.PARAMETER"
"Carbon-13/Carbon-12 ratio","CARBON-13/CARBON-12 RATIO","STANDARDIZE NAME (Normalized)"
"Carbon-13/Carbon-12 ratio","CARBON-13/CARBON-12 RATIO","WQX SYNONYM REGISTRY (validation)"
"Chlorobenzene","CHLOROBENZENE (MONO)","ATTAINS.PARAMETER"
"Chlorobenzene","CHLOROBENZENE (MONO)","WQX SYNONYM REGISTRY (validation)"
"Dissolved oxygen (DO)","DISSOLVED OXYGEN - CRITICAL","ATTAINS.PARAMETER"
"Dissolved oxygen (DO)","DISSOLVED OXYGEN - CRITICAL","WQX SYNONYM REGISTRY (validation)"
"Irvine Index of Biological Integrity","BIOLOGICAL INTEGRITY","ATTAINS.PARAMETER"
"Leptophos","LEPTOPHOS","ATTAINS.PARAMETER"
"Leptophos","LEPTOPHOS","STANDARDIZE NAME (Normalized)"
"Leptophos","LEPTOPHOS","WQX SYNONYM REGISTRY (validation)"
"2,4-Dinitrotoluene","2,4-DINITROTOLUENE","ATTAINS.PARAMETER"
"2,4-Dinitrotoluene","2,4-DINITROTOLUENE","STANDARDIZE NAME (Normalized)"
"2,4-Dinitrotoluene","2,4-DINITROTOLUENE","WQX SYNONYM REGISTRY (validation)"
"2,4-Dinitrotoluene","2,4-DINITROTOLUENE","CST.POLLUTANT"
"2,4-Dinitrotoluene","2,4-DINITROTOLUENE","CST.STD.POLLUTANT"
"Thallium","THALLIUM IN FISH TISSUE","ATTAINS.PARAMETER"
"Thallium","THALLIUM IN FISH TISSUE","WQX SYNONYM REGISTRY (validation)"
"Carbon disulfide","CARBON DISULFIDE","ATTAINS.PARAMETER"
"Carbon disulfide","CARBON DISULFIDE","WQX SYNONYM REGISTRY (validation)"
"Carbon disulfide","CARBON DISULFIDE","STANDARDIZE NAME (Normalized)"
"Carbon disulfide","CARBON DISULFIDE","SYSTEMATIC NAME"
"Carbon disulfide","CARBON DISULFIDE","CST.STD.POLLUTANT"
"Carbon disulfide","CARBON DISULFIDE","CST.POLLUTANT"
"Fish kill observation","FISH KILL DUE TO THERMAL MODIFICATIONS","ATTAINS.PARAMETER"
"Total Coliform","TOTAL COLIFORM","ATTAINS.PARAMETER"
"Total Coliform","TOTAL COLIFORM","STANDARDIZE NAME (Normalized)"
"Total Coliform","TOTAL COLIFORM","SYSTEMATIC NAME"
"Total Coliform","TOTAL COLIFORM","WQX SYNONYM REGISTRY (validation)"
"Total Coliform","TOTAL COLIFORM","CST.POLLUTANT"
"Total Coliform","TOTAL COLIFORM","CST.STD.POLLUTANT"
"Hydrocarbons","DICHLOROETHANE/POLYCYCLIC AROMATIC HYDROCARBONS","ATTAINS.PARAMETER"
"Halon 1011","BROMOCHLOROMETHANE","ATTAINS.PARAMETER"
"Halon 1011","BROMOCHLOROMETHANE","WQX SYNONYM REGISTRY (validation)"
"Halon 1011","BROMOCHLOROMETHANE","CST.STD.POLLUTANT"
"Halon 1011","BROMOCHLOROMETHANE","CST.POLLUTANT"
"Boron","BORON, DISSOLVED","ATTAINS.PARAMETER"
"Boron","BORON, DISSOLVED","WQX SYNONYM REGISTRY (validation)"
"Benzo[a]pyrene","BENZO[A]PYRENE","ATTAINS.PARAMETER"
"Benzo[a]pyrene","BENZO[A]PYRENE","WQX SYNONYM REGISTRY (validation)"
"Benzo[a]pyrene","BENZO[A]PYRENE","SYSTEMATIC NAME"
"Benzo[a]pyrene","BENZO[A]PYRENE","STANDARDIZE NAME (Normalized)"
"Di(2-ethylhexyl) phthalate","DI-2-ETHYLHEXYL PHTHALATE","ATTAINS.PARAMETER"
"Di(2-ethylhexyl) phthalate","DI-2-ETHYLHEXYL PHTHALATE","WQX SYNONYM REGISTRY (validation)"
"Prometryn","PROMETRYN","ATTAINS.PARAMETER"
"Prometryn","PROMETRYN","STANDARDIZE NAME (Normalized)"
"Prometryn","PROMETRYN","WQX SYNONYM REGISTRY (validation)"
"Dimethomorph","DIMETHOMORPH","ATTAINS.PARAMETER"
"Dimethomorph","DIMETHOMORPH","STANDARDIZE NAME (Normalized)"
"Dimethomorph","DIMETHOMORPH","WQX SYNONYM REGISTRY (validation)"
"Dimethomorph","DIMETHOMORPH","SYSTEMATIC NAME"
"Gallium","GALLIUM","ATTAINS.PARAMETER"
"Gallium","GALLIUM","SYSTEMATIC NAME"
"Gallium","GALLIUM","STANDARDIZE NAME (Normalized)"
"Gallium","GALLIUM","WQX SYNONYM REGISTRY (validation)"
"Cumene","CUMENE","ATTAINS.PARAMETER"
"Cumene","CUMENE","WQX SYNONYM REGISTRY (validation)"
"Cumene","CUMENE","STANDARDIZE NAME (Normalized)"
"Linuron","LINURON","ATTAINS.PARAMETER"
"Linuron","LINURON","STANDARDIZE NAME (Normalized)"
"Linuron","LINURON","WQX SYNONYM REGISTRY (validation)"
"Deuterium/Hydrogen ratio","DEUTERIUM/HYDROGEN RATIO","ATTAINS.PARAMETER"
"Deuterium/Hydrogen ratio","DEUTERIUM/HYDROGEN RATIO","WQX SYNONYM REGISTRY (validation)"
"Deuterium/Hydrogen ratio","DEUTERIUM/HYDROGEN RATIO","STANDARDIZE NAME (Normalized)"
"Ytterbium","YTTERBIUM","ATTAINS.PARAMETER"
"Ytterbium","YTTERBIUM","STANDARDIZE NAME (Normalized)"
"Ytterbium","YTTERBIUM","WQX SYNONYM REGISTRY (validation)"
"Ytterbium","YTTERBIUM","SYSTEMATIC NAME"
"Parathion","PARATHION","ATTAINS.PARAMETER"
"Parathion","PARATHION","WQX SYNONYM REGISTRY (validation)"
"Parathion","PARATHION","STANDARDIZE NAME (Normalized)"
"Parathion","PARATHION","CST.STD.POLLUTANT"
"Parathion","PARATHION","CST.POLLUTANT"
"Diethyl phthalate","DIETHYL PHTHALATE","ATTAINS.PARAMETER"
"Diethyl phthalate","DIETHYL PHTHALATE","STANDARDIZE NAME (Normalized)"
"Diethyl phthalate","DIETHYL PHTHALATE","WQX SYNONYM REGISTRY (validation)"
"Diethyl phthalate","DIETHYL PHTHALATE","CST.STD.POLLUTANT"
"Diethyl phthalate","DIETHYL PHTHALATE","CST.POLLUTANT"
"o-Nitrophenol","2-NITROPHENOL","ATTAINS.PARAMETER"
"o-Nitrophenol","2-NITROPHENOL","WQX SYNONYM REGISTRY (validation)"
"o-Nitrophenol","2-NITROPHENOL","SYSTEMATIC NAME"
"o-Nitrophenol","2-NITROPHENOL","RETIRED NAME"
"o-Nitrophenol","2-NITROPHENOL","CST.STD.POLLUTANT"
"o-Nitrophenol","2-NITROPHENOL","CST.POLLUTANT"
"Ethyl tert-butyl ether","TERT-BUTYL ETHYL ETHER","ATTAINS.PARAMETER"
"Ethyl tert-butyl ether","TERT-BUTYL ETHYL ETHER","WQX SYNONYM REGISTRY (validation)"
"Ethyl tert-butyl ether","TERT-BUTYL ETHYL ETHER","RETIRED NAME"
"Benz[a]anthracene","CONTAMINATED SEDIMENTS (BENZO[A]ANTHRACENE)","WQX SYNONYM REGISTRY (validation)"
"Benz[a]anthracene","CONTAMINATED SEDIMENTS (BENZO[A]ANTHRACENE)","ATTAINS.PARAMETER"
"Acetone","ACETONE","ATTAINS.PARAMETER"
"Acetone","ACETONE","STANDARDIZE NAME (Normalized)"
"Acetone","ACETONE","WQX SYNONYM REGISTRY (validation)"
"Acetone","ACETONE","CST.POLLUTANT"
"Acetone","ACETONE","CST.STD.POLLUTANT"
"m-Chlorophenol","3-CHLOROPHENOL","ATTAINS.PARAMETER"
"m-Chlorophenol","3-CHLOROPHENOL","RETIRED NAME"
"m-Chlorophenol","3-CHLOROPHENOL","CST.POLLUTANT"
"m-Chlorophenol","3-CHLOROPHENOL","WQX SYNONYM REGISTRY (validation)"
"m-Chlorophenol","3-CHLOROPHENOL","CST.STD.POLLUTANT"
"Particle distribution","PARTICLE DISTRIBUTION (EMBEDDEDNESS)","WQX SYNONYM REGISTRY (validation)"
"Particle distribution","PARTICLE DISTRIBUTION (EMBEDDEDNESS)","ATTAINS.PARAMETER"
"Monuron","MONURON","ATTAINS.PARAMETER"
"Monuron","MONURON","STANDARDIZE NAME (Normalized)"
"Monuron","MONURON","WQX SYNONYM REGISTRY (validation)"
"m-Dichlorobenzene","1,3-DICHLOROBENZENE","ATTAINS.PARAMETER"
"m-Dichlorobenzene","1,3-DICHLOROBENZENE","WQX SYNONYM REGISTRY (validation)"
"m-Dichlorobenzene","1,3-DICHLOROBENZENE","RETIRED NAME"
"1,3-Dichlorobenzene***retired***use m-Dichlorobenzene","1,3-DICHLOROBENZENE","SYSTEMATIC NAME"
"m-Dichlorobenzene","1,3-DICHLOROBENZENE","CST.POLLUTANT"
"m-Dichlorobenzene","1,3-DICHLOROBENZENE","CST.STD.POLLUTANT"
"Alachlor OA","ALACHLOR OA","ATTAINS.PARAMETER"
"Alachlor OA","ALACHLOR OA","STANDARDIZE NAME (Normalized)"
"Alachlor OA","ALACHLOR OA","WQX SYNONYM REGISTRY (validation)"
"Chrysene","CHRYSENE","ATTAINS.PARAMETER"
"Chrysene","CHRYSENE","WQX SYNONYM REGISTRY (validation)"
"Chrysene","CHRYSENE","SYSTEMATIC NAME"
"Chrysene","CHRYSENE","STANDARDIZE NAME (Normalized)"
"Chrysene","CHRYSENE","CST.STD.POLLUTANT"
"Chrysene","CHRYSENE","CST.POLLUTANT"
"5-Nitro-o-toluidine","5-NITRO-O-TOLUIDINE","ATTAINS.PARAMETER"
"5-Nitro-o-toluidine","5-NITRO-O-TOLUIDINE","STANDARDIZE NAME (Normalized)"
"5-Nitro-o-toluidine","5-NITRO-O-TOLUIDINE","WQX SYNONYM REGISTRY (validation)"
"2-Chloronaphthalene","2-CHLORONAPHTHALENE","ATTAINS.PARAMETER"
"2-Chloronaphthalene","2-CHLORONAPHTHALENE","STANDARDIZE NAME (Normalized)"
"2-Chloronaphthalene","2-CHLORONAPHTHALENE","SYSTEMATIC NAME"
"2-Chloronaphthalene","2-CHLORONAPHTHALENE","WQX SYNONYM REGISTRY (validation)"
"2-Chloronaphthalene","2-CHLORONAPHTHALENE","CST.POLLUTANT"
"2-Chloronaphthalene","2-CHLORONAPHTHALENE","CST.STD.POLLUTANT"
"Gold","GOLD","ATTAINS.PARAMETER"
"Gold","GOLD","WQX SYNONYM REGISTRY (validation)"
"Gold","GOLD","SYSTEMATIC NAME"
"Gold","GOLD","STANDARDIZE NAME (Normalized)"
"Light attenuation coefficient","LIGHT ATTENUATION COEFFICIENT","ATTAINS.PARAMETER"
"Light attenuation coefficient","LIGHT ATTENUATION COEFFICIENT","STANDARDIZE NAME (Normalized)"
"Light attenuation coefficient","LIGHT ATTENUATION COEFFICIENT","WQX SYNONYM REGISTRY (validation)"
"Light attenuation coefficient","LIGHT ATTENUATION COEFFICIENT","SYSTEMATIC NAME"
"Taxon Present (Y/N) (choice list)","BRITTLE NAIAD, NAJAS MINOR","ATTAINS.PARAMETER"
"Chloramben-methyl","CHLORAMBEN-METHYL","ATTAINS.PARAMETER"
"Chloramben-methyl","CHLORAMBEN-METHYL","WQX SYNONYM REGISTRY (validation)"
"Chloramben-methyl","CHLORAMBEN-METHYL","STANDARDIZE NAME (Normalized)"
"Chloramben-methyl","CHLORAMBEN-METHYL","SYSTEMATIC NAME"
"1,2,3,4,5,6-Hexachlorocyclohexane","BHC","WQX SYNONYM REGISTRY (validation)"
"1,2,3,4,5,6-Hexachlorocyclohexane","BHC","ATTAINS.PARAMETER"
"Chromium","CHROMIUM, TRIVALENT, TOTAL","ATTAINS.PARAMETER"
"Turbidity","TURBIDITY","ATTAINS.PARAMETER"
"Turbidity","TURBIDITY","WQX SYNONYM REGISTRY (validation)"
"Turbidity","TURBIDITY","STANDARDIZE NAME (Normalized)"
"Turbidity","TURBIDITY","CST.POLLUTANT"
"Turbidity","TURBIDITY","CST.STD.POLLUTANT"
"p,p'-DDT","DDT METABOLITES","ATTAINS.PARAMETER"
"1,2-Diphenylhydrazine","1,2-DICHLOROBENZENE IN FISH TISSUE","ATTAINS.PARAMETER"
"1,2-Diphenylhydrazine","1,2-DICHLOROBENZENE IN FISH TISSUE","WQX SYNONYM REGISTRY (validation)"
"p,p'-DDE","DDE (DICHLORODIPHENYLDICHLOROETHYLENE)","ATTAINS.PARAMETER"
"p,p'-DDE","DDE (DICHLORODIPHENYLDICHLOROETHYLENE)","WQX SYNONYM REGISTRY (validation)"
"Cycloate","CYCLOATE","ATTAINS.PARAMETER"
"Cycloate","CYCLOATE","STANDARDIZE NAME (Normalized)"
"Cycloate","CYCLOATE","WQX SYNONYM REGISTRY (validation)"
"Calcium","CALCIUM","ATTAINS.PARAMETER"
"Calcium","CALCIUM","SYSTEMATIC NAME"
"Calcium","CALCIUM","STANDARDIZE NAME (Normalized)"
"Calcium","CALCIUM","WQX SYNONYM REGISTRY (validation)"
"Calcium","CALCIUM","CST.POLLUTANT"
"Calcium","CALCIUM","CST.STD.POLLUTANT"
"Dibenz[a,h]anthracene","DIBENZ[A,H]ANTHRACENE IN SEDIMENT","ATTAINS.PARAMETER"
"Odor severity (choice list)","ODOR","ATTAINS.PARAMETER"
"Odor severity (choice list)","ODOR","RETIRED NAME"
"Odor severity (choice list)","ODOR","WQX SYNONYM REGISTRY (validation)"
"Phenol","PHENOL IN SEDIMENT","WQX SYNONYM REGISTRY (validation)"
"Phenol","PHENOL IN SEDIMENT","ATTAINS.PARAMETER"
"General observation (text)","PRIORITY ORGANICS","ATTAINS.PARAMETER"
"Nitrate + Nitrite","NITRATE/NITRITE (NITRITE + NITRATE AS N)","ATTAINS.PARAMETER"
"Nitrate + Nitrite","NITRATE/NITRITE (NITRITE + NITRATE AS N)","WQX SYNONYM REGISTRY (validation)"
"Bensulfuron-methyl","BENSULFURON-METHYL","ATTAINS.PARAMETER"
"Bensulfuron-methyl","BENSULFURON-METHYL","STANDARDIZE NAME (Normalized)"
"Bensulfuron-methyl","BENSULFURON-METHYL","WQX SYNONYM REGISTRY (validation)"
"Dibutyl phthalate","DIBUTYL PHTHALATE","ATTAINS.PARAMETER"
"Dibutyl phthalate","DIBUTYL PHTHALATE","STANDARDIZE NAME (Normalized)"
"Dibutyl phthalate","DIBUTYL PHTHALATE","WQX SYNONYM REGISTRY (validation)"
"Dibutyl phthalate","DIBUTYL PHTHALATE","CST.POLLUTANT"
"Phthalic anhydride","PHTHALIC ANHYDRIDE","ATTAINS.PARAMETER"
"Phthalic anhydride","PHTHALIC ANHYDRIDE","WQX SYNONYM REGISTRY (validation)"
"Phthalic anhydride","PHTHALIC ANHYDRIDE","STANDARDIZE NAME (Normalized)"
"Methylmercury(1+)","METHYLMERCURY IN FISH TISSUE","ATTAINS.PARAMETER"
"Methylmercury(1+)","METHYLMERCURY IN FISH TISSUE","WQX SYNONYM REGISTRY (validation)"
"Propham","PROPHAM","ATTAINS.PARAMETER"
"Propham","PROPHAM","STANDARDIZE NAME (Normalized)"
"Propham","PROPHAM","WQX SYNONYM REGISTRY (validation)"
"Propham","PROPHAM","CST.POLLUTANT"
"Propham","PROPHAM","CST.STD.POLLUTANT"
"Odor severity (choice list)","TASTE AND ODOR","ATTAINS.PARAMETER"
"Perfluorononanoic acid","PERFLUORONONANOIC ACID (PFNA)","ATTAINS.PARAMETER"
"Perfluorononanoic acid","PERFLUORONONANOIC ACID (PFNA)","WQX SYNONYM REGISTRY (validation)"
"Lead","LEAD","ATTAINS.PARAMETER"
"Lead","LEAD","WQX SYNONYM REGISTRY (validation)"
"Lead","LEAD","SYSTEMATIC NAME"
"Lead","LEAD","STANDARDIZE NAME (Normalized)"
"Lead","LEAD","CST.STD.POLLUTANT"
"Lead","LEAD","CST.POLLUTANT"
"Anthracene","ANTHRACENE IN FISH TISSUE","WQX SYNONYM REGISTRY (validation)"
"Anthracene","ANTHRACENE IN FISH TISSUE","ATTAINS.PARAMETER"
"2-Butanol","SEC-BUTYL ALCOHOL","ATTAINS.PARAMETER"
"2-Butanol","SEC-BUTYL ALCOHOL","WQX SYNONYM REGISTRY (validation)"
"Dissolved oxygen (DO)","DISSOLVED OXYGEN","ATTAINS.PARAMETER"
"Dissolved Oxygen***retired***use Dissolved Oxygen (DO)","DISSOLVED OXYGEN","RETIRED NAME"
"Dissolved oxygen (DO)","DISSOLVED OXYGEN","WQX SYNONYM REGISTRY (validation)"
"Dissolved oxygen (DO)","DISSOLVED OXYGEN","CST.STD.POLLUTANT"
"Dissolved oxygen (DO)","DISSOLVED OXYGEN","CST.POLLUTANT"
"General observation (text)","VERTICAL EXTINCTION COEFFICIENT","ATTAINS.PARAMETER"
"Chemical oxygen demand","CHEMICAL OXYGEN DEMAND (COD)","ATTAINS.PARAMETER"
"Chemical oxygen demand","CHEMICAL OXYGEN DEMAND (COD)","WQX SYNONYM REGISTRY (validation)"
"Ametryn","AMETRYN","ATTAINS.PARAMETER"
"Ametryn","AMETRYN","SYSTEMATIC NAME"
"Ametryn","AMETRYN","STANDARDIZE NAME (Normalized)"
"Ametryn","AMETRYN","WQX SYNONYM REGISTRY (validation)"
"Ametryn","AMETRYN","CST.STD.POLLUTANT"
"Ametryn","AMETRYN","CST.POLLUTANT"
"2,4-Dichlorophenol","2,4-DICHLOROPHENOL IN FISH TISSUE","WQX SYNONYM REGISTRY (validation)"
"2,4-Dichlorophenol","2,4-DICHLOROPHENOL IN FISH TISSUE","ATTAINS.PARAMETER"
"Azinphos-methyl","GUTHION","ATTAINS.PARAMETER"
"Azinphos-methyl","GUTHION","SYSTEMATIC NAME"
"Azinphos-methyl","GUTHION","WQX SYNONYM REGISTRY (validation)"
"Azinphos-methyl","GUTHION","CST.STD.POLLUTANT"
"Cadmium","CADMIUM IN SEDIMENT","WQX SYNONYM REGISTRY (validation)"
"Cadmium","CADMIUM IN SEDIMENT","ATTAINS.PARAMETER"
"p-Xylene","P-XYLENE","ATTAINS.PARAMETER"
"p-Xylene","P-XYLENE","SYSTEMATIC NAME"
"p-Xylene","P-XYLENE","STANDARDIZE NAME (Normalized)"
"p-Xylene","P-XYLENE","WQX SYNONYM REGISTRY (validation)"
"General observation (text)","ZEBRA MUSSEL, DREISSENA POLYMORPH","ATTAINS.PARAMETER"
"Selenium","SELENIUM IN FISH TISSUE","ATTAINS.PARAMETER"
"Selenium","SELENIUM IN FISH TISSUE","WQX SYNONYM REGISTRY (validation)"
"Di-n-octyl phthalate","BIS(N-OCTYL) PHTHALATE","ATTAINS.PARAMETER"
"Di-n-octyl phthalate","BIS(N-OCTYL) PHTHALATE","WQX SYNONYM REGISTRY (validation)"
"11H-Benzo[b]fluorene","BENZO[B]FLUORENE","ATTAINS.PARAMETER"
"11H-Benzo[b]fluorene","BENZO[B]FLUORENE","WQX SYNONYM REGISTRY (validation)"
"Silver","SILVER IN SEDIMENT","ATTAINS.PARAMETER"
"Silver","SILVER IN SEDIMENT","WQX SYNONYM REGISTRY (validation)"
"Dissolved gases - saturation","DISSOLVED GAS SUPERSATURATION","ATTAINS.PARAMETER"
"Polycyclic aromatic hydrocarbons","OIL SPILL - PAHS","ATTAINS.PARAMETER"
"2-Chloro-4,6-diamino-s-triazine","2-CHLORO-4,6-DIAMINO-S-TRIAZINE","ATTAINS.PARAMETER"
"2-Chloro-4,6-diamino-s-triazine","2-CHLORO-4,6-DIAMINO-S-TRIAZINE","SYSTEMATIC NAME"
"2-Chloro-4,6-diamino-s-triazine","2-CHLORO-4,6-DIAMINO-S-TRIAZINE","WQX SYNONYM REGISTRY (validation)"
"2-Chloro-4,6-diamino-s-triazine","2-CHLORO-4,6-DIAMINO-S-TRIAZINE","STANDARDIZE NAME (Normalized)"
"Dinoseb","DINOSEB","ATTAINS.PARAMETER"
"Dinoseb","DINOSEB","WQX SYNONYM REGISTRY (validation)"
"Dinoseb","DINOSEB","STANDARDIZE NAME (Normalized)"
"Dinoseb","DINOSEB","CST.POLLUTANT"
"Dinoseb","DINOSEB","CST.STD.POLLUTANT"
"Chromium(VI)","CHROMIUM, HEXAVALENT IN FISH TISSUE","ATTAINS.PARAMETER"
"Chlorophyll a filter amount","CHLOROPHYLL-A - PRIMARY CONTACT RECREATION","ATTAINS.PARAMETER"
"Chlorophyll a filter amount","CHLOROPHYLL-A - PRIMARY CONTACT RECREATION","WQX SYNONYM REGISTRY (validation)"
"Specific conductance","SPECIFIC CONDUCTIVITY","ATTAINS.PARAMETER"
"Specific conductivity***retired***use Specific conductance","SPECIFIC CONDUCTIVITY","RETIRED NAME"
"Specific conductance","SPECIFIC CONDUCTIVITY","WQX SYNONYM REGISTRY (validation)"
"Benzo[a]pyrene","BENZOPYRENE","ATTAINS.PARAMETER"
"Chlorfenvinphos","CHLORFENVINPHOS","ATTAINS.PARAMETER"
"Chlorfenvinphos","CHLORFENVINPHOS","STANDARDIZE NAME (Normalized)"
"Chlorfenvinphos","CHLORFENVINPHOS","WQX SYNONYM REGISTRY (validation)"
"Copper","COPPER, DISSOLVED - CHRONIC","ATTAINS.PARAMETER"
"Sulfate","SULFATE + CHLORIDE","ATTAINS.PARAMETER"
"Alpha particle","ALPHA PARTICLES","WQX SYNONYM REGISTRY (validation)"
"Alpha particle","ALPHA PARTICLES","ATTAINS.PARAMETER"
"Fluopicolide","FLUOPICOLIDE","ATTAINS.PARAMETER"
"Fluopicolide","FLUOPICOLIDE","WQX SYNONYM REGISTRY (validation)"
"Fluopicolide","FLUOPICOLIDE","STANDARDIZE NAME (Normalized)"
"Sediment Deposition","SEDIMENT DEPOSITION","ATTAINS.PARAMETER"
"Sediment Deposition","SEDIMENT DEPOSITION","STANDARDIZE NAME (Normalized)"
"Sediment Deposition","SEDIMENT DEPOSITION","WQX SYNONYM REGISTRY (validation)"
"RBP Sediment Deposition (choice list)","SEDIMENT DEPOSITION","SYSTEMATIC NAME"
"Nitrilotriacetic acid","NITRILOTRIACETIC ACID","ATTAINS.PARAMETER"
"Nitrilotriacetic acid","NITRILOTRIACETIC ACID","STANDARDIZE NAME (Normalized)"
"Nitrilotriacetic acid","NITRILOTRIACETIC ACID","WQX SYNONYM REGISTRY (validation)"
"Naphthalene","NAPHTHALENE IN SEDIMENT","ATTAINS.PARAMETER"
"Thallium","THALLIUM","ATTAINS.PARAMETER"
"Thallium","THALLIUM","STANDARDIZE NAME (Normalized)"
"Thallium","THALLIUM","WQX SYNONYM REGISTRY (validation)"
"Thallium","THALLIUM","SYSTEMATIC NAME"
"Thallium","THALLIUM","CST.STD.POLLUTANT"
"Thallium","THALLIUM","CST.POLLUTANT"
"Chloroform","CHLOROFORM","ATTAINS.PARAMETER"
"Chloroform","CHLOROFORM","WQX SYNONYM REGISTRY (validation)"
"Chloroform","CHLOROFORM","STANDARDIZE NAME (Normalized)"
"Chloroform","CHLOROFORM","CST.POLLUTANT"
"Chlorine, Total Residual","CHLORINE, RESIDUAL (CHLORINE DEMAND)","WQX SYNONYM REGISTRY (validation)"
"Chlorine, Total Residual","CHLORINE, RESIDUAL (CHLORINE DEMAND)","ATTAINS.PARAMETER"
"Fenthion","FENTHION","ATTAINS.PARAMETER"
"Fenthion","FENTHION","WQX SYNONYM REGISTRY (validation)"
"Fenthion","FENTHION","STANDARDIZE NAME (Normalized)"
"Toxaphene","TOXAPHENE IN FISH TISSUE","ATTAINS.PARAMETER"
"Pyrethroid insecticides","PYRETHROIDS","WQX SYNONYM REGISTRY (validation)"
"Pyrethroid insecticides","PYRETHROIDS","ATTAINS.PARAMETER"
"Bicarbonate","BICARBONATE","ATTAINS.PARAMETER"
"Bicarbonate","BICARBONATE","STANDARDIZE NAME (Normalized)"
"Bicarbonate","BICARBONATE","WQX SYNONYM REGISTRY (validation)"
"Bicarbonate","BICARBONATE","CST.POLLUTANT"
"Bicarbonate","BICARBONATE","CST.STD.POLLUTANT"
"Dimethyl phthalate","DIMETHYL THALATE","ATTAINS.PARAMETER"
".beta.-Endosulfan","PESTICIDES","ATTAINS.PARAMETER"
"Pesticide mix, unspecified","PESTICIDES","WQX SYNONYM REGISTRY (validation)"
"Pesticide mix, unspecified","PESTICIDES","SYSTEMATIC NAME"
"Atraton","ATRATON","ATTAINS.PARAMETER"
"Atraton","ATRATON","WQX SYNONYM REGISTRY (validation)"
"Atraton","ATRATON","STANDARDIZE NAME (Normalized)"
"Indeno[1,2,3-cd]pyrene","INDENO[1,2,3-CD]PYRENE","ATTAINS.PARAMETER"
"Indeno[1,2,3-cd]pyrene","INDENO[1,2,3-CD]PYRENE","WQX SYNONYM REGISTRY (validation)"
"Indeno[1,2,3-cd]pyrene","INDENO[1,2,3-CD]PYRENE","SYSTEMATIC NAME"
"Indeno[1,2,3-cd]pyrene","INDENO[1,2,3-CD]PYRENE","STANDARDIZE NAME (Normalized)"
"Carbonate","CARBONATE","ATTAINS.PARAMETER"
"Carbonate","CARBONATE","SYSTEMATIC NAME"
"Carbonate","CARBONATE","STANDARDIZE NAME (Normalized)"
"Carbonate","CARBONATE","WQX SYNONYM REGISTRY (validation)"
"3,4-Dichlorophenol","3,4-DICHLOROPHENOL","ATTAINS.PARAMETER"
"3,4-Dichlorophenol","3,4-DICHLOROPHENOL","WQX SYNONYM REGISTRY (validation)"
"3,4-Dichlorophenol","3,4-DICHLOROPHENOL","STANDARDIZE NAME (Normalized)"
"3,4-Dichlorophenol","3,4-DICHLOROPHENOL","CST.POLLUTANT"
"3,4-Dichlorophenol","3,4-DICHLOROPHENOL","CST.STD.POLLUTANT"
"Ammonium","AMMONIUM","ATTAINS.PARAMETER"
"Ammonium","AMMONIUM","WQX SYNONYM REGISTRY (validation)"
"Ammonium","AMMONIUM","SYSTEMATIC NAME"
"Ammonium","AMMONIUM","STANDARDIZE NAME (Normalized)"
"p-Phenylenediamine","P-PHENYLENEDIAMINE","ATTAINS.PARAMETER"
"p-Phenylenediamine","P-PHENYLENEDIAMINE","SYSTEMATIC NAME"
"p-Phenylenediamine","P-PHENYLENEDIAMINE","STANDARDIZE NAME (Normalized)"
"p-Phenylenediamine","P-PHENYLENEDIAMINE","WQX SYNONYM REGISTRY (validation)"
"Aldrin","ALDRIN IN FISH TISSUE","WQX SYNONYM REGISTRY (validation)"
"Aldrin","ALDRIN IN FISH TISSUE","ATTAINS.PARAMETER"
"N-Nitrosodiethylamine","N-NITROSODIETHYLAMINE","ATTAINS.PARAMETER"
"N-Nitrosodiethylamine","N-NITROSODIETHYLAMINE","WQX SYNONYM REGISTRY (validation)"
"N-Nitrosodiethylamine","N-NITROSODIETHYLAMINE","STANDARDIZE NAME (Normalized)"
"N-Nitrosodiethylamine","N-NITROSODIETHYLAMINE","SYSTEMATIC NAME"
"p,p'-DDT","DDT IN FISH TISSUE","ATTAINS.PARAMETER"
"Butyraldehyde","BUTYRALDEHYDE","ATTAINS.PARAMETER"
"Butyraldehyde","BUTYRALDEHYDE","WQX SYNONYM REGISTRY (validation)"
"Butyraldehyde","BUTYRALDEHYDE","STANDARDIZE NAME (Normalized)"
"Tributyltin","TRIBUTYLTIN","ATTAINS.PARAMETER"
"Tributlytin***retired***use Tributyltin","TRIBUTYLTIN","RETIRED NAME"
"Tributyltin","TRIBUTYLTIN","STANDARDIZE NAME (Normalized)"
"Tributyltin","TRIBUTYLTIN","WQX SYNONYM REGISTRY (validation)"
"Chromium(VI)","CHROMIUM, HEXAVALENT IN SEDIMENT","ATTAINS.PARAMETER"
"Entrenchment ratio","OTHER TOXIC ORGANICS","ATTAINS.PARAMETER"
"Cresol","CRESOL (MIXED ISOMERS)","WQX SYNONYM REGISTRY (validation)"
"Cresol","CRESOL (MIXED ISOMERS)","ATTAINS.PARAMETER"
"Disulfoton","DISULFOTON","ATTAINS.PARAMETER"
"Disulfoton","DISULFOTON","STANDARDIZE NAME (Normalized)"
"Disulfoton","DISULFOTON","WQX SYNONYM REGISTRY (validation)"
"Disulfoton","DISULFOTON","CST.POLLUTANT"
"Disulfoton","DISULFOTON","CST.STD.POLLUTANT"
"n-Propylbenzene","N-PROPYLBENZENE","ATTAINS.PARAMETER"
"n-Propylbenzene","N-PROPYLBENZENE","SYSTEMATIC NAME"
"n-Propylbenzene","N-PROPYLBENZENE","STANDARDIZE NAME (Normalized)"
"n-Propylbenzene","N-PROPYLBENZENE","WQX SYNONYM REGISTRY (validation)"
"n-Propylbenzene","N-PROPYLBENZENE","CST.STD.POLLUTANT"
"n-Propylbenzene","N-PROPYLBENZENE","CST.POLLUTANT"
"Amitrole","AMITROLE","ATTAINS.PARAMETER"
"Amitrole","AMITROLE","SYSTEMATIC NAME"
"Amitrole","AMITROLE","STANDARDIZE NAME (Normalized)"
"Amitrole","AMITROLE","WQX SYNONYM REGISTRY (validation)"
"Bensulide","BENSULIDE","ATTAINS.PARAMETER"
"Bensulide","BENSULIDE","STANDARDIZE NAME (Normalized)"
"Bensulide","BENSULIDE","SYSTEMATIC NAME"
"Bensulide","BENSULIDE","WQX SYNONYM REGISTRY (validation)"
"2,3-Dichloropropene","2,3-DICHLOROPROPENE","ATTAINS.PARAMETER"
"2,3-Dichloropropene","2,3-DICHLOROPROPENE","WQX SYNONYM REGISTRY (validation)"
"2,3-Dichloropropene","2,3-DICHLOROPROPENE","STANDARDIZE NAME (Normalized)"
"2,3-Dichloropropene","2,3-DICHLOROPROPENE","SYSTEMATIC NAME"
"Flumioxazin","FLUMIOXAZIN","ATTAINS.PARAMETER"
"Flumioxazin","FLUMIOXAZIN","STANDARDIZE NAME (Normalized)"
"Flumioxazin","FLUMIOXAZIN","WQX SYNONYM REGISTRY (validation)"
"Taxon Present (Y/N) (choice list)","VARIABLE-LEAVED WATERMILFOIL, MYRIOPHYLLUM HETEROPHYLLUM","ATTAINS.PARAMETER"
"Pyrethrins","PYRETHRIN","WQX SYNONYM REGISTRY (validation)"
"Pyrethrins","PYRETHRIN","ATTAINS.PARAMETER"
"p-Chloro-m-cresol","4-CHLORO-3-METHYLPHENOL (3-METHYL-4-CHLOROPHENOL)","WQX SYNONYM REGISTRY (validation)"
"p-Chloro-m-cresol","4-CHLORO-3-METHYLPHENOL (3-METHYL-4-CHLOROPHENOL)","ATTAINS.PARAMETER"
"Fenpyroximate","FENPYROXIMATE","ATTAINS.PARAMETER"
"Fenpyroximate","FENPYROXIMATE","STANDARDIZE NAME (Normalized)"
"Fenpyroximate","FENPYROXIMATE","WQX SYNONYM REGISTRY (validation)"
"General observation (text)","PHTHALATE ESTERS","ATTAINS.PARAMETER"
"Total Nitrogen, mixed forms","NITROGEN, TOTAL","WQX SYNONYM REGISTRY (validation)"
"Total Nitrogen, mixed forms","NITROGEN, TOTAL","ATTAINS.PARAMETER"
"Molinate","MOLINAT (ODRAM)","ATTAINS.PARAMETER"
"Molinate","MOLINAT (ODRAM)","WQX SYNONYM REGISTRY (validation)"
"Sulfate","SULFATE","ATTAINS.PARAMETER"
"Sulfate","SULFATE","SYSTEMATIC NAME"
"Sulfate","SULFATE","STANDARDIZE NAME (Normalized)"
"Sulfate","SULFATE","WQX SYNONYM REGISTRY (validation)"
"Sulfate","SULFATE","CST.STD.POLLUTANT"
"tert-Amyl methyl ether","TERT-AMYL METHYL ETHER","ATTAINS.PARAMETER"
"tert-Amyl methyl ether","TERT-AMYL METHYL ETHER","STANDARDIZE NAME (Normalized)"
"tert-Amyl methyl ether","TERT-AMYL METHYL ETHER","WQX SYNONYM REGISTRY (validation)"
"Channel alteration (text)","CHANNEL INSTABILITY","ATTAINS.PARAMETER"
"Antimony","ANTIMONY","ATTAINS.PARAMETER"
"Antimony","ANTIMONY","SYSTEMATIC NAME"
"Antimony","ANTIMONY","STANDARDIZE NAME (Normalized)"
"Antimony","ANTIMONY","WQX SYNONYM REGISTRY (validation)"
"Antimony","ANTIMONY","CST.STD.POLLUTANT"
"Antimony","ANTIMONY","CST.POLLUTANT"
"Heptachlor epoxide","HEPTACHLOR EPOXIDE IN FISH TISSUE","ATTAINS.PARAMETER"
"Heptachlor epoxide","HEPTACHLOR EPOXIDE IN FISH TISSUE","WQX SYNONYM REGISTRY (validation)"
"Flubendiamide","FLUBENDIAMIDE","ATTAINS.PARAMETER"
"Flubendiamide","FLUBENDIAMIDE","STANDARDIZE NAME (Normalized)"
"Flubendiamide","FLUBENDIAMIDE","SYSTEMATIC NAME"
"Flubendiamide","FLUBENDIAMIDE","WQX SYNONYM REGISTRY (validation)"
"Polycyclic aromatic hydrocarbons","FISH CONSUMPTION ADVISORY - PAHS","ATTAINS.PARAMETER"
"Chlorsulfuron","CHLORSULFURON","ATTAINS.PARAMETER"
"Chlorsulfuron","CHLORSULFURON","WQX SYNONYM REGISTRY (validation)"
"Chlorsulfuron","CHLORSULFURON","STANDARDIZE NAME (Normalized)"
"Chlorsulfuron","CHLORSULFURON","SYSTEMATIC NAME"
"Chlorsulfuron","CHLORSULFURON","CST.STD.POLLUTANT"
"Chlorsulfuron","CHLORSULFURON","CST.POLLUTANT"
"Mevinphos","MEVINPHOS","ATTAINS.PARAMETER"
"Mevinphos","MEVINPHOS","WQX SYNONYM REGISTRY (validation)"
"Mevinphos","MEVINPHOS","SYSTEMATIC NAME"
"Mevinphos","MEVINPHOS","STANDARDIZE NAME (Normalized)"
"Carbon","DISSOLVED ORGANIC CARBON (DOC)","ATTAINS.PARAMETER"
"Dieldrin","ELDRIN","ATTAINS.PARAMETER"
"Copper","COPPER, DISSOLVED","ATTAINS.PARAMETER"
"Copper","COPPER, DISSOLVED","WQX SYNONYM REGISTRY (validation)"
"Hydroxide","HYDROXIDE","ATTAINS.PARAMETER"
"Hydroxide","HYDROXIDE","STANDARDIZE NAME (Normalized)"
"Hydroxide","HYDROXIDE","SYSTEMATIC NAME"
"Hydroxide","HYDROXIDE","WQX SYNONYM REGISTRY (validation)"
"Colored dissolved organic matter (CDOM)","COLORED DISSOLVED ORGANIC MATTER (CDOM)","ATTAINS.PARAMETER"
"Colored dissolved organic matter (CDOM)","COLORED DISSOLVED ORGANIC MATTER (CDOM)","STORET CHARACTERISTIC NAME"
"Colored dissolved organic matter (CDOM)","COLORED DISSOLVED ORGANIC MATTER (CDOM)","WQX SYNONYM REGISTRY (validation)"
"Colored dissolved organic matter (CDOM)","COLORED DISSOLVED ORGANIC MATTER (CDOM)","STANDARDIZE NAME (Normalized)"
"Propionaldehyde","PROPIONALDEHYDE","ATTAINS.PARAMETER"
"Propionaldehyde","PROPIONALDEHYDE","WQX SYNONYM REGISTRY (validation)"
"Propionaldehyde","PROPIONALDEHYDE","STANDARDIZE NAME (Normalized)"
"General observation (text)","SINGLE SAMPLE TOXIC EXCEEDANCE","ATTAINS.PARAMETER"
"1,2-Dibromo-3-chloropropane","1,2-DIBROMO-3-CHLOROPROPANE","ATTAINS.PARAMETER"
"1,2-Dibromo-3-chloropropane","1,2-DIBROMO-3-CHLOROPROPANE","STANDARDIZE NAME (Normalized)"
"1,2-Dibromo-3-chloropropane","1,2-DIBROMO-3-CHLOROPROPANE","WQX SYNONYM REGISTRY (validation)"
"Bis(2-chloroethyl) ether","2,2'-DICHLORODIETHYL ETHER","ATTAINS.PARAMETER"
"Bis(2-chloroethyl) ether","2,2'-DICHLORODIETHYL ETHER","WQX SYNONYM REGISTRY (validation)"
"Bentazon","BENTAZONE","ATTAINS.PARAMETER"
"Bentazone***retired***use Bentazon","BENTAZONE","RETIRED NAME"
"Bentazon","BENTAZONE","WQX SYNONYM REGISTRY (validation)"
"General observation (text)","EUTROPHICATION","ATTAINS.PARAMETER"
"Urea","UREA","ATTAINS.PARAMETER"
"Urea","UREA","SYSTEMATIC NAME"
"Urea","UREA","WQX SYNONYM REGISTRY (validation)"
"Urea","UREA","STANDARDIZE NAME (Normalized)"
"Benzo[a]pyrene","CONTAMINATED SEDIMENTS (BENZO[A]PYRENE)","WQX SYNONYM REGISTRY (validation)"
"Benzo[a]pyrene","CONTAMINATED SEDIMENTS (BENZO[A]PYRENE)","ATTAINS.PARAMETER"
"Trichloronate","TRICHLORONATE","ATTAINS.PARAMETER"
"Trichloronate","TRICHLORONATE","WQX SYNONYM REGISTRY (validation)"
"Trichloronate","TRICHLORONATE","STANDARDIZE NAME (Normalized)"
"p,p'-DDD","DDD IN SEDIMENT","ATTAINS.PARAMETER"
"Terbacil","TERBACIL","ATTAINS.PARAMETER"
"Terbacil","TERBACIL","WQX SYNONYM REGISTRY (validation)"
"Terbacil","TERBACIL","STANDARDIZE NAME (Normalized)"
"Terbacil","TERBACIL","CST.POLLUTANT"
"Terbacil","TERBACIL","CST.STD.POLLUTANT"
"Di(2-ethylhexyl) adipate","DI(2-ETHYLHEXYL) ADIPATE","ATTAINS.PARAMETER"
"Di(2-ethylhexyl) adipate","DI(2-ETHYLHEXYL) ADIPATE","STANDARDIZE NAME (Normalized)"
"Di(2-ethylhexyl) adipate","DI(2-ETHYLHEXYL) ADIPATE","WQX SYNONYM REGISTRY (validation)"
"Abamectin","ABAMECTIN","ATTAINS.PARAMETER"
"Abamectin","ABAMECTIN","WQX SYNONYM REGISTRY (validation)"
"Abamectin","ABAMECTIN","STANDARDIZE NAME (Normalized)"
"Phosphamidon","PHOSPHAMIDON","ATTAINS.PARAMETER"
"Phosphamidon","PHOSPHAMIDON","WQX SYNONYM REGISTRY (validation)"
"Phosphamidon","PHOSPHAMIDON","STANDARDIZE NAME (Normalized)"
"General observation (text)","SEDIMENTATION","ATTAINS.PARAMETER"
"Hydrocarbons, petroleum","PETROLEUM HYDROCARBONS","WQX SYNONYM REGISTRY (validation)"
"Hydrocarbons, petroleum","PETROLEUM HYDROCARBONS","ATTAINS.PARAMETER"
"Boron","BORON","ATTAINS.PARAMETER"
"Boron","BORON","WQX SYNONYM REGISTRY (validation)"
"Boron","BORON","SYSTEMATIC NAME"
"Boron","BORON","STANDARDIZE NAME (Normalized)"
"Boron","BORON","CST.STD.POLLUTANT"
"Boron","BORON","CST.POLLUTANT"
"General observation (text)","TASTE","ATTAINS.PARAMETER"
"tert-Butanol","TERT-BUTYL ALCOHOL","ATTAINS.PARAMETER"
"tert-Butanol","TERT-BUTYL ALCOHOL","WQX SYNONYM REGISTRY (validation)"
"Silt","SEDIMENTATION/SILTATION","ATTAINS.PARAMETER"
"Benfluralin","BENFLURALIN","ATTAINS.PARAMETER"
"Benfluralin","BENFLURALIN","WQX SYNONYM REGISTRY (validation)"
"Benfluralin","BENFLURALIN","SYSTEMATIC NAME"
"Benfluralin","BENFLURALIN","STANDARDIZE NAME (Normalized)"
"General observation (text)","SUSPENDED ALGAE","ATTAINS.PARAMETER"
"Sediment","SEDIMENT BIOASSAY","ATTAINS.PARAMETER"
"Metals","METALS","ATTAINS.PARAMETER"
"Metals","METALS","WQX SYNONYM REGISTRY (validation)"
"Metals","METALS","STANDARDIZE NAME (Normalized)"
"Dinitrotoluene","DINITROTOLUENE","ATTAINS.PARAMETER"
"Dinitrotoluene","DINITROTOLUENE","STANDARDIZE NAME (Normalized)"
"Dinitrotoluene","DINITROTOLUENE","WQX SYNONYM REGISTRY (validation)"
"Sediment","COARSE SEDIMENT","ATTAINS.PARAMETER"
"Profenofos","PROFENOFOS","ATTAINS.PARAMETER"
"Profenofos","PROFENOFOS","STANDARDIZE NAME (Normalized)"
"Profenofos","PROFENOFOS","WQX SYNONYM REGISTRY (validation)"
"Chlordecone","KEPONE","ATTAINS.PARAMETER"
"Chlordecone","KEPONE","WQX SYNONYM REGISTRY (validation)"
"Chlordecone","KEPONE","CST.POLLUTANT"
"Chlordecone","KEPONE","CST.STD.POLLUTANT"
"trans-1,2-Dichloroethene***retired***use trans-1,2-Dichloroethylene","TRANS-1,2-DICHLOROETHYLENE","ATTAINS.PARAMETER"
"trans-1,2-Dichloroethylene","TRANS-1,2-DICHLOROETHYLENE","WQX SYNONYM REGISTRY (validation)"
"trans-1,2-Dichloroethylene","TRANS-1,2-DICHLOROETHYLENE","STANDARDIZE NAME (Normalized)"
"trans-1,2-Dichloroethene***retired***use trans-1,2-Dichloroethylene","TRANS-1,2-DICHLOROETHYLENE","CST.STD.POLLUTANT"
"Toluene","TOLUENE","ATTAINS.PARAMETER"
"Toluene","TOLUENE","STANDARDIZE NAME (Normalized)"
"Toluene","TOLUENE","WQX SYNONYM REGISTRY (validation)"
"Toluene","TOLUENE","CST.STD.POLLUTANT"
"Toluene","TOLUENE","CST.POLLUTANT"
"Endosulfan","ENDOSULFAN IN FISH TISSUE","ATTAINS.PARAMETER"
"Endosulfan","ENDOSULFAN IN FISH TISSUE","WQX SYNONYM REGISTRY (validation)"
"Zinc","ZINC, CHRONIC","ATTAINS.PARAMETER"
"Flow","FLOW ALTERATION-CHANGES IN DEPTH AND FLOW VELOCITY","ATTAINS.PARAMETER"
"Hexachlorocyclohexane","HEXACHLOROCYCLOHEXANE","ATTAINS.PARAMETER"
"Hexachlorocyclohexane","HEXACHLOROCYCLOHEXANE","WQX SYNONYM REGISTRY (validation)"
"Hexachlorocyclohexane","HEXACHLOROCYCLOHEXANE","STANDARDIZE NAME (Normalized)"
"Hexachlorocyclohexane","HEXACHLOROCYCLOHEXANE","CST.POLLUTANT"
"Volatile organic compounds","VOLATILE ORGANICS (VOCS)","ATTAINS.PARAMETER"
"Volatile organic compounds","VOLATILE ORGANICS (VOCS)","WQX SYNONYM REGISTRY (validation)"
"Clothianidin","CLOTHIANIDIN","ATTAINS.PARAMETER"
"Clothianidin","CLOTHIANIDIN","WQX SYNONYM REGISTRY (validation)"
"Clothianidin","CLOTHIANIDIN","SYSTEMATIC NAME"
"Clothianidin","CLOTHIANIDIN","STANDARDIZE NAME (Normalized)"
"Clothianidin","CLOTHIANIDIN","CST.STD.POLLUTANT"
"Clothianidin","CLOTHIANIDIN","CST.POLLUTANT"
"General observation (text)","SWOLLEN BLADDERWORT","ATTAINS.PARAMETER"
"General observation (text)","ORGANIC CHEMICALS","ATTAINS.PARAMETER"
"2,4-Dinitrophenol","2,4-DINITROPHENOL IN FISH TISSUE","ATTAINS.PARAMETER"
"2,4-Dinitrophenol","2,4-DINITROPHENOL IN FISH TISSUE","WQX SYNONYM REGISTRY (validation)"
"Copper","COPPER","ATTAINS.PARAMETER"
"Copper","COPPER","WQX SYNONYM REGISTRY (validation)"
"Copper","COPPER","STANDARDIZE NAME (Normalized)"
"Copper","COPPER","SYSTEMATIC NAME"
"Copper","COPPER","CST.POLLUTANT"
"Copper","COPPER","CST.STD.POLLUTANT"
"Oil and Grease","OIL AND GREASE","ATTAINS.PARAMETER"
"Oil and Grease","OIL AND GREASE","WQX SYNONYM REGISTRY (validation)"
"Oil and Grease","OIL AND GREASE","STANDARDIZE NAME (Normalized)"
"Oil and Grease","OIL AND GREASE","CST.POLLUTANT"
"Oil and Grease","OIL AND GREASE","CST.STD.POLLUTANT"
"General observation (text)","NOXIOUS AQUATIC PLANTS","ATTAINS.PARAMETER"
"Dibenzothiophene","DIBENZOTHIOPHENE","ATTAINS.PARAMETER"
"Dibenzothiophene","DIBENZOTHIOPHENE","STANDARDIZE NAME (Normalized)"
"Dibenzothiophene","DIBENZOTHIOPHENE","WQX SYNONYM REGISTRY (validation)"
"Dibenzothiophene","DIBENZOTHIOPHENE","SYSTEMATIC NAME"
"Silt","SILTATION","ATTAINS.PARAMETER"
"Silt","SILTATION","WQX SYNONYM REGISTRY (validation)"
"Fish Anomalies - Deformities","ABNORMAL FISH DEFORMITIES, EROSIONS, LESIONS, TUMORS (DELTS)","ATTAINS.PARAMETER"
"Fish Anomalies - Deformities","ABNORMAL FISH DEFORMITIES, EROSIONS, LESIONS, TUMORS (DELTS)","WQX SYNONYM REGISTRY (validation)"
"Oryzalin","ORYZALIN","ATTAINS.PARAMETER"
"Oryzalin","ORYZALIN","STANDARDIZE NAME (Normalized)"
"Oryzalin","ORYZALIN","WQX SYNONYM REGISTRY (validation)"
"Dimethyl phthalate","DIMETHYL PHTHALATE IN SEDIMENT","ATTAINS.PARAMETER"
"2-Methylnaphthalene","2-METHYLNAPHTHALENE","ATTAINS.PARAMETER"
"2-Methylnaphthalene","2-METHYLNAPHTHALENE","STANDARDIZE NAME (Normalized)"
"2-Methylnaphthalene","2-METHYLNAPHTHALENE","WQX SYNONYM REGISTRY (validation)"
"Ethoprop","ETHOPROP","ATTAINS.PARAMETER"
"Ethoprop","ETHOPROP","WQX SYNONYM REGISTRY (validation)"
"Ethoprop","ETHOPROP","STANDARDIZE NAME (Normalized)"
"p-Dichlorobenzene","1,4-DICHLOROBENZENE IN SEDIMENT","ATTAINS.PARAMETER"
"Fipronil Desulfinyl","FIPRONIL DESULFINYL","ATTAINS.PARAMETER"
"Fipronil Desulfinyl","FIPRONIL DESULFINYL","WQX SYNONYM REGISTRY (validation)"
"Fipronil Desulfinyl","FIPRONIL DESULFINYL","STANDARDIZE NAME (Normalized)"
"Fipronil Desulfinyl","FIPRONIL DESULFINYL","SYSTEMATIC NAME"
"Diuron","DIURON","ATTAINS.PARAMETER"
"Diuron","DIURON","WQX SYNONYM REGISTRY (validation)"
"Diuron","DIURON","STANDARDIZE NAME (Normalized)"
"Diuron","DIURON","CST.STD.POLLUTANT"
"Diuron","DIURON","CST.POLLUTANT"
"cis-Chlordane","CIS-CHLORDANE","ATTAINS.PARAMETER"
"cis-Chlordane","CIS-CHLORDANE","SYSTEMATIC NAME"
"cis-Chlordane","CIS-CHLORDANE","WQX SYNONYM REGISTRY (validation)"
"cis-Chlordane","CIS-CHLORDANE","STANDARDIZE NAME (Normalized)"
"Toxaphene","TOXAPHENE IN SEDIMENT","ATTAINS.PARAMETER"
"Pentachloroethane","PENTACHLOROETHANE","ATTAINS.PARAMETER"
"Pentachloroethane","PENTACHLOROETHANE","WQX SYNONYM REGISTRY (validation)"
"Pentachloroethane","PENTACHLOROETHANE","STANDARDIZE NAME (Normalized)"
"Pentachloroethane","PENTACHLOROETHANE","CST.POLLUTANT"
"Pentachloroethane","PENTACHLOROETHANE","CST.STD.POLLUTANT"
"2-Chloroethyl vinyl ether","2-CHLOROETHYL VINYL ETHER","ATTAINS.PARAMETER"
"2-Chloroethyl vinyl ether","2-CHLOROETHYL VINYL ETHER","STANDARDIZE NAME (Normalized)"
"2-Chloroethyl vinyl ether","2-CHLOROETHYL VINYL ETHER","WQX SYNONYM REGISTRY (validation)"
"2-Chloroethyl vinyl ether","2-CHLOROETHYL VINYL ETHER","CST.STD.POLLUTANT"
"2-Chloroethyl vinyl ether","2-CHLOROETHYL VINYL ETHER","CST.POLLUTANT"
"Selenium","SELENIUM, DISSOLVED","ATTAINS.PARAMETER"
"Selenium","SELENIUM, DISSOLVED","WQX SYNONYM REGISTRY (validation)"
"Propargite","PROPARGITE","ATTAINS.PARAMETER"
"Propargite","PROPARGITE","STANDARDIZE NAME (Normalized)"
"Propargite","PROPARGITE","WQX SYNONYM REGISTRY (validation)"
"Methamidophos","METHAMIDOPHOS","ATTAINS.PARAMETER"
"Methamidophos","METHAMIDOPHOS","WQX SYNONYM REGISTRY (validation)"
"Methamidophos","METHAMIDOPHOS","STANDARDIZE NAME (Normalized)"
"Methamidophos","METHAMIDOPHOS","CST.POLLUTANT"
"Methamidophos","METHAMIDOPHOS","CST.STD.POLLUTANT"
"p,p'-DDD","FISH CONSUMPTION ADVISORY - DDE, DDD","ATTAINS.PARAMETER"
"1,3,5-Trimethylbenzene","1,3,5-TRIMETHYLBENZENE","ATTAINS.PARAMETER"
"1,3,5-Trimethylbenzene","1,3,5-TRIMETHYLBENZENE","WQX SYNONYM REGISTRY (validation)"
"1,3,5-Trimethylbenzene","1,3,5-TRIMETHYLBENZENE","STANDARDIZE NAME (Normalized)"
"1,3,5-Trimethylbenzene","1,3,5-TRIMETHYLBENZENE","SYSTEMATIC NAME"
"1,3,5-Trimethylbenzene","1,3,5-TRIMETHYLBENZENE","CST.POLLUTANT"
"1,3,5-Trimethylbenzene","1,3,5-TRIMETHYLBENZENE","CST.STD.POLLUTANT"
"2,3,7,8-Tetrachlorodibenzo-p-dioxin","DIOXIN (INCLUDING 2,3,7,8-TCDD) IN FISH TISSUE","WQX SYNONYM REGISTRY (validation)"
"2,3,7,8-Tetrachlorodibenzo-p-dioxin","DIOXIN (INCLUDING 2,3,7,8-TCDD) IN FISH TISSUE","ATTAINS.PARAMETER"
"Formic acid","FORMIC ACID","ATTAINS.PARAMETER"
"Formic acid","FORMIC ACID","WQX SYNONYM REGISTRY (validation)"
"Formic acid","FORMIC ACID","STANDARDIZE NAME (Normalized)"
"Formic acid","FORMIC ACID","SYSTEMATIC NAME"
"Picric acid","PICRIC ACID","ATTAINS.PARAMETER"
"Picric acid","PICRIC ACID","WQX SYNONYM REGISTRY (validation)"
"Picric acid","PICRIC ACID","STANDARDIZE NAME (Normalized)"
"2,2-Dichloropropane","2,2-DICHLOROPROPANE","ATTAINS.PARAMETER"
"2,2-Dichloropropane","2,2-DICHLOROPROPANE","SYSTEMATIC NAME"
"2,2-Dichloropropane","2,2-DICHLOROPROPANE","WQX SYNONYM REGISTRY (validation)"
"2,2-Dichloropropane","2,2-DICHLOROPROPANE","STANDARDIZE NAME (Normalized)"
"2,2-Dichloropropane","2,2-DICHLOROPROPANE","CST.STD.POLLUTANT"
"2,2-Dichloropropane","2,2-DICHLOROPROPANE","CST.POLLUTANT"
"Kjeldahl nitrogen","KJELDAHL NITROGEN","ATTAINS.PARAMETER"
"Kjeldahl nitrogen","KJELDAHL NITROGEN","STANDARDIZE NAME (Normalized)"
"Kjeldahl nitrogen","KJELDAHL NITROGEN","WQX SYNONYM REGISTRY (validation)"
"Polychlorinated biphenyls","POLYCHLORINATED BIPHENYLS (PCBS)","WQX SYNONYM REGISTRY (validation)"
"Aroclor 1016","POLYCHLORINATED BIPHENYLS (PCBS)","ATTAINS.PARAMETER"
"Polychlorinated biphenyls","POLYCHLORINATED BIPHENYLS (PCBS)","CST.STD.POLLUTANT"
"Benz[a]anthracene","BENZ[A]ANTHRACENE","ATTAINS.PARAMETER"
"Benz[a]anthracene","BENZ[A]ANTHRACENE","SYSTEMATIC NAME"
"Benz[a]anthracene","BENZ[A]ANTHRACENE","WQX SYNONYM REGISTRY (validation)"
"Benz[a]anthracene","BENZ[A]ANTHRACENE","STANDARDIZE NAME (Normalized)"
"Shoreline Characteristics - Wetland (choice list)","WETLANDS DREDGED/FILLED","ATTAINS.PARAMETER"
"Perfluorooctanoic acid","PERFLUOROOCTANOIC ACID (PFOA)","ATTAINS.PARAMETER"
"Perfluorooctanoic acid","PERFLUOROOCTANOIC ACID (PFOA)","WQX SYNONYM REGISTRY (validation)"
"1,2-Dichloropropane","1,2-DICHLOROPROPANE","ATTAINS.PARAMETER"
"1,2-Dichloropropane","1,2-DICHLOROPROPANE","STANDARDIZE NAME (Normalized)"
"1,2-Dichloropropane","1,2-DICHLOROPROPANE","WQX SYNONYM REGISTRY (validation)"
"1,2-Dichloropropane","1,2-DICHLOROPROPANE","SYSTEMATIC NAME"
"1,2-Dichloropropane","1,2-DICHLOROPROPANE","CST.STD.POLLUTANT"
"1,2-Dichloropropane","1,2-DICHLOROPROPANE","CST.POLLUTANT"
"Residue, Total","RESIDUES","ATTAINS.PARAMETER"
"Residue, Total","RESIDUES","WQX SYNONYM REGISTRY (validation)"
"Diethyl phthalate","DIETHYL PHTHALATE IN SEDIMENT","ATTAINS.PARAMETER"
"Carbendazim","CARBENDAZIM","ATTAINS.PARAMETER"
"Carbendazim","CARBENDAZIM","WQX SYNONYM REGISTRY (validation)"
"Carbendazim","CARBENDAZIM","STANDARDIZE NAME (Normalized)"
"General observation (text)","RIPARIAN LOSS","ATTAINS.PARAMETER"
"Aldicarb","ALDICARB","ATTAINS.PARAMETER"
"Aldicarb","ALDICARB","STANDARDIZE NAME (Normalized)"
"Aldicarb","ALDICARB","WQX SYNONYM REGISTRY (validation)"
"Aldicarb","ALDICARB","CST.STD.POLLUTANT"
"Aldicarb","ALDICARB","CST.POLLUTANT"
"Cymene","CYMENE","ATTAINS.PARAMETER"
"Cymene","CYMENE","STANDARDIZE NAME (Normalized)"
"p-Cymene","CYMENE","SYSTEMATIC NAME"
"Cymene","CYMENE","WQX SYNONYM REGISTRY (validation)"
"Harmful Algal Blooms Present (Y/N) (choice list)","HARMFUL ALGAL BLOOMS","ATTAINS.PARAMETER"
"Harmful Algal Blooms Present (Y/N) (choice list)","HARMFUL ALGAL BLOOMS","WQX SYNONYM REGISTRY (validation)"
"Photomirex","PHOTOMIREX","ATTAINS.PARAMETER"
"Photomirex","PHOTOMIREX","WQX SYNONYM REGISTRY (validation)"
"Photomirex","PHOTOMIREX","STANDARDIZE NAME (Normalized)"
"Hexachlorobenzene","HEXACHLOROBENZENE","ATTAINS.PARAMETER"
"Hexachlorobenzene","HEXACHLOROBENZENE","SYSTEMATIC NAME"
"Hexachlorobenzene","HEXACHLOROBENZENE","STANDARDIZE NAME (Normalized)"
"Hexachlorobenzene","HEXACHLOROBENZENE","WQX SYNONYM REGISTRY (validation)"
"Hexachlorobenzene","HEXACHLOROBENZENE","CST.POLLUTANT"
"Hexachlorobenzene","HEXACHLOROBENZENE","CST.STD.POLLUTANT"
"Penthiopyrad","PENTHIOPYRAD","ATTAINS.PARAMETER"
"Penthiopyrad","PENTHIOPYRAD","WQX SYNONYM REGISTRY (validation)"
"Penthiopyrad","PENTHIOPYRAD","STANDARDIZE NAME (Normalized)"
"Macroinvertebrates","BENTHIC MACROINVERTEBRATES BIOASSESSMENTS","ATTAINS.PARAMETER"
"Acifluorfen","ACIFLUORFEN","ATTAINS.PARAMETER"
"Acifluorfen","ACIFLUORFEN","STANDARDIZE NAME (Normalized)"
"Acifluorfen","ACIFLUORFEN","WQX SYNONYM REGISTRY (validation)"
"Acifluorfen","ACIFLUORFEN","CST.STD.POLLUTANT"
"Acifluorfen","ACIFLUORFEN","CST.POLLUTANT"
"Saxitoxin","CYANOBACTERIA NEUROTOXIC SAXITOXINS","WQX SYNONYM REGISTRY (validation)"
"Saxitoxin","CYANOBACTERIA NEUROTOXIC SAXITOXINS","ATTAINS.PARAMETER"
"Benzofluorene","BENZO[K]FLUORENE","WQX SYNONYM REGISTRY (validation)"
"Benzofluorene","BENZO[K]FLUORENE","ATTAINS.PARAMETER"
"Endothall","ENDOTHALL","ATTAINS.PARAMETER"
"Endothall","ENDOTHALL","WQX SYNONYM REGISTRY (validation)"
"Endothall","ENDOTHALL","STANDARDIZE NAME (Normalized)"
"Endothall","ENDOTHALL","CST.STD.POLLUTANT"
"Endothall","ENDOTHALL","CST.POLLUTANT"
"Diphenamid","DIPHENAMID","ATTAINS.PARAMETER"
"Diphenamid","DIPHENAMID","STANDARDIZE NAME (Normalized)"
"Diphenamid","DIPHENAMID","WQX SYNONYM REGISTRY (validation)"
"Diphenamid","DIPHENAMID","CST.POLLUTANT"
"Diphenamid","DIPHENAMID","CST.STD.POLLUTANT"
"Benzo[a]pyrene","BENZO[A]PYRENE IN FISH TISSUE","ATTAINS.PARAMETER"
"Benzo[a]pyrene","BENZO[A]PYRENE IN FISH TISSUE","WQX SYNONYM REGISTRY (validation)"
"Orthophosphate","PHOSPHORUS","ATTAINS.PARAMETER"
"Phosphorus","PHOSPHORUS","WQX SYNONYM REGISTRY (validation)"
"Phosphorus","PHOSPHORUS","STANDARDIZE NAME (Normalized)"
"Phosphorus","PHOSPHORUS","SYSTEMATIC NAME"
"Isopropyl ether","ISOPROPYL ETHER","ATTAINS.PARAMETER"
"Isopropyl ether","ISOPROPYL ETHER","SYSTEMATIC NAME"
"Isopropyl ether","ISOPROPYL ETHER","STANDARDIZE NAME (Normalized)"
"Isopropyl ether","ISOPROPYL ETHER","WQX SYNONYM REGISTRY (validation)"
"Methyl bromide","METHYL BROMIDE","ATTAINS.PARAMETER"
"Methyl bromide","METHYL BROMIDE","WQX SYNONYM REGISTRY (validation)"
"Methyl bromide","METHYL BROMIDE","STANDARDIZE NAME (Normalized)"
"Methyl bromide","METHYL BROMIDE","CST.STD.POLLUTANT"
"Benzene, nonyl-","N-NONYLBENZENE","WQX SYNONYM REGISTRY (validation)"
"Benzene, nonyl-","N-NONYLBENZENE","ATTAINS.PARAMETER"
"Hexane","HEXANE","ATTAINS.PARAMETER"
"Hexane","HEXANE","WQX SYNONYM REGISTRY (validation)"
"Hexane","HEXANE","STANDARDIZE NAME (Normalized)"
"Hexane","HEXANE","SYSTEMATIC NAME"
"N-Nitrosopiperidine","N-NITROSOPIPERIDINE","ATTAINS.PARAMETER"
"N-Nitrosopiperidine","N-NITROSOPIPERIDINE","WQX SYNONYM REGISTRY (validation)"
"N-Nitrosopiperidine","N-NITROSOPIPERIDINE","STANDARDIZE NAME (Normalized)"
"N-Nitrosopiperidine","N-NITROSOPIPERIDINE","SYSTEMATIC NAME"
"Fenitrothion","FENITROTHION","ATTAINS.PARAMETER"
"Fenitrothion","FENITROTHION","WQX SYNONYM REGISTRY (validation)"
"Fenitrothion","FENITROTHION","STANDARDIZE NAME (Normalized)"
"Bendiocarb","BENDIOCARB","ATTAINS.PARAMETER"
"Bendiocarb","BENDIOCARB","STANDARDIZE NAME (Normalized)"
"Bendiocarb","BENDIOCARB","WQX SYNONYM REGISTRY (validation)"
"N-Nitrosodiethylamine","NITROSODIETHYLAMINE,N","ATTAINS.PARAMETER"
"N-Nitrosodiethylamine","NITROSODIETHYLAMINE,N","WQX SYNONYM REGISTRY (validation)"
"Depth, Secchi disk depth","SECCHI DISK TRANSPARENCY","WQX SYNONYM REGISTRY (validation)"
"Depth, Secchi disk depth","SECCHI DISK TRANSPARENCY","ATTAINS.PARAMETER"
"Maleic anhydride","MALEIC ANHYDRIDE","ATTAINS.PARAMETER"
"Maleic anhydride","MALEIC ANHYDRIDE","WQX SYNONYM REGISTRY (validation)"
"Maleic anhydride","MALEIC ANHYDRIDE","STANDARDIZE NAME (Normalized)"
"1,3-Dichloropropane","1,3-DICHLOROPROPANE","ATTAINS.PARAMETER"
"1,3-Dichloropropane","1,3-DICHLOROPROPANE","STANDARDIZE NAME (Normalized)"
"1,3-Dichloropropane","1,3-DICHLOROPROPANE","WQX SYNONYM REGISTRY (validation)"
"1,3-Dichloropropane","1,3-DICHLOROPROPANE","SYSTEMATIC NAME"
"1,3-Dichloropropane","1,3-DICHLOROPROPANE","CST.STD.POLLUTANT"
"1,3-Dichloropropane","1,3-DICHLOROPROPANE","CST.POLLUTANT"
"Arsenic","ARSENIC, TOTAL","WQX SYNONYM REGISTRY (validation)"
"Arsenic","ARSENIC, TOTAL","ATTAINS.PARAMETER"
"2,4-Dimethylphenol","2,4-DIMETHYLPHENOL","ATTAINS.PARAMETER"
"2,4-Dimethylphenol","2,4-DIMETHYLPHENOL","WQX SYNONYM REGISTRY (validation)"
"2,4-Dimethylphenol","2,4-DIMETHYLPHENOL","STANDARDIZE NAME (Normalized)"
"2,4-Dimethylphenol","2,4-DIMETHYLPHENOL","CST.POLLUTANT"
"2,4-Dimethylphenol","2,4-DIMETHYLPHENOL","CST.STD.POLLUTANT"
"General observation (text)","OMEGA ARAGONITE","ATTAINS.PARAMETER"
".alpha.-Endosulfan","ALPHA-ENDOSULFAN (ENDOSULFAN 1)","ATTAINS.PARAMETER"
".alpha.-Endosulfan","ALPHA-ENDOSULFAN (ENDOSULFAN 1)","WQX SYNONYM REGISTRY (validation)"
"General observation (text)","SHELLFISHING BAN","ATTAINS.PARAMETER"
"Glyphosate","GLYPHOSATE","ATTAINS.PARAMETER"
"Glyphosate","GLYPHOSATE","STANDARDIZE NAME (Normalized)"
"Glyphosate","GLYPHOSATE","WQX SYNONYM REGISTRY (validation)"
"Glyphosate","GLYPHOSATE","SYSTEMATIC NAME"
"Glyphosate","GLYPHOSATE","CST.STD.POLLUTANT"
"Glyphosate","GLYPHOSATE","CST.POLLUTANT"
"Zineb","ZINEB","ATTAINS.PARAMETER"
"Zineb","ZINEB","STANDARDIZE NAME (Normalized)"
"Zineb","ZINEB","WQX SYNONYM REGISTRY (validation)"
"Acenaphthylene","ACENAPHTHYLENE IN SEDIMENT","ATTAINS.PARAMETER"
"Dissolved gases","TOTAL DISSOLVED GAS","ATTAINS.PARAMETER"
"Dissolved gases","TOTAL DISSOLVED GAS","WQX SYNONYM REGISTRY (validation)"
"Nitrofen","NITROFEN","ATTAINS.PARAMETER"
"Nitrofen","NITROFEN","WQX SYNONYM REGISTRY (validation)"
"Nitrofen","NITROFEN","STANDARDIZE NAME (Normalized)"
"Heptachlor epoxide","HEPTACHLOR EPOXIDE IN SEDIMENT","ATTAINS.PARAMETER"
"Escherichia coli","ESCHERICHIA COLI (E. COLI)","WQX SYNONYM REGISTRY (validation)"
"Escherichia coli","ESCHERICHIA COLI (E. COLI)","ATTAINS.PARAMETER"
"Chloromethane","CHLOROMETHANE","ATTAINS.PARAMETER"
"Chloromethane","CHLOROMETHANE","SYSTEMATIC NAME"
"Chloromethane","CHLOROMETHANE","WQX SYNONYM REGISTRY (validation)"
"Chloromethane","CHLOROMETHANE","STANDARDIZE NAME (Normalized)"
"Chloromethane","CHLOROMETHANE","CST.POLLUTANT"
"Propachlor","PROPACHLOR","ATTAINS.PARAMETER"
"Propachlor","PROPACHLOR","STANDARDIZE NAME (Normalized)"
"Propachlor","PROPACHLOR","WQX SYNONYM REGISTRY (validation)"
"Propachlor","PROPACHLOR","CST.STD.POLLUTANT"
"Propachlor","PROPACHLOR","CST.POLLUTANT"
"Chlorthal-dimethyl","DACTHAL","ATTAINS.PARAMETER"
"Chlorthal-dimethyl","DACTHAL","WQX SYNONYM REGISTRY (validation)"
"Chlorthal-dimethyl","DACTHAL","CST.POLLUTANT"
"2,3,5,6-Tetrachlorophenol","2,3,5,6-TETRACHLOROPHENOL","ATTAINS.PARAMETER"
"2,3,5,6-Tetrachlorophenol","2,3,5,6-TETRACHLOROPHENOL","STANDARDIZE NAME (Normalized)"
"2,3,5,6-Tetrachlorophenol","2,3,5,6-TETRACHLOROPHENOL","SYSTEMATIC NAME"
"2,3,5,6-Tetrachlorophenol","2,3,5,6-TETRACHLOROPHENOL","WQX SYNONYM REGISTRY (validation)"
"1-Naphthalenamine","ALPHA-NAPHTHYLAMINE","ATTAINS.PARAMETER"
"1-Naphthalenamine","ALPHA-NAPHTHYLAMINE","WQX SYNONYM REGISTRY (validation)"
"Piperonyl butoxide","PIPERONYL BUTOXIDE","ATTAINS.PARAMETER"
"Piperonyl butoxide","PIPERONYL BUTOXIDE","WQX SYNONYM REGISTRY (validation)"
"Piperonyl butoxide","PIPERONYL BUTOXIDE","STANDARDIZE NAME (Normalized)"
"3,3'-Dichlorobenzidine","3,3'-DICHLOROBENZIDINE","ATTAINS.PARAMETER"
"3,3'-Dichlorobenzidine","3,3'-DICHLOROBENZIDINE","STANDARDIZE NAME (Normalized)"
"3,3'-Dichlorobenzidine","3,3'-DICHLOROBENZIDINE","WQX SYNONYM REGISTRY (validation)"
"3,3'-Dichlorobenzidine","3,3'-DICHLOROBENZIDINE","SYSTEMATIC NAME"
"3,3'-Dichlorobenzidine","3,3'-DICHLOROBENZIDINE","CST.STD.POLLUTANT"
"Dodine","DODINE","ATTAINS.PARAMETER"
"Dodine","DODINE","WQX SYNONYM REGISTRY (validation)"
"Dodine","DODINE","STANDARDIZE NAME (Normalized)"
"Nickel","NICKEL IN SEDIMENT","WQX SYNONYM REGISTRY (validation)"
"Nickel","NICKEL IN SEDIMENT","ATTAINS.PARAMETER"
"Polycyclic aromatic hydrocarbons","POLYCYCLIC AROMATIC HYDROCARBONS (PAHS) IN FISH TISSUE","ATTAINS.PARAMETER"
"Polycyclic aromatic hydrocarbons","POLYCYCLIC AROMATIC HYDROCARBONS (PAHS) IN FISH TISSUE","WQX SYNONYM REGISTRY (validation)"
"Antimony","ANTIMONY IN FISH TISSUE","ATTAINS.PARAMETER"
"Antimony","ANTIMONY IN FISH TISSUE","WQX SYNONYM REGISTRY (validation)"
"Sediment","SEDIMENT SCREENING VALUE (EXCEEDANCE)","ATTAINS.PARAMETER"
"Dicrotophos","DICROTOPHOS","ATTAINS.PARAMETER"
"Dicrotophos","DICROTOPHOS","STANDARDIZE NAME (Normalized)"
"Dicrotophos","DICROTOPHOS","WQX SYNONYM REGISTRY (validation)"
"1,3-Butadiene","1,3-BUTADIENE","ATTAINS.PARAMETER"
"1,3-Butadiene","1,3-BUTADIENE","SYSTEMATIC NAME"
"1,3-Butadiene","1,3-BUTADIENE","WQX SYNONYM REGISTRY (validation)"
"1,3-Butadiene","1,3-BUTADIENE","STANDARDIZE NAME (Normalized)"
"Dibenz[a,h]anthracene","DIBENZ[A,H]ANTHRACENE IN FISH TISSUE","WQX SYNONYM REGISTRY (validation)"
"Dibenz[a,h]anthracene","DIBENZ[A,H]ANTHRACENE IN FISH TISSUE","ATTAINS.PARAMETER"
".alpha.-Chlordene",".ALPHA.-CHLORDENE","ATTAINS.PARAMETER"
".alpha.-Chlordene",".ALPHA.-CHLORDENE","SYSTEMATIC NAME"
".alpha.-Chlordene",".ALPHA.-CHLORDENE","STANDARDIZE NAME (Normalized)"
".alpha.-Chlordene",".ALPHA.-CHLORDENE","WQX SYNONYM REGISTRY (validation)"
"Asbestos","ASBESTOS","ATTAINS.PARAMETER"
"Asbestos","ASBESTOS","WQX SYNONYM REGISTRY (validation)"
"Asbestos","ASBESTOS","SYSTEMATIC NAME"
"Asbestos","ASBESTOS","STANDARDIZE NAME (Normalized)"
"Asbestos","ASBESTOS","CST.STD.POLLUTANT"
"Asbestos","ASBESTOS","CST.POLLUTANT"
"General observation (text)","PARROT FEATHER","ATTAINS.PARAMETER"
"Bromoxynil","BROMOXYNIL","ATTAINS.PARAMETER"
"Bromoxynil","BROMOXYNIL","STANDARDIZE NAME (Normalized)"
"Bromoxynil","BROMOXYNIL","WQX SYNONYM REGISTRY (validation)"
"Bromoxynil","BROMOXYNIL","CST.POLLUTANT"
"Bromoxynil","BROMOXYNIL","CST.STD.POLLUTANT"
"Thiamethoxam","THIAMETHOXAM","ATTAINS.PARAMETER"
"Thiamethoxam","THIAMETHOXAM","STANDARDIZE NAME (Normalized)"
"Thiamethoxam","THIAMETHOXAM","WQX SYNONYM REGISTRY (validation)"
"Thiamethoxam","THIAMETHOXAM","SYSTEMATIC NAME"
"Thiamethoxam","THIAMETHOXAM","CST.POLLUTANT"
"Thiamethoxam","THIAMETHOXAM","CST.STD.POLLUTANT"
"Ethanol","ETHANOL","ATTAINS.PARAMETER"
"Ethanol","ETHANOL","WQX SYNONYM REGISTRY (validation)"
"Ethanol","ETHANOL","SYSTEMATIC NAME"
"Ethanol","ETHANOL","STANDARDIZE NAME (Normalized)"
"Di(2-ethylhexyl) phthalate","BIS(2 ETHYLHEXYL)PHTHALATE","ATTAINS.PARAMETER"
"Di(2-ethylhexyl) phthalate","BIS(2 ETHYLHEXYL)PHTHALATE","WQX SYNONYM REGISTRY (validation)"
"Chloroethane","CHLOROETHANE","ATTAINS.PARAMETER"
"Chloroethane","CHLOROETHANE","STANDARDIZE NAME (Normalized)"
"Chloroethane","CHLOROETHANE","WQX SYNONYM REGISTRY (validation)"
"Chloroethane","CHLOROETHANE","CST.STD.POLLUTANT"
"Chloroethane","CHLOROETHANE","CST.POLLUTANT"
"Acetochlor","ACETOCHLOR","ATTAINS.PARAMETER"
"Acetochlor","ACETOCHLOR","STANDARDIZE NAME (Normalized)"
"Acetochlor","ACETOCHLOR","WQX SYNONYM REGISTRY (validation)"
"Acetochlor","ACETOCHLOR","CST.POLLUTANT"
"Acetochlor","ACETOCHLOR","CST.STD.POLLUTANT"
"Pentachlorophenol","PENTACHLOROPHENOL (PCP)","ATTAINS.PARAMETER"
"Cesium","CESIUM","ATTAINS.PARAMETER"
"Cesium","CESIUM","STANDARDIZE NAME (Normalized)"
"Cesium","CESIUM","WQX SYNONYM REGISTRY (validation)"
"Cesium","CESIUM","SYSTEMATIC NAME"
"Cesium","CESIUM","CST.STD.POLLUTANT"
"Cesium","CESIUM","CST.POLLUTANT"
"Di-n-octyl phthalate","DI-N-OCTYL PHTHALATE IN SEDIMENT","ATTAINS.PARAMETER"
"Dissolved oxygen saturation","DISSOLVED OXYGEN SATURATION","ATTAINS.PARAMETER"
"Dissolved oxygen saturation","DISSOLVED OXYGEN SATURATION","STANDARDIZE NAME (Normalized)"
"Dissolved oxygen saturation","DISSOLVED OXYGEN SATURATION","WQX SYNONYM REGISTRY (validation)"
"General observation (text)","PFAS IN FISH TISSUE","ATTAINS.PARAMETER"
"Dichlorprop","DICHLORPROP","ATTAINS.PARAMETER"
"Dichlorprop","DICHLORPROP","STANDARDIZE NAME (Normalized)"
"Dichlorprop","DICHLORPROP","WQX SYNONYM REGISTRY (validation)"
"Dichloroprop***retired***use Dichlorprop","DICHLORPROP","CST.POLLUTANT"
"Dichloroprop***retired***use Dichlorprop","DICHLORPROP","CST.STD.POLLUTANT"
".lambda.-Cyhalothrin","LAMBDA-CYHALOTHRIN","ATTAINS.PARAMETER"
".lambda.-Cyhalothrin","LAMBDA-CYHALOTHRIN","WQX SYNONYM REGISTRY (validation)"
".lambda.-Cyhalothrin","LAMBDA-CYHALOTHRIN","RETIRED NAME"
"p-Nitrophenol","4-NITROPHENOL","ATTAINS.PARAMETER"
"p-Nitrophenol","4-NITROPHENOL","RETIRED NAME"
"p-Nitrophenol","4-NITROPHENOL","SYSTEMATIC NAME"
"p-Nitrophenol","4-NITROPHENOL","WQX SYNONYM REGISTRY (validation)"
"p-Nitrophenol","4-NITROPHENOL","CST.STD.POLLUTANT"
"p-Nitrophenol","4-NITROPHENOL","CST.POLLUTANT"
"Chlorophyll a filter amount","CHLOROPHYLL-A - AQUATIC LIFE USE SUPPORT","ATTAINS.PARAMETER"
"Chlorophyll a filter amount","CHLOROPHYLL-A - AQUATIC LIFE USE SUPPORT","WQX SYNONYM REGISTRY (validation)"
"Iron","IRON","ATTAINS.PARAMETER"
"Iron","IRON","STANDARDIZE NAME (Normalized)"
"Iron","IRON","WQX SYNONYM REGISTRY (validation)"
"Iron","IRON","SYSTEMATIC NAME"
"Iron","IRON","CST.STD.POLLUTANT"
"Iron","IRON","CST.POLLUTANT"
"Fonofos","DYFONATE (FONOFOS OR FONOPHOS)","ATTAINS.PARAMETER"
"o-Chlorotoluene","O-CHLOROTOLUENE","ATTAINS.PARAMETER"
"o-Chlorotoluene","O-CHLOROTOLUENE","WQX SYNONYM REGISTRY (validation)"
"o-Chlorotoluene","O-CHLOROTOLUENE","STANDARDIZE NAME (Normalized)"
"trans-Nonachlor","TRANS-NONACHLOR","ATTAINS.PARAMETER"
"trans-Nonachlor","TRANS-NONACHLOR","SYSTEMATIC NAME"
"trans-Nonachlor","TRANS-NONACHLOR","STANDARDIZE NAME (Normalized)"
"trans-Nonachlor","TRANS-NONACHLOR","WQX SYNONYM REGISTRY (validation)"
"trans-Nonachlor","TRANS-NONACHLOR","CST.STD.POLLUTANT"
"trans-Nonachlor","TRANS-NONACHLOR","CST.POLLUTANT"
"Paraquat","PARAQUAT","ATTAINS.PARAMETER"
"Paraquat","PARAQUAT","STANDARDIZE NAME (Normalized)"
"Paraquat","PARAQUAT","WQX SYNONYM REGISTRY (validation)"
"Paraquat","PARAQUAT","CST.STD.POLLUTANT"
"Paraquat","PARAQUAT","CST.POLLUTANT"
"Tebuthiuron","TEBUTHIURON","ATTAINS.PARAMETER"
"Tebuthiuron","TEBUTHIURON","STANDARDIZE NAME (Normalized)"
"Tebuthiuron","TEBUTHIURON","WQX SYNONYM REGISTRY (validation)"
"Tebuthiuron","TEBUTHIURON","CST.POLLUTANT"
"Tebuthiuron","TEBUTHIURON","CST.STD.POLLUTANT"
"3,3'-Dimethylbenzidine","3,3'-DIMETHYLBENZIDINE","ATTAINS.PARAMETER"
"3,3'-Dimethylbenzidine","3,3'-DIMETHYLBENZIDINE","STANDARDIZE NAME (Normalized)"
"3,3'-Dimethylbenzidine","3,3'-DIMETHYLBENZIDINE","SYSTEMATIC NAME"
"3,3'-Dimethylbenzidine","3,3'-DIMETHYLBENZIDINE","WQX SYNONYM REGISTRY (validation)"
"1,2-Dichloroethane","1,2-DICHLOROETHANE","ATTAINS.PARAMETER"
"1,2-Dichloroethane","1,2-DICHLOROETHANE","WQX SYNONYM REGISTRY (validation)"
"1,2-Dichloroethane","1,2-DICHLOROETHANE","STANDARDIZE NAME (Normalized)"
"1,2-Dichloroethane","1,2-DICHLOROETHANE","SYSTEMATIC NAME"
"1,2-Dichloroethane","1,2-DICHLOROETHANE","CST.POLLUTANT"
"1,2-Dichloroethane","1,2-DICHLOROETHANE","CST.STD.POLLUTANT"
"Benzyl chloride","BENZYL CHLORIDE","ATTAINS.PARAMETER"
"Benzyl chloride","BENZYL CHLORIDE","STANDARDIZE NAME (Normalized)"
"Benzyl chloride","BENZYL CHLORIDE","WQX SYNONYM REGISTRY (validation)"
"Benzyl chloride","BENZYL CHLORIDE","CST.POLLUTANT"
"Benzyl chloride","BENZYL CHLORIDE","CST.STD.POLLUTANT"
"Pyraclostrobin","PYRACLOSTROBIN","ATTAINS.PARAMETER"
"Pyraclostrobin","PYRACLOSTROBIN","STANDARDIZE NAME (Normalized)"
"Pyraclostrobin","PYRACLOSTROBIN","WQX SYNONYM REGISTRY (validation)"
"Pyraclostrobin","PYRACLOSTROBIN","SYSTEMATIC NAME"
"Methyl parathion","METHYL PARATHION","ATTAINS.PARAMETER"
"Methyl parathion","METHYL PARATHION","STANDARDIZE NAME (Normalized)"
"Methyl parathion","METHYL PARATHION","WQX SYNONYM REGISTRY (validation)"
"Methyl parathion","METHYL PARATHION","CST.POLLUTANT"
"Methyl parathion","METHYL PARATHION","CST.STD.POLLUTANT"
"Dicofol","DICOFOL","ATTAINS.PARAMETER"
"Dicofol","DICOFOL","STANDARDIZE NAME (Normalized)"
"Dicofol","DICOFOL","WQX SYNONYM REGISTRY (validation)"
"Dicofol","DICOFOL","CST.POLLUTANT"
"Dicofol","DICOFOL","CST.STD.POLLUTANT"
"Pyridaben","PYRIDABEN","ATTAINS.PARAMETER"
"Pyridaben","PYRIDABEN","WQX SYNONYM REGISTRY (validation)"
"Pyridaben","PYRIDABEN","STANDARDIZE NAME (Normalized)"
"Glufosinate","GLUFOSINATE","ATTAINS.PARAMETER"
"Glufosinate","GLUFOSINATE","STANDARDIZE NAME (Normalized)"
"Glufosinate","GLUFOSINATE","WQX SYNONYM REGISTRY (validation)"
"Glufosinate-ammonium","GLUFOSINATE","RETIRED NAME"
"Total suspended solids","TOTAL SUSPENDED SOLIDS (TSS)","ATTAINS.PARAMETER"
"Total suspended solids","TOTAL SUSPENDED SOLIDS (TSS)","WQX SYNONYM REGISTRY (validation)"
"Niobium","NIOBIUM","ATTAINS.PARAMETER"
"Niobium","NIOBIUM","STANDARDIZE NAME (Normalized)"
"Niobium","NIOBIUM","WQX SYNONYM REGISTRY (validation)"
"Niobium","NIOBIUM","SYSTEMATIC NAME"
"Cryptosporidium","PATHOGENS","WQX SYNONYM REGISTRY (validation)"
"Cryptosporidium","PATHOGENS","ATTAINS.PARAMETER"
"Substrate (choice list)","PHYSICAL SUBSTRATE HABITAT ALTERATIONS","ATTAINS.PARAMETER"
"Zinc","ZINC IN SEDIMENT","WQX SYNONYM REGISTRY (validation)"
"Zinc","ZINC IN SEDIMENT","ATTAINS.PARAMETER"
"General observation (text)","NATURAL LIMITS","ATTAINS.PARAMETER"
"Nitrite","NITROGEN, NITRITE","ATTAINS.PARAMETER"
"Nitrite","NITROGEN, NITRITE","WQX SYNONYM REGISTRY (validation)"
".gamma.-Chlordene",".GAMMA.-CHLORDENE","ATTAINS.PARAMETER"
".gamma.-Chlordene",".GAMMA.-CHLORDENE","SYSTEMATIC NAME"
".gamma.-Chlordene",".GAMMA.-CHLORDENE","STANDARDIZE NAME (Normalized)"
".gamma.-Chlordene",".GAMMA.-CHLORDENE","WQX SYNONYM REGISTRY (validation)"
"1,1,2-Trichloroethane","1,1,2-TRICHLOROETHANE","ATTAINS.PARAMETER"
"1,1,2-Trichloroethane","1,1,2-TRICHLOROETHANE","WQX SYNONYM REGISTRY (validation)"
"1,1,2-Trichloroethane","1,1,2-TRICHLOROETHANE","SYSTEMATIC NAME"
"1,1,2-Trichloroethane","1,1,2-TRICHLOROETHANE","STANDARDIZE NAME (Normalized)"
"1,1,2-Trichloroethane","1,1,2-TRICHLOROETHANE","CST.POLLUTANT"
"1,1,2-Trichloroethane","1,1,2-TRICHLOROETHANE","CST.STD.POLLUTANT"
"1,2-Dichloroethylene","1,2-DICHLOROETHYLENE","ATTAINS.PARAMETER"
"1,2-Dichloroethylene","1,2-DICHLOROETHYLENE","WQX SYNONYM REGISTRY (validation)"
"1,2-Dichloroethylene","1,2-DICHLOROETHYLENE","STANDARDIZE NAME (Normalized)"
"1,2-Dichloroethylene","1,2-DICHLOROETHYLENE","SYSTEMATIC NAME"
"Turbidity","TURBIDITY - BASE FLOWS","ATTAINS.PARAMETER"
"Turbidity","TURBIDITY - BASE FLOWS","WQX SYNONYM REGISTRY (validation)"
"Unnatural floating debris (choice list)","FLOATING DEBRIS","ATTAINS.PARAMETER"
"Moss Stream Reach Coverage Average (choice list)","BURIED STREAM","ATTAINS.PARAMETER"
"Fish kill observation","FISH PASSAGE BARRIER","ATTAINS.PARAMETER"
"1-Pentanol","1-PENTANOL","ATTAINS.PARAMETER"
"1-Pentanol","1-PENTANOL","WQX SYNONYM REGISTRY (validation)"
"1-Pentanol","1-PENTANOL","SYSTEMATIC NAME"
"1-Pentanol","1-PENTANOL","STANDARDIZE NAME (Normalized)"
"Suspended Sediment Discharge","TOTAL SUSPENDED SEDIMENT","ATTAINS.PARAMETER"
"Suspended Sediment Discharge","TOTAL SUSPENDED SEDIMENT","WQX SYNONYM REGISTRY (validation)"
"Benzo[k]fluoranthene","BENZO[K]FLUORANTHENE IN FISH TISSUE","ATTAINS.PARAMETER"
"Benzo[k]fluoranthene","BENZO[K]FLUORANTHENE IN FISH TISSUE","WQX SYNONYM REGISTRY (validation)"
".alpha.-Endosulfan","ALPHA-ENDOSULFAN (ENDOSULFAN 1) IN FISH TISSUE","ATTAINS.PARAMETER"
".alpha.-Endosulfan","ALPHA-ENDOSULFAN (ENDOSULFAN 1) IN FISH TISSUE","WQX SYNONYM REGISTRY (validation)"
"Tribromomethane","BROMOFORM","ATTAINS.PARAMETER"
"Tribromomethane","BROMOFORM","WQX SYNONYM REGISTRY (validation)"
"Tribromomethane","BROMOFORM","CST.STD.POLLUTANT"
"Tribromomethane","BROMOFORM","CST.POLLUTANT"
"Methanone, bis(4-chlorophenyl)-","METHANONE, BIS(4-CHLOROPHENYL)-","ATTAINS.PARAMETER"
"Methanone, bis(4-chlorophenyl)-","METHANONE, BIS(4-CHLOROPHENYL)-","WQX SYNONYM REGISTRY (validation)"
"Methanone, bis(4-chlorophenyl)-","METHANONE, BIS(4-CHLOROPHENYL)-","STANDARDIZE NAME (Normalized)"
"Methanone, bis(4-chlorophenyl)-","METHANONE, BIS(4-CHLOROPHENYL)-","SYSTEMATIC NAME"
"Benzal chloride","BENZAL CHLORIDE","ATTAINS.PARAMETER"
"Benzal chloride","BENZAL CHLORIDE","STANDARDIZE NAME (Normalized)"
"Benzal chloride","BENZAL CHLORIDE","WQX SYNONYM REGISTRY (validation)"
"Dichlorobromomethane","BROMODICHLOROMETHANE","ATTAINS.PARAMETER"
"Dichlorobromomethane","BROMODICHLOROMETHANE","SYSTEMATIC NAME"
"Dichlorobromomethane","BROMODICHLOROMETHANE","WQX SYNONYM REGISTRY (validation)"
"Dichlorobromomethane","BROMODICHLOROMETHANE","CST.POLLUTANT"
"Polychlorinated biphenyls","PCBS - FISH CONSUMPTION ADVISORY","ATTAINS.PARAMETER"
"Sediment","ALUM IN SEDIMENT","ATTAINS.PARAMETER"
"Dibutyl phthalate","DI-N-BUTYL PHTHALATE IN SEDIMENT","ATTAINS.PARAMETER"
"Anthracene","ANTHRACENE IN SEDIMENT","ATTAINS.PARAMETER"
"Aluminum","ALUMINUM, TOTAL","WQX SYNONYM REGISTRY (validation)"
"Aluminum","ALUMINUM, TOTAL","ATTAINS.PARAMETER"
"Paraldehyde","PARALDEHYDE","ATTAINS.PARAMETER"
"Paraldehyde","PARALDEHYDE","STANDARDIZE NAME (Normalized)"
"Paraldehyde","PARALDEHYDE","WQX SYNONYM REGISTRY (validation)"
"Pentachlorophenol","PENTACHLOROPHENOL (PCP) IN FISH TISSUE","ATTAINS.PARAMETER"
"Pentachlorophenol","PENTACHLOROPHENOL (PCP) IN FISH TISSUE","WQX SYNONYM REGISTRY (validation)"
"1,6,7-Trimethylnaphthalene","1,6,7-TRIMETHYLNAPHTHALENE","ATTAINS.PARAMETER"
"1,6,7-Trimethylnaphthalene","1,6,7-TRIMETHYLNAPHTHALENE","STANDARDIZE NAME (Normalized)"
"1,6,7-Trimethylnaphthalene","1,6,7-TRIMETHYLNAPHTHALENE","WQX SYNONYM REGISTRY (validation)"
"Butyl benzyl phthalate","BUTYL BENZYL PHTHALATE","ATTAINS.PARAMETER"
"Butyl benzyl phthalate","BUTYL BENZYL PHTHALATE","STANDARDIZE NAME (Normalized)"
"Butyl benzyl phthalate","BUTYL BENZYL PHTHALATE","WQX SYNONYM REGISTRY (validation)"
"Coumaphos","COUMAPHOS","ATTAINS.PARAMETER"
"Coumaphos","COUMAPHOS","WQX SYNONYM REGISTRY (validation)"
"Coumaphos","COUMAPHOS","STANDARDIZE NAME (Normalized)"
"Benzene","ALKYLBENZENE","ATTAINS.PARAMETER"
"3-Hydroxycarbofuran","3-HYDROXYCARBOFURAN","ATTAINS.PARAMETER"
"3-Hydroxycarbofuran","3-HYDROXYCARBOFURAN","STANDARDIZE NAME (Normalized)"
"3-Hydroxycarbofuran","3-HYDROXYCARBOFURAN","SYSTEMATIC NAME"
"3-Hydroxycarbofuran","3-HYDROXYCARBOFURAN","WQX SYNONYM REGISTRY (validation)"
"Manganese","MANGANESE","ATTAINS.PARAMETER"
"Manganese","MANGANESE","WQX SYNONYM REGISTRY (validation)"
"Manganese","MANGANESE","STANDARDIZE NAME (Normalized)"
"Manganese","MANGANESE","SYSTEMATIC NAME"
"Manganese","MANGANESE","CST.POLLUTANT"
"Manganese","MANGANESE","CST.STD.POLLUTANT"
"Nickel","NICKEL, DISSOLVED","ATTAINS.PARAMETER"
"Sodium adsorption ratio [(Na)/(sq root of 1/2 Ca + Mg)]","SODIUM ADSORPTION RATIO","ATTAINS.PARAMETER"
"Sodium adsorption ratio [(Na)/(sq root of 1/2 Ca + Mg)]","SODIUM ADSORPTION RATIO","WQX SYNONYM REGISTRY (validation)"
"Sodium adsorption ratio [(Na)/(sq root of 1/2 Ca + Mg)]","SODIUM ADSORPTION RATIO","SYSTEMATIC NAME"
"Di-n-octyl phthalate","DI-N-OCTYL PHTHALATE","ATTAINS.PARAMETER"
"Di-n-octyl phthalate","DI-N-OCTYL PHTHALATE","WQX SYNONYM REGISTRY (validation)"
"Di-n-octyl phthalate","DI-N-OCTYL PHTHALATE","STANDARDIZE NAME (Normalized)"
"Di-n-octyl phthalate","DI-N-OCTYL PHTHALATE","SYSTEMATIC NAME"
"Di-n-octyl phthalate","DI-N-OCTYL PHTHALATE","CST.STD.POLLUTANT"
"Di-n-octyl phthalate","DI-N-OCTYL PHTHALATE","CST.POLLUTANT"
"Acenaphthene","ACENAPHTHENE","ATTAINS.PARAMETER"
"Acenaphthene","ACENAPHTHENE","STANDARDIZE NAME (Normalized)"
"Acenaphthene","ACENAPHTHENE","WQX SYNONYM REGISTRY (validation)"
"Acenaphthene","ACENAPHTHENE","CST.STD.POLLUTANT"
"Acenaphthene","ACENAPHTHENE","CST.POLLUTANT"
"Tetramethrin","TETRAMETHRIN","ATTAINS.PARAMETER"
"Tetramethrin","TETRAMETHRIN","WQX SYNONYM REGISTRY (validation)"
"Tetramethrin","TETRAMETHRIN","STANDARDIZE NAME (Normalized)"
"Polybrominated biphenyls","POLYBROMINATED BIPHENYLS","ATTAINS.PARAMETER"
"Polybrominated biphenyls","POLYBROMINATED BIPHENYLS","WQX SYNONYM REGISTRY (validation)"
"Polybrominated biphenyls","POLYBROMINATED BIPHENYLS","STANDARDIZE NAME (Normalized)"
"Polybrominated biphenyls","POLYBROMINATED BIPHENYLS","CST.POLLUTANT"
"Polybrominated biphenyls","POLYBROMINATED BIPHENYLS","CST.STD.POLLUTANT"
"p-Chlorobenzotrifluoride","TERT-BUTYLBENZENE","ATTAINS.PARAMETER"
"tert-Butylbenzene","TERT-BUTYLBENZENE","STANDARDIZE NAME (Normalized)"
"tert-Butylbenzene","TERT-BUTYLBENZENE","WQX SYNONYM REGISTRY (validation)"
"tert-Butylbenzene","TERT-BUTYLBENZENE","CST.STD.POLLUTANT"
"tert-Butylbenzene","TERT-BUTYLBENZENE","CST.POLLUTANT"
"m-Dichlorobenzene","M-DICHLOROBENZENE","ATTAINS.PARAMETER"
"m-Dichlorobenzene","M-DICHLOROBENZENE","SYSTEMATIC NAME"
"m-Dichlorobenzene","M-DICHLOROBENZENE","STANDARDIZE NAME (Normalized)"
"m-Dichlorobenzene","M-DICHLOROBENZENE","WQX SYNONYM REGISTRY (validation)"
"Methyl isobutyl ketone","METHYL ISOBUTYL KETONE","ATTAINS.PARAMETER"
"Methyl isobutyl ketone","METHYL ISOBUTYL KETONE","STANDARDIZE NAME (Normalized)"
"Methyl isobutyl ketone","METHYL ISOBUTYL KETONE","WQX SYNONYM REGISTRY (validation)"
".alpha.-Hexachlorocyclohexane","HEXACHLOROCYCLOHEXANE (HCH)","ATTAINS.PARAMETER"
".alpha.-Hexachlorocyclohexane","HEXACHLOROCYCLOHEXANE (HCH)","WQX SYNONYM REGISTRY (validation)"
"Chlorinated dibenzo-p-dioxins","CHLORINATED BENZENES","ATTAINS.PARAMETER"
"Hydrogen sulfide","HYDROGEN SULFIDE","ATTAINS.PARAMETER"
"Hydrogen sulfide","HYDROGEN SULFIDE","WQX SYNONYM REGISTRY (validation)"
"Hydrogen sulfide","HYDROGEN SULFIDE","STANDARDIZE NAME (Normalized)"
"Hydrogen sulfide","HYDROGEN SULFIDE","CST.POLLUTANT"
"Hydrogen sulfide","HYDROGEN SULFIDE","CST.STD.POLLUTANT"
"Polybrominated diphenyl ethers","POLYBROMINATED DIPHENYL ETHERS","ATTAINS.PARAMETER"
"Polybrominated diphenyl ethers","POLYBROMINATED DIPHENYL ETHERS","WQX SYNONYM REGISTRY (validation)"
"Polybrominated diphenyl ethers","POLYBROMINATED DIPHENYL ETHERS","STANDARDIZE NAME (Normalized)"
"Polybrominated diphenyl ethers","POLYBROMINATED DIPHENYL ETHERS","SYSTEMATIC NAME"
"Chlordane","CHLORDANE IN FISH TISSUE","ATTAINS.PARAMETER"
"Alpha-Bnc","ALPHA-BNC","ATTAINS.PARAMETER"
"Alpha-Bnc","ALPHA-BNC","STANDARDIZE NAME (Normalized)"
"Alpha-Bnc","ALPHA-BNC","WQX SYNONYM REGISTRY (validation)"
"HCFC-22","CHLORODIFLUOROMETHANE","ATTAINS.PARAMETER"
"HCFC-22","CHLORODIFLUOROMETHANE","RETIRED NAME"
"HCFC-22","CHLORODIFLUOROMETHANE","WQX SYNONYM REGISTRY (validation)"
"Phenol","PHENOL IN FISH TISSUE","ATTAINS.PARAMETER"
"Phenol","PHENOL IN FISH TISSUE","WQX SYNONYM REGISTRY (validation)"
"Dichloroethylene","DICHLOROETHYLENES","ATTAINS.PARAMETER"
"Dichloroethylene","DICHLOROETHYLENES","WQX SYNONYM REGISTRY (validation)"
"Vinyl chloride","VINYL CHLORIDE","ATTAINS.PARAMETER"
"Vinyl chloride","VINYL CHLORIDE","WQX SYNONYM REGISTRY (validation)"
"Vinyl chloride","VINYL CHLORIDE","STANDARDIZE NAME (Normalized)"
"Vinyl chloride","VINYL CHLORIDE","CST.STD.POLLUTANT"
"Norflurazon","NORFLURAZON","ATTAINS.PARAMETER"
"Norflurazon","NORFLURAZON","WQX SYNONYM REGISTRY (validation)"
"Norflurazon","NORFLURAZON","STANDARDIZE NAME (Normalized)"
"Aluminum","ALUMINUM","ATTAINS.PARAMETER"
"Aluminum","ALUMINUM","WQX SYNONYM REGISTRY (validation)"
"Aluminum","ALUMINUM","SYSTEMATIC NAME"
"Aluminum","ALUMINUM","STANDARDIZE NAME (Normalized)"
"Aluminum","ALUMINUM","CST.POLLUTANT"
"Aluminum","ALUMINUM","CST.STD.POLLUTANT"
"Thiobencarb","THIOBENCARB","ATTAINS.PARAMETER"
"Thiobencarb","THIOBENCARB","STANDARDIZE NAME (Normalized)"
"Thiobencarb","THIOBENCARB","WQX SYNONYM REGISTRY (validation)"
"Thiobencarb","THIOBENCARB","CST.STD.POLLUTANT"
"Thiobencarb","THIOBENCARB","CST.POLLUTANT"
"Heptachlor","HEPTACHLOR IN FISH TISSUE","ATTAINS.PARAMETER"
"Heptachlor","HEPTACHLOR IN FISH TISSUE","WQX SYNONYM REGISTRY (validation)"
"Cerium","CERIUM","ATTAINS.PARAMETER"
"Cerium","CERIUM","STANDARDIZE NAME (Normalized)"
"Cerium","CERIUM","WQX SYNONYM REGISTRY (validation)"
"Cerium","CERIUM","SYSTEMATIC NAME"
"1,2-Diphenylhydrazine","1,2-DIPHENYLHYDRAZINE IN FISH TISSUE","WQX SYNONYM REGISTRY (validation)"
"1,2-Diphenylhydrazine","1,2-DIPHENYLHYDRAZINE IN FISH TISSUE","ATTAINS.PARAMETER"
"4,6-Dinitro-o-cresol","4,6-DINITRO-O-CRESOL","ATTAINS.PARAMETER"
"4,6-Dinitro-o-cresol","4,6-DINITRO-O-CRESOL","WQX SYNONYM REGISTRY (validation)"
"4,6-Dinitro-o-cresol","4,6-DINITRO-O-CRESOL","STORET CHARACTERISTIC NAME"
"4,6-Dinitro-o-cresol","4,6-DINITRO-O-CRESOL","STANDARDIZE NAME (Normalized)"
"Ethylene thiourea","ETHYLENE THIOUREA","ATTAINS.PARAMETER"
"Ethylene thiourea","ETHYLENE THIOUREA","STANDARDIZE NAME (Normalized)"
"Ethylene thiourea","ETHYLENE THIOUREA","WQX SYNONYM REGISTRY (validation)"
"General observation (text)","PER- AND POLYFLUOROALKYL SUBSTANCES (PFAS)","ATTAINS.PARAMETER"
"Metsulfuron","METSULFURON","ATTAINS.PARAMETER"
"Metsulfuron","METSULFURON","STANDARDIZE NAME (Normalized)"
"Metsulfuron","METSULFURON","WQX SYNONYM REGISTRY (validation)"
"2-Chloronaphthalene","2-CHLORONAPHTHALENE IN FISH TISSUE","ATTAINS.PARAMETER"
"N-Nitrosopyrrolidine","N-NITROSO-DI-N-BUTYLAMINE","WQX SYNONYM REGISTRY (validation)"
"N-Nitrosodi-n-butylamine","N-NITROSO-DI-N-BUTYLAMINE","ATTAINS.PARAMETER"
"Tefluthrin","TEFLUTHRIN","ATTAINS.PARAMETER"
"Tefluthrin","TEFLUTHRIN","WQX SYNONYM REGISTRY (validation)"
"Tefluthrin","TEFLUTHRIN","STANDARDIZE NAME (Normalized)"
"Zinc","ZINC, TOTAL","ATTAINS.PARAMETER"
"Zinc","ZINC, TOTAL","WQX SYNONYM REGISTRY (validation)"
"Diquat","DIQUAT","ATTAINS.PARAMETER"
"Diquat","DIQUAT","SYSTEMATIC NAME"
"Diquat","DIQUAT","WQX SYNONYM REGISTRY (validation)"
"Diquat","DIQUAT","STANDARDIZE NAME (Normalized)"
"Diquat","DIQUAT","CST.STD.POLLUTANT"
"Diquat","DIQUAT","CST.POLLUTANT"
"Fipronil Sulfide","FIPRONIL SULFIDE","ATTAINS.PARAMETER"
"Fipronil Sulfide","FIPRONIL SULFIDE","WQX SYNONYM REGISTRY (validation)"
"Fipronil Sulfide","FIPRONIL SULFIDE","STANDARDIZE NAME (Normalized)"
"Fipronil Sulfide","FIPRONIL SULFIDE","SYSTEMATIC NAME"
"sec-Butylbenzene","SEC-BUTYLBENZENE","ATTAINS.PARAMETER"
"sec-Butylbenzene","SEC-BUTYLBENZENE","SYSTEMATIC NAME"
"sec-Butylbenzene","SEC-BUTYLBENZENE","WQX SYNONYM REGISTRY (validation)"
"sec-Butylbenzene","SEC-BUTYLBENZENE","STANDARDIZE NAME (Normalized)"
"sec-Butylbenzene","SEC-BUTYLBENZENE","CST.STD.POLLUTANT"
"sec-Butylbenzene","SEC-BUTYLBENZENE","CST.POLLUTANT"
"Hexachlorobenzene","HEXACHLOROBENZENE IN FISH TISSUE","WQX SYNONYM REGISTRY (validation)"
"Hexachlorobenzene","HEXACHLOROBENZENE IN FISH TISSUE","ATTAINS.PARAMETER"
"Lead","LEAD, TOTAL","WQX SYNONYM REGISTRY (validation)"
"Lead","LEAD, TOTAL","ATTAINS.PARAMETER"
"p-Chloro-m-cresol","4-CHLORO-3-METHYLPHENOL (3-METHYL-4-CHLOROPHENOL) IN FISH TISSUE","ATTAINS.PARAMETER"
"p-Chloro-m-cresol","4-CHLORO-3-METHYLPHENOL (3-METHYL-4-CHLOROPHENOL) IN FISH TISSUE","WQX SYNONYM REGISTRY (validation)"
"o-Chlorophenol","2-CHLOROPHENOL IN FISH TISSUE","ATTAINS.PARAMETER"
"o-Chlorophenol","2-CHLOROPHENOL IN FISH TISSUE","WQX SYNONYM REGISTRY (validation)"
"General observation (text)","HEXACHLOROBENZE - FISH CONSUMPTION ADVISORY","ATTAINS.PARAMETER"
"Temephos","TEMEPHOS","ATTAINS.PARAMETER"
"Temephos","TEMEPHOS","STANDARDIZE NAME (Normalized)"
"Temephos","TEMEPHOS","WQX SYNONYM REGISTRY (validation)"
"General observation (text)","STREAM MODIFICATION","ATTAINS.PARAMETER"
"2,3,7,8-Tetrachlorodibenzo-p-dioxin","DIOXIN","ATTAINS.PARAMETER"
"2,3,7,8-Tetrachlorodibenzo-p-dioxin","DIOXIN","WQX SYNONYM REGISTRY (validation)"
"Zinc","ZINC IN SHELLFISH","WQX SYNONYM REGISTRY (validation)"
"Zinc","ZINC IN SHELLFISH","ATTAINS.PARAMETER"
"Furan","FURAN COMPOUNDS","ATTAINS.PARAMETER"
"Chlordecone","KEPONE IN SEDIMENT","ATTAINS.PARAMETER"
"2-Choro-6-ethylamino-4-amino-s-triazine","2-CHORO-6-ETHYLAMINO-4-AMINO-S-TRIAZINE","ATTAINS.PARAMETER"
"2-Choro-6-ethylamino-4-amino-s-triazine","2-CHORO-6-ETHYLAMINO-4-AMINO-S-TRIAZINE","SYSTEMATIC NAME"
"2-Choro-6-ethylamino-4-amino-s-triazine","2-CHORO-6-ETHYLAMINO-4-AMINO-S-TRIAZINE","STANDARDIZE NAME (Normalized)"
"2-Choro-6-ethylamino-4-amino-s-triazine","2-CHORO-6-ETHYLAMINO-4-AMINO-S-TRIAZINE","WQX SYNONYM REGISTRY (validation)"
"Imazethapyr","IMAZETHAPYR","ATTAINS.PARAMETER"
"Imazethapyr","IMAZETHAPYR","WQX SYNONYM REGISTRY (validation)"
"Imazethapyr","IMAZETHAPYR","STANDARDIZE NAME (Normalized)"
"Imazethapyr","IMAZETHAPYR","CST.POLLUTANT"
"Imazethapyr","IMAZETHAPYR","CST.STD.POLLUTANT"
"Benzyl alcohol","BENZYL ALCOHOL IN SEDIMENT","WQX SYNONYM REGISTRY (validation)"
"Benzyl alcohol","BENZYL ALCOHOL IN SEDIMENT","ATTAINS.PARAMETER"
"Tributyltin","TRIBUTYLTIN TBT (TRIBUTYLSTANNE)","ATTAINS.PARAMETER"
"Tributyltin","TRIBUTYLTIN TBT (TRIBUTYLSTANNE)","WQX SYNONYM REGISTRY (validation)"
"Channelization Type","CHANNELIZATION","ATTAINS.PARAMETER"
"Algal growth potential","ALGAE","ATTAINS.PARAMETER"
"Siduron","SIDURON","ATTAINS.PARAMETER"
"Siduron","SIDURON","STANDARDIZE NAME (Normalized)"
"Siduron","SIDURON","WQX SYNONYM REGISTRY (validation)"
"Di(2-ethylhexyl) phthalate","BIS(2-ETHYLHEXYL) PHTHALATE IN SEDIMENT","ATTAINS.PARAMETER"
"Propylene glycol","PROPYLENE GLYCOL","ATTAINS.PARAMETER"
"Propylene glycol","PROPYLENE GLYCOL","STANDARDIZE NAME (Normalized)"
"Propylene glycol","PROPYLENE GLYCOL","WQX SYNONYM REGISTRY (validation)"
"Phenothrin","PHENOTHRIN","ATTAINS.PARAMETER"
"Phenothrin","PHENOTHRIN","STANDARDIZE NAME (Normalized)"
"Phenothrin","PHENOTHRIN","WQX SYNONYM REGISTRY (validation)"
"Aldicarb sulfone","ALDICARB SULFONE","ATTAINS.PARAMETER"
"Aldicarb sulfone","ALDICARB SULFONE","STANDARDIZE NAME (Normalized)"
"Aldicarb sulfone","ALDICARB SULFONE","WQX SYNONYM REGISTRY (validation)"
"Aldicarb sulfone","ALDICARB SULFONE","CST.STD.POLLUTANT"
"Aldicarb sulfone","ALDICARB SULFONE","CST.POLLUTANT"
"Butyl benzyl phthalate","BUTYL BENZYL PHTHALATE IN SEDIMENT","ATTAINS.PARAMETER"
"Polycyclic aromatic hydrocarbons","HIGH MOLECULAR WEIGHT POLYCYCLIC AROMATIC HYDROCARBONS (HMW PAHS) IN SEDIMENT","ATTAINS.PARAMETER"
"pH","PH","WQX SYNONYM REGISTRY (validation)"
"Acidity, (H+)","PH","ATTAINS.PARAMETER"
"pH","PH","STANDARDIZE NAME (Normalized)"
"Bensulfuron-methyl","BENSULFURON","ATTAINS.PARAMETER"
"Methomyl","METHOMYL","ATTAINS.PARAMETER"
"Methomyl","METHOMYL","STANDARDIZE NAME (Normalized)"
"Methomyl","METHOMYL","WQX SYNONYM REGISTRY (validation)"
"Methomyl","METHOMYL","CST.POLLUTANT"
"Methomyl","METHOMYL","CST.STD.POLLUTANT"
"Entrenchment ratio","OTHER","WQX SYNONYM REGISTRY (validation)"
"Entrenchment ratio","OTHER","ATTAINS.PARAMETER"
"Manganese","MANGANESE, DISSOLVED","ATTAINS.PARAMETER"
"Silvex","CHLOROPHENOXY HERBICIDES (2,4,5,-TP)","ATTAINS.PARAMETER"
"Silvex","CHLOROPHENOXY HERBICIDES (2,4,5,-TP)","WQX SYNONYM REGISTRY (validation)"
"Metals","UNSPECIFIED METALS IN SEDIMENT","ATTAINS.PARAMETER"
"p-Chlorotoluene","P-CHLOROTOLUENE","ATTAINS.PARAMETER"
"p-Chlorotoluene","P-CHLOROTOLUENE","SYSTEMATIC NAME"
"p-Chlorotoluene","P-CHLOROTOLUENE","STANDARDIZE NAME (Normalized)"
"p-Chlorotoluene","P-CHLOROTOLUENE","WQX SYNONYM REGISTRY (validation)"
".alpha.-Hexachlorocyclohexane","ALPHA-BHC IN FISH TISSUE","ATTAINS.PARAMETER"
".alpha.-Hexachlorocyclohexane","ALPHA-BHC IN FISH TISSUE","WQX SYNONYM REGISTRY (validation)"
"Carbonaceous biochemical oxygen demand, standard conditions","BIOCHEMICAL OXYGEN DEMAND (BOD), CARBONACEOUS","WQX SYNONYM REGISTRY (validation)"
"Carbonaceous biochemical oxygen demand, standard conditions","BIOCHEMICAL OXYGEN DEMAND (BOD), CARBONACEOUS","ATTAINS.PARAMETER"
"Triallate","TRIALLATE","ATTAINS.PARAMETER"
"Triallate","TRIALLATE","STANDARDIZE NAME (Normalized)"
"Triallate","TRIALLATE","WQX SYNONYM REGISTRY (validation)"
"Perchlorate","PERCHLORATE","ATTAINS.PARAMETER"
"Perchlorate","PERCHLORATE","WQX SYNONYM REGISTRY (validation)"
"Perchlorate","PERCHLORATE","STANDARDIZE NAME (Normalized)"
"Perchlorate","PERCHLORATE","SYSTEMATIC NAME"
"Perchlorate","PERCHLORATE","CST.STD.POLLUTANT"
"Perchlorate","PERCHLORATE","CST.POLLUTANT"
"Imazalil","IMAZALIL","ATTAINS.PARAMETER"
"Imazalil","IMAZALIL","STANDARDIZE NAME (Normalized)"
"Imazalil","IMAZALIL","WQX SYNONYM REGISTRY (validation)"
"Imazalil","IMAZALIL","CST.STD.POLLUTANT"
"Imazalil","IMAZALIL","CST.POLLUTANT"
"Chromium(VI)","CHROMIUM, HEXAVALENT","ATTAINS.PARAMETER"
"Chromium(VI)","CHROMIUM, HEXAVALENT","WQX SYNONYM REGISTRY (validation)"
"Chromium(VI)","CHROMIUM, HEXAVALENT","SYSTEMATIC NAME"
"2,4-Dimethylphenol","2,4-DIMETHYLPHENOL IN FISH TISSUE","ATTAINS.PARAMETER"
"2,4-Dimethylphenol","2,4-DIMETHYLPHENOL IN FISH TISSUE","WQX SYNONYM REGISTRY (validation)"
"Chloroacetic acid","CHLOROACETIC ACID","ATTAINS.PARAMETER"
"Chloroacetic acid","CHLOROACETIC ACID","STANDARDIZE NAME (Normalized)"
"Chloroacetic acid","CHLOROACETIC ACID","WQX SYNONYM REGISTRY (validation)"
"Chloroacetic acid","CHLOROACETIC ACID","CST.STD.POLLUTANT"
"Chloroacetic acid","CHLOROACETIC ACID","CST.POLLUTANT"
"cis-Nonachlor","CIS-NONACHLOR","ATTAINS.PARAMETER"
"cis-Nonachlor","CIS-NONACHLOR","SYSTEMATIC NAME"
"cis-Nonachlor","CIS-NONACHLOR","WQX SYNONYM REGISTRY (validation)"
"cis-Nonachlor","CIS-NONACHLOR","STANDARDIZE NAME (Normalized)"
"Cadmium","CADMIUM IN FISH TISSUE","ATTAINS.PARAMETER"
"Cadmium","CADMIUM IN FISH TISSUE","WQX SYNONYM REGISTRY (validation)"
"Uranium","URANIUM","ATTAINS.PARAMETER"
"Uranium","URANIUM","SYSTEMATIC NAME"
"Uranium","URANIUM","STANDARDIZE NAME (Normalized)"
"Uranium","URANIUM","WQX SYNONYM REGISTRY (validation)"
"Uranium","URANIUM","CST.POLLUTANT"
"Uranium","URANIUM","CST.STD.POLLUTANT"
"Lithium","LITHIUM","ATTAINS.PARAMETER"
"Lithium","LITHIUM","SYSTEMATIC NAME"
"Lithium","LITHIUM","WQX SYNONYM REGISTRY (validation)"
"Lithium","LITHIUM","STANDARDIZE NAME (Normalized)"
"Lithium","LITHIUM","CST.STD.POLLUTANT"
"Lithium","LITHIUM","CST.POLLUTANT"
"Pentachloronitrobenzene","QUINTOZENE","ATTAINS.PARAMETER"
"Pentachloronitrobenzene","QUINTOZENE","WQX SYNONYM REGISTRY (validation)"
"Cadmium","CADMIUM, DISSOLVED","WQX SYNONYM REGISTRY (validation)"
"Cadmium","CADMIUM, DISSOLVED","ATTAINS.PARAMETER"
"Bio-toxin","BIOTOXINS","WQX SYNONYM REGISTRY (validation)"
"Bio-toxin","BIOTOXINS","ATTAINS.PARAMETER"
"Tox","AMBIENT BIOASSAYS - ACUTE AQUATIC TOXICITY","ATTAINS.PARAMETER"
"Hexachlorobutadiene","HEXACHLOROBUTADIENE IN FISH TISSUE","ATTAINS.PARAMETER"
"Hexachlorobutadiene","HEXACHLOROBUTADIENE IN FISH TISSUE","WQX SYNONYM REGISTRY (validation)"
"Pesticide mix, unspecified","CHLORINATED PESTICIDES","ATTAINS.PARAMETER"
"Barium","BARIUM","ATTAINS.PARAMETER"
"Barium","BARIUM","STANDARDIZE NAME (Normalized)"
"Barium","BARIUM","SYSTEMATIC NAME"
"Barium","BARIUM","WQX SYNONYM REGISTRY (validation)"
"Barium","BARIUM","CST.POLLUTANT"
"Barium","BARIUM","CST.STD.POLLUTANT"
"Tetradifon","TETRADIFON","ATTAINS.PARAMETER"
"Tetradifon","TETRADIFON","WQX SYNONYM REGISTRY (validation)"
"Tetradifon","TETRADIFON","SYSTEMATIC NAME"
"Tetradifon","TETRADIFON","STANDARDIZE NAME (Normalized)"
"2,6-Diethylaniline","2,6-DIETHYLANILINE","ATTAINS.PARAMETER"
"2,6-Diethylaniline","2,6-DIETHYLANILINE","STANDARDIZE NAME (Normalized)"
"2,6-Diethylaniline","2,6-DIETHYLANILINE","WQX SYNONYM REGISTRY (validation)"
"2,6-Diethylaniline","2,6-DIETHYLANILINE","SYSTEMATIC NAME"
"Dichlorvos","DICHLORVOS","ATTAINS.PARAMETER"
"Dichlorvos","DICHLORVOS","SYSTEMATIC NAME"
"Dichlorvos","DICHLORVOS","STANDARDIZE NAME (Normalized)"
"Dichlorvos","DICHLORVOS","WQX SYNONYM REGISTRY (validation)"
"Dichlorvos","DICHLORVOS","CST.STD.POLLUTANT"
"Dichlorvos","DICHLORVOS","CST.POLLUTANT"
"Iprodione","IPRODIONE","ATTAINS.PARAMETER"
"Iprodione","IPRODIONE","STANDARDIZE NAME (Normalized)"
"Iprodione","IPRODIONE","WQX SYNONYM REGISTRY (validation)"
"2,4,6-Trichlorophenol","2,4,6-TRICHLOROPHENOL IN FISH TISSUE","WQX SYNONYM REGISTRY (validation)"
"2,4,6-Trichlorophenol","2,4,6-TRICHLOROPHENOL IN FISH TISSUE","ATTAINS.PARAMETER"
"Merphos","MERPHOS","ATTAINS.PARAMETER"
"Merphos","MERPHOS","WQX SYNONYM REGISTRY (validation)"
"Merphos","MERPHOS","STANDARDIZE NAME (Normalized)"
"Methiocarb","METHIOCARB","ATTAINS.PARAMETER"
"Methiocarb","METHIOCARB","WQX SYNONYM REGISTRY (validation)"
"Methiocarb","METHIOCARB","STANDARDIZE NAME (Normalized)"
"Methylene chloride","METHYLENE CHLORIDE","ATTAINS.PARAMETER"
"Methylene chloride","METHYLENE CHLORIDE","WQX SYNONYM REGISTRY (validation)"
"Methylene chloride","METHYLENE CHLORIDE","SYSTEMATIC NAME"
"Methylene chloride","METHYLENE CHLORIDE","STANDARDIZE NAME (Normalized)"
"Methylene chloride","METHYLENE CHLORIDE","CST.STD.POLLUTANT"
"Oxychlordane","OXYCHLORDANE","ATTAINS.PARAMETER"
"Oxychlordane","OXYCHLORDANE","STANDARDIZE NAME (Normalized)"
"Oxychlordane","OXYCHLORDANE","WQX SYNONYM REGISTRY (validation)"
"Neodymium","NEODYMIUM","ATTAINS.PARAMETER"
"Neodymium","NEODYMIUM","STANDARDIZE NAME (Normalized)"
"Neodymium","NEODYMIUM","WQX SYNONYM REGISTRY (validation)"
"Neodymium","NEODYMIUM","SYSTEMATIC NAME"
"Bis(2-chloro-1-methylethyl) ether","BIS(2-CHLORO-1-METHYLETHYL)","ATTAINS.PARAMETER"
"Bis(2-chloro-1-methylethyl) ether","BIS(2-CHLORO-1-METHYLETHYL)","SYSTEMATIC NAME"
"Bis(2-chloro-1-methylethyl) ether","BIS(2-CHLORO-1-METHYLETHYL)","WQX SYNONYM REGISTRY (validation)"
"Phorate","PHORATE","ATTAINS.PARAMETER"
"Phorate","PHORATE","STANDARDIZE NAME (Normalized)"
"Phorate","PHORATE","WQX SYNONYM REGISTRY (validation)"
"p,p'-DDD","DDD IN FISH TISSUE","ATTAINS.PARAMETER"
"p,p'-DDD","DDD IN FISH TISSUE","WQX SYNONYM REGISTRY (validation)"
"Nitrogen Oxygen Demand","BIOCHEMICAL OXYGEN DEMAND (BOD), NITROGENOUS","WQX SYNONYM REGISTRY (validation)"
"Nitrogen Oxygen Demand","BIOCHEMICAL OXYGEN DEMAND (BOD), NITROGENOUS","ATTAINS.PARAMETER"
"Hexachlorophene","HEXACHLOROPHENE","ATTAINS.PARAMETER"
"Hexachlorophene","HEXACHLOROPHENE","STANDARDIZE NAME (Normalized)"
"Hexachlorophene","HEXACHLOROPHENE","WQX SYNONYM REGISTRY (validation)"
"Hexachlorophene","HEXACHLOROPHENE","CST.POLLUTANT"
"Hexachlorophene","HEXACHLOROPHENE","CST.STD.POLLUTANT"
"Dithiopyr","DITHIOPYR","ATTAINS.PARAMETER"
"Dithiopyr","DITHIOPYR","STANDARDIZE NAME (Normalized)"
"Dithiopyr","DITHIOPYR","WQX SYNONYM REGISTRY (validation)"
"Sulfosulfuron","SULFOSULFURON","ATTAINS.PARAMETER"
"Sulfosulfuron","SULFOSULFURON","STANDARDIZE NAME (Normalized)"
"Sulfosulfuron","SULFOSULFURON","WQX SYNONYM REGISTRY (validation)"
"Sulfosulfuron","SULFOSULFURON","SYSTEMATIC NAME"
"Sulfosulfuron","SULFOSULFURON","CST.STD.POLLUTANT"
"Sulfosulfuron","SULFOSULFURON","CST.POLLUTANT"
"Ammonia-nitrogen","AMMONIA-NITROGEN - CHRONIC EARLY LIFE STAGE","ATTAINS.PARAMETER"
"Trichlorfon","TRICHLORFON","ATTAINS.PARAMETER"
"Trichlorfon","TRICHLORFON","STANDARDIZE NAME (Normalized)"
"Trichlorfon","TRICHLORFON","WQX SYNONYM REGISTRY (validation)"
"Manganese","MANGANESE, TOTAL","ATTAINS.PARAMETER"
"Manganese","MANGANESE, TOTAL","WQX SYNONYM REGISTRY (validation)"
"Perfluorooctane sulfonic acid","PERFLUOROOCTANE SULFONATE (PFOS)","ATTAINS.PARAMETER"
"Perfluorooctane sulfonic acid","PERFLUOROOCTANE SULFONATE (PFOS)","WQX SYNONYM REGISTRY (validation)"
"Lead","LEAD, DISSOLVED - ACUTE","ATTAINS.PARAMETER"
"Demeton","DEMETON","ATTAINS.PARAMETER"
"Demeton","DEMETON","WQX SYNONYM REGISTRY (validation)"
"Demeton","DEMETON","STANDARDIZE NAME (Normalized)"
"Demeton","DEMETON","CST.STD.POLLUTANT"
"Demeton","DEMETON","CST.POLLUTANT"
"Taxon Present (Y/N) (choice list)","ASIAN CLAM","ATTAINS.PARAMETER"
".alpha.-Hexachlorocyclohexane","ALPHA-BHC","ATTAINS.PARAMETER"
".alpha.-Hexachlorocyclohexane","ALPHA-BHC","WQX SYNONYM REGISTRY (validation)"
".alpha.-Hexachlorocyclohexane","ALPHA-BHC","CST.POLLUTANT"
"1,2,3,4-Tetrachlorobenzene","1,2,3,4-TETRACHLOROBENZENE","ATTAINS.PARAMETER"
"1,2,3,4-Tetrachlorobenzene","1,2,3,4-TETRACHLOROBENZENE","SYSTEMATIC NAME"
"1,2,3,4-Tetrachlorobenzene","1,2,3,4-TETRACHLOROBENZENE","WQX SYNONYM REGISTRY (validation)"
"1,2,3,4-Tetrachlorobenzene","1,2,3,4-TETRACHLOROBENZENE","STANDARDIZE NAME (Normalized)"
"C.I. Acid Blue 93","METHYL BLUE","ATTAINS.PARAMETER"
"C.I. Acid Blue 93","METHYL BLUE","WQX SYNONYM REGISTRY (validation)"
"Bis(chloromethyl) ether","ETHER, BIS CHLOROMETHYL","ATTAINS.PARAMETER"
"Bis(chloromethyl) ether","ETHER, BIS CHLOROMETHYL","WQX SYNONYM REGISTRY (validation)"
"Arsenic","ARSENIC IN FISH TISSUE","ATTAINS.PARAMETER"
"Arsenic","ARSENIC IN FISH TISSUE","WQX SYNONYM REGISTRY (validation)"
"Benzo(b)fluoranthene","BENZO[B]FLUORANTHENE IN FISH TISSUE","ATTAINS.PARAMETER"
"Benzo(b)fluoranthene","BENZO[B]FLUORANTHENE IN FISH TISSUE","WQX SYNONYM REGISTRY (validation)"
"2,4,5-T","2,4,5-TP (SILVEX)","ATTAINS.PARAMETER"
"Silvex","2,4,5-TP (SILVEX)","WQX SYNONYM REGISTRY (validation)"
"Malathion","MALATHION","ATTAINS.PARAMETER"
"Malathion","MALATHION","STANDARDIZE NAME (Normalized)"
"Malathion","MALATHION","WQX SYNONYM REGISTRY (validation)"
"Malathion","MALATHION","CST.POLLUTANT"
"Malathion","MALATHION","CST.STD.POLLUTANT"
"Aminopyralid","CHLOROPHENOXY HERBICIDES (2,4-D)","ATTAINS.PARAMETER"
"Aminopyralid","CHLOROPHENOXY HERBICIDES (2,4-D)","WQX SYNONYM REGISTRY (validation)"
"Selenium","SELENIUM - ACUTE","WQX SYNONYM REGISTRY (validation)"
"Selenium","SELENIUM - ACUTE","ATTAINS.PARAMETER"
"Benzene","BENZENE","ATTAINS.PARAMETER"
"Benzene","BENZENE","SYSTEMATIC NAME"
"Benzene","BENZENE","WQX SYNONYM REGISTRY (validation)"
"Benzene","BENZENE","STANDARDIZE NAME (Normalized)"
"Benzene","BENZENE","CST.STD.POLLUTANT"
"Benzene","BENZENE","CST.POLLUTANT"
"General observation (text)","METHYL TERTIARY-BUTYL ETHER (MTBE)","ATTAINS.PARAMETER"
"Caffeine","CAFFEINE","ATTAINS.PARAMETER"
"Caffeine","CAFFEINE","WQX SYNONYM REGISTRY (validation)"
"Caffeine","CAFFEINE","STANDARDIZE NAME (Normalized)"
"Chlorantraniliprole","CHLORANTRANILIPROLE","ATTAINS.PARAMETER"
"Chlorantraniliprole","CHLORANTRANILIPROLE","SYSTEMATIC NAME"
"Chlorantraniliprole","CHLORANTRANILIPROLE","STANDARDIZE NAME (Normalized)"
"Chlorantraniliprole","CHLORANTRANILIPROLE","WQX SYNONYM REGISTRY (validation)"
"Thiabendazole","THIABENDAZOLE","ATTAINS.PARAMETER"
"Thiabendazole","THIABENDAZOLE","STANDARDIZE NAME (Normalized)"
"Thiabendazole","THIABENDAZOLE","WQX SYNONYM REGISTRY (validation)"
"Thiabendazole","THIABENDAZOLE","SYSTEMATIC NAME"
"Net radiation","RADIATION","WQX SYNONYM REGISTRY (validation)"
"Net radiation","RADIATION","ATTAINS.PARAMETER"
"Furan","FURAN COMPOUNDS IN FISH TISSUE","ATTAINS.PARAMETER"
"Hydrazine","HYDRAZINE","ATTAINS.PARAMETER"
"Hydrazine","HYDRAZINE","WQX SYNONYM REGISTRY (validation)"
"Hydrazine","HYDRAZINE","STANDARDIZE NAME (Normalized)"
"Hydrazine","HYDRAZINE","SYSTEMATIC NAME"
"Tox","AMBIENT BIOASSAYS - CHRONIC AQUATIC TOXICITY","ATTAINS.PARAMETER"
"Sodium","SODIUM","ATTAINS.PARAMETER"
"Sodium","SODIUM","STANDARDIZE NAME (Normalized)"
"Sodium","SODIUM","SYSTEMATIC NAME"
"Sodium","SODIUM","WQX SYNONYM REGISTRY (validation)"
"Sodium","SODIUM","CST.POLLUTANT"
"Sodium","SODIUM","CST.STD.POLLUTANT"
"1,1,1-Trichloroethane","1,1,1-TRICHLOROETHANE","ATTAINS.PARAMETER"
"1,1,1-Trichloroethane","1,1,1-TRICHLOROETHANE","WQX SYNONYM REGISTRY (validation)"
"1,1,1-Trichloroethane","1,1,1-TRICHLOROETHANE","STANDARDIZE NAME (Normalized)"
"1,1,1-Trichloroethane","1,1,1-TRICHLOROETHANE","CST.STD.POLLUTANT"
"Clomazone","CLOMAZONE","ATTAINS.PARAMETER"
"Clomazone","CLOMAZONE","SYSTEMATIC NAME"
"Clomazone","CLOMAZONE","WQX SYNONYM REGISTRY (validation)"
"Clomazone","CLOMAZONE","STANDARDIZE NAME (Normalized)"
"Sodium","VISIBLE OIL AND SODIUM ADSORPTION RATIO (SAR)","ATTAINS.PARAMETER"
"Allyl chloride","ALLYL CHLORIDE","ATTAINS.PARAMETER"
"Allyl chloride","ALLYL CHLORIDE","STANDARDIZE NAME (Normalized)"
"Allyl chloride","ALLYL CHLORIDE","WQX SYNONYM REGISTRY (validation)"
"Allyl chloride","ALLYL CHLORIDE","CST.STD.POLLUTANT"
"Allyl chloride","ALLYL CHLORIDE","CST.POLLUTANT"
"Chlorophyll a","CHLOROPHYLL-A","ATTAINS.PARAMETER"
"Chlorophyll a","CHLOROPHYLL-A","WQX SYNONYM REGISTRY (validation)"
"Chlorophyll a","CHLOROPHYLL-A","SYSTEMATIC NAME"
"Pentachlorobenzene","PENTACHLOROBENZENE","ATTAINS.PARAMETER"
"Pentachlorobenzene","PENTACHLOROBENZENE","WQX SYNONYM REGISTRY (validation)"
"Pentachlorobenzene","PENTACHLOROBENZENE","STANDARDIZE NAME (Normalized)"
"Pentachlorobenzene","PENTACHLOROBENZENE","CST.POLLUTANT"
"Pentachlorobenzene","PENTACHLOROBENZENE","CST.STD.POLLUTANT"
"Chlorinated dioxins and furans -- excluding 2,3,7,8 congeners","CHLORINATED PESTICIDES IN FISH TISSUE","ATTAINS.PARAMETER"
"Chlorinated dioxins and furans -- excluding 2,3,7,8 congeners","CHLORINATED PESTICIDES IN FISH TISSUE","WQX SYNONYM REGISTRY (validation)"
"Deposits in Water","BOTTOM DEPOSITS","ATTAINS.PARAMETER"
"1,1,2,2-Tetrachloroethane","1,1,2,2-TETRACHLOROETHANE","ATTAINS.PARAMETER"
"1,1,2,2-Tetrachloroethane","1,1,2,2-TETRACHLOROETHANE","WQX SYNONYM REGISTRY (validation)"
"1,1,2,2-Tetrachloroethane","1,1,2,2-TETRACHLOROETHANE","SYSTEMATIC NAME"
"1,1,2,2-Tetrachloroethane","1,1,2,2-TETRACHLOROETHANE","STANDARDIZE NAME (Normalized)"
"1,1,2,2-Tetrachloroethane","1,1,2,2-TETRACHLOROETHANE","CST.STD.POLLUTANT"
"1,1,2,2-Tetrachloroethane","1,1,2,2-TETRACHLOROETHANE","CST.POLLUTANT"
"Unnatural floating debris (choice list)","DEBRIS","ATTAINS.PARAMETER"
"Iron","IRON, DISSOLVED","ATTAINS.PARAMETER"
"Iron","IRON, DISSOLVED","WQX SYNONYM REGISTRY (validation)"
"Chromium","CHROMIUM - CHRONIC","WQX SYNONYM REGISTRY (validation)"
"Chromium","CHROMIUM - CHRONIC","ATTAINS.PARAMETER"
"Hydrocarbons","CONTAMINATED SEDIMENTS (HYDROCARBONS)","ATTAINS.PARAMETER"
"Hydrocarbons","CONTAMINATED SEDIMENTS (HYDROCARBONS)","WQX SYNONYM REGISTRY (validation)"
"Chloramine","CHLORAMINES","ATTAINS.PARAMETER"
"Chloramine","CHLORAMINES","WQX SYNONYM REGISTRY (validation)"
"Imazaquin","IMAZAQUIN","ATTAINS.PARAMETER"
"Imazaquin","IMAZAQUIN","STANDARDIZE NAME (Normalized)"
"Imazaquin","IMAZAQUIN","WQX SYNONYM REGISTRY (validation)"
"Imazaquin","IMAZAQUIN","SYSTEMATIC NAME"
"Flow","TIDAL FLOW ALTERATION","ATTAINS.PARAMETER"
"Chlorinated dibenzo-p-dioxins","CHLORINATED DIBENZO-P-DIOXINS","ATTAINS.PARAMETER"
"Chlorinated dibenzo-p-dioxins","CHLORINATED DIBENZO-P-DIOXINS","STANDARDIZE NAME (Normalized)"
"Chlorinated dibenzo-p-dioxins","CHLORINATED DIBENZO-P-DIOXINS","WQX SYNONYM REGISTRY (validation)"
"Zinc","ZINC, DISSOLVED - ACUTE","WQX SYNONYM REGISTRY (validation)"
"Zinc","ZINC, DISSOLVED - ACUTE","ATTAINS.PARAMETER"
"Dibutyl phthalate","DI-N-BUTYL PHTHALATE","ATTAINS.PARAMETER"
"Dibutyl phthalate","DI-N-BUTYL PHTHALATE","WQX SYNONYM REGISTRY (validation)"
"Dibutyl phthalate","DI-N-BUTYL PHTHALATE","CST.STD.POLLUTANT"
"o-Chlorophenol","2-CHLOROPHENOL","ATTAINS.PARAMETER"
"o-Chlorophenol","2-CHLOROPHENOL","RETIRED NAME"
"o-Chlorophenol","2-CHLOROPHENOL","WQX SYNONYM REGISTRY (validation)"
"o-Chlorophenol","2-CHLOROPHENOL","SYSTEMATIC NAME"
"o-Chlorophenol","2-CHLOROPHENOL","CST.POLLUTANT"
"o-Chlorophenol","2-CHLOROPHENOL","CST.STD.POLLUTANT"
"p,p'-DDT","DDT IN SEDIMENT","ATTAINS.PARAMETER"
"Sulfometuron methyl","SULFOMETURON METHYL","ATTAINS.PARAMETER"
"Sulfometuron methyl","SULFOMETURON METHYL","WQX SYNONYM REGISTRY (validation)"
"Sulfometuron methyl","SULFOMETURON METHYL","STANDARDIZE NAME (Normalized)"
"Sulfometuron methyl","SULFOMETURON METHYL","CST.POLLUTANT"
"Sulfometuron methyl","SULFOMETURON METHYL","CST.STD.POLLUTANT"
"Nickel","NICKEL, DISSOLVED - CHRONIC","ATTAINS.PARAMETER"
"Chlorine, Free Residual","FREE CHLORINE","ATTAINS.PARAMETER"
"Chlorine, Free Residual","FREE CHLORINE","WQX SYNONYM REGISTRY (validation)"
"General observation (text)","RESIDUAL SURFACE AND SUB-SURFACE OIL/TAR BALLS/TAR MATS","ATTAINS.PARAMETER"
"Bentazon","BENTAZON","ATTAINS.PARAMETER"
"Bentazon","BENTAZON","WQX SYNONYM REGISTRY (validation)"
"Bentazon","BENTAZON","STANDARDIZE NAME (Normalized)"
"Bentazon","BENTAZON","CST.STD.POLLUTANT"
"Bentazon","BENTAZON","CST.POLLUTANT"
"Nitrogen","NITROGEN","ATTAINS.PARAMETER"
"Nitrogen","NITROGEN","SYSTEMATIC NAME"
"Nitrogen","NITROGEN","WQX SYNONYM REGISTRY (validation)"
"Nitrogen","NITROGEN","STANDARDIZE NAME (Normalized)"
"Nitrogen","NITROGEN","CST.POLLUTANT"
"Chromium","CHROMIUM IN SEDIMENT","WQX SYNONYM REGISTRY (validation)"
"Chromium","CHROMIUM IN SEDIMENT","ATTAINS.PARAMETER"
"Chlordane","CHLORDANE","ATTAINS.PARAMETER"
"Chlordane","CHLORDANE","WQX SYNONYM REGISTRY (validation)"
"Chlordane","CHLORDANE","STANDARDIZE NAME (Normalized)"
"Chlordane","CHLORDANE","CST.STD.POLLUTANT"
"Chlordane","CHLORDANE","CST.POLLUTANT"
"Nitrate","NITRATE","ATTAINS.PARAMETER"
"Nitrate","NITRATE","SYSTEMATIC NAME"
"Nitrate","NITRATE","WQX SYNONYM REGISTRY (validation)"
"Nitrate","NITRATE","STANDARDIZE NAME (Normalized)"
"Nitrate","NITRATE","CST.POLLUTANT"
"Trifloxystrobin","TRIFLOXYSTROBIN","ATTAINS.PARAMETER"
"Trifloxystrobin","TRIFLOXYSTROBIN","WQX SYNONYM REGISTRY (validation)"
"Trifloxystrobin","TRIFLOXYSTROBIN","STANDARDIZE NAME (Normalized)"
"Vanadium","VANADIUM","ATTAINS.PARAMETER"
"Vanadium","VANADIUM","WQX SYNONYM REGISTRY (validation)"
"Vanadium","VANADIUM","SYSTEMATIC NAME"
"Vanadium","VANADIUM","STANDARDIZE NAME (Normalized)"
"Vanadium","VANADIUM","CST.STD.POLLUTANT"
"Vanadium","VANADIUM","CST.POLLUTANT"
"Cinerin I","CINERIN I","ATTAINS.PARAMETER"
"Cinerin I","CINERIN I","STANDARDIZE NAME (Normalized)"
"Cinerin I","CINERIN I","WQX SYNONYM REGISTRY (validation)"
"Fipronil","FIPRONIL","ATTAINS.PARAMETER"
"Fipronil","FIPRONIL","STANDARDIZE NAME (Normalized)"
"Fipronil","FIPRONIL","WQX SYNONYM REGISTRY (validation)"
"Fipronil","FIPRONIL","CST.STD.POLLUTANT"
"Fipronil","FIPRONIL","CST.POLLUTANT"
"Water","POLLUTANTS IN URBAN STORMWATER","ATTAINS.PARAMETER"
"Ammonia-nitrogen","AMMONIA-NITROGEN","ATTAINS.PARAMETER"
"Ammonia-nitrogen","AMMONIA-NITROGEN","STANDARDIZE NAME (Normalized)"
"Ammonia-nitrogen","AMMONIA-NITROGEN","SYSTEMATIC NAME"
"Ammonia-nitrogen","AMMONIA-NITROGEN","WQX SYNONYM REGISTRY (validation)"
"Chromium","CHROMIUM, TRIVALENT, DISSOLVED","ATTAINS.PARAMETER"
"Taxon Present (Y/N) (choice list)","BACTERIAL SLIMES","ATTAINS.PARAMETER"
"Benomyl","BENOMYL","ATTAINS.PARAMETER"
"Benomyl","BENOMYL","WQX SYNONYM REGISTRY (validation)"
"Benomyl","BENOMYL","STANDARDIZE NAME (Normalized)"
"Carbofuran","CARBOFURAN/FURADAN","ATTAINS.PARAMETER"
"Shoreline Characteristics - Wetland (choice list)","WETLANDS DRAINAGE","ATTAINS.PARAMETER"
"Dichlorobromomethane","DICHLOROBROMOMETHANE","ATTAINS.PARAMETER"
"Dichlorobromomethane","DICHLOROBROMOMETHANE","WQX SYNONYM REGISTRY (validation)"
"Dichlorobromomethane","DICHLOROBROMOMETHANE","STANDARDIZE NAME (Normalized)"
"Dichlorobromomethane","DICHLOROBROMOMETHANE","CST.STD.POLLUTANT"
"Propylene oxide","PROPYLENE OXIDE","ATTAINS.PARAMETER"
"Propylene oxide","PROPYLENE OXIDE","WQX SYNONYM REGISTRY (validation)"
"Propylene oxide","PROPYLENE OXIDE","STANDARDIZE NAME (Normalized)"
"Acenaphthene","ACENAPHTHENE IN FISH TISSUE","ATTAINS.PARAMETER"
"pH","PH, LOW","WQX SYNONYM REGISTRY (validation)"
"pH","PH, LOW","ATTAINS.PARAMETER"
"Embeddedness","EMBEDDEDNESS","ATTAINS.PARAMETER"
"Embeddedness","EMBEDDEDNESS","STANDARDIZE NAME (Normalized)"
"Embeddedness","EMBEDDEDNESS","WQX SYNONYM REGISTRY (validation)"
"Esfenvalerate","ESFENVALERATE","ATTAINS.PARAMETER"
"Esfenvalerate","ESFENVALERATE","STANDARDIZE NAME (Normalized)"
"Esfenvalerate","ESFENVALERATE","WQX SYNONYM REGISTRY (validation)"
"Bis(2-chloroethyl) ether","BIS-2-CHLOROETHYL ETHER IN FISH TISSUE","WQX SYNONYM REGISTRY (validation)"
"Bis(2-chloroethyl) ether","BIS-2-CHLOROETHYL ETHER IN FISH TISSUE","ATTAINS.PARAMETER"
"p,p'-DDE","4,4'-DDE","ATTAINS.PARAMETER"
"p,p'-DDE","4,4'-DDE","WQX SYNONYM REGISTRY (validation)"
"p,p'-DDE","4,4'-DDE","CST.POLLUTANT"
"Ammonia-nitrogen","NITROGEN, AMMONIA","ATTAINS.PARAMETER"
"Ammonia-nitrogen","NITROGEN, AMMONIA","WQX SYNONYM REGISTRY (validation)"
"Flow","LOW FLOW ALTERATIONS","ATTAINS.PARAMETER"
"3-Ketocarbofuran","3-KETOCARBOFURAN","ATTAINS.PARAMETER"
"3-Ketocarbofuran","3-KETOCARBOFURAN","WQX SYNONYM REGISTRY (validation)"
"3-Ketocarbofuran","3-KETOCARBOFURAN","STANDARDIZE NAME (Normalized)"
"Viruses (enteric)","VIRUSES (ENTERIC)","ATTAINS.PARAMETER"
"Viruses (enteric)","VIRUSES (ENTERIC)","STANDARDIZE NAME (Normalized)"
"Viruses (enteric)","VIRUSES (ENTERIC)","WQX SYNONYM REGISTRY (validation)"
"General observation (text)","FISH BIOASSESSMENTS","ATTAINS.PARAMETER"
"Tetrachlorvinphos","TETRACHLORVINPHOS","ATTAINS.PARAMETER"
"Tetrachlorvinphos","TETRACHLORVINPHOS","WQX SYNONYM REGISTRY (validation)"
"Tetrachlorvinphos","TETRACHLORVINPHOS","STANDARDIZE NAME (Normalized)"
"Methoxyfenozide","METHOXYFENOZIDE","ATTAINS.PARAMETER"
"Methoxyfenozide","METHOXYFENOZIDE","WQX SYNONYM REGISTRY (validation)"
"Methoxyfenozide","METHOXYFENOZIDE","STANDARDIZE NAME (Normalized)"
"Methoxyfenozide","METHOXYFENOZIDE","SYSTEMATIC NAME"
"Aniline","ANILINE","ATTAINS.PARAMETER"
"Aniline","ANILINE","STANDARDIZE NAME (Normalized)"
"Aniline","ANILINE","WQX SYNONYM REGISTRY (validation)"
"Aniline","ANILINE","CST.POLLUTANT"
"Aniline","ANILINE","CST.STD.POLLUTANT"
"p,p'-DDE","DDE IN FISH TISSUE","ATTAINS.PARAMETER"
"General observation (text)","NON-NATIVE AQUATIC PLANTS","ATTAINS.PARAMETER"
"N-Nitroso-N-methylurea","N-NITROSO-N-METHYLUREA","ATTAINS.PARAMETER"
"N-Nitroso-N-methylurea","N-NITROSO-N-METHYLUREA","WQX SYNONYM REGISTRY (validation)"
"N-Nitroso-N-methylurea","N-NITROSO-N-METHYLUREA","STANDARDIZE NAME (Normalized)"
"Lindane","LINDANE IN SEDIMENT","ATTAINS.PARAMETER"
"Hydrocarbons","HYDROCARBONS","ATTAINS.PARAMETER"
"Hydrocarbons","HYDROCARBONS","WQX SYNONYM REGISTRY (validation)"
"Hydrocarbons","HYDROCARBONS","SYSTEMATIC NAME"
"Hydrocarbons","HYDROCARBONS","STANDARDIZE NAME (Normalized)"
"General observation (text)","HYDRILLA","ATTAINS.PARAMETER"
"4-Hydroxy-4-methyl-2-pentanone","4-METHYL-2-PENTANONE (MIBK)","ATTAINS.PARAMETER"
"4-Hydroxy-4-methyl-2-pentanone","4-METHYL-2-PENTANONE (MIBK)","WQX SYNONYM REGISTRY (validation)"
"Arsenic, Inorganic","ARSENIC, INORGANIC IN FISH TISSUE","WQX SYNONYM REGISTRY (validation)"
"Arsenic, Inorganic","ARSENIC, INORGANIC IN FISH TISSUE","ATTAINS.PARAMETER"
"Tantalum","TANTALUM","ATTAINS.PARAMETER"
"Tantalum","TANTALUM","SYSTEMATIC NAME"
"Tantalum","TANTALUM","WQX SYNONYM REGISTRY (validation)"
"Tantalum","TANTALUM","STANDARDIZE NAME (Normalized)"
"Scandium","SCANDIUM","ATTAINS.PARAMETER"
"Scandium","SCANDIUM","STANDARDIZE NAME (Normalized)"
"Scandium","SCANDIUM","WQX SYNONYM REGISTRY (validation)"
"Scandium","SCANDIUM","SYSTEMATIC NAME"
"Chlorpyrifos","CHLORPYRIFOS","ATTAINS.PARAMETER"
"Chlorpyrifos","CHLORPYRIFOS","WQX SYNONYM REGISTRY (validation)"
"Chlorpyrifos","CHLORPYRIFOS","STANDARDIZE NAME (Normalized)"
"Chlorpyrifos","CHLORPYRIFOS","CST.STD.POLLUTANT"
"Cadmium","CADMIUM, DISSOLVED - ACUTE","ATTAINS.PARAMETER"
"Cadmium","CADMIUM, DISSOLVED - ACUTE","WQX SYNONYM REGISTRY (validation)"
"2-Choro-6-ethylamino-4-amino-s-triazine","DESISOPROYLATRAZINE","ATTAINS.PARAMETER"
"2-Choro-6-ethylamino-4-amino-s-triazine","DESISOPROYLATRAZINE","WQX SYNONYM REGISTRY (validation)"
"Algal growth potential","ALGAL/MACROPHYTE GROWTH","ATTAINS.PARAMETER"
"Mercury","MERCURY - FISH CONSUMPTION ADVISORY","ATTAINS.PARAMETER"
"Mercury","MERCURY - FISH CONSUMPTION ADVISORY","WQX SYNONYM REGISTRY (validation)"
"o-Dichlorobenzene","1,2-DICHLOROBENZENE","ATTAINS.PARAMETER"
"o-Dichlorobenzene","1,2-DICHLOROBENZENE","WQX SYNONYM REGISTRY (validation)"
"o-Dichlorobenzene","1,2-DICHLOROBENZENE","CST.POLLUTANT"
"o-Dichlorobenzene","1,2-DICHLOROBENZENE","CST.STD.POLLUTANT"
"Endrin","ENDRIN","ATTAINS.PARAMETER"
"Endrin","ENDRIN","WQX SYNONYM REGISTRY (validation)"
"Endrin","ENDRIN","STANDARDIZE NAME (Normalized)"
"Endrin","ENDRIN","CST.POLLUTANT"
"Endrin","ENDRIN","CST.STD.POLLUTANT"
"4,6-Dinitro-o-cresol","DINITRO-O-CRESOL","ATTAINS.PARAMETER"
"4,6-Dinitro-o-cresol","DINITRO-O-CRESOL","WQX SYNONYM REGISTRY (validation)"
"Vernolate","VERNOLATE","ATTAINS.PARAMETER"
"Vernolate","VERNOLATE","STANDARDIZE NAME (Normalized)"
"Vernolate","VERNOLATE","WQX SYNONYM REGISTRY (validation)"
"Benzo[g,h,i]perylene","PAH3 - 5 & 6 RING POLYCYCLIC AROMATIC HYDROCARBONS","ATTAINS.PARAMETER"
"Benzo[g,h,i]perylene","PAH3 - 5 & 6 RING POLYCYCLIC AROMATIC HYDROCARBONS","WQX SYNONYM REGISTRY (validation)"
"Isoxaben","ISOXABEN","ATTAINS.PARAMETER"
"Isoxaben","ISOXABEN","SYSTEMATIC NAME"
"Isoxaben","ISOXABEN","WQX SYNONYM REGISTRY (validation)"
"Isoxaben","ISOXABEN","STANDARDIZE NAME (Normalized)"
"MCPB","MCPB","WQX SYNONYM REGISTRY (validation)"
"MCPB","MCPB","ATTAINS.PARAMETER"
"MCPB","MCPB","STANDARDIZE NAME (Normalized)"
"General observation (text)","HAZARD INDEX COMPOUNDS","ATTAINS.PARAMETER"
"General observation (text)","OIL","ATTAINS.PARAMETER"
"cis-1,4-Dichloro-2-butene","4,4-DICHLORO-2-BUTENE","ATTAINS.PARAMETER"
"General observation (text)","SOUTH AMERICAN WATERWEED","ATTAINS.PARAMETER"
"Isopropanol","ISOPROPANOL","ATTAINS.PARAMETER"
"Isopropanol","ISOPROPANOL","WQX SYNONYM REGISTRY (validation)"
"Isopropanol","ISOPROPANOL","SYSTEMATIC NAME"
"Isopropanol","ISOPROPANOL","STANDARDIZE NAME (Normalized)"
"Octachloronaphthalene","OCTOCHLORONAPHTHALENE","WQX SYNONYM REGISTRY (validation)"
"Octachloronaphthalene","OCTOCHLORONAPHTHALENE","ATTAINS.PARAMETER"
"Nitrobenzene","NITROBENZENE","ATTAINS.PARAMETER"
"Nitrobenzene","NITROBENZENE","STANDARDIZE NAME (Normalized)"
"Nitrobenzene","NITROBENZENE","WQX SYNONYM REGISTRY (validation)"
"Nitrobenzene","NITROBENZENE","CST.STD.POLLUTANT"
"Nitrobenzene","NITROBENZENE","CST.POLLUTANT"
"Ethylene glycol","ETHYLENE GLYCOL","ATTAINS.PARAMETER"
"Ethylene glycol","ETHYLENE GLYCOL","WQX SYNONYM REGISTRY (validation)"
"Ethylene glycol","ETHYLENE GLYCOL","STANDARDIZE NAME (Normalized)"
"Ethylene glycol","ETHYLENE GLYCOL","CST.STD.POLLUTANT"
"Ethylene glycol","ETHYLENE GLYCOL","CST.POLLUTANT"
"Sediment","FINE SEDIMENT","ATTAINS.PARAMETER"
"Molybdenum","MOLYBDENUM","ATTAINS.PARAMETER"
"Molybdenum","MOLYBDENUM","WQX SYNONYM REGISTRY (validation)"
"Molybdenum","MOLYBDENUM","SYSTEMATIC NAME"
"Molybdenum","MOLYBDENUM","STANDARDIZE NAME (Normalized)"
"Molybdenum","MOLYBDENUM","CST.POLLUTANT"
"Molybdenum","MOLYBDENUM","CST.STD.POLLUTANT"
"Lead","LEAD IN SEDIMENT","ATTAINS.PARAMETER"
"Lead","LEAD IN SEDIMENT","WQX SYNONYM REGISTRY (validation)"
"Total Kjeldahl nitrogen","TOTAL KJEHLDAHL NITROGEN (TKN)","ATTAINS.PARAMETER"
"Total Kjeldahl nitrogen","TOTAL KJEHLDAHL NITROGEN (TKN)","WQX SYNONYM REGISTRY (validation)"
"Fenhexamid","FENHEXAMID","ATTAINS.PARAMETER"
"Fenhexamid","FENHEXAMID","STANDARDIZE NAME (Normalized)"
"Fenhexamid","FENHEXAMID","WQX SYNONYM REGISTRY (validation)"
"Fluorene","FLUORENE IN SEDIMENT","ATTAINS.PARAMETER"
"General observation (text)","LOSS OF INSTREAM COVER","ATTAINS.PARAMETER"
"Chloromethyl methyl ether","CHLOROMETHYL METHYL ETHER","ATTAINS.PARAMETER"
"Chloromethyl methyl ether","CHLOROMETHYL METHYL ETHER","WQX SYNONYM REGISTRY (validation)"
"Chloromethyl methyl ether","CHLOROMETHYL METHYL ETHER","STANDARDIZE NAME (Normalized)"
"Chloromethyl methyl ether","CHLOROMETHYL METHYL ETHER","CST.POLLUTANT"
"Chloromethyl methyl ether","CHLOROMETHYL METHYL ETHER","CST.STD.POLLUTANT"
"2,4-D","2,4-DICHLOROPHENOXYACETIC ACID","ATTAINS.PARAMETER"
"2,4-D","2,4-DICHLOROPHENOXYACETIC ACID","WQX SYNONYM REGISTRY (validation)"
"Mirex","MIREX","ATTAINS.PARAMETER"
"Mirex","MIREX","WQX SYNONYM REGISTRY (validation)"
"Mirex","MIREX","STANDARDIZE NAME (Normalized)"
"Mirex","MIREX","CST.POLLUTANT"
"Mirex","MIREX","CST.STD.POLLUTANT"
"Benzobicyclon","BENZOBICYCLON","ATTAINS.PARAMETER"
"Benzobicyclon","BENZOBICYCLON","STANDARDIZE NAME (Normalized)"
"Benzobicyclon","BENZOBICYCLON","WQX SYNONYM REGISTRY (validation)"
"Fish kill observation","FISH KILL(S)","WQX SYNONYM REGISTRY (validation)"
"Fish kill observation","FISH KILL(S)","ATTAINS.PARAMETER"
"2-Methylnaphthalene","2-METHYLNAPHTHALENE IN SEDIMENT","ATTAINS.PARAMETER"
"Crotoxyphos","CROTOXYPHOS","ATTAINS.PARAMETER"
"Crotoxyphos","CROTOXYPHOS","WQX SYNONYM REGISTRY (validation)"
"Crotoxyphos","CROTOXYPHOS","STANDARDIZE NAME (Normalized)"
"General observation (text)","SWIMMING ADVISORY","ATTAINS.PARAMETER"
"Silica","SILICA","ATTAINS.PARAMETER"
"Silica","SILICA","SYSTEMATIC NAME"
"Silica","SILICA","WQX SYNONYM REGISTRY (validation)"
"Silica","SILICA","STANDARDIZE NAME (Normalized)"
"Silica","SILICA","CST.POLLUTANT"
"Silica","SILICA","CST.STD.POLLUTANT"
"Bifenthrin","BIFENTHRIN","ATTAINS.PARAMETER"
"Bifenthrin","BIFENTHRIN","WQX SYNONYM REGISTRY (validation)"
"Bifenthrin","BIFENTHRIN","STANDARDIZE NAME (Normalized)"
"Pendimethalin","PENDIMETHALIN","ATTAINS.PARAMETER"
"Pendimethalin","PENDIMETHALIN","WQX SYNONYM REGISTRY (validation)"
"Pendimethalin","PENDIMETHALIN","STANDARDIZE NAME (Normalized)"
"Pendimethalin","PENDIMETHALIN","CST.POLLUTANT"
"Pendimethalin","PENDIMETHALIN","CST.STD.POLLUTANT"
"Dibutyl phthalate","DI-N-BUTYL PHTHALATE IN FISH TISSUE","ATTAINS.PARAMETER"
"Dibutyl phthalate","DI-N-BUTYL PHTHALATE IN FISH TISSUE","WQX SYNONYM REGISTRY (validation)"
"General observation (text)","FLOCCULANT MASSES","ATTAINS.PARAMETER"
"Pyrene","CONTAMINATED SEDIMENTS (PYRENE)","WQX SYNONYM REGISTRY (validation)"
"Pyrene","CONTAMINATED SEDIMENTS (PYRENE)","ATTAINS.PARAMETER"
"Alachlor","ALACHLOR","ATTAINS.PARAMETER"
"Alachlor","ALACHLOR","STANDARDIZE NAME (Normalized)"
"Alachlor","ALACHLOR","WQX SYNONYM REGISTRY (validation)"
"Alachlor","ALACHLOR","CST.POLLUTANT"
"Alachlor","ALACHLOR","CST.STD.POLLUTANT"
"Bromacil","BROMACIL","ATTAINS.PARAMETER"
"Bromacil","BROMACIL","STANDARDIZE NAME (Normalized)"
"Bromacil","BROMACIL","WQX SYNONYM REGISTRY (validation)"
"Bromacil","BROMACIL","CST.POLLUTANT"
"Bromacil","BROMACIL","CST.STD.POLLUTANT"
".beta.-Hexachlorocyclohexane","BETA-BHC","ATTAINS.PARAMETER"
".beta.-Hexachlorocyclohexane","BETA-BHC","SYSTEMATIC NAME"
".beta.-Hexachlorocyclohexane","BETA-BHC","WQX SYNONYM REGISTRY (validation)"
"2-Hydroxyatrazine","2-HYDROXYATRAZINE","ATTAINS.PARAMETER"
"2-Hydroxyatrazine","2-HYDROXYATRAZINE","STANDARDIZE NAME (Normalized)"
"2-Hydroxyatrazine","2-HYDROXYATRAZINE","WQX SYNONYM REGISTRY (validation)"
"Terbuthylazine","TERBUTHYLAZINE","ATTAINS.PARAMETER"
"Terbuthylazine","TERBUTHYLAZINE","WQX SYNONYM REGISTRY (validation)"
"Terbuthylazine","TERBUTHYLAZINE","STANDARDIZE NAME (Normalized)"
"Hydrocarbons","HYDROCARBONS - PRIORITY ORGANICS","ATTAINS.PARAMETER"
"p-Dichlorobenzene","1,4-DICHLOROBENZENE","ATTAINS.PARAMETER"
"p-Dichlorobenzene","1,4-DICHLOROBENZENE","WQX SYNONYM REGISTRY (validation)"
"p-Dichlorobenzene","1,4-DICHLOROBENZENE","RETIRED NAME"
"p-Dichlorobenzene","1,4-DICHLOROBENZENE","CST.POLLUTANT"
"p-Dichlorobenzene","1,4-DICHLOROBENZENE","CST.STD.POLLUTANT"
"p,p'-DDT","4,4'-DDT","ATTAINS.PARAMETER"
"p,p'-DDT","4,4'-DDT","WQX SYNONYM REGISTRY (validation)"
"p,p'-DDT","4,4'-DDT","CST.POLLUTANT"
"o-Cresol","O-CRESOL (2-METHYLPHENOL)","WQX SYNONYM REGISTRY (validation)"
"o-Cresol","O-CRESOL (2-METHYLPHENOL)","ATTAINS.PARAMETER"
"Chrysene","CHRYSENE IN FISH TISSUE","ATTAINS.PARAMETER"
"Chrysene","CHRYSENE IN FISH TISSUE","WQX SYNONYM REGISTRY (validation)"
"Entrenchment ratio","OTHER ANTHROPOGENIC SUBSTRATE ALTERATIONS","ATTAINS.PARAMETER"
"Biphenyl","BIPHENYL","ATTAINS.PARAMETER"
"Biphenyl","BIPHENYL","WQX SYNONYM REGISTRY (validation)"
"Biphenyl","BIPHENYL","STANDARDIZE NAME (Normalized)"
"Cyanide, available","CYANIDE, AVAILABLE","ATTAINS.PARAMETER"
"Cyanide, available","CYANIDE, AVAILABLE","WQX SYNONYM REGISTRY (validation)"
"Cyanide, available","CYANIDE, AVAILABLE","STANDARDIZE NAME (Normalized)"
"Cyanide, available","CYANIDE, AVAILABLE","SYSTEMATIC NAME"
"Arsenic","ARSENIC, TRIVALENT, DISSOLVED","ATTAINS.PARAMETER"
"Hexachlorobenzene","HEXACHLOROBENZENE IN SEDIMENT","ATTAINS.PARAMETER"
"Benzidine","BENZIDINE","ATTAINS.PARAMETER"
"Benzidine","BENZIDINE","WQX SYNONYM REGISTRY (validation)"
"Benzidine","BENZIDINE","STANDARDIZE NAME (Normalized)"
"Benzidine","BENZIDINE","CST.POLLUTANT"
"Benzidine","BENZIDINE","CST.STD.POLLUTANT"
"N-Nitrosomorpholine","N-NITROSOMORPHOLINE","ATTAINS.PARAMETER"
"N-Nitrosomorpholine","N-NITROSOMORPHOLINE","STANDARDIZE NAME (Normalized)"
"N-Nitrosomorpholine","N-NITROSOMORPHOLINE","WQX SYNONYM REGISTRY (validation)"
"N-Nitrosomorpholine","N-NITROSOMORPHOLINE","SYSTEMATIC NAME"
"Carbon-14","CARBON-14","ATTAINS.PARAMETER"
"Carbon-14","CARBON-14","STANDARDIZE NAME (Normalized)"
"Carbon-14","CARBON-14","WQX SYNONYM REGISTRY (validation)"
"Aquatic Plant Cover, substrate rock/bank cover (choice list)","AQUATIC PLANT BIOASSESSMENTS","ATTAINS.PARAMETER"
"Bis(2-chloroethoxy)methane","BIS(2-CHLOROETHOXY)METHANE","ATTAINS.PARAMETER"
"Bis(2-chloroethoxy)methane","BIS(2-CHLOROETHOXY)METHANE","SYSTEMATIC NAME"
"Bis(2-chloroethoxy)methane","BIS(2-CHLOROETHOXY)METHANE","WQX SYNONYM REGISTRY (validation)"
"Bis(2-chloroethoxy)methane","BIS(2-CHLOROETHOXY)METHANE","STANDARDIZE NAME (Normalized)"
"Bis(2-chloroethoxy)methane","BIS(2-CHLOROETHOXY)METHANE","RETIRED NAME"
"Carbazole","CARBAZOLE","ATTAINS.PARAMETER"
"Carbazole","CARBAZOLE","WQX SYNONYM REGISTRY (validation)"
"Carbazole","CARBAZOLE","STANDARDIZE NAME (Normalized)"
"Selenium","SELENIUM","ATTAINS.PARAMETER"
"Selenium","SELENIUM","SYSTEMATIC NAME"
"Selenium","SELENIUM","STANDARDIZE NAME (Normalized)"
"Selenium","SELENIUM","WQX SYNONYM REGISTRY (validation)"
"Selenium","SELENIUM","CST.STD.POLLUTANT"
"Selenium","SELENIUM","CST.POLLUTANT"
"Acenaphthylene","ACENAPHTHYLENE","ATTAINS.PARAMETER"
"Acenaphthylene","ACENAPHTHYLENE","STANDARDIZE NAME (Normalized)"
"Acenaphthylene","ACENAPHTHYLENE","SYSTEMATIC NAME"
"Acenaphthylene","ACENAPHTHYLENE","WQX SYNONYM REGISTRY (validation)"
"Acenaphthylene","ACENAPHTHYLENE","CST.STD.POLLUTANT"
"Acenaphthylene","ACENAPHTHYLENE","CST.POLLUTANT"
"Atrazine","ATRAZINE","ATTAINS.PARAMETER"
"Atrazine","ATRAZINE","WQX SYNONYM REGISTRY (validation)"
"Atrazine","ATRAZINE","STANDARDIZE NAME (Normalized)"
"Atrazine","ATRAZINE","CST.POLLUTANT"
"Atrazine","ATRAZINE","CST.STD.POLLUTANT"
"Benzoic acid","BENZOIC ACID IN SEDIMENT","WQX SYNONYM REGISTRY (validation)"
"Benzoic acid","BENZOIC ACID IN SEDIMENT","ATTAINS.PARAMETER"
"2,4-Toluenediamine","2,4-DIAMINOTOLUENE","ATTAINS.PARAMETER"
"2,4-Toluenediamine","2,4-DIAMINOTOLUENE","WQX SYNONYM REGISTRY (validation)"
"General observation (text)","TOTAL BENZOFLUORANTHENES","ATTAINS.PARAMETER"
"Diazinon","DIAZINON","ATTAINS.PARAMETER"
"Diazinon","DIAZINON","STANDARDIZE NAME (Normalized)"
"Diazinon","DIAZINON","WQX SYNONYM REGISTRY (validation)"
"Diazinon","DIAZINON","CST.STD.POLLUTANT"
"Diazinon","DIAZINON","CST.POLLUTANT"
"2-Ethoxyethanol","2-ETHOXYETHANOL","ATTAINS.PARAMETER"
"2-Ethoxyethanol","2-ETHOXYETHANOL","STANDARDIZE NAME (Normalized)"
"2-Ethoxyethanol","2-ETHOXYETHANOL","WQX SYNONYM REGISTRY (validation)"
"2-Ethoxyethanol","2-ETHOXYETHANOL","SYSTEMATIC NAME"
"Nodularin","CYANOBACTERIA HEPATOTOXIC NODULARINS","WQX SYNONYM REGISTRY (validation)"
"Nodularin","CYANOBACTERIA HEPATOTOXIC NODULARINS","ATTAINS.PARAMETER"
"Dibenzofuran","DIBENZOFURAN","ATTAINS.PARAMETER"
"Dibenzofuran","DIBENZOFURAN","WQX SYNONYM REGISTRY (validation)"
"Dibenzofuran","DIBENZOFURAN","SYSTEMATIC NAME"
"Dibenzofuran","DIBENZOFURAN","STANDARDIZE NAME (Normalized)"
"Copper","COPPER IN FISH TISSUE","WQX SYNONYM REGISTRY (validation)"
"Copper","COPPER IN FISH TISSUE","ATTAINS.PARAMETER"
"Benzo[b,j,k]fluoranthene","BENZOFLUORANTHENES TOTAL (B+K+J) IN SEDIMENT","WQX SYNONYM REGISTRY (validation)"
"Benzo[b,j,k]fluoranthene","BENZOFLUORANTHENES TOTAL (B+K+J) IN SEDIMENT","ATTAINS.PARAMETER"
"Methylmercury(1+)","METHYLMERCURY","ATTAINS.PARAMETER"
"Methylmercury(1+)","METHYLMERCURY","CST.STD.POLLUTANT"
"Methylmercury(1+)","METHYLMERCURY","WQX SYNONYM REGISTRY (validation)"
"Methylmercury(1+)","METHYLMERCURY","CST.POLLUTANT"
"Metribuzin","METRIBUZIN","ATTAINS.PARAMETER"
"Metribuzin","METRIBUZIN","WQX SYNONYM REGISTRY (validation)"
"Metribuzin","METRIBUZIN","STANDARDIZE NAME (Normalized)"
"Metribuzin","METRIBUZIN","CST.POLLUTANT"
"Metribuzin","METRIBUZIN","CST.STD.POLLUTANT"
"1,1-Dichloroethylene","1,1-DICHLOROETHYLENE","ATTAINS.PARAMETER"
"1,1-Dichloroethylene","1,1-DICHLOROETHYLENE","WQX SYNONYM REGISTRY (validation)"
"1,1-Dichloroethylene","1,1-DICHLOROETHYLENE","STANDARDIZE NAME (Normalized)"
"1,1-Dichloroethylene","1,1-DICHLOROETHYLENE","CST.STD.POLLUTANT"
"Ziram","ZIRAM","ATTAINS.PARAMETER"
"Ziram","ZIRAM","STANDARDIZE NAME (Normalized)"
"Ziram","ZIRAM","WQX SYNONYM REGISTRY (validation)"
"Ziram","ZIRAM","CST.POLLUTANT"
"Ziram","ZIRAM","CST.STD.POLLUTANT"
".beta.-Endosulfan","BETA-ENDOSULFAN (ENDOSULFAN 2)","WQX SYNONYM REGISTRY (validation)"
".beta.-Endosulfan","BETA-ENDOSULFAN (ENDOSULFAN 2)","ATTAINS.PARAMETER"
".delta.-Hexachlorocyclohexane","DELTA-BHC","ATTAINS.PARAMETER"
".delta.-Hexachlorocyclohexane","DELTA-BHC","SYSTEMATIC NAME"
".delta.-Hexachlorocyclohexane","DELTA-BHC","WQX SYNONYM REGISTRY (validation)"
".delta.-Hexachlorocyclohexane","DELTA-BHC","CST.POLLUTANT"
"General observation (text)","DISINFECTION BY-PRODUCTS","ATTAINS.PARAMETER"
"Fipronil Sulfone","FIPRONIL SULFONE","ATTAINS.PARAMETER"
"Fipronil Sulfone","FIPRONIL SULFONE","STANDARDIZE NAME (Normalized)"
"Fipronil Sulfone","FIPRONIL SULFONE","WQX SYNONYM REGISTRY (validation)"
"Triflumizole","TRIFLUMIZOLE","ATTAINS.PARAMETER"
"Triflumizole","TRIFLUMIZOLE","WQX SYNONYM REGISTRY (validation)"
"Triflumizole","TRIFLUMIZOLE","STANDARDIZE NAME (Normalized)"
"Acetamide","N-(METHOXY-METHYLSULFANYLPHOSPHORYL) ACETAMIDE","ATTAINS.PARAMETER"
"Dodecylbenzene","DODECYLBENZENE","ATTAINS.PARAMETER"
"Dodecylbenzene","DODECYLBENZENE","WQX SYNONYM REGISTRY (validation)"
"Dodecylbenzene","DODECYLBENZENE","STANDARDIZE NAME (Normalized)"
"Dodecylbenzene","DODECYLBENZENE","SYSTEMATIC NAME"
"Simazine","SIMAZINE","ATTAINS.PARAMETER"
"Simazine","SIMAZINE","WQX SYNONYM REGISTRY (validation)"
"Simazine","SIMAZINE","STANDARDIZE NAME (Normalized)"
"Simazine","SIMAZINE","CST.POLLUTANT"
"Simazine","SIMAZINE","CST.STD.POLLUTANT"
"Hexachlorocyclopentadiene","HEXACHLOROCYCLOPENTADIENE","ATTAINS.PARAMETER"
"Hexachlorocyclopentadiene","HEXACHLOROCYCLOPENTADIENE","WQX SYNONYM REGISTRY (validation)"
"Hexachlorocyclopentadiene","HEXACHLOROCYCLOPENTADIENE","STANDARDIZE NAME (Normalized)"
"Hexachlorocyclopentadiene","HEXACHLOROCYCLOPENTADIENE","CST.STD.POLLUTANT"
"Hexachlorocyclopentadiene","HEXACHLOROCYCLOPENTADIENE","CST.POLLUTANT"
"Methidathion","METHIDATHION","ATTAINS.PARAMETER"
"Methidathion","METHIDATHION","STANDARDIZE NAME (Normalized)"
"Methidathion","METHIDATHION","WQX SYNONYM REGISTRY (validation)"
"Tox","TOXICITY","ATTAINS.PARAMETER"
"Tox","TOXICITY","WQX SYNONYM REGISTRY (validation)"
"1,2,4-Trimethylbenzene","1,2,4-TRIMETHYLBENZENE","ATTAINS.PARAMETER"
"1,2,4-Trimethylbenzene","1,2,4-TRIMETHYLBENZENE","WQX SYNONYM REGISTRY (validation)"
"1,2,4-Trimethylbenzene","1,2,4-TRIMETHYLBENZENE","STANDARDIZE NAME (Normalized)"
"1,2,4-Trimethylbenzene","1,2,4-TRIMETHYLBENZENE","CST.STD.POLLUTANT"
"1,2,4-Trimethylbenzene","1,2,4-TRIMETHYLBENZENE","CST.POLLUTANT"
"Clopyralid","CLOPYRALID","ATTAINS.PARAMETER"
"Clopyralid","CLOPYRALID","STANDARDIZE NAME (Normalized)"
"Clopyralid","CLOPYRALID","WQX SYNONYM REGISTRY (validation)"
"Floating solids or foam","FOAM/FLOCS/SCUM/OIL SLICKS","ATTAINS.PARAMETER"
"Floating solids or foam","FOAM/FLOCS/SCUM/OIL SLICKS","WQX SYNONYM REGISTRY (validation)"
"Chlorine","CHLORINE, TOTAL RESIDUAL (TRC)","ATTAINS.PARAMETER"
"Chloride","CHLORIDE","ATTAINS.PARAMETER"
"Chloride","CHLORIDE","SYSTEMATIC NAME"
"Chloride","CHLORIDE","WQX SYNONYM REGISTRY (validation)"
"Chloride","CHLORIDE","STANDARDIZE NAME (Normalized)"
"Chloride","CHLORIDE","CST.STD.POLLUTANT"
"Chloride","CHLORIDE","CST.POLLUTANT"
"2,3,4,6-Tetrachlorophenol","2,3,4,6-TETRACHLOROPHENOL","ATTAINS.PARAMETER"
"2,3,4,6-Tetrachlorophenol","2,3,4,6-TETRACHLOROPHENOL","SYSTEMATIC NAME"
"2,3,4,6-Tetrachlorophenol","2,3,4,6-TETRACHLOROPHENOL","STANDARDIZE NAME (Normalized)"
"2,3,4,6-Tetrachlorophenol","2,3,4,6-TETRACHLOROPHENOL","WQX SYNONYM REGISTRY (validation)"
"2,3,4,6-Tetrachlorophenol","2,3,4,6-TETRACHLOROPHENOL","CST.STD.POLLUTANT"
"2,3,4,6-Tetrachlorophenol","2,3,4,6-TETRACHLOROPHENOL","CST.POLLUTANT"
"Mercury","MERCURY IN FISH TISSUE","WQX SYNONYM REGISTRY (validation)"
"Mercury","MERCURY IN FISH TISSUE","ATTAINS.PARAMETER"
"Chlorine dioxide","CHLORINE DIOXIDE","ATTAINS.PARAMETER"
"Chlorine dioxide","CHLORINE DIOXIDE","WQX SYNONYM REGISTRY (validation)"
"Chlorine dioxide","CHLORINE DIOXIDE","STANDARDIZE NAME (Normalized)"
"Beta particle","BETA PARTICLES AND PHOTON EMITTERS","ATTAINS.PARAMETER"
"Benz[a]anthracene","BENZO[A]ANTHRACENE","WQX SYNONYM REGISTRY (validation)"
"Benz[a]anthracene","BENZO[A]ANTHRACENE","ATTAINS.PARAMETER"
"Dalapon","DALAPON","ATTAINS.PARAMETER"
"Dalapon","DALAPON","STANDARDIZE NAME (Normalized)"
"Dalapon","DALAPON","WQX SYNONYM REGISTRY (validation)"
"Dalapon","DALAPON","CST.STD.POLLUTANT"
"Dalapon","DALAPON","CST.POLLUTANT"
"Arsenic","ARSENIC","ATTAINS.PARAMETER"
"Arsenic","ARSENIC","SYSTEMATIC NAME"
"Arsenic","ARSENIC","STANDARDIZE NAME (Normalized)"
"Arsenic","ARSENIC","WQX SYNONYM REGISTRY (validation)"
"Arsenic","ARSENIC","CST.POLLUTANT"
"Arsenic","ARSENIC","CST.STD.POLLUTANT"
"Polychlorinated biphenyls","PCBS IN MIGRATORY SPECIES","ATTAINS.PARAMETER"
"Zinc","ZINC","ATTAINS.PARAMETER"
"Zinc","ZINC","STANDARDIZE NAME (Normalized)"
"Zinc","ZINC","WQX SYNONYM REGISTRY (validation)"
"Zinc","ZINC","SYSTEMATIC NAME"
"Zinc","ZINC","CST.POLLUTANT"
"Zinc","ZINC","CST.STD.POLLUTANT"
"Boron","BORON, TOTAL","ATTAINS.PARAMETER"
"Boron","BORON, TOTAL","WQX SYNONYM REGISTRY (validation)"
"Silver","SILVER, DISSOLVED","ATTAINS.PARAMETER"
"Silver","SILVER, DISSOLVED","WQX SYNONYM REGISTRY (validation)"
"Benzyl alcohol","BENZYL ALCOHOL","ATTAINS.PARAMETER"
"Benzyl alcohol","BENZYL ALCOHOL","STANDARDIZE NAME (Normalized)"
"Benzyl alcohol","BENZYL ALCOHOL","WQX SYNONYM REGISTRY (validation)"
"2,3,7,8-Tetrachlorodibenzofuran","2,3,7,8-TETRACHLORODIBENZOFURAN","ATTAINS.PARAMETER"
"2,3,7,8-Tetrachlorodibenzofuran","2,3,7,8-TETRACHLORODIBENZOFURAN","WQX SYNONYM REGISTRY (validation)"
"2,3,7,8-Tetrachlorodibenzofuran","2,3,7,8-TETRACHLORODIBENZOFURAN","STANDARDIZE NAME (Normalized)"
"2,3,7,8-Tetrachlorodibenzofuran","2,3,7,8-TETRACHLORODIBENZOFURAN","SYSTEMATIC NAME"
"Irvine Index of Biological Integrity","ORGANIC ENRICHMENT (SEWAGE) BIOLOGICAL INDICATORS","ATTAINS.PARAMETER"
"Lindane","LINDANE IN FISH TISSUE","ATTAINS.PARAMETER"
"Ethyl ether","ETHYL ETHER","ATTAINS.PARAMETER"
"Ethyl ether","ETHYL ETHER","WQX SYNONYM REGISTRY (validation)"
"Ethyl ether","ETHYL ETHER","STANDARDIZE NAME (Normalized)"
"Neburon","NEBURON","ATTAINS.PARAMETER"
"Neburon","NEBURON","WQX SYNONYM REGISTRY (validation)"
"Neburon","NEBURON","STANDARDIZE NAME (Normalized)"
"Benzo(b)fluoranthene","BENZO[B]FLUORANTHENE","ATTAINS.PARAMETER"
"Benzo(b)fluoranthene","BENZO[B]FLUORANTHENE","WQX SYNONYM REGISTRY (validation)"
"Polycyclic aromatic hydrocarbons","POLYCYCLIC AROMATIC HYDROCARBONS (PAHS) (AQUATIC ECOSYSTEMS)","ATTAINS.PARAMETER"
"Polycyclic aromatic hydrocarbons","POLYCYCLIC AROMATIC HYDROCARBONS (PAHS) (AQUATIC ECOSYSTEMS)","WQX SYNONYM REGISTRY (validation)"
"Bromide","BROMIDE","ATTAINS.PARAMETER"
"Bromide","BROMIDE","STANDARDIZE NAME (Normalized)"
"Bromide","BROMIDE","WQX SYNONYM REGISTRY (validation)"
"Bromide","BROMIDE","SYSTEMATIC NAME"
"Bromide","BROMIDE","CST.POLLUTANT"
"Bromide","BROMIDE","CST.STD.POLLUTANT"
"Polycyclic aromatic hydrocarbons","CONTAMINATED SEDIMENTS (PAHS)","WQX SYNONYM REGISTRY (validation)"
"Polycyclic aromatic hydrocarbons","CONTAMINATED SEDIMENTS (PAHS)","ATTAINS.PARAMETER"
"Lead","LEAD, DISSOLVED","ATTAINS.PARAMETER"
"General observation (text)","ATTAINING ASSESSMENT UNIT WITH PROTECTION PLAN","ATTAINS.PARAMETER"
"General observation (text)","INVASIVE AQUATIC ALGAE","ATTAINS.PARAMETER"
"Jasmolin I","JASMOLIN I","ATTAINS.PARAMETER"
"Jasmolin I","JASMOLIN I","STANDARDIZE NAME (Normalized)"
"Jasmolin I","JASMOLIN I","WQX SYNONYM REGISTRY (validation)"
"Sediment","DIOXIN IN SEDIMENT","ATTAINS.PARAMETER"
"Vinyl bromide","VINYL BROMIDE","ATTAINS.PARAMETER"
"Vinyl bromide","VINYL BROMIDE","WQX SYNONYM REGISTRY (validation)"
"Vinyl bromide","VINYL BROMIDE","STANDARDIZE NAME (Normalized)"
"Hexachlorobutadiene","HEXACHLOROBUTADIENE IN SEDIMENT","ATTAINS.PARAMETER"
"Zinc","ZINC IN FISH TISSUE","WQX SYNONYM REGISTRY (validation)"
"Zinc","ZINC IN FISH TISSUE","ATTAINS.PARAMETER"
"Naled","NALED","ATTAINS.PARAMETER"
"Naled","NALED","STANDARDIZE NAME (Normalized)"
"Naled","NALED","WQX SYNONYM REGISTRY (validation)"
"Bio-toxin","COMBINED BIOTA/HABITAT BIOASSESSMENTS","ATTAINS.PARAMETER"
"Fonofos","FONOFOS","ATTAINS.PARAMETER"
"Fonofos","FONOFOS","STANDARDIZE NAME (Normalized)"
"Fonofos","FONOFOS","WQX SYNONYM REGISTRY (validation)"
"Fonofos","FONOFOS","CST.STD.POLLUTANT"
"Fonofos","FONOFOS","CST.POLLUTANT"
"Mercury","MERCURY","ATTAINS.PARAMETER"
"Mercury","MERCURY","WQX SYNONYM REGISTRY (validation)"
"Mercury","MERCURY","SYSTEMATIC NAME"
"Mercury","MERCURY","STANDARDIZE NAME (Normalized)"
"Mercury","MERCURY","CST.POLLUTANT"
"Mercury","MERCURY","CST.STD.POLLUTANT"
"Tebuconazole","TEBUCONAZOLE","ATTAINS.PARAMETER"
"Tebuconazole","TEBUCONAZOLE","STANDARDIZE NAME (Normalized)"
"Tebuconazole","TEBUCONAZOLE","WQX SYNONYM REGISTRY (validation)"
"Tebuconazole","TEBUCONAZOLE","CST.STD.POLLUTANT"
"Tebuconazole","TEBUCONAZOLE","CST.POLLUTANT"
"Chromium","CHROMIUM, TOTAL","WQX SYNONYM REGISTRY (validation)"
"Chromium","CHROMIUM, TOTAL","ATTAINS.PARAMETER"
"Methyl ethyl ketone","2-BUTANONE","ATTAINS.PARAMETER"
"Methyl ethyl ketone","2-BUTANONE","SYSTEMATIC NAME"
"Methyl ethyl ketone","2-BUTANONE","WQX SYNONYM REGISTRY (validation)"
"Benzo[g,h,i]perylene","BENZO[G,H,I]PERYLENE","ATTAINS.PARAMETER"
"Benzo[g,h,i]perylene","BENZO[G,H,I]PERYLENE","STANDARDIZE NAME (Normalized)"
"Benzo[g,h,i]perylene","BENZO[G,H,I]PERYLENE","WQX SYNONYM REGISTRY (validation)"
"Picloram","PICLORAM","ATTAINS.PARAMETER"
"Picloram","PICLORAM","WQX SYNONYM REGISTRY (validation)"
"Picloram","PICLORAM","STANDARDIZE NAME (Normalized)"
"Picloram","PICLORAM","CST.STD.POLLUTANT"
"Picloram","PICLORAM","CST.POLLUTANT"
"Formaldehyde","FORMALDEHYDE","ATTAINS.PARAMETER"
"Formaldehyde","FORMALDEHYDE","WQX SYNONYM REGISTRY (validation)"
"Formaldehyde","FORMALDEHYDE","STANDARDIZE NAME (Normalized)"
"Formaldehyde","FORMALDEHYDE","SYSTEMATIC NAME"
"Formaldehyde","FORMALDEHYDE","CST.POLLUTANT"
"Formaldehyde","FORMALDEHYDE","CST.STD.POLLUTANT"
"1,2-Diphenylhydrazine","1,2-DIPHENYLHDRAZINE","ATTAINS.PARAMETER"
"Turbidity","TURBIDITY - STORM FLOWS","WQX SYNONYM REGISTRY (validation)"
"Turbidity","TURBIDITY - STORM FLOWS","ATTAINS.PARAMETER"
"Bank erosion stability (choice list)","BANK EROSION","ATTAINS.PARAMETER"
"General observation (text)","ORGANICS","ATTAINS.PARAMETER"
"General observation (text)","SLUDGE","ATTAINS.PARAMETER"
"Chloromethane","METHYL CHLORIDE","ATTAINS.PARAMETER"
"Chloromethane","METHYL CHLORIDE","RETIRED NAME"
"Chloromethane","METHYL CHLORIDE","CST.STD.POLLUTANT"
"Chloromethane","METHYL CHLORIDE","WQX SYNONYM REGISTRY (validation)"
"CFC-12","DICHLORODIFLUOROMETHANE","ATTAINS.PARAMETER"
"Dichlorodifluoromethane***retired***use CFC-12","DICHLORODIFLUOROMETHANE","SYSTEMATIC NAME"
"Dichlorodifluoromethane***retired***use CFC-12","DICHLORODIFLUOROMETHANE","RETIRED NAME"
"CFC-12","DICHLORODIFLUOROMETHANE","WQX SYNONYM REGISTRY (validation)"
"CFC-12","DICHLORODIFLUOROMETHANE","CST.POLLUTANT"
"CFC-12","DICHLORODIFLUOROMETHANE","CST.STD.POLLUTANT"
"Water Column Habitat Type (%)","WATER COLUMN BIOASSAY","ATTAINS.PARAMETER"
"Water Column Habitat Type (%)","WATER COLUMN BIOASSAY","WQX SYNONYM REGISTRY (validation)"
"Polychlorinated biphenyls","PCBS IN FISH TISSUE","ATTAINS.PARAMETER"
"Mercury","MERCURY IN WATER COLUMN","WQX SYNONYM REGISTRY (validation)"
"Mercury","MERCURY IN WATER COLUMN","ATTAINS.PARAMETER"
"Xylene","XYLENE","ATTAINS.PARAMETER"
"Xylene","XYLENE","STANDARDIZE NAME (Normalized)"
"Xylene","XYLENE","WQX SYNONYM REGISTRY (validation)"
"Xylene","XYLENE","SYSTEMATIC NAME"
"Xylene","XYLENE","CST.POLLUTANT"
"Xylene","XYLENE","CST.STD.POLLUTANT"
"Acrolein","ACROLEIN","ATTAINS.PARAMETER"
"Acrolein","ACROLEIN","WQX SYNONYM REGISTRY (validation)"
"Acrolein","ACROLEIN","STANDARDIZE NAME (Normalized)"
"Acrolein","ACROLEIN","CST.STD.POLLUTANT"
"Acrolein","ACROLEIN","CST.POLLUTANT"
"Dichloroethylene","DICHLOROETHYLENE/1,1-DCE","ATTAINS.PARAMETER"
"Prallethrin","PRALLETHRIN","ATTAINS.PARAMETER"
"Prallethrin","PRALLETHRIN","WQX SYNONYM REGISTRY (validation)"
"Prallethrin","PRALLETHRIN","SYSTEMATIC NAME"
"Prallethrin","PRALLETHRIN","STANDARDIZE NAME (Normalized)"
"Chlorine","CHLORINE","ATTAINS.PARAMETER"
"Chlorine","CHLORINE","STANDARDIZE NAME (Normalized)"
"Chlorine","CHLORINE","WQX SYNONYM REGISTRY (validation)"
"Chlorine","CHLORINE","SYSTEMATIC NAME"
"Chlorine","CHLORINE","CST.POLLUTANT"
"Chlorine","CHLORINE","CST.STD.POLLUTANT"
"Chromium","CHROMIUM, HEXAVALENT, TOTAL","ATTAINS.PARAMETER"
"Boscalid","BOSCALID","ATTAINS.PARAMETER"
"Boscalid","BOSCALID","WQX SYNONYM REGISTRY (validation)"
"Boscalid","BOSCALID","STANDARDIZE NAME (Normalized)"
"Nickel","NICKEL","ATTAINS.PARAMETER"
"Nickel","NICKEL","STANDARDIZE NAME (Normalized)"
"Nickel","NICKEL","SYSTEMATIC NAME"
"Nickel","NICKEL","WQX SYNONYM REGISTRY (validation)"
"Nickel","NICKEL","CST.POLLUTANT"
"Nickel","NICKEL","CST.STD.POLLUTANT"
"Dichlorobenzene","DICHLOROBENZENE (MIXED ISOMERS)","ATTAINS.PARAMETER"
"o-Xylene","O-XYLENE","ATTAINS.PARAMETER"
"o-Xylene","O-XYLENE","STANDARDIZE NAME (Normalized)"
"o-Xylene","O-XYLENE","WQX SYNONYM REGISTRY (validation)"
"Ethion","ETHION","ATTAINS.PARAMETER"
"Ethion","ETHION","WQX SYNONYM REGISTRY (validation)"
"Ethion","ETHION","STANDARDIZE NAME (Normalized)"
"Ethion","ETHION","CST.STD.POLLUTANT"
"Ethion","ETHION","CST.POLLUTANT"
"Cyclonite","RDX (HEXAHYDRO-1,3,5-TRINITRO-1,3,5-TRIAZINE)","ATTAINS.PARAMETER"
"Cyclonite","RDX (HEXAHYDRO-1,3,5-TRINITRO-1,3,5-TRIAZINE)","WQX SYNONYM REGISTRY (validation)"
"2-Naphthalenamine","BETA-NAPHTHYLAMINE","ATTAINS.PARAMETER"
"2-Naphthalenamine","BETA-NAPHTHYLAMINE","WQX SYNONYM REGISTRY (validation)"
"O-Ethyl O-(p-nitrophenyl) phenylphosphonothioate","O-ETHYL O-(P-NITROPHENYL) PHENYLPHOSPHONOTHIOATE","ATTAINS.PARAMETER"
"O-Ethyl O-(p-nitrophenyl) phenylphosphonothioate","O-ETHYL O-(P-NITROPHENYL) PHENYLPHOSPHONOTHIOATE","STANDARDIZE NAME (Normalized)"
"O-Ethyl O-(p-nitrophenyl) phenylphosphonothioate","O-ETHYL O-(P-NITROPHENYL) PHENYLPHOSPHONOTHIOATE","WQX SYNONYM REGISTRY (validation)"
"O-Ethyl O-(p-nitrophenyl) phenylphosphonothioate","O-ETHYL O-(P-NITROPHENYL) PHENYLPHOSPHONOTHIOATE","SYSTEMATIC NAME"
"Prodiamine","PRODIAMINE","ATTAINS.PARAMETER"
"Prodiamine","PRODIAMINE","STANDARDIZE NAME (Normalized)"
"Prodiamine","PRODIAMINE","WQX SYNONYM REGISTRY (validation)"
"Prodiamine","PRODIAMINE","SYSTEMATIC NAME"
"Filamentous Algae Cover","FILAMENTOUS ALGAE","ATTAINS.PARAMETER"
"4,4'-Methylenebis(2-chloroaniline)","4,4'-METHYLENEBIS","WQX SYNONYM REGISTRY (validation)"
"4,4'-Methylenebis(2-chloroaniline)","4,4'-METHYLENEBIS","ATTAINS.PARAMETER"
"Flumetsulam","FLUMETSULAM","ATTAINS.PARAMETER"
"Flumetsulam","FLUMETSULAM","WQX SYNONYM REGISTRY (validation)"
"Flumetsulam","FLUMETSULAM","STANDARDIZE NAME (Normalized)"
"Conductivity","CONDUCTIVITY","ATTAINS.PARAMETER"
"Conductivity","CONDUCTIVITY","STANDARDIZE NAME (Normalized)"
"Conductivity","CONDUCTIVITY","WQX SYNONYM REGISTRY (validation)"
"Conductivity","CONDUCTIVITY","SYSTEMATIC NAME"
"Conductivity","CONDUCTIVITY","CST.POLLUTANT"
"Conductivity","CONDUCTIVITY","CST.STD.POLLUTANT"
"General observation (text)","OXYTHERMAL HABITAT","ATTAINS.PARAMETER"
"Stream-side or littoral vegetative cover alteration (Y/N) (choice list)","ALTERATION IN STREAM-SIDE OR LITTORAL VEGETATIVE COVERS","ATTAINS.PARAMETER"
"Endrin","ENDRIN IN FISH TISSUE","ATTAINS.PARAMETER"
"Endrin","ENDRIN IN FISH TISSUE","WQX SYNONYM REGISTRY (validation)"
NA,"PERFLUOROHEXANE SULFONIC ACID (PFHxS)",NA
"P-Chlorophenol","4-CHLOROPHENOL","ATTAINS.PARAMETER"
"P-Chlorophenol","4-CHLOROPHENOL","RETIRED NAME"
"P-Chlorophenol","4-CHLOROPHENOL","CST.STD.POLLUTANT"
"P-Chlorophenol","4-CHLOROPHENOL","WQX SYNONYM REGISTRY (validation)"
"P-Chlorophenol","4-CHLOROPHENOL","CST.POLLUTANT"
"Pheophytin a","PHEOPHYTIN A","ATTAINS.PARAMETER"
"Pheophytin a","PHEOPHYTIN A","WQX SYNONYM REGISTRY (validation)"
"Pheophytin a","PHEOPHYTIN A","STANDARDIZE NAME (Normalized)"
"Pheophytin a","PHEOPHYTIN A","SYSTEMATIC NAME"
"Gold","GOLD IN SEDIMENT","WQX SYNONYM REGISTRY (validation)"
"Gold","GOLD IN SEDIMENT","ATTAINS.PARAMETER"
"Novaluron","NOVALURON","ATTAINS.PARAMETER"
"Novaluron","NOVALURON","STANDARDIZE NAME (Normalized)"
"Novaluron","NOVALURON","WQX SYNONYM REGISTRY (validation)"
"p-Dichlorobenzene","1,4-DICHLOROBENZENE IN FISH TISSUE","WQX SYNONYM REGISTRY (validation)"
"p-Dichlorobenzene","1,4-DICHLOROBENZENE IN FISH TISSUE","ATTAINS.PARAMETER"
"trans-1,2-Dichloroethylene","TRANS-1,2-DICHLOROETHENE","ATTAINS.PARAMETER"
"trans-1,2-Dichloroethylene","TRANS-1,2-DICHLOROETHENE","SYSTEMATIC NAME"
"trans-1,2-Dichloroethene***retired***use trans-1,2-Dichloroethylene","TRANS-1,2-DICHLOROETHENE","ITIS TAXON SERIAL NUMBER"
"trans-1,2-Dichloroethylene","TRANS-1,2-DICHLOROETHENE","WQX SYNONYM REGISTRY (validation)"
"trans-1,2-Dichloroethylene","TRANS-1,2-DICHLOROETHENE","RETIRED NAME"
"Thionazin","THIONAZIN","ATTAINS.PARAMETER"
"Thionazin","THIONAZIN","WQX SYNONYM REGISTRY (validation)"
"Thionazin","THIONAZIN","STANDARDIZE NAME (Normalized)"
"Dicamba","DICAMBA","ATTAINS.PARAMETER"
"Dicamba","DICAMBA","STANDARDIZE NAME (Normalized)"
"Dicamba","DICAMBA","WQX SYNONYM REGISTRY (validation)"
"Dicamba","DICAMBA","CST.POLLUTANT"
"Dicamba","DICAMBA","CST.STD.POLLUTANT"
"Bromobenzene","BROMOBENZENE","ATTAINS.PARAMETER"
"Bromobenzene","BROMOBENZENE","SYSTEMATIC NAME"
"Bromobenzene","BROMOBENZENE","WQX SYNONYM REGISTRY (validation)"
"Bromobenzene","BROMOBENZENE","STANDARDIZE NAME (Normalized)"
"Bromobenzene","BROMOBENZENE","CST.STD.POLLUTANT"
"Bromobenzene","BROMOBENZENE","CST.POLLUTANT"
"Trichloroethylene","TRICHLOROETHYLENE (TCE)","WQX SYNONYM REGISTRY (validation)"
"Trichloroethylene","TRICHLOROETHYLENE (TCE)","ATTAINS.PARAMETER"
"N-Nitrosodi-n-propylamine","N-NITROSODIPROPYLAMINE","ATTAINS.PARAMETER"
"N-Nitrosodi-n-propylamine","N-NITROSODIPROPYLAMINE","WQX SYNONYM REGISTRY (validation)"
"Tetrachloroethylene","TETRACHLOROETHYLENE/PCE","ATTAINS.PARAMETER"
"Bis(2-chloroisopropyl) ether","BIS(2-CHLOROISOPROPYL) ETHER","ATTAINS.PARAMETER"
"Bis(2-chloro-1-methylethyl) ether","BIS(2-CHLOROISOPROPYL) ETHER","SYSTEMATIC NAME"
"Bis(2-chloroisopropyl) ether","BIS(2-CHLOROISOPROPYL) ETHER","STANDARDIZE NAME (Normalized)"
"Bis(2-chloroisopropyl) ether","BIS(2-CHLOROISOPROPYL) ETHER","WQX SYNONYM REGISTRY (validation)"
"Bis(2-chloroisopropyl) ether","BIS(2-CHLOROISOPROPYL) ETHER","RETIRED NAME"
"Bis(2-chloroisopropyl) ether","BIS(2-CHLOROISOPROPYL) ETHER","CST.POLLUTANT"
"Fluorene","FLUORENE IN FISH TISSUE","WQX SYNONYM REGISTRY (validation)"
"Fluorene","FLUORENE IN FISH TISSUE","ATTAINS.PARAMETER"
"Mirex","MIREX - FISH CONSUMPTION ADVISORY","ATTAINS.PARAMETER"
"Chloroprene","CHLOROPRENE","ATTAINS.PARAMETER"
"Chloroprene","CHLOROPRENE","STANDARDIZE NAME (Normalized)"
"Chloroprene","CHLOROPRENE","WQX SYNONYM REGISTRY (validation)"
"Chloroprene","CHLOROPRENE","CST.POLLUTANT"
"Chloroprene","CHLOROPRENE","CST.STD.POLLUTANT"
"Aldrin","ALDRIN","ATTAINS.PARAMETER"
"Aldrin","ALDRIN","STANDARDIZE NAME (Normalized)"
"Aldrin","ALDRIN","WQX SYNONYM REGISTRY (validation)"
"Aldrin","ALDRIN","CST.STD.POLLUTANT"
"Aldrin","ALDRIN","CST.POLLUTANT"
"Acetamide","ACETAMIDE","ATTAINS.PARAMETER"
"Acetamide","ACETAMIDE","STANDARDIZE NAME (Normalized)"
"Acetamide","ACETAMIDE","SYSTEMATIC NAME"
"Acetamide","ACETAMIDE","WQX SYNONYM REGISTRY (validation)"
"Endosulfan","ENDOSULFAN","ATTAINS.PARAMETER"
"Endosulfan","ENDOSULFAN","STANDARDIZE NAME (Normalized)"
"Endosulfan","ENDOSULFAN","WQX SYNONYM REGISTRY (validation)"
"Endosulfan","ENDOSULFAN","CST.POLLUTANT"
"Endosulfan","ENDOSULFAN","CST.STD.POLLUTANT"
"Magnesium","MAGNESIUM","ATTAINS.PARAMETER"
"Magnesium","MAGNESIUM","WQX SYNONYM REGISTRY (validation)"
"Magnesium","MAGNESIUM","STANDARDIZE NAME (Normalized)"
"Magnesium","MAGNESIUM","SYSTEMATIC NAME"
"Magnesium","MAGNESIUM","CST.STD.POLLUTANT"
"Magnesium","MAGNESIUM","CST.POLLUTANT"
"Yttrium","YTTRIUM","ATTAINS.PARAMETER"
"Yttrium","YTTRIUM","SYSTEMATIC NAME"
"Yttrium","YTTRIUM","STANDARDIZE NAME (Normalized)"
"Yttrium","YTTRIUM","WQX SYNONYM REGISTRY (validation)"
"Cyprodinil","CYPRODINIL","ATTAINS.PARAMETER"
"Cyprodinil","CYPRODINIL","WQX SYNONYM REGISTRY (validation)"
"Cyprodinil","CYPRODINIL","STANDARDIZE NAME (Normalized)"
"Di(2-ethylhexyl) phthalate","BIS(2-ETHYLHEXYL) PHTHALATE IN FISH TISSUE","ATTAINS.PARAMETER"
"Di(2-ethylhexyl) phthalate","BIS(2-ETHYLHEXYL) PHTHALATE IN FISH TISSUE","WQX SYNONYM REGISTRY (validation)"
"Cyclohexane","CYCLOHEXANE","ATTAINS.PARAMETER"
"Cyclohexane","CYCLOHEXANE","STANDARDIZE NAME (Normalized)"
"Cyclohexane","CYCLOHEXANE","SYSTEMATIC NAME"
"Cyclohexane","CYCLOHEXANE","WQX SYNONYM REGISTRY (validation)"
"Endrin ketone","ENDRIN KETONE","ATTAINS.PARAMETER"
"Endrin ketone","ENDRIN KETONE","STANDARDIZE NAME (Normalized)"
"Endrin ketone","ENDRIN KETONE","WQX SYNONYM REGISTRY (validation)"
"Endrin ketone","ENDRIN KETONE","CST.STD.POLLUTANT"
"Endrin ketone","ENDRIN KETONE","CST.POLLUTANT"
"Pronamide","PRONAMIDE","ATTAINS.PARAMETER"
"Pronamide","PRONAMIDE","WQX SYNONYM REGISTRY (validation)"
"Pronamide","PRONAMIDE","STANDARDIZE NAME (Normalized)"
"Pronamide","PRONAMIDE","CST.STD.POLLUTANT"
"Pronamide","PRONAMIDE","CST.POLLUTANT"
"Diallate","DIALLATE","ATTAINS.PARAMETER"
"Diallate","DIALLATE","STANDARDIZE NAME (Normalized)"
"Diallate","DIALLATE","WQX SYNONYM REGISTRY (validation)"
"Ethylene oxide","ETHYLENE OXIDE","ATTAINS.PARAMETER"
"Ethylene oxide","ETHYLENE OXIDE","STANDARDIZE NAME (Normalized)"
"Ethylene oxide","ETHYLENE OXIDE","WQX SYNONYM REGISTRY (validation)"
"Ethalfluralin","ETHALFLURALIN","ATTAINS.PARAMETER"
"Ethalfluralin","ETHALFLURALIN","WQX SYNONYM REGISTRY (validation)"
"Ethalfluralin","ETHALFLURALIN","STANDARDIZE NAME (Normalized)"
"Flutolanil","FLUTOLANIL","ATTAINS.PARAMETER"
"Flutolanil","FLUTOLANIL","STANDARDIZE NAME (Normalized)"
"Flutolanil","FLUTOLANIL","SYSTEMATIC NAME"
"Flutolanil","FLUTOLANIL","WQX SYNONYM REGISTRY (validation)"
"Prothiofos","PROTHIOFOS","ATTAINS.PARAMETER"
"Prothiofos","PROTHIOFOS","WQX SYNONYM REGISTRY (validation)"
"Prothiofos","PROTHIOFOS","SYSTEMATIC NAME"
"Prothiofos","PROTHIOFOS","STANDARDIZE NAME (Normalized)"
"m-Cresol","M-CRESOL","ATTAINS.PARAMETER"
"m-Cresol","M-CRESOL","SYSTEMATIC NAME"
"m-Cresol","M-CRESOL","STANDARDIZE NAME (Normalized)"
"m-Cresol","M-CRESOL","WQX SYNONYM REGISTRY (validation)"
"Nickel","NICKEL, DISSOLVED - ACUTE","ATTAINS.PARAMETER"
".beta.-Hexachlorocyclohexane","BETA-BHC IN FISH TISSUE","ATTAINS.PARAMETER"
".beta.-Hexachlorocyclohexane","BETA-BHC IN FISH TISSUE","WQX SYNONYM REGISTRY (validation)"
"Propetamphos","PROPETAMPHOS","ATTAINS.PARAMETER"
"Propetamphos","PROPETAMPHOS","STANDARDIZE NAME (Normalized)"
"Propetamphos","PROPETAMPHOS","WQX SYNONYM REGISTRY (validation)"
"Benzoic acid","BENZOIC ACID","ATTAINS.PARAMETER"
"Benzoic acid","BENZOIC ACID","STANDARDIZE NAME (Normalized)"
"Benzoic acid","BENZOIC ACID","WQX SYNONYM REGISTRY (validation)"
"Benzoic acid","BENZOIC ACID","SYSTEMATIC NAME"
"Imazamox","IMAZAMOX","ATTAINS.PARAMETER"
"Imazamox","IMAZAMOX","WQX SYNONYM REGISTRY (validation)"
"Imazamox","IMAZAMOX","STANDARDIZE NAME (Normalized)"
"Imazamox","IMAZAMOX","CST.STD.POLLUTANT"
"Imazamox","IMAZAMOX","CST.POLLUTANT"
"Methyl iodide","METHYL IODIDE","ATTAINS.PARAMETER"
"Methyl iodide","METHYL IODIDE","STANDARDIZE NAME (Normalized)"
"Methyl iodide","METHYL IODIDE","WQX SYNONYM REGISTRY (validation)"
"Methyl iodide","METHYL IODIDE","CST.POLLUTANT"
"Methyl iodide","METHYL IODIDE","CST.STD.POLLUTANT"
"Dibromomethane","1,2-DIBROMOETHANE","ATTAINS.PARAMETER"
"Ethylene dibromide","1,2-DIBROMOETHANE","WQX SYNONYM REGISTRY (validation)"
"Ethylene dibromide","1,2-DIBROMOETHANE","CST.STD.POLLUTANT"
"Ethylene dibromide","1,2-DIBROMOETHANE","CST.POLLUTANT"
"Microcystins","CYANOBACTERIA HEPATOTOXIC MICROCYSTINS","ATTAINS.PARAMETER"
"m-Xylene","M-XYLENE","ATTAINS.PARAMETER"
"m-Xylene","M-XYLENE","SYSTEMATIC NAME"
"m-Xylene","M-XYLENE","STANDARDIZE NAME (Normalized)"
"m-Xylene","M-XYLENE","WQX SYNONYM REGISTRY (validation)"
"p-Chlorophenyl phenyl ether","CHLOROPHENYL-4 PHENYL ETHER","ATTAINS.PARAMETER"
"p-Chlorophenyl phenyl ether","CHLOROPHENYL-4 PHENYL ETHER","WQX SYNONYM REGISTRY (validation)"
"General observation (text)","HALOMETHANES","ATTAINS.PARAMETER"
"Anthracene","ANTHRACENE","ATTAINS.PARAMETER"
"Anthracene","ANTHRACENE","WQX SYNONYM REGISTRY (validation)"
"Anthracene","ANTHRACENE","STANDARDIZE NAME (Normalized)"
"Anthracene","ANTHRACENE","SYSTEMATIC NAME"
"Anthracene","ANTHRACENE","CST.STD.POLLUTANT"
"Anthracene","ANTHRACENE","CST.POLLUTANT"
"Hexachlorobutadiene","HEXACHLOROBUTADIENE","ATTAINS.PARAMETER"
"Hexachlorobutadiene","HEXACHLOROBUTADIENE","STANDARDIZE NAME (Normalized)"
"Hexachlorobutadiene","HEXACHLOROBUTADIENE","WQX SYNONYM REGISTRY (validation)"
"Hexachlorobutadiene","HEXACHLOROBUTADIENE","CST.POLLUTANT"
"Hexachlorobutadiene","HEXACHLOROBUTADIENE","CST.STD.POLLUTANT"
"Aminomethylphosphonic acid","AMINOMETHYLPHOSPHONIC ACID","ATTAINS.PARAMETER"
"Aminomethylphosphonic acid","AMINOMETHYLPHOSPHONIC ACID","WQX SYNONYM REGISTRY (validation)"
"Aminomethylphosphonic acid","AMINOMETHYLPHOSPHONIC ACID","STANDARDIZE NAME (Normalized)"
"Toxicity chronic","CHRONIC TOXICITY","ATTAINS.PARAMETER"
"Toxicity chronic","CHRONIC TOXICITY","WQX SYNONYM REGISTRY (validation)"
"Fenpropathrin","FENPROPATHRIN","ATTAINS.PARAMETER"
"Fenpropathrin","FENPROPATHRIN","WQX SYNONYM REGISTRY (validation)"
"Fenpropathrin","FENPROPATHRIN","STANDARDIZE NAME (Normalized)"
"Quinoline","QUINOLINE","ATTAINS.PARAMETER"
"Quinoline","QUINOLINE","SYSTEMATIC NAME"
"Quinoline","QUINOLINE","WQX SYNONYM REGISTRY (validation)"
"Quinoline","QUINOLINE","STANDARDIZE NAME (Normalized)"
"Quinoline","QUINOLINE","CST.POLLUTANT"
"Quinoline","QUINOLINE","CST.STD.POLLUTANT"
"Cyclohexanamine, N-ethyl-1-phenyl-","CYCLOHEXANAMINE, N-ETHYL-1-PHENYL-","ATTAINS.PARAMETER"
"Cyclohexanamine, N-ethyl-1-phenyl-","CYCLOHEXANAMINE, N-ETHYL-1-PHENYL-","WQX SYNONYM REGISTRY (validation)"
"Cyclohexanamine, N-ethyl-1-phenyl-","CYCLOHEXANAMINE, N-ETHYL-1-PHENYL-","STANDARDIZE NAME (Normalized)"
"Perfluorononanoic acid","PERFLUORONONANOIC ACID (PFNA) IN FISH TISSUE","WQX SYNONYM REGISTRY (validation)"
"Perfluorononanoic acid","PERFLUORONONANOIC ACID (PFNA) IN FISH TISSUE","ATTAINS.PARAMETER"
"Hexachloroethane","HEXACHLOROETHANE IN FISH TISSUE","ATTAINS.PARAMETER"
"Hexachloroethane","HEXACHLOROETHANE IN FISH TISSUE","WQX SYNONYM REGISTRY (validation)"
"Methyl hydrazine","METHYL HYDRAZINE","ATTAINS.PARAMETER"
"Methyl hydrazine","METHYL HYDRAZINE","WQX SYNONYM REGISTRY (validation)"
"Methyl hydrazine","METHYL HYDRAZINE","SYSTEMATIC NAME"
"Methyl hydrazine","METHYL HYDRAZINE","STANDARDIZE NAME (Normalized)"
"Lead","LEAD, DISSOLVED - CHRONIC","ATTAINS.PARAMETER"
"Hexamethylphosphoramide","HEXAMETHYLPHOSPHORAMIDE","ATTAINS.PARAMETER"
"Hexamethylphosphoramide","HEXAMETHYLPHOSPHORAMIDE","STANDARDIZE NAME (Normalized)"
"Hexamethylphosphoramide","HEXAMETHYLPHOSPHORAMIDE","WQX SYNONYM REGISTRY (validation)"
"Fecal Coliform","FECAL COLIFORM","ATTAINS.PARAMETER"
"Fecal Coliform","FECAL COLIFORM","WQX SYNONYM REGISTRY (validation)"
"Fecal Coliform","FECAL COLIFORM","SYSTEMATIC NAME"
"Fecal Coliform","FECAL COLIFORM","STANDARDIZE NAME (Normalized)"
"Fecal Coliform","FECAL COLIFORM","CST.POLLUTANT"
"Fecal Coliform","FECAL COLIFORM","CST.STD.POLLUTANT"
"Irvine Index of Biological Integrity","NUTRIENT/EUTROPHICATION BIOLOGICAL INDICATORS","ATTAINS.PARAMETER"
"p,p'-DDT","DDT (DICHLORODIPHENYLTRICHLOROETHANE)","ATTAINS.PARAMETER"
"p,p'-DDT","DDT (DICHLORODIPHENYLTRICHLOROETHANE)","WQX SYNONYM REGISTRY (validation)"
"Halosulfuron-methyl","HALOSULFURON-METHYL","ATTAINS.PARAMETER"
"Halosulfuron-methyl","HALOSULFURON-METHYL","STANDARDIZE NAME (Normalized)"
"Halosulfuron-methyl","HALOSULFURON-METHYL","WQX SYNONYM REGISTRY (validation)"
"Mercury compounds","CANCER RISK COMPOUNDS","ATTAINS.PARAMETER"
"Propanil","PROPANIL","ATTAINS.PARAMETER"
"Propanil","PROPANIL","STANDARDIZE NAME (Normalized)"
"Propanil","PROPANIL","WQX SYNONYM REGISTRY (validation)"
"Propanil","PROPANIL","CST.POLLUTANT"
"Propanil","PROPANIL","CST.STD.POLLUTANT"
"Mercury","MERCURY, TOTAL","WQX SYNONYM REGISTRY (validation)"
"Mercury","MERCURY, TOTAL","ATTAINS.PARAMETER"
"Endrin aldehyde","ENDRIN ALDEHYDE","ATTAINS.PARAMETER"
"Endrin aldehyde","ENDRIN ALDEHYDE","WQX SYNONYM REGISTRY (validation)"
"Endrin aldehyde","ENDRIN ALDEHYDE","STANDARDIZE NAME (Normalized)"
"Endrin aldehyde","ENDRIN ALDEHYDE","CST.STD.POLLUTANT"
"Endrin aldehyde","ENDRIN ALDEHYDE","CST.POLLUTANT"
"Styrene","STYRENE","ATTAINS.PARAMETER"
"Styrene","STYRENE","STANDARDIZE NAME (Normalized)"
"Styrene","STYRENE","WQX SYNONYM REGISTRY (validation)"
"Styrene","STYRENE","CST.POLLUTANT"
"Styrene","STYRENE","CST.STD.POLLUTANT"
"Fluometuron","FLUOMETURON","ATTAINS.PARAMETER"
"Fluometuron","FLUOMETURON","STANDARDIZE NAME (Normalized)"
"Fluometuron","FLUOMETURON","WQX SYNONYM REGISTRY (validation)"
"Fluometuron","FLUOMETURON","CST.STD.POLLUTANT"
"Fluometuron","FLUOMETURON","CST.POLLUTANT"
"Selenium","SELENIUM - CHRONIC","ATTAINS.PARAMETER"
"Selenium","SELENIUM - CHRONIC","WQX SYNONYM REGISTRY (validation)"
"1,2,4-Trichlorobenzene","1,2,4-TRICHLOROBENZENE","ATTAINS.PARAMETER"
"1,2,4-Trichlorobenzene","1,2,4-TRICHLOROBENZENE","WQX SYNONYM REGISTRY (validation)"
"1,2,4-Trichlorobenzene","1,2,4-TRICHLOROBENZENE","STANDARDIZE NAME (Normalized)"
"1,2,4-Trichlorobenzene","1,2,4-TRICHLOROBENZENE","CST.STD.POLLUTANT"
"1,2,4-Trichlorobenzene","1,2,4-TRICHLOROBENZENE","CST.POLLUTANT"
"Tetrachloroethylene","PCE","WQX SYNONYM REGISTRY (validation)"
"Tetrachloroethylene","PCE","ATTAINS.PARAMETER"
"Dibenz[a,h]anthracene","DIBENZ[A,H]ANTHRACENE","ATTAINS.PARAMETER"
"Dibenz[a,h]anthracene","DIBENZ[A,H]ANTHRACENE","SYSTEMATIC NAME"
"Dibenz[a,h]anthracene","DIBENZ[A,H]ANTHRACENE","STANDARDIZE NAME (Normalized)"
"Dibenz[a,h]anthracene","DIBENZ[A,H]ANTHRACENE","WQX SYNONYM REGISTRY (validation)"
"Sodium","SODIUM ABSORPTION RATIO","ATTAINS.PARAMETER"
"Kresoxim-methyl","KRESOXIM-METHYL","ATTAINS.PARAMETER"
"Kresoxim-methyl","KRESOXIM-METHYL","SYSTEMATIC NAME"
"Kresoxim-methyl","KRESOXIM-METHYL","WQX SYNONYM REGISTRY (validation)"
"Kresoxim-methyl","KRESOXIM-METHYL","STANDARDIZE NAME (Normalized)"
"2,6-Dinitrotoluene","2,6-DINITROTOLUENE","ATTAINS.PARAMETER"
"2,6-Dinitrotoluene","2,6-DINITROTOLUENE","STANDARDIZE NAME (Normalized)"
"2,6-Dinitrotoluene","2,6-DINITROTOLUENE","WQX SYNONYM REGISTRY (validation)"
"2,6-Dinitrotoluene","2,6-DINITROTOLUENE","CST.STD.POLLUTANT"
"2,6-Dinitrotoluene","2,6-DINITROTOLUENE","CST.POLLUTANT"
"Dimethyl phthalate","DIMETHYL PHTHALATE","ATTAINS.PARAMETER"
"Dimethyl phthalate","DIMETHYL PHTHALATE","STANDARDIZE NAME (Normalized)"
"Dimethyl phthalate","DIMETHYL PHTHALATE","WQX SYNONYM REGISTRY (validation)"
"Dimethyl phthalate","DIMETHYL PHTHALATE","CST.POLLUTANT"
"Dimethyl phthalate","DIMETHYL PHTHALATE","CST.STD.POLLUTANT"
"Fluoranthene","FLUORANTHENE","ATTAINS.PARAMETER"
"Fluoranthene","FLUORANTHENE","WQX SYNONYM REGISTRY (validation)"
"C1-C4 Fluoranthenes","FLUORANTHENE","SYSTEMATIC NAME"
"Fluoranthene","FLUORANTHENE","STANDARDIZE NAME (Normalized)"
"Fluoranthene","FLUORANTHENE","CST.POLLUTANT"
"Fluoranthene","FLUORANTHENE","CST.STD.POLLUTANT"
"Prometon","PROMETON","ATTAINS.PARAMETER"
"Prometon","PROMETON","SYSTEMATIC NAME"
"Prometon","PROMETON","WQX SYNONYM REGISTRY (validation)"
"Prometon","PROMETON","STANDARDIZE NAME (Normalized)"
"Prometon","PROMETON","CST.POLLUTANT"
"Prometon","PROMETON","CST.STD.POLLUTANT"
"Propiconazole","PROPICONAZOLE","ATTAINS.PARAMETER"
"Propiconazole","PROPICONAZOLE","STANDARDIZE NAME (Normalized)"
"Propiconazole","PROPICONAZOLE","WQX SYNONYM REGISTRY (validation)"
"General observation (text)","COMMERCIAL FISHING BAN","ATTAINS.PARAMETER"
"Hexachloroethane","HEXACHLOROETHANE","ATTAINS.PARAMETER"
"Hexachloroethane","HEXACHLOROETHANE","STANDARDIZE NAME (Normalized)"
"Hexachloroethane","HEXACHLOROETHANE","WQX SYNONYM REGISTRY (validation)"
"Hexachloroethane","HEXACHLOROETHANE","CST.POLLUTANT"
"Hexachloroethane","HEXACHLOROETHANE","CST.STD.POLLUTANT"
"Lead","LEAD IN FISH TISSUE","WQX SYNONYM REGISTRY (validation)"
"Lead","LEAD IN FISH TISSUE","ATTAINS.PARAMETER"
"Oxamyl","OXAMYL (VYDATE)","ATTAINS.PARAMETER"
"Oxamyl","OXAMYL (VYDATE)","CST.STD.POLLUTANT"
"Oxamyl","OXAMYL (VYDATE)","WQX SYNONYM REGISTRY (validation)"
"Nickel","NICKEL, TOTAL","ATTAINS.PARAMETER"
"Temperature","TEMPERATURE","ATTAINS.PARAMETER"
"Temperature","TEMPERATURE","STANDARDIZE NAME (Normalized)"
"Temperature","TEMPERATURE","WQX SYNONYM REGISTRY (validation)"
"Temperature","TEMPERATURE","CST.POLLUTANT"
"Temperature","TEMPERATURE","CST.STD.POLLUTANT"
"Allethrin","ALLETHRIN","ATTAINS.PARAMETER"
"Allethrin","ALLETHRIN","WQX SYNONYM REGISTRY (validation)"
"Allethrin","ALLETHRIN","STANDARDIZE NAME (Normalized)"
"Polycyclic aromatic hydrocarbons","NONPRIORITY ORGANICS/PAHS","ATTAINS.PARAMETER"
"Ethylbenzene","ETHYLBENZENE","ATTAINS.PARAMETER"
"Ethylbenzene","ETHYLBENZENE","STANDARDIZE NAME (Normalized)"
"Ethylbenzene","ETHYLBENZENE","WQX SYNONYM REGISTRY (validation)"
"Ethylbenzene","ETHYLBENZENE","CST.STD.POLLUTANT"
"Ethylbenzene","ETHYLBENZENE","CST.POLLUTANT"
"General observation (text)","NOXIOUS AQUATIC PLANTS NATIVE","ATTAINS.PARAMETER"
"Benzo[k]fluoranthene","BENZO[K]FLUORANTHENE","ATTAINS.PARAMETER"
"Benzo[k]fluoranthene","BENZO[K]FLUORANTHENE","SYSTEMATIC NAME"
"Benzo[k]fluoranthene","BENZO[K]FLUORANTHENE","STANDARDIZE NAME (Normalized)"
"Benzo[k]fluoranthene","BENZO[K]FLUORANTHENE","WQX SYNONYM REGISTRY (validation)"
"Ammonia","AMMONIA, UN-IONIZED","ATTAINS.PARAMETER"
"Ammonia","AMMONIA, UN-IONIZED","WQX SYNONYM REGISTRY (validation)"
"Butylate","BUTYLATE","ATTAINS.PARAMETER"
"Butylate","BUTYLATE","WQX SYNONYM REGISTRY (validation)"
"Butylate","BUTYLATE","STANDARDIZE NAME (Normalized)"
"Butylate","BUTYLATE","CST.POLLUTANT"
"Butylate","BUTYLATE","CST.STD.POLLUTANT"
"Ammonia-nitrogen","AMMONIA-NITROGEN - ACUTE","WQX SYNONYM REGISTRY (validation)"
"Ammonia-nitrogen","AMMONIA-NITROGEN - ACUTE","ATTAINS.PARAMETER"
"Mercury","MERCURY IN SEDIMENT","ATTAINS.PARAMETER"
"Mercury","MERCURY IN SEDIMENT","WQX SYNONYM REGISTRY (validation)"
"Polycyclic aromatic hydrocarbons","LOW MOLECULAR WEIGHT POLYCYCLIC AROMATIC HYDROCARBONS (LMW PAHS) IN SEDIMENT","ATTAINS.PARAMETER"
"Surfactants","SURFACTANTS","ATTAINS.PARAMETER"
"Surfactants","SURFACTANTS","WQX SYNONYM REGISTRY (validation)"
"Surfactants","SURFACTANTS","STANDARDIZE NAME (Normalized)"
"Desnitro-imidacloprid","DESNITRO-IMIDACLOPRID","ATTAINS.PARAMETER"
"Desnitro-imidacloprid","DESNITRO-IMIDACLOPRID","WQX SYNONYM REGISTRY (validation)"
"Desnitro-imidacloprid","DESNITRO-IMIDACLOPRID","STANDARDIZE NAME (Normalized)"
"Color","COLOR","ATTAINS.PARAMETER"
"Color","COLOR","STANDARDIZE NAME (Normalized)"
"Color","COLOR","WQX SYNONYM REGISTRY (validation)"
"Color","COLOR","CST.STD.POLLUTANT"
"Color","COLOR","CST.POLLUTANT"
"Hydrocarbons","PAH2 - 4 RING POLYCYCLIC AROMATIC HYDROCARBONS","ATTAINS.PARAMETER"
"Copper","COPPER, DISSOLVED - ACUTE","ATTAINS.PARAMETER"
"Copper","COPPER, DISSOLVED - ACUTE","WQX SYNONYM REGISTRY (validation)"
"1-Methylphenanthrene","1-METHYLPHENANTHRENE","ATTAINS.PARAMETER"
"1-Methylphenanthrene","1-METHYLPHENANTHRENE","WQX SYNONYM REGISTRY (validation)"
"1-Methylphenanthrene","1-METHYLPHENANTHRENE","SYSTEMATIC NAME"
"1-Methylphenanthrene","1-METHYLPHENANTHRENE","STANDARDIZE NAME (Normalized)"
"Benzo[g,h,i]perylene","PAH1 - 2 & 3 RING POLYCYCLIC AROMATIC HYDROCARBONS","ATTAINS.PARAMETER"
"Cobalt","COBALT","ATTAINS.PARAMETER"
"Cobalt","COBALT","SYSTEMATIC NAME"
"Cobalt","COBALT","WQX SYNONYM REGISTRY (validation)"
"Cobalt","COBALT","STANDARDIZE NAME (Normalized)"
"Cobalt","COBALT","CST.STD.POLLUTANT"
"Cobalt","COBALT","CST.POLLUTANT"
"Organic carbon","TOTAL ORGANIC CARBON (TOC)","ATTAINS.PARAMETER"
"Organic carbon","TOTAL ORGANIC CARBON (TOC)","WQX SYNONYM REGISTRY (validation)"
"Ammonia","AMMONIA, TOTAL","WQX SYNONYM REGISTRY (validation)"
"Ammonia","AMMONIA, TOTAL","ATTAINS.PARAMETER"
"Acetaldehyde","ACETALDEHYDE","ATTAINS.PARAMETER"
"Acetaldehyde","ACETALDEHYDE","SYSTEMATIC NAME"
"Acetaldehyde","ACETALDEHYDE","STANDARDIZE NAME (Normalized)"
"Acetaldehyde","ACETALDEHYDE","WQX SYNONYM REGISTRY (validation)"
"Acetaldehyde","ACETALDEHYDE","CST.STD.POLLUTANT"
"Acetaldehyde","ACETALDEHYDE","CST.POLLUTANT"
"6PPD-quinone","6PPD-QUINONE","ATTAINS.PARAMETER"
"6PPD-quinone","6PPD-QUINONE","WQX SYNONYM REGISTRY (validation)"
"6PPD-quinone","6PPD-QUINONE","STANDARDIZE NAME (Normalized)"
"Tetrapropyl dithiopyrophosphate","ASPON","ATTAINS.PARAMETER"
"Tetrapropyl dithiopyrophosphate","ASPON","WQX SYNONYM REGISTRY (validation)"
"Octachlorostyrene","OCTACHLOROSTYRENE","ATTAINS.PARAMETER"
"Octachlorostyrene","OCTACHLOROSTYRENE","WQX SYNONYM REGISTRY (validation)"
"Octachlorostyrene","OCTACHLOROSTYRENE","STANDARDIZE NAME (Normalized)"
"Octachlorostyrene","OCTACHLOROSTYRENE","CST.STD.POLLUTANT"
"Octachlorostyrene","OCTACHLOROSTYRENE","CST.POLLUTANT"
"Trihalomethanes","TOTAL TRIHALOMETHANE (TTHM)","WQX SYNONYM REGISTRY (validation)"
"Trihalomethanes","TOTAL TRIHALOMETHANE (TTHM)","ATTAINS.PARAMETER"
"Tin","TIN","ATTAINS.PARAMETER"
"Tin","TIN","WQX SYNONYM REGISTRY (validation)"
"Tin","TIN","SYSTEMATIC NAME"
"Tin","TIN","STANDARDIZE NAME (Normalized)"
"Endrin","ENDRIN IN SEDIMENT","ATTAINS.PARAMETER"
"Indoxacarb","INDOXACARB","ATTAINS.PARAMETER"
"Indoxacarb","INDOXACARB","WQX SYNONYM REGISTRY (validation)"
"Indoxacarb","INDOXACARB","STANDARDIZE NAME (Normalized)"
"Ammonia","AMMONIA","ATTAINS.PARAMETER"
"Ammonia","AMMONIA","STANDARDIZE NAME (Normalized)"
"Ammonia","AMMONIA","WQX SYNONYM REGISTRY (validation)"
"Ammonia","AMMONIA","SYSTEMATIC NAME"
"Ammonia","AMMONIA","CST.STD.POLLUTANT"
"Ammonia","AMMONIA","CST.POLLUTANT"
"Heptachlor epoxide","HEPTACHLOR EPOXIDE","ATTAINS.PARAMETER"
"Heptachlor epoxide","HEPTACHLOR EPOXIDE","WQX SYNONYM REGISTRY (validation)"
"Heptachlor epoxide","HEPTACHLOR EPOXIDE","STANDARDIZE NAME (Normalized)"
"Heptachlor epoxide","HEPTACHLOR EPOXIDE","CST.POLLUTANT"
"Heptachlor epoxide","HEPTACHLOR EPOXIDE","CST.STD.POLLUTANT"
"p,p'-DDT","FISH CONSUMPTION ADVISORY - DDE, DDT","ATTAINS.PARAMETER"
"Diesel fuel","DIESEL FUEL","ATTAINS.PARAMETER"
"Diesel fuel","DIESEL FUEL","STANDARDIZE NAME (Normalized)"
"Diesel fuel","DIESEL FUEL","WQX SYNONYM REGISTRY (validation)"
"Chlorodibromomethane","CHLORODIBROMOMETHANE","ATTAINS.PARAMETER"
"Chlorodibromomethane","CHLORODIBROMOMETHANE","WQX SYNONYM REGISTRY (validation)"
"Chlorodibromomethane","CHLORODIBROMOMETHANE","STANDARDIZE NAME (Normalized)"
"Chlorodibromomethane","CHLORODIBROMOMETHANE","CST.STD.POLLUTANT"
"Chlorodibromomethane","CHLORODIBROMOMETHANE","CST.POLLUTANT"
"Total dissolved solids","TOTAL DISSOLVED SOLIDS (TDS)","WQX SYNONYM REGISTRY (validation)"
"Total dissolved solids","TOTAL DISSOLVED SOLIDS (TDS)","ATTAINS.PARAMETER"
"Sediment","PFAS IN SEDIMENT","ATTAINS.PARAMETER"
"Methacrylonitrile","METHACRYLONITRILE","ATTAINS.PARAMETER"
"Methacrylonitrile","METHACRYLONITRILE","WQX SYNONYM REGISTRY (validation)"
"Methacrylonitrile","METHACRYLONITRILE","STANDARDIZE NAME (Normalized)"
"Methacrylonitrile","METHACRYLONITRILE","SYSTEMATIC NAME"
"Methacrylonitrile","METHACRYLONITRILE","CST.STD.POLLUTANT"
"Methacrylonitrile","METHACRYLONITRILE","CST.POLLUTANT"
"Deltamethrin","DELTAMETHRIN","ATTAINS.PARAMETER"
"Deltamethrin","DELTAMETHRIN","STANDARDIZE NAME (Normalized)"
"Deltamethrin","DELTAMETHRIN","WQX SYNONYM REGISTRY (validation)"
"Benzo[g,h,i]perylene","BENZO[G,H,I]PERYLENE IN SEDIMENT","ATTAINS.PARAMETER"
"General observation (text)","ORGANIC ENRICHMENT","ATTAINS.PARAMETER"
"Hexachlorocyclopentadiene","HEXACHLOROCYCLOPENTADIENE IN FISH TISSUE","WQX SYNONYM REGISTRY (validation)"
"Hexachlorocyclopentadiene","HEXACHLOROCYCLOPENTADIENE IN FISH TISSUE","ATTAINS.PARAMETER"
"Coal tar","COAL TAR","ATTAINS.PARAMETER"
"Coal tar","COAL TAR","WQX SYNONYM REGISTRY (validation)"
"Coal tar","COAL TAR","SYSTEMATIC NAME"
"Coal tar","COAL TAR","STANDARDIZE NAME (Normalized)"
"Anatoxin","CYANOBACTERIA NEUROTOXIC ANATOXINS","WQX SYNONYM REGISTRY (validation)"
"Anatoxin","CYANOBACTERIA NEUROTOXIC ANATOXINS","ATTAINS.PARAMETER"
"Unnatural floating debris (choice list)","DEBRIS/FLOATABLES/TRASH","ATTAINS.PARAMETER"
"Copper","COPPER IN SEDIMENT","ATTAINS.PARAMETER"
"Copper","COPPER IN SEDIMENT","WQX SYNONYM REGISTRY (validation)"
"Naphthalene","NAPHTHALENE","ATTAINS.PARAMETER"
"Naphthalene","NAPHTHALENE","STANDARDIZE NAME (Normalized)"
"Naphthalene","NAPHTHALENE","SYSTEMATIC NAME"
"Naphthalene","NAPHTHALENE","WQX SYNONYM REGISTRY (validation)"
"Naphthalene","NAPHTHALENE","CST.STD.POLLUTANT"
"Naphthalene","NAPHTHALENE","CST.POLLUTANT"
"Benzoyl chloride","BENZOYL CHLORIDE","ATTAINS.PARAMETER"
"Benzoyl chloride","BENZOYL CHLORIDE","STANDARDIZE NAME (Normalized)"
"Benzoyl chloride","BENZOYL CHLORIDE","WQX SYNONYM REGISTRY (validation)"
"Benzoyl chloride","BENZOYL CHLORIDE","SYSTEMATIC NAME"
"2,4-Dinitrotoluene","2,4-DINITROTOLUENE IN FISH TISSUE","WQX SYNONYM REGISTRY (validation)"
"2,4-Dinitrotoluene","2,4-DINITROTOLUENE IN FISH TISSUE","ATTAINS.PARAMETER"
"p-Dichlorobenzene","P-DICHLOROBENZENE","ATTAINS.PARAMETER"
"p-Dichlorobenzene","P-DICHLOROBENZENE","SYSTEMATIC NAME"
"p-Dichlorobenzene","P-DICHLOROBENZENE","WQX SYNONYM REGISTRY (validation)"
"p-Dichlorobenzene","P-DICHLOROBENZENE","STANDARDIZE NAME (Normalized)"
"Cyazofamid","CYAZOFAMID","ATTAINS.PARAMETER"
"Cyazofamid","CYAZOFAMID","WQX SYNONYM REGISTRY (validation)"
"Cyazofamid","CYAZOFAMID","STANDARDIZE NAME (Normalized)"
"Chloropicrin","CHLOROPICRIN","ATTAINS.PARAMETER"
"Chloropicrin","CHLOROPICRIN","WQX SYNONYM REGISTRY (validation)"
"Chloropicrin","CHLOROPICRIN","STANDARDIZE NAME (Normalized)"
NA,"PERFLUOROHEXANE SULFONIC ACID (PFHxS) IN FISH TISSUE",NA
"Chromium","CHROMIUM","ATTAINS.PARAMETER"
"Chromium","CHROMIUM","STANDARDIZE NAME (Normalized)"
"Chromium","CHROMIUM","SYSTEMATIC NAME"
"Chromium","CHROMIUM","WQX SYNONYM REGISTRY (validation)"
"Chromium","CHROMIUM","CST.STD.POLLUTANT"
"Chromium","CHROMIUM","CST.POLLUTANT"
"Acenaphthene","ACENAPHTHENE IN SEDIMENT","ATTAINS.PARAMETER"
"Sulprofos","SULPROFOS","ATTAINS.PARAMETER"
"Sulprofos","SULPROFOS","SYSTEMATIC NAME"
"Sulprofos","SULPROFOS","STANDARDIZE NAME (Normalized)"
"Sulprofos","SULPROFOS","WQX SYNONYM REGISTRY (validation)"
"Cyfluthrin","CYFLUTHRIN","ATTAINS.PARAMETER"
"Cyfluthrin","CYFLUTHRIN","STANDARDIZE NAME (Normalized)"
"Cyfluthrin","CYFLUTHRIN","WQX SYNONYM REGISTRY (validation)"
"Wastewater relative fluorescence (fWW)","WASTEWATER","ATTAINS.PARAMETER"
"Isophorone","ISOPHORONE","ATTAINS.PARAMETER"
"Isophorone","ISOPHORONE","STANDARDIZE NAME (Normalized)"
"Isophorone","ISOPHORONE","WQX SYNONYM REGISTRY (validation)"
"Isophorone","ISOPHORONE","CST.POLLUTANT"
"Isophorone","ISOPHORONE","CST.STD.POLLUTANT"
"Methanol","METHANOL","ATTAINS.PARAMETER"
"Methanol","METHANOL","SYSTEMATIC NAME"
"Methanol","METHANOL","WQX SYNONYM REGISTRY (validation)"
"Methanol","METHANOL","STANDARDIZE NAME (Normalized)"
"Beta Cypermethrin","CYPERMETHRIN","ATTAINS.PARAMETER"
"Beta Cypermethrin","CYPERMETHRIN","WQX SYNONYM REGISTRY (validation)"
"Beta Cypermethrin","CYPERMETHRIN","RETIRED NAME"
"Beta Cypermethrin","CYPERMETHRIN","SYSTEMATIC NAME"
"Cypermethrin***retired***use Beta Cypermethrin","CYPERMETHRIN","ITIS TAXON SERIAL NUMBER"
"pH","PH, HIGH","WQX SYNONYM REGISTRY (validation)"
"pH","PH, HIGH","ATTAINS.PARAMETER"
"Benzo[b,j,k]fluoranthene","BENZOFLUORANTHENES TOTAL (B+K+J)","WQX SYNONYM REGISTRY (validation)"
"Benzo[b,j,k]fluoranthene","BENZOFLUORANTHENES TOTAL (B+K+J)","ATTAINS.PARAMETER"
"Irvine Index of Biological Integrity","INDEX OF BIOLOGICAL INTEGRITY (IBI)","ATTAINS.PARAMETER"
"Irvine Index of Biological Integrity","INDEX OF BIOLOGICAL INTEGRITY (IBI)","WQX SYNONYM REGISTRY (validation)"
"Tribenuron-methyl","TRIBENURON-METHYL","ATTAINS.PARAMETER"
"Tribenuron-methyl","TRIBENURON-METHYL","STANDARDIZE NAME (Normalized)"
"Tribenuron-methyl","TRIBENURON-METHYL","WQX SYNONYM REGISTRY (validation)"
"Salinity","SALINITY CHANGE DUE TO CHANGE IN FLOW","ATTAINS.PARAMETER"
"o-Dichlorobenzene","O-DICHLOROBENZENE","ATTAINS.PARAMETER"
"o-Dichlorobenzene","O-DICHLOROBENZENE","STANDARDIZE NAME (Normalized)"
"o-Dichlorobenzene","O-DICHLOROBENZENE","WQX SYNONYM REGISTRY (validation)"
"Arsenic","ARSENIC, TRIVALENT, TOTAL","ATTAINS.PARAMETER"
"N-Nitrosodimethylamine","N-NITROSODIMETHYLAMINE","ATTAINS.PARAMETER"
"N-Nitrosodimethylamine","N-NITROSODIMETHYLAMINE","WQX SYNONYM REGISTRY (validation)"
"N-Nitrosodimethylamine","N-NITROSODIMETHYLAMINE","STANDARDIZE NAME (Normalized)"
"N-Nitrosodimethylamine","N-NITROSODIMETHYLAMINE","SYSTEMATIC NAME"
"N-Nitrosodimethylamine","N-NITROSODIMETHYLAMINE","CST.STD.POLLUTANT"
"General observation (text)","HABITAT ASSESSMENT","ATTAINS.PARAMETER"
"Aluminum","ALUMINUM, DISSOLVED","WQX SYNONYM REGISTRY (validation)"
"Aluminum","ALUMINUM, DISSOLVED","ATTAINS.PARAMETER"
"2,4-Dimethylphenol","2,4-DIMETHYLPHENOL IN SEDIMENT","WQX SYNONYM REGISTRY (validation)"
"2,4-Dimethylphenol","2,4-DIMETHYLPHENOL IN SEDIMENT","ATTAINS.PARAMETER"
"Iron","IRON TOTAL RECOVERABLE","ATTAINS.PARAMETER"
"Oxygen-18/Oxygen-16 ratio","OXYGEN-18/OXYGEN-16 RATIO","ATTAINS.PARAMETER"
"Oxygen-18/Oxygen-16 ratio","OXYGEN-18/OXYGEN-16 RATIO","WQX SYNONYM REGISTRY (validation)"
"Oxygen-18/Oxygen-16 ratio","OXYGEN-18/OXYGEN-16 RATIO","STANDARDIZE NAME (Normalized)"
"Imidacloprid-olefin","IMIDACLOPRID-OLEFIN","ATTAINS.PARAMETER"
"Imidacloprid-olefin","IMIDACLOPRID-OLEFIN","WQX SYNONYM REGISTRY (validation)"
"Imidacloprid-olefin","IMIDACLOPRID-OLEFIN","STANDARDIZE NAME (Normalized)"
"Imidacloprid-olefin","IMIDACLOPRID-OLEFIN","SYSTEMATIC NAME"
"Dieldrin","DIELDRIN IN SEDIMENT","ATTAINS.PARAMETER"
"Cyanide, free","CYANIDE (AS FREE CYANIDE)","WQX SYNONYM REGISTRY (validation)"
"Cyanide, free","CYANIDE (AS FREE CYANIDE)","ATTAINS.PARAMETER"
"Captan","CAPTAN","ATTAINS.PARAMETER"
"Captan","CAPTAN","WQX SYNONYM REGISTRY (validation)"
"Captan","CAPTAN","STANDARDIZE NAME (Normalized)"
"Captan","CAPTAN","CST.POLLUTANT"
"Captan","CAPTAN","CST.STD.POLLUTANT"
"Imidacloprid","IMIDACLOPRID GUANIDINE OLEFIN","ATTAINS.PARAMETER"
"Polybrominated diphenyl ethers","POLYBROMINATED DIPHENYL ETHERS IN FISH TISSUE","ATTAINS.PARAMETER"
"Phenanthrene","PHENANTHRENE","ATTAINS.PARAMETER"
"Phenanthrene","PHENANTHRENE","WQX SYNONYM REGISTRY (validation)"
"Phenanthrene","PHENANTHRENE","STANDARDIZE NAME (Normalized)"
"C1-C4 Phenanthrenes","PHENANTHRENE","SYSTEMATIC NAME"
"Phenanthrene","PHENANTHRENE","CST.POLLUTANT"
"Phenanthrene","PHENANTHRENE","CST.STD.POLLUTANT"
"Lanthanum","LANTHANUM","ATTAINS.PARAMETER"
"Lanthanum","LANTHANUM","STANDARDIZE NAME (Normalized)"
"Lanthanum","LANTHANUM","WQX SYNONYM REGISTRY (validation)"
"Lanthanum","LANTHANUM","SYSTEMATIC NAME"
"N-Nitrosodi-n-butylamine","NITRODIBUTYLAMINE,N","WQX SYNONYM REGISTRY (validation)"
"N-Nitrosodi-n-butylamine","NITRODIBUTYLAMINE,N","ATTAINS.PARAMETER"
".beta.-Endosulfan","BETA-ENDOSULFAN (ENDOSULFAN 2) IN FISH TISSUE","ATTAINS.PARAMETER"
".beta.-Endosulfan","BETA-ENDOSULFAN (ENDOSULFAN 2) IN FISH TISSUE","WQX SYNONYM REGISTRY (validation)"
"Arsenic","ARSENIC IN SEDIMENT","ATTAINS.PARAMETER"
"Arsenic","ARSENIC IN SEDIMENT","WQX SYNONYM REGISTRY (validation)"
"Chlorinated phenols","CHLORINATED PHENOLS","ATTAINS.PARAMETER"
"Chlorinated phenols","CHLORINATED PHENOLS","STANDARDIZE NAME (Normalized)"
"Chlorinated phenols","CHLORINATED PHENOLS","WQX SYNONYM REGISTRY (validation)"
"Chloramben","CHLORAMBEN","ATTAINS.PARAMETER"
"Chloramben","CHLORAMBEN","WQX SYNONYM REGISTRY (validation)"
"Chloramben","CHLORAMBEN","STANDARDIZE NAME (Normalized)"
"Chloramben","CHLORAMBEN","CST.POLLUTANT"
"Chloramben","CHLORAMBEN","CST.STD.POLLUTANT"
"Selenium","SELENIUM, TOTAL","ATTAINS.PARAMETER"
"Selenium","SELENIUM, TOTAL","WQX SYNONYM REGISTRY (validation)"
"Acetamiprid","ACETAMIPRID","ATTAINS.PARAMETER"
"Acetamiprid","ACETAMIPRID","STANDARDIZE NAME (Normalized)"
"Acetamiprid","ACETAMIPRID","SYSTEMATIC NAME"
"Acetamiprid","ACETAMIPRID","WQX SYNONYM REGISTRY (validation)"
"Di(2-ethylhexyl) phthalate","BIS(2-ETHYLHEXYL) PHTHALATE","ATTAINS.PARAMETER"
"Di(2-ethylhexyl) phthalate","BIS(2-ETHYLHEXYL) PHTHALATE","WQX SYNONYM REGISTRY (validation)"
"Di(2-ethylhexyl) phthalate","BIS(2-ETHYLHEXYL) PHTHALATE","RETIRED NAME"
"Di(2-ethylhexyl) phthalate","BIS(2-ETHYLHEXYL) PHTHALATE","SYSTEMATIC NAME"
"Di(2-ethylhexyl) phthalate","BIS(2-ETHYLHEXYL) PHTHALATE","CST.STD.POLLUTANT"
"Di(2-ethylhexyl) phthalate","BIS(2-ETHYLHEXYL) PHTHALATE","CST.POLLUTANT"
"Trichloroethane","TRICHLORINATED ETHANES","ATTAINS.PARAMETER"
"Trichloroethane","TRICHLORINATED ETHANES","CST.STD.POLLUTANT"
"Trichloroethane","TRICHLORINATED ETHANES","CST.POLLUTANT"
"Trichloroethane","TRICHLORINATED ETHANES","WQX SYNONYM REGISTRY (validation)"
"Acrylamide","ACRYLAMIDE","ATTAINS.PARAMETER"
"Acrylamide","ACRYLAMIDE","STANDARDIZE NAME (Normalized)"
"Acrylamide","ACRYLAMIDE","WQX SYNONYM REGISTRY (validation)"
"Acrylamide","ACRYLAMIDE","CST.STD.POLLUTANT"
"Acrylamide","ACRYLAMIDE","CST.POLLUTANT"
"Dibromomethane","METHYLENE BROMIDE","ATTAINS.PARAMETER"
"Dibromomethane","METHYLENE BROMIDE","WQX SYNONYM REGISTRY (validation)"
"Toxicity sediment survival","SEDIMENT TOXICITY","ATTAINS.PARAMETER"
"Toxicity sediment survival","SEDIMENT TOXICITY","WQX SYNONYM REGISTRY (validation)"
"Napropamide","NAPROPAMIDE","ATTAINS.PARAMETER"
"Napropamide","NAPROPAMIDE","WQX SYNONYM REGISTRY (validation)"
"Napropamide","NAPROPAMIDE","STANDARDIZE NAME (Normalized)"
"Cadmium","CADMIUM, TOTAL","ATTAINS.PARAMETER"
"Cadmium","CADMIUM, TOTAL","WQX SYNONYM REGISTRY (validation)"
"Dinotefuran","DINOTEFURAN","ATTAINS.PARAMETER"
"Dinotefuran","DINOTEFURAN","WQX SYNONYM REGISTRY (validation)"
"Dinotefuran","DINOTEFURAN","SYSTEMATIC NAME"
"Dinotefuran","DINOTEFURAN","STANDARDIZE NAME (Normalized)"
"Scum (Y/N) (choice list)","SCUM/FOAM","ATTAINS.PARAMETER"
"1,2-Bis(2-chloroethoxy)ethane","TRIETHYLENE GLYCOL DICHLORIDE","WQX SYNONYM REGISTRY (validation)"
"1,2-Bis(2-chloroethoxy)ethane","TRIETHYLENE GLYCOL DICHLORIDE","ATTAINS.PARAMETER"
"Dieldrin","DIELDRIN IN FISH TISSUE","ATTAINS.PARAMETER"
"cis-Chlordane","CHRORDANE","ATTAINS.PARAMETER"
"Fluorescent dissolved organic matter (FDOM)","FLUORESCENT DISSOLVED ORGANIC MATTER (FDOM)","ATTAINS.PARAMETER"
"Fluorescent dissolved organic matter (FDOM)","FLUORESCENT DISSOLVED ORGANIC MATTER (FDOM)","WQX SYNONYM REGISTRY (validation)"
"Fluorescent dissolved organic matter (FDOM)","FLUORESCENT DISSOLVED ORGANIC MATTER (FDOM)","STANDARDIZE NAME (Normalized)"
"1,2,4-Trichlorobenzene","1,2,4-TRICHLOROBENZENE IN FISH TISSUE","ATTAINS.PARAMETER"
"Fluvalinate","FLUVALINATE","ATTAINS.PARAMETER"
"Fluvalinate","FLUVALINATE","STANDARDIZE NAME (Normalized)"
"Fluvalinate","FLUVALINATE","WQX SYNONYM REGISTRY (validation)"
"Endosulfan sulfate","ENDOSULFAN SULFATE IN FISH TISSUE","ATTAINS.PARAMETER"
"Endosulfan sulfate","ENDOSULFAN SULFATE IN FISH TISSUE","WQX SYNONYM REGISTRY (validation)"
"Cadmium","CADMIUM","ATTAINS.PARAMETER"
"Cadmium","CADMIUM","SYSTEMATIC NAME"
"Cadmium","CADMIUM","WQX SYNONYM REGISTRY (validation)"
"Cadmium","CADMIUM","STANDARDIZE NAME (Normalized)"
"Cadmium","CADMIUM","CST.STD.POLLUTANT"
"Cadmium","CADMIUM","CST.POLLUTANT"
"Isosafrole","ISOSAFROLE","ATTAINS.PARAMETER"
"Isosafrole","ISOSAFROLE","STANDARDIZE NAME (Normalized)"
"Isosafrole","ISOSAFROLE","WQX SYNONYM REGISTRY (validation)"
"Soil Saturation Evidence: Dry season water table (choice list)","DEWATERING","ATTAINS.PARAMETER"
"2,4-Dichlorophenol","2,4-DICHLOROPHENOL","ATTAINS.PARAMETER"
"2,4-Dichlorophenol","2,4-DICHLOROPHENOL","WQX SYNONYM REGISTRY (validation)"
"2,4-Dichlorophenol","2,4-DICHLOROPHENOL","STANDARDIZE NAME (Normalized)"
"2,4-Dichlorophenol","2,4-DICHLOROPHENOL","CST.POLLUTANT"
"2,4-Dichlorophenol","2,4-DICHLOROPHENOL","CST.STD.POLLUTANT"
".lambda.-Cyhalothrin","LAMDA-CYHALOTHRIN","ATTAINS.PARAMETER"
".lambda.-Cyhalothrin","LAMDA-CYHALOTHRIN","WQX SYNONYM REGISTRY (validation)"
"Arsenic","ARSENIC, DISSOLVED","ATTAINS.PARAMETER"
"Arsenic","ARSENIC, DISSOLVED","WQX SYNONYM REGISTRY (validation)"
"Nitroglycerin","NITROGLYCERIN","ATTAINS.PARAMETER"
"Nitroglycerin","NITROGLYCERIN","WQX SYNONYM REGISTRY (validation)"
"Nitroglycerin","NITROGLYCERIN","STANDARDIZE NAME (Normalized)"
"Tetraconazole","TETRACONAZOLE","ATTAINS.PARAMETER"
"Tetraconazole","TETRACONAZOLE","WQX SYNONYM REGISTRY (validation)"
"Tetraconazole","TETRACONAZOLE","STANDARDIZE NAME (Normalized)"
"2,6-Dimethylnaphthalene","2,6-DIMETHYLNAPHTHALENE","ATTAINS.PARAMETER"
"2,6-Dimethylnaphthalene","2,6-DIMETHYLNAPHTHALENE","WQX SYNONYM REGISTRY (validation)"
"2,6-Dimethylnaphthalene","2,6-DIMETHYLNAPHTHALENE","STANDARDIZE NAME (Normalized)"
"General observation (text)","OIL AND FLOATING SUBSTANCES","ATTAINS.PARAMETER"
"Acetaminophen","ACETAMINOPHEN","ATTAINS.PARAMETER"
"Acetaminophen","ACETAMINOPHEN","WQX SYNONYM REGISTRY (validation)"
"Acetaminophen","ACETAMINOPHEN","STANDARDIZE NAME (Normalized)"
"Imidacloprid","IMIDACLOPRID","ATTAINS.PARAMETER"
"Imidacloprid","IMIDACLOPRID","STANDARDIZE NAME (Normalized)"
"Imidacloprid","IMIDACLOPRID","WQX SYNONYM REGISTRY (validation)"
"Imidacloprid","IMIDACLOPRID","CST.POLLUTANT"
"Imidacloprid","IMIDACLOPRID","CST.STD.POLLUTANT"
"Fenamidone","FENAMIDONE","ATTAINS.PARAMETER"
"Fenamidone","FENAMIDONE","WQX SYNONYM REGISTRY (validation)"
"Fenamidone","FENAMIDONE","STANDARDIZE NAME (Normalized)"
"Benthic macroinvertebrate community","COMBINATION BENTHIC/FISHES BIOASSESSMENTS","ATTAINS.PARAMETER"
"Tide stage (text)","BROWN TIDE","ATTAINS.PARAMETER"
"Butylbenzene","BUTYLBENZENE","ATTAINS.PARAMETER"
"Butylbenzene","BUTYLBENZENE","WQX SYNONYM REGISTRY (validation)"
"Butylbenzene","BUTYLBENZENE","STANDARDIZE NAME (Normalized)"
"Irvine Index of Biological Integrity","CAUSE UNKNOWN","ATTAINS.PARAMETER"
"Flow","FLOW REGIME MODIFICATION","ATTAINS.PARAMETER"
"Coal","COAL ASH","ATTAINS.PARAMETER"
"Coal","COAL ASH","WQX SYNONYM REGISTRY (validation)"
"4,4'-Isopropylidenediphenol","4,4'-ISOPROPYLIDENEDIPHENOL","ATTAINS.PARAMETER"
"4,4'-Isopropylidenediphenol","4,4'-ISOPROPYLIDENEDIPHENOL","SYSTEMATIC NAME"
"4,4'-Isopropylidenediphenol","4,4'-ISOPROPYLIDENEDIPHENOL","STANDARDIZE NAME (Normalized)"
"4,4'-Isopropylidenediphenol","4,4'-ISOPROPYLIDENEDIPHENOL","WQX SYNONYM REGISTRY (validation)"
"Oxadiazon","OXADIAZON","ATTAINS.PARAMETER"
"Oxadiazon","OXADIAZON","STANDARDIZE NAME (Normalized)"
"Oxadiazon","OXADIAZON","WQX SYNONYM REGISTRY (validation)"
"cis-1,2-Dichloroethylene","CIS-1,2-DICHLOROETHYLENE","ATTAINS.PARAMETER"
"cis-1,2-Dichloroethylene","CIS-1,2-DICHLOROETHYLENE","STANDARDIZE NAME (Normalized)"
"cis-1,2-Dichloroethylene","CIS-1,2-DICHLOROETHYLENE","WQX SYNONYM REGISTRY (validation)"
"Copper","COPPER, TOTAL","WQX SYNONYM REGISTRY (validation)"
"Copper","COPPER, TOTAL","ATTAINS.PARAMETER"
"Indeno[1,2,3-cd]pyrene","INDENO[1,2,3-CD]PYRENE IN SEDIMENT","ATTAINS.PARAMETER"
"Titanium","TITANIUM","ATTAINS.PARAMETER"
"Titanium","TITANIUM","WQX SYNONYM REGISTRY (validation)"
"Titanium","TITANIUM","SYSTEMATIC NAME"
"Titanium","TITANIUM","STANDARDIZE NAME (Normalized)"
"Styrene oxide","STYRENE OXIDE","ATTAINS.PARAMETER"
"Styrene oxide","STYRENE OXIDE","WQX SYNONYM REGISTRY (validation)"
"Styrene oxide","STYRENE OXIDE","STANDARDIZE NAME (Normalized)"
"Pyrene","PYRENE","ATTAINS.PARAMETER"
"Pyrene","PYRENE","STANDARDIZE NAME (Normalized)"
"Pyrene","PYRENE","SYSTEMATIC NAME"
"Pyrene","PYRENE","WQX SYNONYM REGISTRY (validation)"
"Pyrene","PYRENE","CST.POLLUTANT"
"Pyrene","PYRENE","CST.STD.POLLUTANT"
"Dichlobenil","DICHLOBENIL","ATTAINS.PARAMETER"
"Dichlobenil","DICHLOBENIL","STANDARDIZE NAME (Normalized)"
"Dichlobenil","DICHLOBENIL","WQX SYNONYM REGISTRY (validation)"
"Chlorthal-Monomethyl","CHLORTHAL-MONOMETHYL","ATTAINS.PARAMETER"
"Chlorthal-Monomethyl","CHLORTHAL-MONOMETHYL","WQX SYNONYM REGISTRY (validation)"
"Chlorthal-Monomethyl","CHLORTHAL-MONOMETHYL","STANDARDIZE NAME (Normalized)"
"1,1-Dichloroethane","1,1-DICHLOROETHANE","ATTAINS.PARAMETER"
"1,1-Dichloroethane","1,1-DICHLOROETHANE","SYSTEMATIC NAME"
"1,1-Dichloroethane","1,1-DICHLOROETHANE","STANDARDIZE NAME (Normalized)"
"1,1-Dichloroethane","1,1-DICHLOROETHANE","WQX SYNONYM REGISTRY (validation)"
"1,1-Dichloroethane","1,1-DICHLOROETHANE","CST.POLLUTANT"
"1,1-Dichloroethane","1,1-DICHLOROETHANE","CST.STD.POLLUTANT"
"Algal growth potential","ALGAL TOXINS","ATTAINS.PARAMETER"
"Phenol","PHENOL","ATTAINS.PARAMETER"
"Phenol","PHENOL","WQX SYNONYM REGISTRY (validation)"
"Phenol","PHENOL","STANDARDIZE NAME (Normalized)"
"Phenol","PHENOL","SYSTEMATIC NAME"
"Phenol","PHENOL","CST.POLLUTANT"
"Phenol","PHENOL","CST.STD.POLLUTANT"
"Methyl ethyl ketone","METHYL ETHYL KETONE","ATTAINS.PARAMETER"
"Methyl ethyl ketone","METHYL ETHYL KETONE","STANDARDIZE NAME (Normalized)"
"Methyl ethyl ketone","METHYL ETHYL KETONE","WQX SYNONYM REGISTRY (validation)"
"Methyl ethyl ketone","METHYL ETHYL KETONE","CST.POLLUTANT"
"Fenamiphos","FENAMIPHOS","ATTAINS.PARAMETER"
"Fenamiphos","FENAMIPHOS","STANDARDIZE NAME (Normalized)"
"Fenamiphos","FENAMIPHOS","WQX SYNONYM REGISTRY (validation)"
"Fenamiphos","FENAMIPHOS","CST.STD.POLLUTANT"
"Fenamiphos","FENAMIPHOS","CST.POLLUTANT"
"Trophic State (choice list)","TROPHIC STATE INDEX (TSI)","ATTAINS.PARAMETER"
"o-Toluidine hydrochloride","O-TOLUIDINE HYDROCHLORIDE","ATTAINS.PARAMETER"
"o-Toluidine hydrochloride","O-TOLUIDINE HYDROCHLORIDE","SYSTEMATIC NAME"
"o-Toluidine hydrochloride","O-TOLUIDINE HYDROCHLORIDE","STANDARDIZE NAME (Normalized)"
"o-Toluidine hydrochloride","O-TOLUIDINE HYDROCHLORIDE","WQX SYNONYM REGISTRY (validation)"
"Methyl tert-butyl ether","MTBE","ATTAINS.PARAMETER"
"Methyl tert-butyl ether","MTBE","WQX SYNONYM REGISTRY (validation)"
"Butyl benzyl phthalate","BUTYL BENZYL PHTHALATE IN FISH TISSUE","ATTAINS.PARAMETER"
"General observation (text)","EUTROPHICATION, NUTRIENTS","ATTAINS.PARAMETER"
"Polycyclic aromatic hydrocarbons","HIGH MOLECULAR WEIGHT POLYCYCLIC AROMATIC HYDROCARBONS (HMW PAHS)","WQX SYNONYM REGISTRY (validation)"
"Polycyclic aromatic hydrocarbons","HIGH MOLECULAR WEIGHT POLYCYCLIC AROMATIC HYDROCARBONS (HMW PAHS)","ATTAINS.PARAMETER"
"Nickel","NICKEL IN FISH TISSUE","WQX SYNONYM REGISTRY (validation)"
"Nickel","NICKEL IN FISH TISSUE","ATTAINS.PARAMETER"
"Thiourea","THIOUREA","ATTAINS.PARAMETER"
"Thiourea","THIOUREA","WQX SYNONYM REGISTRY (validation)"
"Thiourea","THIOUREA","SYSTEMATIC NAME"
"Thiourea","THIOUREA","STANDARDIZE NAME (Normalized)"
"CFC-11","TRICHLOROFLUOROMETHANE (CFC-11)","ATTAINS.PARAMETER"
"CFC-11","TRICHLOROFLUOROMETHANE (CFC-11)","WQX SYNONYM REGISTRY (validation)"
"Dissolved oxygen (DO)","DISSOLVED OXYGEN - PRIMARY","WQX SYNONYM REGISTRY (validation)"
"Dissolved oxygen (DO)","DISSOLVED OXYGEN - PRIMARY","ATTAINS.PARAMETER"
"Polychlorinated biphenyls","PCBS IN SEDIMENT","ATTAINS.PARAMETER"
"Bis(2-chloro-1-methylethyl) ether","2,2'-DICHLORODIISOPROPYL ETHER","WQX SYNONYM REGISTRY (validation)"
"Bis(2-chloro-1-methylethyl) ether","2,2'-DICHLORODIISOPROPYL ETHER","ATTAINS.PARAMETER"
"1,2,4-Trichlorobenzene","1,2,4-TRICHLOROBENZENE IN SEDIMENT","ATTAINS.PARAMETER"
"Chlorinated dibenzofurans","CHLORINATED DIBENZOFURANS","ATTAINS.PARAMETER"
"Chlorinated dibenzofurans","CHLORINATED DIBENZOFURANS","STANDARDIZE NAME (Normalized)"
"Chlorinated dibenzofurans","CHLORINATED DIBENZOFURANS","WQX SYNONYM REGISTRY (validation)"
"2,4,6-Trichlorophenol","2,4,6-TRICHLOROPHENOL","ATTAINS.PARAMETER"
"2,4,6-Trichlorophenol","2,4,6-TRICHLOROPHENOL","STANDARDIZE NAME (Normalized)"
"2,4,6-Trichlorophenol","2,4,6-TRICHLOROPHENOL","WQX SYNONYM REGISTRY (validation)"
"2,4,6-Trichlorophenol","2,4,6-TRICHLOROPHENOL","SYSTEMATIC NAME"
"2,4,6-Trichlorophenol","2,4,6-TRICHLOROPHENOL","CST.POLLUTANT"
"Benzo[a]pyrene","BENZO[A]PYRENE (PAHS)","ATTAINS.PARAMETER"
"Benzo[a]pyrene","BENZO[A]PYRENE (PAHS)","WQX SYNONYM REGISTRY (validation)"
"Beryllium","BERYLLIUM","ATTAINS.PARAMETER"
"Beryllium","BERYLLIUM","SYSTEMATIC NAME"
"Beryllium","BERYLLIUM","WQX SYNONYM REGISTRY (validation)"
"Beryllium","BERYLLIUM","STANDARDIZE NAME (Normalized)"
"Beryllium","BERYLLIUM","CST.STD.POLLUTANT"
"Beryllium","BERYLLIUM","CST.POLLUTANT"
"Dioxathion","DIOXATHION","ATTAINS.PARAMETER"
"Dioxathion","DIOXATHION","WQX SYNONYM REGISTRY (validation)"
"Dioxathion","DIOXATHION","STANDARDIZE NAME (Normalized)"
"Silver","SILVER","ATTAINS.PARAMETER"
"Silver","SILVER","SYSTEMATIC NAME"
"Silver","SILVER","STANDARDIZE NAME (Normalized)"
"Silver","SILVER","WQX SYNONYM REGISTRY (validation)"
"Silver","SILVER","CST.POLLUTANT"
"Silver","SILVER","CST.STD.POLLUTANT"
"Imidacloprid-urea","IMIDACLOPRID-UREA","ATTAINS.PARAMETER"
"Imidacloprid-urea","IMIDACLOPRID-UREA","WQX SYNONYM REGISTRY (validation)"
"Imidacloprid-urea","IMIDACLOPRID-UREA","STANDARDIZE NAME (Normalized)"
"Imidacloprid-urea","IMIDACLOPRID-UREA","SYSTEMATIC NAME"
"m-Dinitrobenzene","M-DINITROBENZENE","ATTAINS.PARAMETER"
"m-Dinitrobenzene","M-DINITROBENZENE","STANDARDIZE NAME (Normalized)"
"m-Dinitrobenzene","M-DINITROBENZENE","WQX SYNONYM REGISTRY (validation)"
"Propoxur","PROPOXUR","ATTAINS.PARAMETER"
"Propoxur","PROPOXUR","WQX SYNONYM REGISTRY (validation)"
"Propoxur","PROPOXUR","STANDARDIZE NAME (Normalized)"
"Propoxur","PROPOXUR","CST.POLLUTANT"
"Propoxur","PROPOXUR","CST.STD.POLLUTANT"
"Diflubenzuron","DIFLUBENZURON","ATTAINS.PARAMETER"
"Diflubenzuron","DIFLUBENZURON","SYSTEMATIC NAME"
"Diflubenzuron","DIFLUBENZURON","STANDARDIZE NAME (Normalized)"
"Diflubenzuron","DIFLUBENZURON","WQX SYNONYM REGISTRY (validation)"
"2,3,7,8-Tetrachlorodibenzo-p-dioxin","DIOXIN (INCLUDING 2,3,7,8-TCDD)","WQX SYNONYM REGISTRY (validation)"
"2,3,7,8-Tetrachlorodibenzo-p-dioxin","DIOXIN (INCLUDING 2,3,7,8-TCDD)","ATTAINS.PARAMETER"
"Salinity","SALINITY/TOTAL DISSOLVED SOLIDS/CHLORIDES","ATTAINS.PARAMETER"
"Silicate","SILICATE","ATTAINS.PARAMETER"
"Silicate","SILICATE","WQX SYNONYM REGISTRY (validation)"
"Silicate","SILICATE","STANDARDIZE NAME (Normalized)"
"Silicate","SILICATE","SYSTEMATIC NAME"
"Chromium","CHROMIUM IN FISH TISSUE","WQX SYNONYM REGISTRY (validation)"
"Chromium","CHROMIUM IN FISH TISSUE","ATTAINS.PARAMETER"
"Lindane","LINDANE","ATTAINS.PARAMETER"
"Lindane","LINDANE","STANDARDIZE NAME (Normalized)"
"Lindane","LINDANE","WQX SYNONYM REGISTRY (validation)"
"Propazine","PROPAZINE","ATTAINS.PARAMETER"
"Propazine","PROPAZINE","WQX SYNONYM REGISTRY (validation)"
"Propazine","PROPAZINE","STANDARDIZE NAME (Normalized)"
"Propazine","PROPAZINE","CST.POLLUTANT"
"Propazine","PROPAZINE","CST.STD.POLLUTANT"
"Chromium","CHROMIUM, HEXAVALENT, DISSOLVED","ATTAINS.PARAMETER"
"Chlorfenapyr","CHLORFENAPYR","ATTAINS.PARAMETER"
"Chlorfenapyr","CHLORFENAPYR","STANDARDIZE NAME (Normalized)"
"Chlorfenapyr","CHLORFENAPYR","WQX SYNONYM REGISTRY (validation)"
"2-Methylpyridine","2-METHYLPYRIDINE","ATTAINS.PARAMETER"
"2-Methylpyridine","2-METHYLPYRIDINE","WQX SYNONYM REGISTRY (validation)"
"2-Methylpyridine","2-METHYLPYRIDINE","SYSTEMATIC NAME"
"2-Methylpyridine","2-METHYLPYRIDINE","STANDARDIZE NAME (Normalized)"
"Carbophenothion","CARBOPHENOTHION","ATTAINS.PARAMETER"
"Carbophenothion","CARBOPHENOTHION","STANDARDIZE NAME (Normalized)"
"Carbophenothion","CARBOPHENOTHION","WQX SYNONYM REGISTRY (validation)"
"Carbophenothion","CARBOPHENOTHION","SYSTEMATIC NAME"
"2,3,7,8-Tetrachlorodibenzo-p-dioxin","DIOXIN IN FISH TISSUE","ATTAINS.PARAMETER"
"Chlordane","CHLORDANE IN SEDIMENT","ATTAINS.PARAMETER"
"Chlordane","CHLORDANE IN SEDIMENT","WQX SYNONYM REGISTRY (validation)"
"Water","WATER CHESTNUT","ATTAINS.PARAMETER"
"Pyridine","PYRIDINE","ATTAINS.PARAMETER"
"Pyridine","PYRIDINE","SYSTEMATIC NAME"
"Pyridine","PYRIDINE","STANDARDIZE NAME (Normalized)"
"Pyridine","PYRIDINE","WQX SYNONYM REGISTRY (validation)"
"Pyridine","PYRIDINE","CST.STD.POLLUTANT"
"Pyridine","PYRIDINE","CST.POLLUTANT"
"p-Cresol","4-METHYLPHENOL IN SEDIMENT","WQX SYNONYM REGISTRY (validation)"
"p-Cresol","4-METHYLPHENOL IN SEDIMENT","ATTAINS.PARAMETER"
"Carbon","CARBON","ATTAINS.PARAMETER"
"Carbon","CARBON","STANDARDIZE NAME (Normalized)"
"Carbon","CARBON","WQX SYNONYM REGISTRY (validation)"
"Organic carbon","CARBON","SYSTEMATIC NAME"
"BDE-003","4-BROMOPHENYLPHENYL ETHER","ATTAINS.PARAMETER"
"BDE-003","4-BROMOPHENYLPHENYL ETHER","WQX SYNONYM REGISTRY (validation)"
"Methylene chloride","DICHLOROMETHANE","ATTAINS.PARAMETER"
"Methylene chloride","DICHLOROMETHANE","WQX SYNONYM REGISTRY (validation)"
"Methylene chloride","DICHLOROMETHANE","CST.POLLUTANT"
"Oxyfluorfen","OXYFLUORFEN","ATTAINS.PARAMETER"
"Oxyfluorfen","OXYFLUORFEN","STANDARDIZE NAME (Normalized)"
"Oxyfluorfen","OXYFLUORFEN","WQX SYNONYM REGISTRY (validation)"
"Nitrate","NITROGEN, NITRATE","WQX SYNONYM REGISTRY (validation)"
"Nitrate","NITROGEN, NITRATE","ATTAINS.PARAMETER"
"N-Nitroso-N-ethylurea","N-NITROSO-N-ETHYLUREA","ATTAINS.PARAMETER"
"N-Nitroso-N-ethylurea","N-NITROSO-N-ETHYLUREA","STANDARDIZE NAME (Normalized)"
"N-Nitroso-N-ethylurea","N-NITROSO-N-ETHYLUREA","WQX SYNONYM REGISTRY (validation)"
"Chromium","CHROMIUM - ACUTE","ATTAINS.PARAMETER"
"Chromium","CHROMIUM - ACUTE","WQX SYNONYM REGISTRY (validation)"
"4-Aminobiphenyl","4-AMINOBIPHENYL","ATTAINS.PARAMETER"
"4-Aminobiphenyl","4-AMINOBIPHENYL","STANDARDIZE NAME (Normalized)"
"4-Aminobiphenyl","4-AMINOBIPHENYL","WQX SYNONYM REGISTRY (validation)"
"4-Aminobiphenyl","4-AMINOBIPHENYL","SYSTEMATIC NAME"
"4-Aminobiphenyl","4-AMINOBIPHENYL","CST.POLLUTANT"
"4-Aminobiphenyl","4-AMINOBIPHENYL","CST.STD.POLLUTANT"
"Creosote","CREOSOTE","ATTAINS.PARAMETER"
"Creosote","CREOSOTE","STANDARDIZE NAME (Normalized)"
"Creosote","CREOSOTE","SYSTEMATIC NAME"
"Creosote","CREOSOTE","WQX SYNONYM REGISTRY (validation)"
"Iron","IRON, TOTAL","WQX SYNONYM REGISTRY (validation)"
"Iron","IRON, TOTAL","ATTAINS.PARAMETER"
"1-Methylnaphthalene","1-METHYLNAPHTHALENE","ATTAINS.PARAMETER"
"1-Methylnaphthalene","1-METHYLNAPHTHALENE","WQX SYNONYM REGISTRY (validation)"
"1-Methylnaphthalene","1-METHYLNAPHTHALENE","STANDARDIZE NAME (Normalized)"
"Macroinvertebrates","BENTHIC MACROINVERTEBRATES","ATTAINS.PARAMETER"
"1,2,3-Trichlorobenzene","1,2,3-TRICHLOROBENZENE","ATTAINS.PARAMETER"
"1,2,3-Trichlorobenzene","1,2,3-TRICHLOROBENZENE","WQX SYNONYM REGISTRY (validation)"
"1,2,3-Trichlorobenzene","1,2,3-TRICHLOROBENZENE","STANDARDIZE NAME (Normalized)"
"2-Chloro-4-isopropylamino-6-amino-s-triazine","DEETHYLATRAZINE","ATTAINS.PARAMETER"
"2-Chloro-4-isopropylamino-6-amino-s-triazine","DEETHYLATRAZINE","WQX SYNONYM REGISTRY (validation)"
"Nicosulfuron","NICOSULFURON","ATTAINS.PARAMETER"
"Nicosulfuron","NICOSULFURON","STANDARDIZE NAME (Normalized)"
"Nicosulfuron","NICOSULFURON","WQX SYNONYM REGISTRY (validation)"
"Nicosulfuron","NICOSULFURON","CST.STD.POLLUTANT"
"Nicosulfuron","NICOSULFURON","CST.POLLUTANT"
"N,N-Diethyl-m-toluamide","N,N-DIETHYL-M-TOLUAMIDE","ATTAINS.PARAMETER"
"N,N-Diethyl-m-toluamide","N,N-DIETHYL-M-TOLUAMIDE","WQX SYNONYM REGISTRY (validation)"
"N,N-Diethyl-m-toluamide","N,N-DIETHYL-M-TOLUAMIDE","SYSTEMATIC NAME"
"N,N-Diethyl-m-toluamide","N,N-DIETHYL-M-TOLUAMIDE","STANDARDIZE NAME (Normalized)"
"Di(2-ethylhexyl) phthalate","BISPHTHALATE","ATTAINS.PARAMETER"
"Quinone","QUINONE","ATTAINS.PARAMETER"
"Quinone","QUINONE","WQX SYNONYM REGISTRY (validation)"
"Quinone","QUINONE","STANDARDIZE NAME (Normalized)"
"Plastics","MICROPLASTICS","ATTAINS.PARAMETER"
"Plastics","MICROPLASTICS","WQX SYNONYM REGISTRY (validation)"
"Bismuth","BISMUTH","ATTAINS.PARAMETER"
"Bismuth","BISMUTH","WQX SYNONYM REGISTRY (validation)"
"Bismuth","BISMUTH","SYSTEMATIC NAME"
"Bismuth","BISMUTH","STANDARDIZE NAME (Normalized)"
"General observation (text)","TRASH","ATTAINS.PARAMETER"
"Dissolved oxygen saturation","DISSOLVED OXYGEN SUPERSATURATION","WQX SYNONYM REGISTRY (validation)"
"Dissolved oxygen saturation","DISSOLVED OXYGEN SUPERSATURATION","ATTAINS.PARAMETER"
"Safrole","SAFROLE","ATTAINS.PARAMETER"
"Safrole","SAFROLE","STANDARDIZE NAME (Normalized)"
"Safrole","SAFROLE","WQX SYNONYM REGISTRY (validation)"
"Calcium carbonate","CALCIUM CARBONATE","ATTAINS.PARAMETER"
"Calcium carbonate","CALCIUM CARBONATE","SYSTEMATIC NAME"
"Calcium carbonate","CALCIUM CARBONATE","STANDARDIZE NAME (Normalized)"
"Calcium carbonate","CALCIUM CARBONATE","WQX SYNONYM REGISTRY (validation)"
"Nitrobenzene","NITROBENZENE IN FISH TISSUE","WQX SYNONYM REGISTRY (validation)"
"Nitrobenzene","NITROBENZENE IN FISH TISSUE","ATTAINS.PARAMETER"
"Endrin aldehyde","ENDRIN ALDEHYDE IN FISH TISSUE","WQX SYNONYM REGISTRY (validation)"
"Endrin aldehyde","ENDRIN ALDEHYDE IN FISH TISSUE","ATTAINS.PARAMETER"
"Ammonia-nitrogen","AMMONIA-NITROGEN - CHRONIC NO EARLY LIFE STAGE","ATTAINS.PARAMETER"
"o-Toluidine","O-TOLUIDINE","ATTAINS.PARAMETER"
"o-Toluidine","O-TOLUIDINE","WQX SYNONYM REGISTRY (validation)"
"o-Toluidine","O-TOLUIDINE","STANDARDIZE NAME (Normalized)"
"o-Toluidine","O-TOLUIDINE","CST.STD.POLLUTANT"
"o-Toluidine","O-TOLUIDINE","CST.POLLUTANT"
"Azoxystrobin","AZOXYSTROBIN","ATTAINS.PARAMETER"
"Azoxystrobin","AZOXYSTROBIN","STANDARDIZE NAME (Normalized)"
"Azoxystrobin","AZOXYSTROBIN","WQX SYNONYM REGISTRY (validation)"
"Azoxystrobin","AZOXYSTROBIN","CST.POLLUTANT"
"Azoxystrobin","AZOXYSTROBIN","CST.STD.POLLUTANT"
"Tribufos","TRIBUFOS","ATTAINS.PARAMETER"
"Tribufos","TRIBUFOS","SYSTEMATIC NAME"
"Tribufos","TRIBUFOS","STANDARDIZE NAME (Normalized)"
"Tribufos","TRIBUFOS","WQX SYNONYM REGISTRY (validation)"
"General observation (text)","PAPER SLUDGE","ATTAINS.PARAMETER"
"Acetonitrile","ACETONITRILE","ATTAINS.PARAMETER"
"Acetonitrile","ACETONITRILE","STANDARDIZE NAME (Normalized)"
"Acetonitrile","ACETONITRILE","WQX SYNONYM REGISTRY (validation)"
"Acetonitrile","ACETONITRILE","SYSTEMATIC NAME"
"1,1,1,2-Tetrachloroethane","1,1,1,2-TETRACHLOROETHANE","ATTAINS.PARAMETER"
"1,1,1,2-Tetrachloroethane","1,1,1,2-TETRACHLOROETHANE","STANDARDIZE NAME (Normalized)"
"1,1,1,2-Tetrachloroethane","1,1,1,2-TETRACHLOROETHANE","WQX SYNONYM REGISTRY (validation)"
"1,1,1,2-Tetrachloroethane","1,1,1,2-TETRACHLOROETHANE","SYSTEMATIC NAME"
"1,1,1,2-Tetrachloroethane","1,1,1,2-TETRACHLOROETHANE","CST.POLLUTANT"
"1,1,1,2-Tetrachloroethane","1,1,1,2-TETRACHLOROETHANE","CST.STD.POLLUTANT"
"Algal growth potential","ALGAL/WEED GROWTH","ATTAINS.PARAMETER"
"Fenuron","FENURON","ATTAINS.PARAMETER"
"Fenuron","FENURON","STANDARDIZE NAME (Normalized)"
"Fenuron","FENURON","WQX SYNONYM REGISTRY (validation)"
"Selenium","SELENIUM IN SEDIMENT","ATTAINS.PARAMETER"
"Selenium","SELENIUM IN SEDIMENT","WQX SYNONYM REGISTRY (validation)"
"Zinc","ZINC, DISSOLVED - CHRONIC","ATTAINS.PARAMETER"
"Dimethoate","DIMETHOATE","ATTAINS.PARAMETER"
"Dimethoate","DIMETHOATE","WQX SYNONYM REGISTRY (validation)"
"Dimethoate","DIMETHOATE","STANDARDIZE NAME (Normalized)"
"Fluorene","FLUORENE","ATTAINS.PARAMETER"
"Fluorene","FLUORENE","STANDARDIZE NAME (Normalized)"
"Fluorene","FLUORENE","WQX SYNONYM REGISTRY (validation)"
"Fluorene","FLUORENE","CST.STD.POLLUTANT"
"Fluorene","FLUORENE","CST.POLLUTANT"
"General observation (text)","TRANSPARENCY / CLARITY","ATTAINS.PARAMETER"
"Pyrimethanil","PYRIMETHANIL","ATTAINS.PARAMETER"
"Pyrimethanil","PYRIMETHANIL","STANDARDIZE NAME (Normalized)"
"Pyrimethanil","PYRIMETHANIL","WQX SYNONYM REGISTRY (validation)"
"Tritium","TRITIUM","ATTAINS.PARAMETER"
"Tritium","TRITIUM","WQX SYNONYM REGISTRY (validation)"
"Tritium","TRITIUM","STANDARDIZE NAME (Normalized)"
"Tritium","TRITIUM","SYSTEMATIC NAME"
"Tritium","TRITIUM","CST.POLLUTANT"
"Tritium","TRITIUM","CST.STD.POLLUTANT"
"Strontium","STRONTIUM","ATTAINS.PARAMETER"
"Strontium","STRONTIUM","WQX SYNONYM REGISTRY (validation)"
"Strontium","STRONTIUM","STANDARDIZE NAME (Normalized)"
"Strontium","STRONTIUM","SYSTEMATIC NAME"
"Strontium","STRONTIUM","CST.STD.POLLUTANT"
"Strontium","STRONTIUM","CST.POLLUTANT"
"Azinphos-ethyl","AZINPHOS-ETHYL","ATTAINS.PARAMETER"
"Azinphos-ethyl","AZINPHOS-ETHYL","WQX SYNONYM REGISTRY (validation)"
"Azinphos-ethyl","AZINPHOS-ETHYL","STANDARDIZE NAME (Normalized)"
"Water","EUROPEAN WATER CLOVER","ATTAINS.PARAMETER"
"Osmotic pressure","OSMOTIC PRESSURE","ATTAINS.PARAMETER"
"Osmotic pressure","OSMOTIC PRESSURE","WQX SYNONYM REGISTRY (validation)"
"Osmotic pressure","OSMOTIC PRESSURE","STANDARDIZE NAME (Normalized)"
"Osmotic pressure","OSMOTIC PRESSURE","CST.STD.POLLUTANT"
"Osmotic pressure","OSMOTIC PRESSURE","CST.POLLUTANT"
"Bis(2-chloroethyl) ether","BIS-2-CHLOROETHYL ETHER","WQX SYNONYM REGISTRY (validation)"
"Bis(2-chloroethyl) ether","BIS-2-CHLOROETHYL ETHER","ATTAINS.PARAMETER"
"Dichloroethane","DICHLOROETHANE","ATTAINS.PARAMETER"
"Dichloroethane","DICHLOROETHANE","WQX SYNONYM REGISTRY (validation)"
"Dichloroethane","DICHLOROETHANE","STANDARDIZE NAME (Normalized)"
"Chlorothalonil","CHLOROTHALONIL","ATTAINS.PARAMETER"
"Chlorothalonil","CHLOROTHALONIL","STANDARDIZE NAME (Normalized)"
"Chlorothalonil","CHLOROTHALONIL","WQX SYNONYM REGISTRY (validation)"
"Sediment","SEDIMENT","ATTAINS.PARAMETER"
"Sediment","SEDIMENT","SYSTEMATIC NAME"
"Sediment","SEDIMENT","STANDARDIZE NAME (Normalized)"
"Sediment","SEDIMENT","WQX SYNONYM REGISTRY (validation)"
"Bis(2-chloroisopropyl) ether","BIS(2-CHLOROISOPROPYL) ETHER IN FISH TISSUE","ATTAINS.PARAMETER"
"Bis(2-chloroisopropyl) ether","BIS(2-CHLOROISOPROPYL) ETHER IN FISH TISSUE","WQX SYNONYM REGISTRY (validation)"
"Hydrocarbons","TOTAL AROMATIC HYDROCARBONS","ATTAINS.PARAMETER"
"Famphur","FAMPHUR","ATTAINS.PARAMETER"
"Famphur","FAMPHUR","WQX SYNONYM REGISTRY (validation)"
"Famphur","FAMPHUR","STANDARDIZE NAME (Normalized)"
"Salinity","SALINITY","ATTAINS.PARAMETER"
"Salinity","SALINITY","WQX SYNONYM REGISTRY (validation)"
"Salinity","SALINITY","STANDARDIZE NAME (Normalized)"
"Salinity","SALINITY","CST.STD.POLLUTANT"
"Salinity","SALINITY","CST.POLLUTANT"
"Sulfotep","SULFOTEP","ATTAINS.PARAMETER"
"Sulfotep","SULFOTEP","WQX SYNONYM REGISTRY (validation)"
"Sulfotep","SULFOTEP","STANDARDIZE NAME (Normalized)"
"Sulfotep","SULFOTEP","SYSTEMATIC NAME"
"Zooplankton","NON-NATIVE FISH/SHELLFISH/ZOOPLANKTON","ATTAINS.PARAMETER"
"Resmethrin","RESMETHRIN","ATTAINS.PARAMETER"
"Resmethrin","RESMETHRIN","STANDARDIZE NAME (Normalized)"
"Resmethrin","RESMETHRIN","WQX SYNONYM REGISTRY (validation)"
"General observation (text)","SEA LETTUCE","ATTAINS.PARAMETER"
"Flow","FLOW ALTERATION","ATTAINS.PARAMETER"
"Flow","FLOW ALTERATION","WQX SYNONYM REGISTRY (validation)"
"Toxaphene","TOXAPHENE","ATTAINS.PARAMETER"
"Toxaphene","TOXAPHENE","WQX SYNONYM REGISTRY (validation)"
"Toxaphene","TOXAPHENE","STANDARDIZE NAME (Normalized)"
"Toxaphene","TOXAPHENE","SYSTEMATIC NAME"
"Toxaphene","TOXAPHENE","CST.STD.POLLUTANT"
"Toxaphene","TOXAPHENE","CST.POLLUTANT"
"p,p'-DDD","P,P' DDD","ATTAINS.PARAMETER"
"p,p'-DDD","P,P' DDD","WQX SYNONYM REGISTRY (validation)"
"Secbumeton","SECBUMETON","ATTAINS.PARAMETER"
"Secbumeton","SECBUMETON","STANDARDIZE NAME (Normalized)"
"Secbumeton","SECBUMETON","WQX SYNONYM REGISTRY (validation)"
"Fluazinam","FLUAZINAM","ATTAINS.PARAMETER"
"Fluazinam","FLUAZINAM","STANDARDIZE NAME (Normalized)"
"Fluazinam","FLUAZINAM","WQX SYNONYM REGISTRY (validation)"
"Arsenic, Inorganic","ARSENIC, INORGANIC","ATTAINS.PARAMETER"
"Arsenic","ARSENIC, INORGANIC","SYSTEMATIC NAME"
"Arsenic, Inorganic","ARSENIC, INORGANIC","WQX SYNONYM REGISTRY (validation)"
"Arsenic, Inorganic","ARSENIC, INORGANIC","STANDARDIZE NAME (Normalized)"
"Phenol","BIS(2 ETHYLHEXYL)PHTHALATE AND PHENOL","ATTAINS.PARAMETER"
"Phenanthrene","CONTAMINATED SEDIMENTS (PHENANTHRENE)","ATTAINS.PARAMETER"
"Phenanthrene","CONTAMINATED SEDIMENTS (PHENANTHRENE)","WQX SYNONYM REGISTRY (validation)"
"Vinyl acetate","VINYL ACETATE","ATTAINS.PARAMETER"
"Vinyl acetate","VINYL ACETATE","STANDARDIZE NAME (Normalized)"
"Vinyl acetate","VINYL ACETATE","WQX SYNONYM REGISTRY (validation)"
"Cadmium","CADMIUM, DISSOLVED - CHRONIC","WQX SYNONYM REGISTRY (validation)"
"Cadmium","CADMIUM, DISSOLVED - CHRONIC","ATTAINS.PARAMETER"
"2-Chloro-4-isopropylamino-6-amino-s-triazine","CESETHYLATRAZINE","WQX SYNONYM REGISTRY (validation)"
"2-Chloro-4-isopropylamino-6-amino-s-triazine","CESETHYLATRAZINE","ATTAINS.PARAMETER"
"Sulfur","SULFUR","ATTAINS.PARAMETER"
"Sulfur","SULFUR","WQX SYNONYM REGISTRY (validation)"
"Sulfur","SULFUR","STANDARDIZE NAME (Normalized)"
"Sulfur","SULFUR","SYSTEMATIC NAME"
"Chromium(III)","CHROMIUM, TRIVALENT","ATTAINS.PARAMETER"
"Chromium(III)","CHROMIUM, TRIVALENT","WQX SYNONYM REGISTRY (validation)"
"Chromium(III)","CHROMIUM, TRIVALENT","SYSTEMATIC NAME"
"S-Ethyl dipropylthiocarbamate","EPTC","ATTAINS.PARAMETER"
"S-Ethyl dipropylthiocarbamate","EPTC","RETIRED NAME"
"S-Ethyl dipropylthiocarbamate","EPTC","WQX SYNONYM REGISTRY (validation)"
"Terbufos","TERBUFOS","ATTAINS.PARAMETER"
"Terbufos","TERBUFOS","STANDARDIZE NAME (Normalized)"
"Terbufos","TERBUFOS","WQX SYNONYM REGISTRY (validation)"
"Terbufos","TERBUFOS","CST.POLLUTANT"
"Terbufos","TERBUFOS","CST.STD.POLLUTANT"
"Potassium","POTASSIUM","ATTAINS.PARAMETER"
"Potassium","POTASSIUM","SYSTEMATIC NAME"
"Potassium","POTASSIUM","WQX SYNONYM REGISTRY (validation)"
"Potassium","POTASSIUM","STANDARDIZE NAME (Normalized)"
"Potassium","POTASSIUM","CST.STD.POLLUTANT"
"Potassium","POTASSIUM","CST.POLLUTANT"
"Acibenzolar-S-methyl","ACIBENZOLAR-S-METHYL","ATTAINS.PARAMETER"
"Acibenzolar-S-methyl","ACIBENZOLAR-S-METHYL","STANDARDIZE NAME (Normalized)"
"Acibenzolar-S-methyl","ACIBENZOLAR-S-METHYL","WQX SYNONYM REGISTRY (validation)"
"Acibenzolar-S-methyl","ACIBENZOLAR-S-METHYL","SYSTEMATIC NAME"
"General observation (text)","RESTRICTED PASSAGE","ATTAINS.PARAMETER"
"Nitrite","NITRITE","ATTAINS.PARAMETER"
"Nitrite","NITRITE","SYSTEMATIC NAME"
"Nitrite","NITRITE","STANDARDIZE NAME (Normalized)"
"Nitrite","NITRITE","WQX SYNONYM REGISTRY (validation)"
"Nitrite","NITRITE","CST.STD.POLLUTANT"
"Nitrite","NITRITE","CST.POLLUTANT"
"4-Dimethylaminoazobenzene","4-DIMETHYLAMINOAZOBENZENE","ATTAINS.PARAMETER"
"4-Dimethylaminoazobenzene","4-DIMETHYLAMINOAZOBENZENE","SYSTEMATIC NAME"
"4-Dimethylaminoazobenzene","4-DIMETHYLAMINOAZOBENZENE","WQX SYNONYM REGISTRY (validation)"
"4-Dimethylaminoazobenzene","4-DIMETHYLAMINOAZOBENZENE","STANDARDIZE NAME (Normalized)"
"Tebufenozide","TEBUFENOZIDE","ATTAINS.PARAMETER"
"Tebufenozide","TEBUFENOZIDE","STANDARDIZE NAME (Normalized)"
"Tebufenozide","TEBUFENOZIDE","WQX SYNONYM REGISTRY (validation)"
"Tebufenozide","TEBUFENOZIDE","SYSTEMATIC NAME"
"1,1-Dichloroethylene","VINYLIDENE CHLORIDE","WQX SYNONYM REGISTRY (validation)"
"1,1-Dichloroethylene","VINYLIDENE CHLORIDE","ATTAINS.PARAMETER"
"1,1-Dichloroethylene","VINYLIDENE CHLORIDE","RETIRED NAME"
"1,2,4,5-Tetrachlorobenzene","1,2,4,5-TETRACHLOROBENZENE","ATTAINS.PARAMETER"
"1,2,4,5-Tetrachlorobenzene","1,2,4,5-TETRACHLOROBENZENE","WQX SYNONYM REGISTRY (validation)"
"1,2,4,5-Tetrachlorobenzene","1,2,4,5-TETRACHLOROBENZENE","STANDARDIZE NAME (Normalized)"
"1,2,4,5-Tetrachlorobenzene","1,2,4,5-TETRACHLOROBENZENE","CST.POLLUTANT"
"1,2,4,5-Tetrachlorobenzene","1,2,4,5-TETRACHLOROBENZENE","CST.STD.POLLUTANT"
"Hexachlorocyclohexane","HEXACHLOROCYCLOHEXANE IN FISH TISSUE","ATTAINS.PARAMETER"
"Hexachlorocyclohexane","HEXACHLOROCYCLOHEXANE IN FISH TISSUE","WQX SYNONYM REGISTRY (validation)"
"1,2-Diphenylhydrazine","1,2-DIPHENYLHYDRAZINE","ATTAINS.PARAMETER"
"1,2-Diphenylhydrazine","1,2-DIPHENYLHYDRAZINE","WQX SYNONYM REGISTRY (validation)"
"1,2-Diphenylhydrazine","1,2-DIPHENYLHYDRAZINE","SYSTEMATIC NAME"
"1,2-Diphenylhydrazine","1,2-DIPHENYLHYDRAZINE","STANDARDIZE NAME (Normalized)"
"1,2-Diphenylhydrazine","1,2-DIPHENYLHYDRAZINE","CST.STD.POLLUTANT"
"1,2-Diphenylhydrazine","1,2-DIPHENYLHYDRAZINE","CST.POLLUTANT"
"Di(2-ethylhexyl) phthalate","DEHP (DI-SEC-OCTYL PHTHALATE)","ATTAINS.PARAMETER"
"Di(2-ethylhexyl) phthalate","DEHP (DI-SEC-OCTYL PHTHALATE)","WQX SYNONYM REGISTRY (validation)"
"Hydrocarbons","HYDROCARBONS - NON PRIORITY","WQX SYNONYM REGISTRY (validation)"
"Hydrocarbons","HYDROCARBONS - NON PRIORITY","ATTAINS.PARAMETER"
"Pentachlorophenol","PENTACHLOROPHENOL (PCP) IN SEDIMENT","ATTAINS.PARAMETER"
"1,4-Dioxane","1,4-DIOXANE","ATTAINS.PARAMETER"
"1,4-Dioxane","1,4-DIOXANE","WQX SYNONYM REGISTRY (validation)"
"1,4-Dioxane","1,4-DIOXANE","SYSTEMATIC NAME"
"1,4-Dioxane","1,4-DIOXANE","STANDARDIZE NAME (Normalized)"
"1,4-Dioxane","1,4-DIOXANE","CST.POLLUTANT"
"1,4-Dioxane","1,4-DIOXANE","CST.STD.POLLUTANT"
"Permethrin","PERMETHRIN","ATTAINS.PARAMETER"
"Permethrin","PERMETHRIN","WQX SYNONYM REGISTRY (validation)"
"Permethrin","PERMETHRIN","STANDARDIZE NAME (Normalized)"
"Permethrin","PERMETHRIN","CST.STD.POLLUTANT"
"Permethrin","PERMETHRIN","CST.POLLUTANT"
"Diethyl phthalate","DIETHYL PHTHALATE IN FISH TISSUE","ATTAINS.PARAMETER"
"Diethyl phthalate","DIETHYL PHTHALATE IN FISH TISSUE","WQX SYNONYM REGISTRY (validation)"
"Metolachlor","METOLACHLOR","ATTAINS.PARAMETER"
"Metolachlor","METOLACHLOR","STANDARDIZE NAME (Normalized)"
"Metolachlor","METOLACHLOR","WQX SYNONYM REGISTRY (validation)"
"Metolachlor","METOLACHLOR","CST.POLLUTANT"
"Metolachlor","METOLACHLOR","CST.STD.POLLUTANT"
"Ronnel","RONNEL","ATTAINS.PARAMETER"
"Ronnel","RONNEL","STANDARDIZE NAME (Normalized)"
"Ronnel","RONNEL","WQX SYNONYM REGISTRY (validation)"
"Polycyclic aromatic hydrocarbons","LOW MOLECULAR WEIGHT POLYCYCLIC AROMATIC HYDROCARBONS (LMW PAHS)","WQX SYNONYM REGISTRY (validation)"
"Polycyclic aromatic hydrocarbons","LOW MOLECULAR WEIGHT POLYCYCLIC AROMATIC HYDROCARBONS (LMW PAHS)","ATTAINS.PARAMETER"
"N-Nitrosodiphenylamine","N-NITROSODIPHENYLAMINE IN SEDIMENT","ATTAINS.PARAMETER"
"o-Dichlorobenzene","1,2-DICHLOROBENZENE IN SEDIMENT","ATTAINS.PARAMETER"
"Channel alteration (text)","CHANNEL INCISION","ATTAINS.PARAMETER"
"Total Phosphorus, mixed forms","PHOSPHORUS, TOTAL","WQX SYNONYM REGISTRY (validation)"
"Total Phosphorus, mixed forms","PHOSPHORUS, TOTAL","ATTAINS.PARAMETER"
"Endosulfan sulfate","ENDOSULFAN SULFATE","ATTAINS.PARAMETER"
"Endosulfan sulfate","ENDOSULFAN SULFATE","STANDARDIZE NAME (Normalized)"
"Endosulfan sulfate","ENDOSULFAN SULFATE","WQX SYNONYM REGISTRY (validation)"
"Endosulfan sulfate","ENDOSULFAN SULFATE","CST.POLLUTANT"
"Endosulfan sulfate","ENDOSULFAN SULFATE","CST.STD.POLLUTANT"
"Indeno[1,2,3-cd]pyrene","INDENO[1,2,3-CD]PYRENE IN FISH TISSUE","WQX SYNONYM REGISTRY (validation)"
"Indeno[1,2,3-cd]pyrene","INDENO[1,2,3-CD]PYRENE IN FISH TISSUE","ATTAINS.PARAMETER"
"Acrylonitrile","ACRYLONITRILE","ATTAINS.PARAMETER"
"Acrylonitrile","ACRYLONITRILE","STANDARDIZE NAME (Normalized)"
"Acrylonitrile","ACRYLONITRILE","WQX SYNONYM REGISTRY (validation)"
"Acrylonitrile","ACRYLONITRILE","CST.STD.POLLUTANT"
"Acrylonitrile","ACRYLONITRILE","CST.POLLUTANT"
"Fensulfothion","FENSULFOTHION","ATTAINS.PARAMETER"
"Fensulfothion","FENSULFOTHION","STANDARDIZE NAME (Normalized)"
"Fensulfothion","FENSULFOTHION","WQX SYNONYM REGISTRY (validation)"
"Taxon Present (Y/N) (choice list)","CURLY-LEAF PONDWEED","ATTAINS.PARAMETER"
"Trifluralin","TRIFLURALIN","ATTAINS.PARAMETER"
"Trifluralin","TRIFLURALIN","STANDARDIZE NAME (Normalized)"
"Trifluralin","TRIFLURALIN","WQX SYNONYM REGISTRY (validation)"
"Trifluralin","TRIFLURALIN","CST.STD.POLLUTANT"
"Trifluralin","TRIFLURALIN","CST.POLLUTANT"
"Fluoride","FLUORIDE","ATTAINS.PARAMETER"
"Fluoride","FLUORIDE","STANDARDIZE NAME (Normalized)"
"Fluoride","FLUORIDE","SYSTEMATIC NAME"
"Fluoride","FLUORIDE","WQX SYNONYM REGISTRY (validation)"
"Fluoride","FLUORIDE","CST.STD.POLLUTANT"
"Fluoride","FLUORIDE","CST.POLLUTANT"
"Chlorobenzilate","CHLOROBENZILATE","ATTAINS.PARAMETER"
"Chlorobenzilate","CHLOROBENZILATE","STANDARDIZE NAME (Normalized)"
"Chlorobenzilate","CHLOROBENZILATE","WQX SYNONYM REGISTRY (validation)"
"Taxon Present (Y/N) (choice list)","FANWORT","ATTAINS.PARAMETER"
"Dichlorobenzene","1,3-DICHLOROBENZENE IN FISH TISSUE","ATTAINS.PARAMETER"
"Dichlorobenzene","1,3-DICHLOROBENZENE IN FISH TISSUE","WQX SYNONYM REGISTRY (validation)"
"Alkalinity","ALKALINITY","ATTAINS.PARAMETER"
"Alkalinity","ALKALINITY","STANDARDIZE NAME (Normalized)"
"Alkalinity","ALKALINITY","WQX SYNONYM REGISTRY (validation)"
"Alkalinity","ALKALINITY","CST.POLLUTANT"
"Alkalinity","ALKALINITY","CST.STD.POLLUTANT"
"Chlordecone","KEPONE IN FISH TISSUE","ATTAINS.PARAMETER"
"Metalaxyl","METALAXYL","ATTAINS.PARAMETER"
"Metalaxyl","METALAXYL","WQX SYNONYM REGISTRY (validation)"
"Metalaxyl","METALAXYL","STANDARDIZE NAME (Normalized)"
"Metalaxyl","METALAXYL","CST.STD.POLLUTANT"
"Metalaxyl","METALAXYL","CST.POLLUTANT"
"2-Chloro-4-isopropylamino-6-amino-s-triazine","2-CHLORO-4-ISOPROPYLAMINO-6-AMINO-S-TRIAZINE","ATTAINS.PARAMETER"
"2-Chloro-4-isopropylamino-6-amino-s-triazine","2-CHLORO-4-ISOPROPYLAMINO-6-AMINO-S-TRIAZINE","SYSTEMATIC NAME"
"2-Chloro-4-isopropylamino-6-amino-s-triazine","2-CHLORO-4-ISOPROPYLAMINO-6-AMINO-S-TRIAZINE","WQX SYNONYM REGISTRY (validation)"
"2-Chloro-4-isopropylamino-6-amino-s-triazine","2-CHLORO-4-ISOPROPYLAMINO-6-AMINO-S-TRIAZINE","STANDARDIZE NAME (Normalized)"
"Acidity, (H+)","METHYLCHLOROPHENOXYPROPIONIC ACID (MCPP)","ATTAINS.PARAMETER"
"Water","EURASIAN WATER MILFOIL, MYRIOPHYLLUM SPICATUM","ATTAINS.PARAMETER"
"Chlorimuron-ethyl","CHLORIMURON","ATTAINS.PARAMETER"
"Chlorimuron-ethyl","CHLORIMURON","RETIRED NAME"
"Taxon Present (Y/N) (choice list)","SEAGRASS","ATTAINS.PARAMETER"
"Perfluorooctane sulfonic acid","PERFLUOROOCTANE SULFONATE (PFOS) IN FISH TISSUE","ATTAINS.PARAMETER"
"Perfluorooctane sulfonic acid","PERFLUOROOCTANE SULFONATE (PFOS) IN FISH TISSUE","WQX SYNONYM REGISTRY (validation)"
"Hydroquinone","HYDROQUINONE","ATTAINS.PARAMETER"
"Hydroquinone","HYDROQUINONE","STANDARDIZE NAME (Normalized)"
"Hydroquinone","HYDROQUINONE","WQX SYNONYM REGISTRY (validation)"
"Hydroquinone","HYDROQUINONE","CST.POLLUTANT"
"Hydroquinone","HYDROQUINONE","CST.STD.POLLUTANT"
"Orthophosphate","PHOSPHATE","ATTAINS.PARAMETER"
"Orthophosphate","PHOSPHATE","WQX SYNONYM REGISTRY (validation)"
"Orthophosphate","PHOSPHATE","SYSTEMATIC NAME"
"Orthophosphate","PHOSPHATE","CST.POLLUTANT"
"Orthophosphate","PHOSPHATE","CST.STD.POLLUTANT"
"Phosmet","PHOSMET","ATTAINS.PARAMETER"
"Phosmet","PHOSMET","STANDARDIZE NAME (Normalized)"
"Phosmet","PHOSMET","WQX SYNONYM REGISTRY (validation)"
"Zinc","ZINC, DISSOLVED","WQX SYNONYM REGISTRY (validation)"
"Zinc","ZINC, DISSOLVED","ATTAINS.PARAMETER"
"Tox","WHOLE EFFLUENT TOXICITY (WET)","ATTAINS.PARAMETER"
"o-Cresol","2-METHYLPHENOL IN SEDIMENT","WQX SYNONYM REGISTRY (validation)"
"o-Cresol","2-METHYLPHENOL IN SEDIMENT","ATTAINS.PARAMETER"
"Dieldrin","DIELDRIN","ATTAINS.PARAMETER"
"Dieldrin","DIELDRIN","WQX SYNONYM REGISTRY (validation)"
"Dieldrin","DIELDRIN","STANDARDIZE NAME (Normalized)"
"Dieldrin","DIELDRIN","CST.POLLUTANT"
"Dieldrin","DIELDRIN","CST.STD.POLLUTANT"
"Vinclozolin","VINCLOZOLIN","ATTAINS.PARAMETER"
"Vinclozolin","VINCLOZOLIN","STANDARDIZE NAME (Normalized)"
"Vinclozolin","VINCLOZOLIN","WQX SYNONYM REGISTRY (validation)"
"Silver","SILVER, TOTAL","WQX SYNONYM REGISTRY (validation)"
"Silver","SILVER, TOTAL","ATTAINS.PARAMETER"
"Isobutyraldehyde","ISOBUTYRALDEHYDE","ATTAINS.PARAMETER"
"Isobutyraldehyde","ISOBUTYRALDEHYDE","WQX SYNONYM REGISTRY (validation)"
"Isobutyraldehyde","ISOBUTYRALDEHYDE","STANDARDIZE NAME (Normalized)"
"Mercury","MERCURY, DISSOLVED","ATTAINS.PARAMETER"
"Mercury","MERCURY, DISSOLVED","WQX SYNONYM REGISTRY (validation)"
"3,3'-Dichlorobenzidine","3,3'-DICHLOROBENZIDINE IN FISH TISSUE","WQX SYNONYM REGISTRY (validation)"
"3,3'-Dichlorobenzidine","3,3'-DICHLOROBENZIDINE IN FISH TISSUE","ATTAINS.PARAMETER"
"Entrenchment ratio","OTHER ORGANICS","ATTAINS.PARAMETER"
"Entrenchment ratio","OTHER ORGANICS (FLORIDE)","ATTAINS.PARAMETER"
"Inorganic carbon","INORGANIC CARBON","ATTAINS.PARAMETER"
"Inorganic carbon","INORGANIC CARBON","SYSTEMATIC NAME"
"Inorganic carbon","INORGANIC CARBON","WQX SYNONYM REGISTRY (validation)"
"Inorganic carbon","INORGANIC CARBON","STANDARDIZE NAME (Normalized)"
"Arsenic","ARSENIC, TRIVALENT","ATTAINS.PARAMETER"
"Epichlorohydrin","EPICHLOROHYDRIN","ATTAINS.PARAMETER"
"Epichlorohydrin","EPICHLOROHYDRIN","STANDARDIZE NAME (Normalized)"
"Epichlorohydrin","EPICHLOROHYDRIN","WQX SYNONYM REGISTRY (validation)"
