"ATTAINS.OrganizationIdentifier","ATTAINS.OrganizationName","ATTAINS.OrganizationType","ATTAINS.ParameterName","ATTAINS.UseName"
"SFNOES","Sac & Fox Nation, Oklahoma","Tribe","PHOSPHORUS, TOTAL","General"
"SFNOES","Sac & Fox Nation, Oklahoma","Tribe","NITRATE/NITRITE (NITRITE + NITRATE AS N)","General"
"SFNOES","Sac & Fox Nation, Oklahoma","Tribe","ESCHERICHIA COLI (E. COLI)","Primary Human Contact"
"SFNOES","Sac & Fox Nation, Oklahoma","Tribe","ESCHERICHIA COLI (E. COLI)","Secondary Human Contact"
"SFNOES","Sac & Fox Nation, Oklahoma","Tribe","TURBIDITY","General"
"SFNOES","Sac & Fox Nation, Oklahoma","Tribe","TURBIDITY","Aquatic and Wildlife"
"SFNOES","Sac & Fox Nation, Oklahoma","Tribe","TEMPERATURE","Aquatic and Wildlife"
"SFNOES","Sac & Fox Nation, Oklahoma","Tribe","PH","Aquatic and Wildlife"
"SFNOES","Sac & Fox Nation, Oklahoma","Tribe","DISSOLVED OXYGEN","Aquatic and Wildlife"
"SFNOES","Sac & Fox Nation, Oklahoma","Tribe","SULFATE","Livestock Watering"
"SFNOES","Sac & Fox Nation, Oklahoma","Tribe","SULFATE","Agricultural Water Supply"
"SFNOES","Sac & Fox Nation, Oklahoma","Tribe","CHLORIDE","Livestock Watering"
"SFNOES","Sac & Fox Nation, Oklahoma","Tribe","CHLORIDE","Agricultural Water Supply"
"SFNOES","Sac & Fox Nation, Oklahoma","Tribe","TOTAL DISSOLVED SOLIDS (TDS)","Livestock Watering"
"SFNOES","Sac & Fox Nation, Oklahoma","Tribe","TOTAL DISSOLVED SOLIDS (TDS)","Agricultural Water Supply"
"SFNOES","Sac & Fox Nation, Oklahoma","Tribe","TOTAL DISSOLVED SOLIDS (TDS)","Aquatic and Wildlife"
"SFNOES","Sac & Fox Nation, Oklahoma","Tribe","NITROGEN, TOTAL","General"
"SFNOES","Sac & Fox Nation, Oklahoma","Tribe",NA,"Fish Consumption"
"ESTO","Eastern Shawnee Tribe of Oklahoma","Tribe","NITROGEN, TOTAL","Cool Water Aquatic Community"
"ESTO","Eastern Shawnee Tribe of Oklahoma","Tribe","PHOSPHORUS, TOTAL","Cool Water Aquatic Community"
"ESTO","Eastern Shawnee Tribe of Oklahoma","Tribe","NITRATE/NITRITE (NITRITE + NITRATE AS N)","Cool Water Aquatic Community"
"ESTO","Eastern Shawnee Tribe of Oklahoma","Tribe","ENTEROCOCCUS","Primary Body Contact Recreation"
"ESTO","Eastern Shawnee Tribe of Oklahoma","Tribe","ESCHERICHIA COLI (E. COLI)","Primary Body Contact Recreation"
"ESTO","Eastern Shawnee Tribe of Oklahoma","Tribe","TURBIDITY","Cool Water Aquatic Community"
"ESTO","Eastern Shawnee Tribe of Oklahoma","Tribe","TEMPERATURE","Cool Water Aquatic Community"
"ESTO","Eastern Shawnee Tribe of Oklahoma","Tribe","PH","Cool Water Aquatic Community"
"ESTO","Eastern Shawnee Tribe of Oklahoma","Tribe","DISSOLVED OXYGEN","Cool Water Aquatic Community"
"CA_SWRCB","California","State","DIOXIN","Marine Habitat"
"CA_SWRCB","California","State","DIOXIN","Commercial and Sport Fishing"
"CA_SWRCB","California","State","MERCURY","Marine Habitat"
"CA_SWRCB","California","State","MERCURY","Wildlife Habitat"
"CA_SWRCB","California","State","MERCURY","CULTURAL/TRADITIONAL RIGHTS"
"CA_SWRCB","California","State","MERCURY","Shellfish Harvesting"
"CA_SWRCB","California","State","MERCURY","Commercial and Sport Fishing"
"CA_SWRCB","California","State","PATHOGENS","Water Contact Recreation"
"CA_SWRCB","California","State","PATHOGENS","Shellfish Harvesting"
"CA_SWRCB","California","State","ALDRIN","Marine Habitat"
"CA_SWRCB","California","State","ALDRIN","Estuarine Habitat"
"CA_SWRCB","California","State","ALDRIN","Cold Freshwater Habitat"
"CA_SWRCB","California","State","DIELDRIN","Marine Habitat"
"CA_SWRCB","California","State","DIELDRIN","Estuarine Habitat"
"CA_SWRCB","California","State","DIELDRIN","Cold Freshwater Habitat"
"CA_SWRCB","California","State","DIELDRIN","Commercial and Sport Fishing"
"CA_SWRCB","California","State","PESTICIDES","Marine Habitat"
"CA_SWRCB","California","State","PESTICIDES","Estuarine Habitat"
"CA_SWRCB","California","State","PESTICIDES","Cold Freshwater Habitat"
"CA_SWRCB","California","State","PESTICIDES","Commercial and Sport Fishing"
"CA_SWRCB","California","State","2,3,4,6-TETRACHLOROPHENOL","Commercial and Sport Fishing"
"CA_SWRCB","California","State","TEMPERATURE","Marine Habitat"
"CA_SWRCB","California","State","TEMPERATURE","Cold Freshwater Habitat"
"CA_SWRCB","California","State","PENTACHLOROPHENOL (PCP)","Commercial and Sport Fishing"
"CA_SWRCB","California","State","POLYCYCLIC AROMATIC HYDROCARBONS (PAHS) (AQUATIC ECOSYSTEMS)","Commercial and Sport Fishing"
"CA_SWRCB","California","State","ARSENIC","Commercial and Sport Fishing"
"CA_SWRCB","California","State","CADMIUM","Commercial and Sport Fishing"
"CA_SWRCB","California","State","CHROMIUM","Commercial and Sport Fishing"
"CA_SWRCB","California","State","SELENIUM","Commercial and Sport Fishing"
"CA_SWRCB","California","State","PH","Marine Habitat"
"CA_SWRCB","California","State","POLYCHLORINATED BIPHENYLS (PCBS)","Commercial and Sport Fishing"
"CA_SWRCB","California","State","DISSOLVED OXYGEN","Marine Habitat"
"CA_SWRCB","California","State","DISSOLVED OXYGEN","Cold Freshwater Habitat"
"CA_SWRCB","California","State","NON-NATIVE AQUATIC PLANTS","Marine Habitat"
"CA_SWRCB","California","State","SEDIMENT","Estuarine Habitat"
"CA_SWRCB","California","State","NUTRIENTS","Estuarine Habitat"
"CA_SWRCB","California","State","PATHOGENS","Non-Contact Water Recreation"
"CA_SWRCB","California","State","POLYCYCLIC AROMATIC HYDROCARBONS (PAHS) (AQUATIC ECOSYSTEMS)","Shellfish Harvesting"
"CA_SWRCB","California","State","FURAN COMPOUNDS","Commercial and Sport Fishing"
"CA_SWRCB","California","State","DIOXIN (INCLUDING 2,3,7,8-TCDD)","Commercial and Sport Fishing"
"CA_SWRCB","California","State","MERCURY","Estuarine Habitat"
"CA_SWRCB","California","State","CHLORDANE","Commercial and Sport Fishing"
"CA_SWRCB","California","State","HEXACHLOROCYCLOHEXANE (HCH)","Commercial and Sport Fishing"
"CA_SWRCB","California","State","DDD (DICHLORODIPHENYLDICHLOROETHANE)","Commercial and Sport Fishing"
"CA_SWRCB","California","State","DDT (DICHLORODIPHENYLTRICHLOROETHANE)","Commercial and Sport Fishing"
"CA_SWRCB","California","State","PYRENE","Commercial and Sport Fishing"
"CA_SWRCB","California","State","CHRYSENE","Commercial and Sport Fishing"
"CA_SWRCB","California","State","FLUORENE","Commercial and Sport Fishing"
"CA_SWRCB","California","State","ANTHRACENE","Commercial and Sport Fishing"
"CA_SWRCB","California","State","FLUORANTHENE","Commercial and Sport Fishing"
"CA_SWRCB","California","State","BENZ[A]ANTHRACENE","Commercial and Sport Fishing"
"CA_SWRCB","California","State","BENZO[B]FLUORANTHENE","Commercial and Sport Fishing"
"CA_SWRCB","California","State","CYANIDE","Estuarine Habitat"
"CA_SWRCB","California","State","CYANIDE","Commercial and Sport Fishing"
"CA_SWRCB","California","State","NON-NATIVE AQUATIC PLANTS","Estuarine Habitat"
"CA_SWRCB","California","State","LEAD","Estuarine Habitat"
"CA_SWRCB","California","State","ZINC","Estuarine Habitat"
"CA_SWRCB","California","State","ZINC","Commercial and Sport Fishing"
"CA_SWRCB","California","State","COPPER","Estuarine Habitat"
"CA_SWRCB","California","State","NICKEL","Estuarine Habitat"
"CA_SWRCB","California","State","NICKEL","Commercial and Sport Fishing"
"CA_SWRCB","California","State","SILVER","Estuarine Habitat"
"CA_SWRCB","California","State","ARSENIC","Estuarine Habitat"
"CA_SWRCB","California","State","CADMIUM","Estuarine Habitat"
"CA_SWRCB","California","State","SELENIUM","Estuarine Habitat"
"CA_SWRCB","California","State","POLYCHLORINATED BIPHENYLS (PCBS)","Shellfish Harvesting"
"CA_SWRCB","California","State","TRASH","Wildlife Habitat"
"CA_SWRCB","California","State","TRASH","Non-Contact Water Recreation"
"CA_SWRCB","California","State","MICROPLASTICS","Estuarine Habitat"
"CA_SWRCB","California","State","ALDRIN","Commercial and Sport Fishing"
"CA_SWRCB","California","State","ENDRIN","Marine Habitat"
"CA_SWRCB","California","State","ENDRIN","Estuarine Habitat"
"CA_SWRCB","California","State","ENDRIN","Shellfish Harvesting"
"CA_SWRCB","California","State","ENDRIN","Commercial and Sport Fishing"
"CA_SWRCB","California","State","ACROLEIN","Commercial and Sport Fishing"
"CA_SWRCB","California","State","DIELDRIN","Shellfish Harvesting"
"CA_SWRCB","California","State","CHLORDANE","Marine Habitat"
"CA_SWRCB","California","State","CHLORDANE","Estuarine Habitat"
"CA_SWRCB","California","State","CHLORDANE","Shellfish Harvesting"
"CA_SWRCB","California","State","TOXAPHENE","Estuarine Habitat"
"CA_SWRCB","California","State","TOXAPHENE","Shellfish Harvesting"
"CA_SWRCB","California","State","TOXAPHENE","Commercial and Sport Fishing"
"CA_SWRCB","California","State","HEPTACHLOR","Marine Habitat"
"CA_SWRCB","California","State","HEPTACHLOR","Estuarine Habitat"
"CA_SWRCB","California","State","HEPTACHLOR","Commercial and Sport Fishing"
"CA_SWRCB","California","State","METHOXYCHLOR","Estuarine Habitat"
"CA_SWRCB","California","State","ACRYLONITRILE","Commercial and Sport Fishing"
"CA_SWRCB","California","State","METHYL BROMIDE","Commercial and Sport Fishing"
"CA_SWRCB","California","State","ENDRIN ALDEHYDE","Commercial and Sport Fishing"
"CA_SWRCB","California","State","DINITRO-O-CRESOL","Commercial and Sport Fishing"
"CA_SWRCB","California","State","2,4-DINITROPHENOL","Commercial and Sport Fishing"
"CA_SWRCB","California","State","DIBUTYL PHTHALATE","Commercial and Sport Fishing"
"CA_SWRCB","California","State","HEXACHLOROBENZENE","Shellfish Harvesting"
"CA_SWRCB","California","State","HEXACHLOROBENZENE","Commercial and Sport Fishing"
"CA_SWRCB","California","State","1,2-DICHLOROETHANE","Commercial and Sport Fishing"
"CA_SWRCB","California","State","DIMETHYL PHTHALATE","Commercial and Sport Fishing"
"CA_SWRCB","California","State","ENDOSULFAN SULFATE","Commercial and Sport Fishing"
"CA_SWRCB","California","State","HEPTACHLOR EPOXIDE","Marine Habitat"
"CA_SWRCB","California","State","HEPTACHLOR EPOXIDE","Estuarine Habitat"
"CA_SWRCB","California","State","HEPTACHLOR EPOXIDE","Shellfish Harvesting"
"CA_SWRCB","California","State","HEPTACHLOR EPOXIDE","Commercial and Sport Fishing"
"CA_SWRCB","California","State","1,2-DICHLOROPROPANE","Commercial and Sport Fishing"
"CA_SWRCB","California","State","1,3-DICHLOROPROPENE","Commercial and Sport Fishing"
"CA_SWRCB","California","State","2-METHYLNAPHTHALENE","Estuarine Habitat"
"CA_SWRCB","California","State","HEXACHLOROCYCLOHEXANE (HCH)","Estuarine Habitat"
"CA_SWRCB","California","State","HEXACHLOROCYCLOHEXANE (HCH)","Shellfish Harvesting"
"CA_SWRCB","California","State","DEHP (DI-SEC-OCTYL PHTHALATE)","Commercial and Sport Fishing"
"CA_SWRCB","California","State","BETA-ENDOSULFAN (ENDOSULFAN 2)","Estuarine Habitat"
"CA_SWRCB","California","State","BETA-ENDOSULFAN (ENDOSULFAN 2)","Commercial and Sport Fishing"
"CA_SWRCB","California","State","ALPHA-ENDOSULFAN (ENDOSULFAN 1)","Estuarine Habitat"
"CA_SWRCB","California","State","ALPHA-ENDOSULFAN (ENDOSULFAN 1)","Commercial and Sport Fishing"
"CA_SWRCB","California","State","DDT (DICHLORODIPHENYLTRICHLOROETHANE)","Marine Habitat"
"CA_SWRCB","California","State","DDT (DICHLORODIPHENYLTRICHLOROETHANE)","Estuarine Habitat"
"CA_SWRCB","California","State","DDT (DICHLORODIPHENYLTRICHLOROETHANE)","Shellfish Harvesting"
"CA_SWRCB","California","State","DDE (DICHLORODIPHENYLDICHLOROETHYLENE)","Commercial and Sport Fishing"
"CA_SWRCB","California","State","TOXICITY","Estuarine Habitat"
"CA_SWRCB","California","State","PHENOL","Commercial and Sport Fishing"
"CA_SWRCB","California","State","PYRENE","Estuarine Habitat"
"CA_SWRCB","California","State","BENZENE","Commercial and Sport Fishing"
"CA_SWRCB","California","State","TOLUENE","Commercial and Sport Fishing"
"CA_SWRCB","California","State","CHRYSENE","Estuarine Habitat"
"CA_SWRCB","California","State","BENZIDINE","Commercial and Sport Fishing"
"CA_SWRCB","California","State","BROMOFORM","Commercial and Sport Fishing"
"CA_SWRCB","California","State","CHLOROFORM","Commercial and Sport Fishing"
"CA_SWRCB","California","State","ISOPHORONE","Commercial and Sport Fishing"
"CA_SWRCB","California","State","ACENAPHTHENE","Marine Habitat"
"CA_SWRCB","California","State","ACENAPHTHENE","Estuarine Habitat"
"CA_SWRCB","California","State","ACENAPHTHENE","Commercial and Sport Fishing"
"CA_SWRCB","California","State","ETHYLBENZENE","Commercial and Sport Fishing"
"CA_SWRCB","California","State","FLUORANTHENE","Marine Habitat"
"CA_SWRCB","California","State","FLUORANTHENE","Estuarine Habitat"
"CA_SWRCB","California","State","NITROBENZENE","Commercial and Sport Fishing"
"CA_SWRCB","California","State","PHENANTHRENE","Estuarine Habitat"
"CA_SWRCB","California","State","2-CHLOROPHENOL","Commercial and Sport Fishing"
"CA_SWRCB","California","State","VINYL CHLORIDE","Commercial and Sport Fishing"
"CA_SWRCB","California","State","DICHLOROMETHANE","Commercial and Sport Fishing"
"CA_SWRCB","California","State","HEXACHLOROETHANE","Commercial and Sport Fishing"
"CA_SWRCB","California","State","BENZ[A]ANTHRACENE","Estuarine Habitat"
"CA_SWRCB","California","State","DIETHYL PHTHALATE","Commercial and Sport Fishing"
"CA_SWRCB","California","State","O-DICHLOROBENZENE","Commercial and Sport Fishing"
"CA_SWRCB","California","State","2,4-DICHLOROPHENOL","Commercial and Sport Fishing"
"CA_SWRCB","California","State","2,4-DIMETHYLPHENOL","Commercial and Sport Fishing"
"CA_SWRCB","California","State","2,4-DINITROTOLUENE","Commercial and Sport Fishing"
"CA_SWRCB","California","State","1,3-DICHLOROBENZENE","Commercial and Sport Fishing"
"CA_SWRCB","California","State","1,4-DICHLOROBENZENE","Commercial and Sport Fishing"
"CA_SWRCB","California","State","2-CHLORONAPHTHALENE","Commercial and Sport Fishing"
"CA_SWRCB","California","State","HEXACHLOROBUTADIENE","Commercial and Sport Fishing"
"CA_SWRCB","California","State","TETRACHLOROETHYLENE","Commercial and Sport Fishing"
"CA_SWRCB","California","State","BENZO[K]FLUORANTHENE","Commercial and Sport Fishing"
"CA_SWRCB","California","State","CARBON TETRACHLORIDE","Commercial and Sport Fishing"
"CA_SWRCB","California","State","CHLOROBENZENE (MONO)","Commercial and Sport Fishing"
"CA_SWRCB","California","State","CHLORODIBROMOMETHANE","Commercial and Sport Fishing"
"CA_SWRCB","California","State","DICHLOROBROMOMETHANE","Commercial and Sport Fishing"
"CA_SWRCB","California","State","1,1,2-TRICHLOROETHANE","Commercial and Sport Fishing"
"CA_SWRCB","California","State","1,2-DIPHENYLHYDRAZINE","Commercial and Sport Fishing"
"CA_SWRCB","California","State","2,4,6-TRICHLOROPHENOL","Commercial and Sport Fishing"
"CA_SWRCB","California","State","BENZO[A]PYRENE (PAHS)","Estuarine Habitat"
"CA_SWRCB","California","State","BENZO[A]PYRENE (PAHS)","Commercial and Sport Fishing"
"CA_SWRCB","California","State","DIBENZ[A,H]ANTHRACENE","Estuarine Habitat"
"CA_SWRCB","California","State","DIBENZ[A,H]ANTHRACENE","Commercial and Sport Fishing"
"CA_SWRCB","California","State","1,2,4-TRICHLOROBENZENE","Commercial and Sport Fishing"
"CA_SWRCB","California","State","3,3'-DICHLOROBENZIDINE","Commercial and Sport Fishing"
"CA_SWRCB","California","State","BUTYL BENZYL PHTHALATE","Commercial and Sport Fishing"
"CA_SWRCB","California","State","INDENO[1,2,3-CD]PYRENE","Commercial and Sport Fishing"
"CA_SWRCB","California","State","N-NITROSODIMETHYLAMINE","Commercial and Sport Fishing"
"CA_SWRCB","California","State","N-NITROSODIPHENYLAMINE","Commercial and Sport Fishing"
"CA_SWRCB","California","State","N-NITROSODIPROPYLAMINE","Commercial and Sport Fishing"
"CA_SWRCB","California","State","PENTACHLOROPHENOL (PCP)","Estuarine Habitat"
"CA_SWRCB","California","State","TRICHLOROETHYLENE (TCE)","Commercial and Sport Fishing"
"CA_SWRCB","California","State","DICHLOROETHYLENE/1,1-DCE","Commercial and Sport Fishing"
"CA_SWRCB","California","State","1,1,2,2-TETRACHLOROETHANE","Commercial and Sport Fishing"
"CA_SWRCB","California","State","HEXACHLOROCYCLOPENTADIENE","Commercial and Sport Fishing"
"CA_SWRCB","California","State","2,2'-DICHLORODIETHYL ETHER","Commercial and Sport Fishing"
"CA_SWRCB","California","State","TRANS-1,2-DICHLOROETHYLENE","Commercial and Sport Fishing"
"CA_SWRCB","California","State","BIS(2-CHLOROISOPROPYL) ETHER","Commercial and Sport Fishing"
"CA_SWRCB","California","State","4-CHLORO-3-METHYLPHENOL (3-METHYL-4-CHLOROPHENOL)","Commercial and Sport Fishing"
"CA_SWRCB","California","State","POLYCYCLIC AROMATIC HYDROCARBONS (PAHS) (AQUATIC ECOSYSTEMS)","Estuarine Habitat"
"CA_SWRCB","California","State","CYANIDE","Marine Habitat"
"CA_SWRCB","California","State","ANTIMONY","Commercial and Sport Fishing"
"CA_SWRCB","California","State","LEAD","Marine Habitat"
"CA_SWRCB","California","State","ZINC","Marine Habitat"
"CA_SWRCB","California","State","NICKEL","Marine Habitat"
"CA_SWRCB","California","State","SILVER","Marine Habitat"
"CA_SWRCB","California","State","ARSENIC","Marine Habitat"
"CA_SWRCB","California","State","ARSENIC","Shellfish Harvesting"
"CA_SWRCB","California","State","CADMIUM","Marine Habitat"
"CA_SWRCB","California","State","CADMIUM","Shellfish Harvesting"
"CA_SWRCB","California","State","SELENIUM","Marine Habitat"
"CA_SWRCB","California","State","SELENIUM","Shellfish Harvesting"
"CA_SWRCB","California","State","THALLIUM","Commercial and Sport Fishing"
"CA_SWRCB","California","State","POLYCHLORINATED BIPHENYLS (PCBS)","Marine Habitat"
"CA_SWRCB","California","State","POLYCHLORINATED BIPHENYLS (PCBS)","Estuarine Habitat"
"CA_SWRCB","California","State","DISSOLVED OXYGEN","Estuarine Habitat"
"CA_SWRCB","California","State","PH","Estuarine Habitat"
"CA_SWRCB","California","State","DIAZINON","Estuarine Habitat"
"CA_SWRCB","California","State","DIAZINON","Commercial and Sport Fishing"
"CA_SWRCB","California","State","PH","Warm Freshwater Habitat"
"CA_SWRCB","California","State","CHLORPYRIFOS","Estuarine Habitat"
"CA_SWRCB","California","State","CHLORPYRIFOS","Commercial and Sport Fishing"
"CA_SWRCB","California","State","COPPER","Agricultural Supply"
"CA_SWRCB","California","State","TEMPERATURE","Migration of Aquatic Organisms"
"CA_SWRCB","California","State","MERCURY","Cold Freshwater Habitat"
"CA_SWRCB","California","State","MERCURY","Warm Freshwater Habitat"
"CA_SWRCB","California","State","MIREX","Shellfish Harvesting"
"CA_SWRCB","California","State","MIREX","Commercial and Sport Fishing"
"CA_SWRCB","California","State","ALDRIN","Warm Freshwater Habitat"
"CA_SWRCB","California","State","ENDRIN","Cold Freshwater Habitat"
"CA_SWRCB","California","State","ENDRIN","Warm Freshwater Habitat"
"CA_SWRCB","California","State","DIAZINON","Shellfish Harvesting"
"CA_SWRCB","California","State","DIELDRIN","Warm Freshwater Habitat"
"CA_SWRCB","California","State","CHLORDANE","Cold Freshwater Habitat"
"CA_SWRCB","California","State","CHLORDANE","Warm Freshwater Habitat"
"CA_SWRCB","California","State","TOXAPHENE","Cold Freshwater Habitat"
"CA_SWRCB","California","State","TOXAPHENE","Warm Freshwater Habitat"
"CA_SWRCB","California","State","ENDOSULFAN","Cold Freshwater Habitat"
"CA_SWRCB","California","State","ENDOSULFAN","Warm Freshwater Habitat"
"CA_SWRCB","California","State","ENDOSULFAN","Shellfish Harvesting"
"CA_SWRCB","California","State","ENDOSULFAN","Commercial and Sport Fishing"
"CA_SWRCB","California","State","HEPTACHLOR","Cold Freshwater Habitat"
"CA_SWRCB","California","State","HEPTACHLOR","Warm Freshwater Habitat"
"CA_SWRCB","California","State","NAPHTHALENE","Cold Freshwater Habitat"
"CA_SWRCB","California","State","NAPHTHALENE","Warm Freshwater Habitat"
"CA_SWRCB","California","State","CHLORPYRIFOS","Shellfish Harvesting"
"CA_SWRCB","California","State","HEPTACHLOR EPOXIDE","Cold Freshwater Habitat"
"CA_SWRCB","California","State","HEPTACHLOR EPOXIDE","Warm Freshwater Habitat"
"CA_SWRCB","California","State","HEXACHLOROCYCLOHEXANE (HCH)","Cold Freshwater Habitat"
"CA_SWRCB","California","State","HEXACHLOROCYCLOHEXANE (HCH)","Warm Freshwater Habitat"
"CA_SWRCB","California","State","DDT (DICHLORODIPHENYLTRICHLOROETHANE)","Cold Freshwater Habitat"
"CA_SWRCB","California","State","DDT (DICHLORODIPHENYLTRICHLOROETHANE)","Warm Freshwater Habitat"
"CA_SWRCB","California","State","TOXICITY","Cold Freshwater Habitat"
"CA_SWRCB","California","State","TOXICITY","Warm Freshwater Habitat"
"CA_SWRCB","California","State","PYRENE","Cold Freshwater Habitat"
"CA_SWRCB","California","State","PYRENE","Warm Freshwater Habitat"
"CA_SWRCB","California","State","CHRYSENE","Cold Freshwater Habitat"
"CA_SWRCB","California","State","CHRYSENE","Warm Freshwater Habitat"
"CA_SWRCB","California","State","FLUORENE","Cold Freshwater Habitat"
"CA_SWRCB","California","State","FLUORENE","Warm Freshwater Habitat"
"CA_SWRCB","California","State","ANTHRACENE","Cold Freshwater Habitat"
"CA_SWRCB","California","State","ANTHRACENE","Warm Freshwater Habitat"
"CA_SWRCB","California","State","FLUORANTHENE","Cold Freshwater Habitat"
"CA_SWRCB","California","State","FLUORANTHENE","Warm Freshwater Habitat"
"CA_SWRCB","California","State","PHENANTHRENE","Cold Freshwater Habitat"
"CA_SWRCB","California","State","PHENANTHRENE","Warm Freshwater Habitat"
"CA_SWRCB","California","State","BENZ[A]ANTHRACENE","Cold Freshwater Habitat"
"CA_SWRCB","California","State","BENZ[A]ANTHRACENE","Warm Freshwater Habitat"
"CA_SWRCB","California","State","BENZO[A]PYRENE (PAHS)","Cold Freshwater Habitat"
"CA_SWRCB","California","State","BENZO[A]PYRENE (PAHS)","Warm Freshwater Habitat"
"CA_SWRCB","California","State","TRIBUTYLTIN TBT (TRIBUTYLSTANNE)","Shellfish Harvesting"
"CA_SWRCB","California","State","TRIBUTYLTIN TBT (TRIBUTYLSTANNE)","Commercial and Sport Fishing"
"CA_SWRCB","California","State","LEAD","Cold Freshwater Habitat"
"CA_SWRCB","California","State","LEAD","Warm Freshwater Habitat"
"CA_SWRCB","California","State","ZINC","Cold Freshwater Habitat"
"CA_SWRCB","California","State","ZINC","Warm Freshwater Habitat"
"CA_SWRCB","California","State","COPPER","Marine Habitat"
"CA_SWRCB","California","State","COPPER","Cold Freshwater Habitat"
"CA_SWRCB","California","State","COPPER","Warm Freshwater Habitat"
"CA_SWRCB","California","State","NICKEL","Cold Freshwater Habitat"
"CA_SWRCB","California","State","NICKEL","Warm Freshwater Habitat"
"CA_SWRCB","California","State","ARSENIC","Cold Freshwater Habitat"
"CA_SWRCB","California","State","ARSENIC","Warm Freshwater Habitat"
"CA_SWRCB","California","State","CADMIUM","Cold Freshwater Habitat"
"CA_SWRCB","California","State","CADMIUM","Warm Freshwater Habitat"
"CA_SWRCB","California","State","CHROMIUM","Cold Freshwater Habitat"
"CA_SWRCB","California","State","CHROMIUM","Warm Freshwater Habitat"
"CA_SWRCB","California","State","POLYCHLORINATED BIPHENYLS (PCBS)","Cold Freshwater Habitat"
"CA_SWRCB","California","State","POLYCHLORINATED BIPHENYLS (PCBS)","Warm Freshwater Habitat"
"CA_SWRCB","California","State","AMMONIA","Marine Habitat"
"CA_SWRCB","California","State","SEDIMENTATION/SILTATION","Estuarine Habitat"
"CA_SWRCB","California","State","NITRATE","Cold Freshwater Habitat"
"CA_SWRCB","California","State","NITRATE","Warm Freshwater Habitat"
"CA_SWRCB","California","State","TURBIDITY","Cold Freshwater Habitat"
"CA_SWRCB","California","State","TURBIDITY","Warm Freshwater Habitat"
"CA_SWRCB","California","State","DIAZINON","Marine Habitat"
"CA_SWRCB","California","State","DIAZINON","Cold Freshwater Habitat"
"CA_SWRCB","California","State","DIAZINON","Warm Freshwater Habitat"
"CA_SWRCB","California","State","PERMETHRIN","Marine Habitat"
"CA_SWRCB","California","State","CHLORPYRIFOS","Cold Freshwater Habitat"
"CA_SWRCB","California","State","CHLORPYRIFOS","Warm Freshwater Habitat"
"CA_SWRCB","California","State","HEXACHLOROCYCLOHEXANE (HCH)","Marine Habitat"
"CA_SWRCB","California","State","CHLOROPHYLL-A","Cold Freshwater Habitat"
"CA_SWRCB","California","State","CHLOROPHYLL-A","Warm Freshwater Habitat"
"CA_SWRCB","California","State","TOXICITY","Marine Habitat"
"CA_SWRCB","California","State","CHROMIUM","Marine Habitat"
"CA_SWRCB","California","State","PH","Cold Freshwater Habitat"
"CA_SWRCB","California","State","PH","Water Contact Recreation"
"CA_SWRCB","California","State","PH","Non-Contact Water Recreation"
"CA_SWRCB","California","State","DISSOLVED OXYGEN","Warm Freshwater Habitat"
"CA_SWRCB","California","State","METALS","Marine Habitat"
"CA_SWRCB","California","State","ALUMINUM","Commercial and Sport Fishing"
"CA_SWRCB","California","State","HEXACHLOROCYCLOHEXANE","Shellfish Harvesting"
"CA_SWRCB","California","State","2-METHYLNAPHTHALENE","Marine Habitat"
"CA_SWRCB","California","State","PYRENE","Marine Habitat"
"CA_SWRCB","California","State","CHRYSENE","Marine Habitat"
"CA_SWRCB","California","State","PHENANTHRENE","Marine Habitat"
"CA_SWRCB","California","State","BENZ[A]ANTHRACENE","Marine Habitat"
"CA_SWRCB","California","State","BENZO[A]PYRENE (PAHS)","Marine Habitat"
"CA_SWRCB","California","State","DIBENZ[A,H]ANTHRACENE","Marine Habitat"
"CA_SWRCB","California","State","POLYCYCLIC AROMATIC HYDROCARBONS (PAHS) (AQUATIC ECOSYSTEMS)","Marine Habitat"
"CA_SWRCB","California","State","ANTIMONY","Marine Habitat"
"CA_SWRCB","California","State","NITROGEN, NITRATE","Marine Habitat"
"CA_SWRCB","California","State","MIREX","Marine Habitat"
"CA_SWRCB","California","State","DEMETON","Marine Habitat"
"CA_SWRCB","California","State","GUTHION","Marine Habitat"
"CA_SWRCB","California","State","MALATHION","Marine Habitat"
"CA_SWRCB","California","State","TOXAPHENE","Marine Habitat"
"CA_SWRCB","California","State","BIFENTHRIN","Marine Habitat"
"CA_SWRCB","California","State","CHLORPYRIFOS","Marine Habitat"
"CA_SWRCB","California","State","CYPERMETHRIN","Marine Habitat"
"CA_SWRCB","California","State","METHOXYCHLOR","Marine Habitat"
"CA_SWRCB","California","State","2,4,5-TRICHLOROPHENOL","Commercial and Sport Fishing"
"CA_SWRCB","California","State","BETA-ENDOSULFAN (ENDOSULFAN 2)","Marine Habitat"
"CA_SWRCB","California","State","ALPHA-ENDOSULFAN (ENDOSULFAN 1)","Marine Habitat"
"CA_SWRCB","California","State","PENTACHLOROPHENOL (PCP)","Marine Habitat"
"CA_SWRCB","California","State","SILVER","Warm Freshwater Habitat"
"CA_SWRCB","California","State","TEMPERATURE","Spawning, Reproduction, and/or Early Development"
"CA_SWRCB","California","State","OMEGA ARAGONITE","Marine Habitat"
"CA_SWRCB","California","State","AMMONIA","Estuarine Habitat"
"CA_SWRCB","California","State","NITROGEN, NITRATE","Estuarine Habitat"
"CA_SWRCB","California","State","MALATHION","Estuarine Habitat"
"CA_SWRCB","California","State","ANTIMONY","Estuarine Habitat"
"CA_SWRCB","California","State","CHROMIUM","Estuarine Habitat"
"CA_SWRCB","California","State","ALDRIN","Shellfish Harvesting"
"CA_SWRCB","California","State","HEPTACHLOR","Shellfish Harvesting"
"CA_SWRCB","California","State","HEXACHLOROCYCLOHEXANE","Marine Habitat"
"CA_SWRCB","California","State","ANTIMONY","Shellfish Harvesting"
"CA_SWRCB","California","State","BERYLLIUM","Shellfish Harvesting"
"CA_SWRCB","California","State","BERYLLIUM","Commercial and Sport Fishing"
"CA_SWRCB","California","State","2,4-DICHLOROPHENOXYACETIC ACID","Commercial and Sport Fishing"
"CA_SWRCB","California","State","ENDOSULFAN","Marine Habitat"
"CA_SWRCB","California","State","AMMONIA, UN-IONIZED","Marine Habitat"
"CA_SWRCB","California","State","EUTROPHICATION","Marine Habitat"
"CA_SWRCB","California","State","EUTROPHICATION","Estuarine Habitat"
"CA_SWRCB","California","State","LEAD","Industrial Service Supply"
"CA_SWRCB","California","State","BENTHIC MACROINVERTEBRATES BIOASSESSMENTS","Marine Habitat"
"CA_SWRCB","California","State","COPPER, DISSOLVED","Estuarine Habitat"
"CA_SWRCB","California","State","SEDIMENT TOXICITY","Marine Habitat"
"CA_SWRCB","California","State","CHLORINE","Industrial Service Supply"
"CA_SWRCB","California","State","TEMPERATURE","Industrial Service Supply"
"CA_SWRCB","California","State","COPPER","Industrial Service Supply"
"CA_SWRCB","California","State","SPECIFIC CONDUCTIVITY","Municipal and Domestic Supply"
"CA_SWRCB","California","State","FLUORANTHENE","Shellfish Harvesting"
"CA_SWRCB","California","State","ENTEROCOCCUS","Water Contact Recreation"
"CA_SWRCB","California","State","FECAL COLIFORM","Water Contact Recreation"
"CA_SWRCB","California","State","TOTAL COLIFORM","Shellfish Harvesting"
"CA_SWRCB","California","State","ESCHERICHIA COLI (E. COLI)","Water Contact Recreation"
"CA_SWRCB","California","State","TOTAL COLIFORM","Water Contact Recreation"
"CA_SWRCB","California","State","HEXACHLOROCYCLOHEXANE","Commercial and Sport Fishing"
"CA_SWRCB","California","State","AMMONIA","Cold Freshwater Habitat"
"CA_SWRCB","California","State","AMMONIA","Warm Freshwater Habitat"
"CA_SWRCB","California","State","AMMONIA","Municipal and Domestic Supply"
"CA_SWRCB","California","State","CYANOBACTERIA NEUROTOXIC ANATOXINS","Water Contact Recreation"
"CA_SWRCB","California","State","CYANOBACTERIA NEUROTOXIC ANATOXINS","Municipal and Domestic Supply"
"CA_SWRCB","California","State","NITROGEN, NITRATE","Cold Freshwater Habitat"
"CA_SWRCB","California","State","NITROGEN, NITRATE","Warm Freshwater Habitat"
"CA_SWRCB","California","State","NITROGEN, NITRATE","Municipal and Domestic Supply"
"CA_SWRCB","California","State","NITROGEN, NITRITE","Municipal and Domestic Supply"
"CA_SWRCB","California","State","TURBIDITY","Municipal and Domestic Supply"
"CA_SWRCB","California","State","MIREX","Cold Freshwater Habitat"
"CA_SWRCB","California","State","MIREX","Warm Freshwater Habitat"
"CA_SWRCB","California","State","MIREX","Municipal and Domestic Supply"
"CA_SWRCB","California","State","ALDRIN","Municipal and Domestic Supply"
"CA_SWRCB","California","State","ENDRIN","Municipal and Domestic Supply"
"CA_SWRCB","California","State","ETHION","Cold Freshwater Habitat"
"CA_SWRCB","California","State","ETHION","Warm Freshwater Habitat"
"CA_SWRCB","California","State","ETHION","Municipal and Domestic Supply"
"CA_SWRCB","California","State","DACTHAL","Cold Freshwater Habitat"
"CA_SWRCB","California","State","DACTHAL","Warm Freshwater Habitat"
"CA_SWRCB","California","State","DACTHAL","Municipal and Domestic Supply"
"CA_SWRCB","California","State","DIAZINON","Municipal and Domestic Supply"
"CA_SWRCB","California","State","DIELDRIN","Municipal and Domestic Supply"
"CA_SWRCB","California","State","ETHOPROP","Cold Freshwater Habitat"
"CA_SWRCB","California","State","ETHOPROP","Warm Freshwater Habitat"
"CA_SWRCB","California","State","FIPRONIL","Cold Freshwater Habitat"
"CA_SWRCB","California","State","FIPRONIL","Warm Freshwater Habitat"
"CA_SWRCB","California","State","CHLORDANE","Municipal and Domestic Supply"
"CA_SWRCB","California","State","CINERIN I","Cold Freshwater Habitat"
"CA_SWRCB","California","State","CINERIN I","Warm Freshwater Habitat"
"CA_SWRCB","California","State","MALATHION","Cold Freshwater Habitat"
"CA_SWRCB","California","State","MALATHION","Warm Freshwater Habitat"
"CA_SWRCB","California","State","MALATHION","Municipal and Domestic Supply"
"CA_SWRCB","California","State","OXADIAZON","Cold Freshwater Habitat"
"CA_SWRCB","California","State","OXADIAZON","Warm Freshwater Habitat"
"CA_SWRCB","California","State","OXADIAZON","Municipal and Domestic Supply"
"CA_SWRCB","California","State","PARATHION","Cold Freshwater Habitat"
"CA_SWRCB","California","State","PARATHION","Warm Freshwater Habitat"
"CA_SWRCB","California","State","PYRETHRIN","Cold Freshwater Habitat"
"CA_SWRCB","California","State","PYRETHRIN","Warm Freshwater Habitat"
"CA_SWRCB","California","State","BIFENTHRIN","Cold Freshwater Habitat"
"CA_SWRCB","California","State","BIFENTHRIN","Warm Freshwater Habitat"
"CA_SWRCB","California","State","CYFLUTHRIN","Cold Freshwater Habitat"
"CA_SWRCB","California","State","CYFLUTHRIN","Warm Freshwater Habitat"
"CA_SWRCB","California","State","HEPTACHLOR","Municipal and Domestic Supply"
"CA_SWRCB","California","State","JASMOLIN I","Cold Freshwater Habitat"
"CA_SWRCB","California","State","JASMOLIN I","Warm Freshwater Habitat"
"CA_SWRCB","California","State","PERMETHRIN","Cold Freshwater Habitat"
"CA_SWRCB","California","State","PERMETHRIN","Warm Freshwater Habitat"
"CA_SWRCB","California","State","PESTICIDES","Warm Freshwater Habitat"
"CA_SWRCB","California","State","PYRETHRINS","Cold Freshwater Habitat"
"CA_SWRCB","California","State","PYRETHRINS","Warm Freshwater Habitat"
"CA_SWRCB","California","State","FLUVALINATE","Cold Freshwater Habitat"
"CA_SWRCB","California","State","FLUVALINATE","Warm Freshwater Habitat"
"CA_SWRCB","California","State","FLUVALINATE","Municipal and Domestic Supply"
"CA_SWRCB","California","State","PYRETHROIDS","Cold Freshwater Habitat"
"CA_SWRCB","California","State","PYRETHROIDS","Warm Freshwater Habitat"
"CA_SWRCB","California","State","CHLORPYRIFOS","Municipal and Domestic Supply"
"CA_SWRCB","California","State","CYPERMETHRIN","Cold Freshwater Habitat"
"CA_SWRCB","California","State","CYPERMETHRIN","Warm Freshwater Habitat"
"CA_SWRCB","California","State","DELTAMETHRIN","Cold Freshwater Habitat"
"CA_SWRCB","California","State","DELTAMETHRIN","Warm Freshwater Habitat"
"CA_SWRCB","California","State","FENITROTHION","Cold Freshwater Habitat"
"CA_SWRCB","California","State","FENITROTHION","Warm Freshwater Habitat"
"CA_SWRCB","California","State","IMIDACLOPRID","Cold Freshwater Habitat"
"CA_SWRCB","California","State","IMIDACLOPRID","Warm Freshwater Habitat"
"CA_SWRCB","California","State","METHOXYCHLOR","Cold Freshwater Habitat"
"CA_SWRCB","California","State","METHOXYCHLOR","Warm Freshwater Habitat"
"CA_SWRCB","California","State","METHOXYCHLOR","Municipal and Domestic Supply"
"CA_SWRCB","California","State","TETRAMETHRIN","Cold Freshwater Habitat"
"CA_SWRCB","California","State","TETRAMETHRIN","Warm Freshwater Habitat"
"CA_SWRCB","California","State","ESFENVALERATE","Cold Freshwater Habitat"
"CA_SWRCB","California","State","ESFENVALERATE","Warm Freshwater Habitat"
"CA_SWRCB","California","State","FENPROPATHRIN","Cold Freshwater Habitat"
"CA_SWRCB","California","State","FENPROPATHRIN","Warm Freshwater Habitat"
"CA_SWRCB","California","State","ENDRIN ALDEHYDE","Municipal and Domestic Supply"
"CA_SWRCB","California","State","FIPRONIL SULFIDE","Cold Freshwater Habitat"
"CA_SWRCB","California","State","FIPRONIL SULFIDE","Warm Freshwater Habitat"
"CA_SWRCB","California","State","FIPRONIL SULFONE","Cold Freshwater Habitat"
"CA_SWRCB","California","State","FIPRONIL SULFONE","Warm Freshwater Habitat"
"CA_SWRCB","California","State","METHYL PARATHION","Cold Freshwater Habitat"
"CA_SWRCB","California","State","METHYL PARATHION","Warm Freshwater Habitat"
"CA_SWRCB","California","State","METHYL PARATHION","Municipal and Domestic Supply"
"CA_SWRCB","California","State","HEXACHLOROBENZENE","Municipal and Domestic Supply"
"CA_SWRCB","California","State","ENDOSULFAN SULFATE","Cold Freshwater Habitat"
"CA_SWRCB","California","State","ENDOSULFAN SULFATE","Warm Freshwater Habitat"
"CA_SWRCB","California","State","ENDOSULFAN SULFATE","Municipal and Domestic Supply"
"CA_SWRCB","California","State","HEPTACHLOR EPOXIDE","Municipal and Domestic Supply"
"CA_SWRCB","California","State","LAMBDA-CYHALOTHRIN","Cold Freshwater Habitat"
"CA_SWRCB","California","State","LAMBDA-CYHALOTHRIN","Warm Freshwater Habitat"
"CA_SWRCB","California","State","PIPERONYL BUTOXIDE","Cold Freshwater Habitat"
"CA_SWRCB","California","State","PIPERONYL BUTOXIDE","Warm Freshwater Habitat"
"CA_SWRCB","California","State","HEXACHLOROCYCLOHEXANE (HCH)","Municipal and Domestic Supply"
"CA_SWRCB","California","State","BETA-ENDOSULFAN (ENDOSULFAN 2)","Cold Freshwater Habitat"
"CA_SWRCB","California","State","BETA-ENDOSULFAN (ENDOSULFAN 2)","Warm Freshwater Habitat"
"CA_SWRCB","California","State","BETA-ENDOSULFAN (ENDOSULFAN 2)","Municipal and Domestic Supply"
"CA_SWRCB","California","State","DYFONATE (FONOFOS OR FONOPHOS)","Cold Freshwater Habitat"
"CA_SWRCB","California","State","DYFONATE (FONOFOS OR FONOPHOS)","Warm Freshwater Habitat"
"CA_SWRCB","California","State","ALPHA-ENDOSULFAN (ENDOSULFAN 1)","Cold Freshwater Habitat"
"CA_SWRCB","California","State","ALPHA-ENDOSULFAN (ENDOSULFAN 1)","Warm Freshwater Habitat"
"CA_SWRCB","California","State","ALPHA-ENDOSULFAN (ENDOSULFAN 1)","Municipal and Domestic Supply"
"CA_SWRCB","California","State","DDD (DICHLORODIPHENYLDICHLOROETHANE)","Cold Freshwater Habitat"
"CA_SWRCB","California","State","DDD (DICHLORODIPHENYLDICHLOROETHANE)","Warm Freshwater Habitat"
"CA_SWRCB","California","State","DDD (DICHLORODIPHENYLDICHLOROETHANE)","Municipal and Domestic Supply"
"CA_SWRCB","California","State","DDT (DICHLORODIPHENYLTRICHLOROETHANE)","Municipal and Domestic Supply"
"CA_SWRCB","California","State","DDE (DICHLORODIPHENYLDICHLOROETHYLENE)","Cold Freshwater Habitat"
"CA_SWRCB","California","State","DDE (DICHLORODIPHENYLDICHLOROETHYLENE)","Warm Freshwater Habitat"
"CA_SWRCB","California","State","DDE (DICHLORODIPHENYLDICHLOROETHYLENE)","Municipal and Domestic Supply"
"CA_SWRCB","California","State","TEMPERATURE","Warm Freshwater Habitat"
"CA_SWRCB","California","State","ALLETHRIN","Cold Freshwater Habitat"
"CA_SWRCB","California","State","ALLETHRIN","Warm Freshwater Habitat"
"CA_SWRCB","California","State","FIPRONIL DESULFINYL","Cold Freshwater Habitat"
"CA_SWRCB","California","State","FIPRONIL DESULFINYL","Warm Freshwater Habitat"
"CA_SWRCB","California","State","LEAD","Municipal and Domestic Supply"
"CA_SWRCB","California","State","ZINC","Municipal and Domestic Supply"
"CA_SWRCB","California","State","COPPER","Municipal and Domestic Supply"
"CA_SWRCB","California","State","NICKEL","Municipal and Domestic Supply"
"CA_SWRCB","California","State","SILVER","Cold Freshwater Habitat"
"CA_SWRCB","California","State","SILVER","Municipal and Domestic Supply"
"CA_SWRCB","California","State","ARSENIC","Municipal and Domestic Supply"
"CA_SWRCB","California","State","CADMIUM","Municipal and Domestic Supply"
"CA_SWRCB","California","State","ALUMINUM","Cold Freshwater Habitat"
"CA_SWRCB","California","State","ALUMINUM","Warm Freshwater Habitat"
"CA_SWRCB","California","State","ALUMINUM","Municipal and Domestic Supply"
"CA_SWRCB","California","State","CHROMIUM","Municipal and Domestic Supply"
"CA_SWRCB","California","State","SELENIUM","Cold Freshwater Habitat"
"CA_SWRCB","California","State","SELENIUM","Warm Freshwater Habitat"
"CA_SWRCB","California","State","SELENIUM","Municipal and Domestic Supply"
"CA_SWRCB","California","State","MANGANESE","Municipal and Domestic Supply"
"CA_SWRCB","California","State","PH","Municipal and Domestic Supply"
"CA_SWRCB","California","State","ALKALINITY","Cold Freshwater Habitat"
"CA_SWRCB","California","State","ALKALINITY","Warm Freshwater Habitat"
"CA_SWRCB","California","State","BENTHIC MACROINVERTEBRATES BIOASSESSMENTS","Cold Freshwater Habitat"
"CA_SWRCB","California","State","DISSOLVED OXYGEN","Spawning, Reproduction, and/or Early Development"
"CA_SWRCB","California","State","SULFATE","Municipal and Domestic Supply"
"CA_SWRCB","California","State","CHLORIDE","Cold Freshwater Habitat"
"CA_SWRCB","California","State","CHLORIDE","Warm Freshwater Habitat"
"CA_SWRCB","California","State","CHLORIDE","Municipal and Domestic Supply"
"CA_SWRCB","California","State","TOTAL DISSOLVED SOLIDS (TDS)","Municipal and Domestic Supply"
"CA_SWRCB","California","State","CHROMIUM, HEXAVALENT","Marine Habitat"
"CA_SWRCB","California","State","AMMONIA, TOTAL","Marine Habitat"
"CA_SWRCB","California","State","NITROGEN","Warm Freshwater Habitat"
"CA_SWRCB","California","State","PHOSPHORUS","Warm Freshwater Habitat"
"CA_SWRCB","California","State",NA,"Non-Contact Water Recreation"
"CA_SWRCB","California","State","SEDIMENTATION/SILTATION","Cold Freshwater Habitat"
"CA_SWRCB","California","State","NUTRIENTS","Cold Freshwater Habitat"
"CA_SWRCB","California","State","MERCURY","WETLAND HABITAT"
"CA_SWRCB","California","State","DACTHAL","WETLAND HABITAT"
"CA_SWRCB","California","State","DIELDRIN","WETLAND HABITAT"
"CA_SWRCB","California","State","ZINC","WETLAND HABITAT"
"CA_SWRCB","California","State","COPPER","WETLAND HABITAT"
"CA_SWRCB","California","State","POLYCHLORINATED BIPHENYLS (PCBS)","WETLAND HABITAT"
"CA_SWRCB","California","State","HYDROGEN SULFIDE","Estuarine Habitat"
"CA_SWRCB","California","State","MERCURY IN SEDIMENT","Estuarine Habitat"
"CA_SWRCB","California","State","CHLORINE","Estuarine Habitat"
"CA_SWRCB","California","State","DDE (DICHLORODIPHENYLDICHLOROETHYLENE)","Estuarine Habitat"
"CA_SWRCB","California","State","UREA","Cold Freshwater Habitat"
"CA_SWRCB","California","State","NITRATE","Estuarine Habitat"
"CA_SWRCB","California","State","PERMETHRIN","Estuarine Habitat"
"CA_SWRCB","California","State","CYPERMETHRIN","Estuarine Habitat"
"CA_SWRCB","California","State","ENTEROCOCCUS","Non-Contact Water Recreation"
"CA_SWRCB","California","State","FECAL COLIFORM","Non-Contact Water Recreation"
"CA_SWRCB","California","State","ESCHERICHIA COLI (E. COLI)","Non-Contact Water Recreation"
"CA_SWRCB","California","State","ALDICARB","Cold Freshwater Habitat"
"CA_SWRCB","California","State","ALDICARB","Warm Freshwater Habitat"
"CA_SWRCB","California","State","CARBARYL","Cold Freshwater Habitat"
"CA_SWRCB","California","State","CARBARYL","Warm Freshwater Habitat"
"CA_SWRCB","California","State","METHOMYL","Cold Freshwater Habitat"
"CA_SWRCB","California","State","METHOMYL","Warm Freshwater Habitat"
"CA_SWRCB","California","State","ORYZALIN","Cold Freshwater Habitat"
"CA_SWRCB","California","State","ORYZALIN","Warm Freshwater Habitat"
"CA_SWRCB","California","State","BENSULIDE","Cold Freshwater Habitat"
"CA_SWRCB","California","State","BENSULIDE","Warm Freshwater Habitat"
"CA_SWRCB","California","State","CARBOFURAN","Cold Freshwater Habitat"
"CA_SWRCB","California","State","CARBOFURAN","Warm Freshwater Habitat"
"CA_SWRCB","California","State","DICHLORVOS","Cold Freshwater Habitat"
"CA_SWRCB","California","State","DICHLORVOS","Warm Freshwater Habitat"
"CA_SWRCB","California","State","DIMETHOATE","Cold Freshwater Habitat"
"CA_SWRCB","California","State","DIMETHOATE","Warm Freshwater Habitat"
"CA_SWRCB","California","State","ENDOSULFAN","Estuarine Habitat"
"CA_SWRCB","California","State","METHIOCARB","Cold Freshwater Habitat"
"CA_SWRCB","California","State","METHIOCARB","Warm Freshwater Habitat"
"CA_SWRCB","California","State","PRODIAMINE","Cold Freshwater Habitat"
"CA_SWRCB","California","State","PRODIAMINE","Warm Freshwater Habitat"
"CA_SWRCB","California","State","OXYFLUORFEN","Cold Freshwater Habitat"
"CA_SWRCB","California","State","OXYFLUORFEN","Warm Freshwater Habitat"
"CA_SWRCB","California","State","TRIFLURALIN","Cold Freshwater Habitat"
"CA_SWRCB","California","State","TRIFLURALIN","Warm Freshwater Habitat"
"CA_SWRCB","California","State","METHIDATHION","Cold Freshwater Habitat"
"CA_SWRCB","California","State","METHIDATHION","Warm Freshwater Habitat"
"CA_SWRCB","California","State","PENDIMETHALIN","Cold Freshwater Habitat"
"CA_SWRCB","California","State","PENDIMETHALIN","Warm Freshwater Habitat"
"CA_SWRCB","California","State","PROPICONAZOLE","Cold Freshwater Habitat"
"CA_SWRCB","California","State","PROPICONAZOLE","Warm Freshwater Habitat"
"CA_SWRCB","California","State","PYRACLOSTROBIN","Cold Freshwater Habitat"
"CA_SWRCB","California","State","PYRACLOSTROBIN","Warm Freshwater Habitat"
"CA_SWRCB","California","State","OXAMYL (VYDATE)","Cold Freshwater Habitat"
"CA_SWRCB","California","State","OXAMYL (VYDATE)","Warm Freshwater Habitat"
"CA_SWRCB","California","State","AZOXYSTROBIN","Cold Freshwater Habitat"
"CA_SWRCB","California","State","AZOXYSTROBIN","Warm Freshwater Habitat"
"CA_SWRCB","California","State","ETHALFLURALIN","Cold Freshwater Habitat"
"CA_SWRCB","California","State","ETHALFLURALIN","Warm Freshwater Habitat"
"CA_SWRCB","California","State","NUTRIENTS","Warm Freshwater Habitat"
"CA_SWRCB","California","State","PHOSMET","Cold Freshwater Habitat"
"CA_SWRCB","California","State","PHOSMET","Warm Freshwater Habitat"
"CA_SWRCB","California","State","PHOSMET","Municipal and Domestic Supply"
"CA_SWRCB","California","State","ALACHLOR","Cold Freshwater Habitat"
"CA_SWRCB","California","State","ALACHLOR","Warm Freshwater Habitat"
"CA_SWRCB","California","State","ALACHLOR","Municipal and Domestic Supply"
"CA_SWRCB","California","State","ATRAZINE","Cold Freshwater Habitat"
"CA_SWRCB","California","State","ATRAZINE","Warm Freshwater Habitat"
"CA_SWRCB","California","State","ATRAZINE","Municipal and Domestic Supply"
"CA_SWRCB","California","State","BUTYLATE","Cold Freshwater Habitat"
"CA_SWRCB","California","State","BUTYLATE","Warm Freshwater Habitat"
"CA_SWRCB","California","State","CARBARYL","Municipal and Domestic Supply"
"CA_SWRCB","California","State","MOLINATE","Cold Freshwater Habitat"
"CA_SWRCB","California","State","MOLINATE","Warm Freshwater Habitat"
"CA_SWRCB","California","State","MOLINATE","Municipal and Domestic Supply"
"CA_SWRCB","California","State","PROPANIL","Cold Freshwater Habitat"
"CA_SWRCB","California","State","PROPANIL","Warm Freshwater Habitat"
"CA_SWRCB","California","State","SIMAZINE","Cold Freshwater Habitat"
"CA_SWRCB","California","State","SIMAZINE","Warm Freshwater Habitat"
"CA_SWRCB","California","State","SIMAZINE","Municipal and Domestic Supply"
"CA_SWRCB","California","State","IPRODIONE","Municipal and Domestic Supply"
"CA_SWRCB","California","State","PROMETRYN","Cold Freshwater Habitat"
"CA_SWRCB","California","State","PROMETRYN","Warm Freshwater Habitat"
"CA_SWRCB","California","State","PROMETRYN","Municipal and Domestic Supply"
"CA_SWRCB","California","State","BIFENTHRIN","Estuarine Habitat"
"CA_SWRCB","California","State","CARBOFURAN","Municipal and Domestic Supply"
"CA_SWRCB","California","State","DISULFOTON","Municipal and Domestic Supply"
"CA_SWRCB","California","State","HEXAZINONE","Cold Freshwater Habitat"
"CA_SWRCB","California","State","HEXAZINONE","Warm Freshwater Habitat"
"CA_SWRCB","California","State","RESMETHRIN","Municipal and Domestic Supply"
"CA_SWRCB","California","State","NAPROPAMIDE","Cold Freshwater Habitat"
"CA_SWRCB","California","State","NAPROPAMIDE","Warm Freshwater Habitat"
"CA_SWRCB","California","State","THIOBENCARB","Cold Freshwater Habitat"
"CA_SWRCB","California","State","THIOBENCARB","Warm Freshwater Habitat"
"CA_SWRCB","California","State","THIOBENCARB","Municipal and Domestic Supply"
"CA_SWRCB","California","State","VINCLOZOLIN","Municipal and Domestic Supply"
"CA_SWRCB","California","State","METHIDATHION","Municipal and Domestic Supply"
"CA_SWRCB","California","State","TEBUFENOZIDE","Cold Freshwater Habitat"
"CA_SWRCB","California","State","TEBUFENOZIDE","Warm Freshwater Habitat"
"CA_SWRCB","California","State","CHLOROTHALONIL","Municipal and Domestic Supply"
"CA_SWRCB","California","State","METHOXYFENOZIDE","Cold Freshwater Habitat"
"CA_SWRCB","California","State","METHOXYFENOZIDE","Warm Freshwater Habitat"
"CA_SWRCB","California","State","IMIDACLOPRID-UREA","Cold Freshwater Habitat"
"CA_SWRCB","California","State","IMIDACLOPRID-UREA","Warm Freshwater Habitat"
"CA_SWRCB","California","State","DESNITRO-IMIDACLOPRID","Cold Freshwater Habitat"
"CA_SWRCB","California","State","DESNITRO-IMIDACLOPRID","Warm Freshwater Habitat"
"CA_SWRCB","California","State","PENTACHLOROBENZENE","Municipal and Domestic Supply"
"CA_SWRCB","California","State","METOLACHLOR","Warm Freshwater Habitat"
"CA_SWRCB","California","State","CHROMIUM","Shellfish Harvesting"
"CA_SWRCB","California","State","OTHER ORGANICS","Commercial and Sport Fishing"
"CA_SWRCB","California","State","NUTRIENTS","Spawning, Reproduction, and/or Early Development"
"CA_SWRCB","California","State","ETHION","Commercial and Sport Fishing"
"CA_SWRCB","California","State","OTHER ORGANICS","Estuarine Habitat"
"CA_SWRCB","California","State","AMMONIA","Spawning, Reproduction, and/or Early Development"
"CA_SWRCB","California","State","CHLORINE","Marine Habitat"
"CA_SWRCB","California","State","NITROGEN, NITRATE","Non-Contact Water Recreation"
"CA_SWRCB","California","State","LEAD","Commercial and Sport Fishing"
"CA_SWRCB","California","State","AMMONIA, TOTAL","Spawning, Reproduction, and/or Early Development"
"CA_SWRCB","California","State","NON-NATIVE AQUATIC PLANTS","Warm Freshwater Habitat"
"CA_SWRCB","California","State","NITRATE/NITRITE (NITRITE + NITRATE AS N)","Municipal and Domestic Supply"
"CA_SWRCB","California","State","BORON","Agricultural Supply"
"CA_SWRCB","California","State","CONDUCTIVITY","Agricultural Supply"
"CA_SWRCB","California","State","MERCURY","Municipal and Domestic Supply"
"CA_SWRCB","California","State","BROMOFORM","Municipal and Domestic Supply"
"CA_SWRCB","California","State","DICHLOROBROMOMETHANE","Municipal and Domestic Supply"
"CA_SWRCB","California","State","ANTIMONY","Municipal and Domestic Supply"
"CA_SWRCB","California","State","GUTHION","Estuarine Habitat"
"CA_SWRCB","California","State","COPPER","Rare, Threatened, or Endangered Species"
"CA_SWRCB","California","State","SEDIMENTATION/SILTATION","Marine Habitat"
"CA_SWRCB","California","State","NUTRIENTS","Marine Habitat"
"CA_SWRCB","California","State","AMMONIA, UN-IONIZED","Estuarine Habitat"
"CA_SWRCB","California","State","SEDIMENTATION/SILTATION","Warm Freshwater Habitat"
"CA_SWRCB","California","State","PHOSPHORUS","Estuarine Habitat"
"CA_SWRCB","California","State","EUTROPHICATION","Warm Freshwater Habitat"
"CA_SWRCB","California","State","CYLINDROSPERMOPSIN","Water Contact Recreation"
"CA_SWRCB","California","State","CYANOBACTERIA HEPATOTOXIC MICROCYSTINS","Water Contact Recreation"
"CA_SWRCB","California","State","CADMIUM IN SEDIMENT","Estuarine Habitat"
"CA_SWRCB","California","State","TURBIDITY","Marine Habitat"
"CA_SWRCB","California","State","OTHER","Estuarine Habitat"
"CA_SWRCB","California","State","DIOXIN","Municipal and Domestic Supply"
"CA_SWRCB","California","State","CYANOBACTERIA HEPATOTOXIC MICROCYSTINS","Commercial and Sport Fishing"
"CA_SWRCB","California","State","OTHER","Preservation of Biological Habitats"
"CA_SWRCB","California","State","SODIUM","Agricultural Supply"
"CA_SWRCB","California","State","SODIUM","Municipal and Domestic Supply"
"CA_SWRCB","California","State","CHLORINE","Cold Freshwater Habitat"
"CA_SWRCB","California","State","CHLORINE","Warm Freshwater Habitat"
"CA_SWRCB","California","State","AMMONIA","Agricultural Supply"
"CA_SWRCB","California","State","CYLINDROSPERMOPSIN","Agricultural Supply"
"CA_SWRCB","California","State","CYLINDROSPERMOPSIN","Municipal and Domestic Supply"
"CA_SWRCB","California","State","CYANOBACTERIA NEUROTOXIC ANATOXINS","Agricultural Supply"
"CA_SWRCB","California","State","CYANOBACTERIA NEUROTOXIC SAXITOXINS","Municipal and Domestic Supply"
"CA_SWRCB","California","State","CYANOBACTERIA HEPATOTOXIC MICROCYSTINS","Wildlife Habitat"
"CA_SWRCB","California","State","CYANOBACTERIA HEPATOTOXIC MICROCYSTINS","Agricultural Supply"
"CA_SWRCB","California","State","CYANOBACTERIA HEPATOTOXIC MICROCYSTINS","Municipal and Domestic Supply"
"CA_SWRCB","California","State","SCUM/FOAM","Warm Freshwater Habitat"
"CA_SWRCB","California","State","CHLOROPHYLL-A","Water Contact Recreation"
"CA_SWRCB","California","State","NITRATE","Agricultural Supply"
"CA_SWRCB","California","State","NITRATE","Municipal and Domestic Supply"
"CA_SWRCB","California","State","FISH PASSAGE BARRIER","Warm Freshwater Habitat"
"CA_SWRCB","California","State","DIELDRIN IN SEDIMENT","Estuarine Habitat"
"CA_SWRCB","California","State","PCBS IN SEDIMENT","Estuarine Habitat"
"CA_SWRCB","California","State","BARIUM","Municipal and Domestic Supply"
"CA_SWRCB","California","State","BORON","Municipal and Domestic Supply"
"CA_SWRCB","California","State","BROMIDE","Municipal and Domestic Supply"
"CA_SWRCB","California","State","IRON","Cold Freshwater Habitat"
"CA_SWRCB","California","State","IRON","Warm Freshwater Habitat"
"CA_SWRCB","California","State","IRON","Municipal and Domestic Supply"
"CA_SWRCB","California","State","ISOPHORONE","Municipal and Domestic Supply"
"CA_SWRCB","California","State","ALGAE","Non-Contact Water Recreation"
"CA_SWRCB","California","State","ODOR","Non-Contact Water Recreation"
"CA_SWRCB","California","State","CHLORIDE","Non-Contact Water Recreation"
"CA_SWRCB","California","State","SPECIFIC CONDUCTIVITY","Warm Freshwater Habitat"
"CA_SWRCB","California","State","SULFATE","Warm Freshwater Habitat"
"CA_SWRCB","California","State","NITRATE/NITRITE (NITRITE + NITRATE AS N)","Warm Freshwater Habitat"
"CA_SWRCB","California","State","NITRATE/NITRITE (NITRITE + NITRATE AS N)","Cold Freshwater Habitat"
"CA_SWRCB","California","State","PYRENE","Municipal and Domestic Supply"
"CA_SWRCB","California","State","CHRYSENE","Municipal and Domestic Supply"
"CA_SWRCB","California","State","FLUORENE","Municipal and Domestic Supply"
"CA_SWRCB","California","State","ANTHRACENE","Municipal and Domestic Supply"
"CA_SWRCB","California","State","ACENAPHTHENE","Municipal and Domestic Supply"
"CA_SWRCB","California","State","FLUORANTHENE","Municipal and Domestic Supply"
"CA_SWRCB","California","State","NITROBENZENE","Municipal and Domestic Supply"
"CA_SWRCB","California","State","BENZ[A]ANTHRACENE","Municipal and Domestic Supply"
"CA_SWRCB","California","State","2,4-DINITROTOLUENE","Municipal and Domestic Supply"
"CA_SWRCB","California","State","BENZO[B]FLUORANTHENE","Municipal and Domestic Supply"
"CA_SWRCB","California","State","BENZO[K]FLUORANTHENE","Municipal and Domestic Supply"
"CA_SWRCB","California","State","BENZO[A]PYRENE (PAHS)","Municipal and Domestic Supply"
"CA_SWRCB","California","State","DIBENZ[A,H]ANTHRACENE","Municipal and Domestic Supply"
"CA_SWRCB","California","State","INDENO[1,2,3-CD]PYRENE","Municipal and Domestic Supply"
"CA_SWRCB","California","State","ANTIMONY","Cold Freshwater Habitat"
"CA_SWRCB","California","State","BERYLLIUM","Cold Freshwater Habitat"
"CA_SWRCB","California","State","BERYLLIUM","Municipal and Domestic Supply"
"CA_SWRCB","California","State","FLUORIDE","Municipal and Domestic Supply"
"CA_SWRCB","California","State","MANGANESE","Cold Freshwater Habitat"
"CA_SWRCB","California","State","CHROMIUM, TOTAL","Municipal and Domestic Supply"
"CA_SWRCB","California","State","OTHER","Cold Freshwater Habitat"
"CA_SWRCB","California","State","SALINITY","Municipal and Domestic Supply"
"CA_SWRCB","California","State","DICOFOL","Warm Freshwater Habitat"
"CA_SWRCB","California","State","LINURON","Warm Freshwater Habitat"
"CA_SWRCB","California","State","PHORATE","Warm Freshwater Habitat"
"CA_SWRCB","California","State","ALDICARB","Municipal and Domestic Supply"
"CA_SWRCB","California","State","GLYPHOSATE","Warm Freshwater Habitat"
"CA_SWRCB","California","State","GLYPHOSATE","Municipal and Domestic Supply"
"CA_SWRCB","California","State","MCPA","Warm Freshwater Habitat"
"CA_SWRCB","California","State","DEMETON","Warm Freshwater Habitat"
"CA_SWRCB","California","State","DINOSEB","Warm Freshwater Habitat"
"CA_SWRCB","California","State","DINOSEB","Municipal and Domestic Supply"
"CA_SWRCB","California","State","GUTHION","Warm Freshwater Habitat"
"CA_SWRCB","California","State","CYANAZINE","Warm Freshwater Habitat"
"CA_SWRCB","California","State","TOXAPHENE","Municipal and Domestic Supply"
"CA_SWRCB","California","State","DISULFOTON","Warm Freshwater Habitat"
"CA_SWRCB","California","State","PROPARGITE","Warm Freshwater Habitat"
"CA_SWRCB","California","State","BENFLURALIN","Warm Freshwater Habitat"
"CA_SWRCB","California","State","DICHLORPROP","Warm Freshwater Habitat"
"CA_SWRCB","California","State","METOLACHLOR","Municipal and Domestic Supply"
"CA_SWRCB","California","State","NORFLURAZON","Warm Freshwater Habitat"
"CA_SWRCB","California","State","2,4,5-TP (SILVEX)","Warm Freshwater Habitat"
"CA_SWRCB","California","State","2,4,5-TP (SILVEX)","Municipal and Domestic Supply"
"CA_SWRCB","California","State","1,2-DICHLOROETHANE","Municipal and Domestic Supply"
"CA_SWRCB","California","State","1,2-DICHLOROPROPANE","Municipal and Domestic Supply"
"CA_SWRCB","California","State","1,2-DIBROMO-3-CHLOROPROPANE","Municipal and Domestic Supply"
"CA_SWRCB","California","State","CHLOROPHENOXY HERBICIDES (2,4-D)","Warm Freshwater Habitat"
"CA_SWRCB","California","State","BENZENE","Municipal and Domestic Supply"
"CA_SWRCB","California","State","TOLUENE","Municipal and Domestic Supply"
"CA_SWRCB","California","State","BROMACIL","Warm Freshwater Habitat"
"CA_SWRCB","California","State","TRICLOPYR","Warm Freshwater Habitat"
"CA_SWRCB","California","State","CHLOROFORM","Municipal and Domestic Supply"
"CA_SWRCB","California","State","ETHYLBENZENE","Municipal and Domestic Supply"
"CA_SWRCB","California","State","1,2-DIBROMOETHANE","Municipal and Domestic Supply"
"CA_SWRCB","California","State","O-DICHLOROBENZENE","Municipal and Domestic Supply"
"CA_SWRCB","California","State","1,1-DICHLOROETHANE","Municipal and Domestic Supply"
"CA_SWRCB","California","State","ALDICARB SULFOXIDE","Municipal and Domestic Supply"
"CA_SWRCB","California","State","1,3-DICHLOROBENZENE","Municipal and Domestic Supply"
"CA_SWRCB","California","State","1,4-DICHLOROBENZENE","Municipal and Domestic Supply"
"CA_SWRCB","California","State","HEXACHLOROBUTADIENE","Municipal and Domestic Supply"
"CA_SWRCB","California","State","CARBON TETRACHLORIDE","Municipal and Domestic Supply"
"CA_SWRCB","California","State","CHLOROBENZENE (MONO)","Municipal and Domestic Supply"
"CA_SWRCB","California","State","CHLORODIBROMOMETHANE","Municipal and Domestic Supply"
"CA_SWRCB","California","State","1,1,1-TRICHLOROETHANE","Municipal and Domestic Supply"
"CA_SWRCB","California","State","1,1,2-TRICHLOROETHANE","Municipal and Domestic Supply"
"CA_SWRCB","California","State","1,2,4-TRICHLOROBENZENE","Municipal and Domestic Supply"
"CA_SWRCB","California","State","CIS-1,2-DICHLOROETHYLENE","Municipal and Domestic Supply"
"CA_SWRCB","California","State","2,4-DICHLOROPHENOXYACETIC ACID","Warm Freshwater Habitat"
"CA_SWRCB","California","State","2,4-DICHLOROPHENOXYACETIC ACID","Municipal and Domestic Supply"
"CA_SWRCB","California","State","ANTIMONY","Warm Freshwater Habitat"
"CA_SWRCB","California","State","BERYLLIUM","Warm Freshwater Habitat"
"CA_SWRCB","California","State","AMMONIA, UN-IONIZED","Cold Freshwater Habitat"
"CA_SWRCB","California","State","MOLYBDENUM","Agricultural Supply"
"CA_SWRCB","California","State","NITROGEN","Cold Freshwater Habitat"
"CA_SWRCB","California","State","SALINITY/TOTAL DISSOLVED SOLIDS/CHLORIDES","Inland Saline Water Habitat"
"CA_SWRCB","California","State","PHOSPHORUS","Cold Freshwater Habitat"
"CA_SWRCB","California","State","ORGANIC ENRICHMENT","Cold Freshwater Habitat"
"CA_SWRCB","California","State","PHOSPHATE","Cold Freshwater Habitat"
"CA_SWRCB","California","State","PETROLEUM HYDROCARBONS","Wildlife Habitat"
"CA_SWRCB","California","State","SALINITY/TOTAL DISSOLVED SOLIDS/CHLORIDES","Wildlife Habitat"
"CA_SWRCB","California","State","SULFATE","Cold Freshwater Habitat"
"CA_SWRCB","California","State","SILICA","Cold Freshwater Habitat"
"CA_SWRCB","California","State","NITROGEN, NITRITE","Cold Freshwater Habitat"
"CA_SWRCB","California","State","PATHOGENS","Municipal and Domestic Supply"
"CA_SWRCB","California","State","BORON","Cold Freshwater Habitat"
"CA_SWRCB","California","State","FLUORIDE","Cold Freshwater Habitat"
"CA_SWRCB","California","State","CALCIUM","Cold Freshwater Habitat"
"CA_SWRCB","California","State","MAGNESIUM","Cold Freshwater Habitat"
"CA_SWRCB","California","State","POTASSIUM","Cold Freshwater Habitat"
"CA_SWRCB","California","State","CALCIUM CARBONATE","Cold Freshwater Habitat"
"CA_SWRCB","California","State","SODIUM","Cold Freshwater Habitat"
"CA_SWRCB","California","State","TOTAL DISSOLVED SOLIDS (TDS)","Cold Freshwater Habitat"
"CA_SWRCB","California","State","XYLENE","Municipal and Domestic Supply"
"CA_SWRCB","California","State","NAPHTHALENE","Municipal and Domestic Supply"
"CA_SWRCB","California","State","ACETONE","Municipal and Domestic Supply"
"CA_SWRCB","California","State","METHYL TERTIARY-BUTYL ETHER (MTBE)","Municipal and Domestic Supply"
"CA_SWRCB","California","State","PCBS IN FISH TISSUE","Cold Freshwater Habitat"
"CA_SWRCB","California","State","PCBS IN FISH TISSUE","Commercial and Sport Fishing"
"CA_SWRCB","California","State","ARSENIC","Water Contact Recreation"
"CA_SWRCB","California","State","SALINITY/TOTAL DISSOLVED SOLIDS/CHLORIDES","Agricultural Supply"
"CA_SWRCB","California","State","OTHER","Warm Freshwater Habitat"
"CA_SWRCB","California","State","METALS","Cold Freshwater Habitat"
"CA_SWRCB","California","State","SALINITY/TOTAL DISSOLVED SOLIDS/CHLORIDES","Warm Freshwater Habitat"
"CA_SWRCB","California","State","SEDIMENT","Cold Freshwater Habitat"
"CA_SWRCB","California","State","BETA-BHC","Municipal and Domestic Supply"
"CA_SWRCB","California","State","BETA-BHC","Commercial and Sport Fishing"
"CA_SWRCB","California","State","ALPHA-BHC","Municipal and Domestic Supply"
"CA_SWRCB","California","State","ALPHA-BHC","Commercial and Sport Fishing"
"CA_SWRCB","California","State","METHYL BROMIDE","Municipal and Domestic Supply"
"CA_SWRCB","California","State","HEXACHLOROCYCLOHEXANE","Warm Freshwater Habitat"
"CA_SWRCB","California","State","PHEOPHYTIN A","Warm Freshwater Habitat"
"CA_SWRCB","California","State","PETROLEUM HYDROCARBONS","Warm Freshwater Habitat"
"CA_SWRCB","California","State","STYRENE","Municipal and Domestic Supply"
"CA_SWRCB","California","State","DICHLOROMETHANE","Municipal and Domestic Supply"
"CA_SWRCB","California","State","M-DICHLOROBENZENE","Municipal and Domestic Supply"
"CA_SWRCB","California","State","M-DICHLOROBENZENE","Commercial and Sport Fishing"
"CA_SWRCB","California","State","P-DICHLOROBENZENE","Municipal and Domestic Supply"
"CA_SWRCB","California","State","P-DICHLOROBENZENE","Commercial and Sport Fishing"
"CA_SWRCB","California","State","TETRACHLOROETHYLENE","Municipal and Domestic Supply"
"CA_SWRCB","California","State","TRICHLOROETHYLENE (TCE)","Municipal and Domestic Supply"
"CA_SWRCB","California","State","DICHLOROETHYLENE/1,1-DCE","Municipal and Domestic Supply"
"CA_SWRCB","California","State","1,1,2,2-TETRACHLOROETHANE","Municipal and Domestic Supply"
"CA_SWRCB","California","State","TRANS-1,2-DICHLOROETHYLENE","Municipal and Domestic Supply"
"CA_SWRCB","California","State","TRICHLOROFLUOROMETHANE (CFC-11)","Municipal and Domestic Supply"
"CA_SWRCB","California","State","FLUORIDE","Agricultural Supply"
"CA_SWRCB","California","State","PERCHLORATE","Municipal and Domestic Supply"
"CA_SWRCB","California","State","THALLIUM","Municipal and Domestic Supply"
"CA_SWRCB","California","State","MOLYBDENUM","Municipal and Domestic Supply"
"CA_SWRCB","California","State","CHROMIUM, TOTAL","Warm Freshwater Habitat"
"CA_SWRCB","California","State","PH","Aquaculture"
"CA_SWRCB","California","State","PH","Agricultural Supply"
"CA_SWRCB","California","State","PH","Commercial and Sport Fishing"
"CA_SWRCB","California","State","HYDROXIDE","Warm Freshwater Habitat"
"CA_SWRCB","California","State","POLYCHLORINATED BIPHENYLS (PCBS)","Municipal and Domestic Supply"
"CA_SWRCB","California","State","TOTAL ORGANIC CARBON (TOC)","Warm Freshwater Habitat"
"CA_SWRCB","California","State","SALINITY/TOTAL DISSOLVED SOLIDS/CHLORIDES","Municipal and Domestic Supply"
"CA_SWRCB","California","State","AMETRYN","Municipal and Domestic Supply"
"CA_SWRCB","California","State","PROMETON","Cold Freshwater Habitat"
"CA_SWRCB","California","State","PROMETON","Warm Freshwater Habitat"
"CA_SWRCB","California","State","PROMETON","Municipal and Domestic Supply"
"CA_SWRCB","California","State","CYANAZINE","Cold Freshwater Habitat"
"CA_SWRCB","California","State","IPRODIONE","Cold Freshwater Habitat"
"CA_SWRCB","California","State","IPRODIONE","Warm Freshwater Habitat"
"CA_SWRCB","California","State","PROPAZINE","Cold Freshwater Habitat"
"CA_SWRCB","California","State","PROPAZINE","Warm Freshwater Habitat"
"CA_SWRCB","California","State","TERBUTRYN","Municipal and Domestic Supply"
"CA_SWRCB","California","State","FLUTOLANIL","Municipal and Domestic Supply"
"CA_SWRCB","California","State","MYCLOBUTANIL","Cold Freshwater Habitat"
"CA_SWRCB","California","State","MYCLOBUTANIL","Warm Freshwater Habitat"
"CA_SWRCB","California","State","TEBUCONAZOLE","Cold Freshwater Habitat"
"CA_SWRCB","California","State","TEBUCONAZOLE","Warm Freshwater Habitat"
"CA_SWRCB","California","State","TRIFLUMIZOLE","Cold Freshwater Habitat"
"CA_SWRCB","California","State","TRIFLUMIZOLE","Warm Freshwater Habitat"
"CA_SWRCB","California","State","PROPICONAZOLE","Municipal and Domestic Supply"
"CA_SWRCB","California","State","TETRACONAZOLE","Cold Freshwater Habitat"
"CA_SWRCB","California","State","TETRACONAZOLE","Warm Freshwater Habitat"
"CA_SWRCB","California","State","TERBUTHYLAZINE","Cold Freshwater Habitat"
"CA_SWRCB","California","State","TERBUTHYLAZINE","Warm Freshwater Habitat"
"CA_SWRCB","California","State","TRIFLOXYSTROBIN","Cold Freshwater Habitat"
"CA_SWRCB","California","State","TRIFLOXYSTROBIN","Warm Freshwater Habitat"
"CA_SWRCB","California","State","2-METHYLNAPHTHALENE","Municipal and Domestic Supply"
"CA_SWRCB","California","State","BIPHENYL","Municipal and Domestic Supply"
"CA_SWRCB","California","State","BOSCALID","Cold Freshwater Habitat"
"CA_SWRCB","California","State","BOSCALID","Warm Freshwater Habitat"
"CA_SWRCB","California","State","POLYCYCLIC AROMATIC HYDROCARBONS (PAHS) (AQUATIC ECOSYSTEMS)","Cold Freshwater Habitat"
"CA_SWRCB","California","State","POLYCYCLIC AROMATIC HYDROCARBONS (PAHS) (AQUATIC ECOSYSTEMS)","Warm Freshwater Habitat"
"CA_SWRCB","California","State","CHROMIUM, TRIVALENT","Warm Freshwater Habitat"
"CA_SWRCB","California","State","TOTAL DISSOLVED SOLIDS (TDS)","Warm Freshwater Habitat"
"CA_SWRCB","California","State","CHLORIDE","Agricultural Supply"
"CA_SWRCB","California","State","AMMONIA-NITROGEN","Warm Freshwater Habitat"
"CA_SWRCB","California","State","FOAM/FLOCS/SCUM/OIL SLICKS","Warm Freshwater Habitat"
"CA_SWRCB","California","State","TOTAL DISSOLVED SOLIDS (TDS)","Agricultural Supply"
"CA_SWRCB","California","State","AMMONIA-NITROGEN","Municipal and Domestic Supply"
"CA_SWRCB","California","State","NITRITE","Municipal and Domestic Supply"
"CA_SWRCB","California","State","NITROGEN","Municipal and Domestic Supply"
"CA_SWRCB","California","State","PHOSPHORUS","Municipal and Domestic Supply"
"CA_SWRCB","California","State","URANIUM","Municipal and Domestic Supply"
"CA_SWRCB","California","State","PICLORAM","Municipal and Domestic Supply"
"CA_SWRCB","California","State","OXAMYL (VYDATE)","Municipal and Domestic Supply"
"CA_SWRCB","California","State","O-XYLENE","Municipal and Domestic Supply"
"CA_SWRCB","California","State","VINYL CHLORIDE","Municipal and Domestic Supply"
"CA_SWRCB","California","State","PENTACHLOROPHENOL (PCP)","Municipal and Domestic Supply"
"CA_SWRCB","California","State","HEXACHLOROCYCLOPENTADIENE","Municipal and Domestic Supply"
"CA_SWRCB","California","State","COLOR","Municipal and Domestic Supply"
"CA_SWRCB","California","State","DISSOLVED OXYGEN SATURATION","Warm Freshwater Habitat"
"CA_SWRCB","California","State","DISSOLVED OXYGEN","Municipal and Domestic Supply"
"CA_SWRCB","California","State","NITROGEN, TOTAL","Warm Freshwater Habitat"
"CA_SWRCB","California","State","TOTAL SUSPENDED SOLIDS (TSS)","Municipal and Domestic Supply"
"CA_SWRCB","California","State","NONYLPHENOL","Cold Freshwater Habitat"
"CA_SWRCB","California","State","NONYLPHENOL","Warm Freshwater Habitat"
"CA_SWRCB","California","State","OXYTETRACYCLINE","Cold Freshwater Habitat"
"CA_SWRCB","California","State","OXYTETRACYCLINE","Warm Freshwater Habitat"
"CA_SWRCB","California","State","ODOR","Municipal and Domestic Supply"
"CA_SWRCB","California","State","TOTAL TRIHALOMETHANE (TTHM)","Municipal and Domestic Supply"
"CA_SWRCB","California","State","MICROPLASTICS","Marine Habitat"
"CA_SWRCB","California","State","DIOXIN (INCLUDING 2,3,7,8-TCDD)","Shellfish Harvesting"
"CA_SWRCB","California","State","MANGANESE","Commercial and Sport Fishing"
"CA_SWRCB","California","State","HEXACHLOROBUTADIENE","Shellfish Harvesting"
"CA_SWRCB","California","State","DEMETON","Municipal and Domestic Supply"
"CA_SWRCB","California","State","FENTHION","Cold Freshwater Habitat"
"CA_SWRCB","California","State","METHOMYL","Municipal and Domestic Supply"
"CA_SWRCB","California","State","PESTICIDES","Municipal and Domestic Supply"
"CA_SWRCB","California","State","CARBOPHENOTHION","Municipal and Domestic Supply"
"CA_SWRCB","California","State","AMINOMETHYLPHOSPHONIC ACID","Cold Freshwater Habitat"
"CA_SWRCB","California","State","DIURON","Cold Freshwater Habitat"
"CA_SWRCB","California","State","DIURON","Municipal and Domestic Supply"
"CA_SWRCB","California","State","VANADIUM","Agricultural Supply"
"CA_SWRCB","California","State","VANADIUM","Municipal and Domestic Supply"
"CA_SWRCB","California","State","CYANOBACTERIA NEUROTOXIC ANATOXINS","Commercial and Sport Fishing"
"CA_SWRCB","California","State","FENTHION","Warm Freshwater Habitat"
"CA_SWRCB","California","State","FENTHION","Municipal and Domestic Supply"
"CA_SWRCB","California","State","TERBUFOS","Cold Freshwater Habitat"
"CA_SWRCB","California","State","TERBUFOS","Warm Freshwater Habitat"
"CA_SWRCB","California","State","TERBUFOS","Municipal and Domestic Supply"
"CA_SWRCB","California","State","PROPAZINE","Municipal and Domestic Supply"
"CA_SWRCB","California","State","DIMETHOATE","Municipal and Domestic Supply"
"CA_SWRCB","California","State","AZINPHOS-ETHYL","Municipal and Domestic Supply"
"CA_SWRCB","California","State","PHENOL","Cold Freshwater Habitat"
"CA_SWRCB","California","State","ENDRIN KETONE","Municipal and Domestic Supply"
"CA_SWRCB","California","State","NUTRIENTS","Municipal and Domestic Supply"
"CA_SWRCB","California","State","DISULFOTON","Cold Freshwater Habitat"
"CA_SWRCB","California","State","AZINPHOS-ETHYL","Estuarine Habitat"
"CA_SWRCB","California","State","AZINPHOS-ETHYL","Cold Freshwater Habitat"
"CA_SWRCB","California","State","AMINOMETHYLPHOSPHONIC ACID","Warm Freshwater Habitat"
"CA_SWRCB","California","State","TOTAL SUSPENDED SOLIDS (TSS)","Cold Freshwater Habitat"
"CA_SWRCB","California","State","BENTHIC MACROINVERTEBRATES BIOASSESSMENTS","Municipal and Domestic Supply"
"CA_SWRCB","California","State","ORGANIC ENRICHMENT","Warm Freshwater Habitat"
"CA_SWRCB","California","State","AMMONIA, TOTAL","Cold Freshwater Habitat"
"CA_SWRCB","California","State","AMMONIA, TOTAL","Warm Freshwater Habitat"
"CA_SWRCB","California","State","AMMONIA, TOTAL","Municipal and Domestic Supply"
"CA_SWRCB","California","State","TEMPERATURE","Rare, Threatened, or Endangered Species"
"CA_SWRCB","California","State","AMMONIA-NITROGEN","Cold Freshwater Habitat"
"CA_SWRCB","California","State","SEDIMENT","Municipal and Domestic Supply"
"CA_SWRCB","California","State","OIL","Cold Freshwater Habitat"
"CA_SWRCB","California","State","PETROLEUM HYDROCARBONS","Municipal and Domestic Supply"
"CA_SWRCB","California","State","2,3,4,6-TETRACHLOROPHENOL","Municipal and Domestic Supply"
"CA_SWRCB","California","State","PHENOL","Municipal and Domestic Supply"
"CA_SWRCB","California","State","DEMETON","Cold Freshwater Habitat"
"CA_SWRCB","California","State","COBALT","Agricultural Supply"
"CA_SWRCB","California","State","THALLIUM","Cold Freshwater Habitat"
"CA_SWRCB","California","State","PHORATE","Cold Freshwater Habitat"
"CA_SWRCB","California","State","PHORATE","Municipal and Domestic Supply"
"CA_SWRCB","California","State","ETHOPROP","Municipal and Domestic Supply"
"CA_SWRCB","California","State","CYANAZINE","Municipal and Domestic Supply"
"CA_SWRCB","California","State","FENITROTHION","Municipal and Domestic Supply"
"CA_SWRCB","California","State","TETRACHLORVINPHOS","Municipal and Domestic Supply"
"CA_SWRCB","California","State","PHENOL","Warm Freshwater Habitat"
"CA_SWRCB","California","State","METHYLMERCURY","Municipal and Domestic Supply"
"CA_SWRCB","California","State","METHYLMERCURY","Commercial and Sport Fishing"
"CA_SWRCB","California","State","CUMENE","Municipal and Domestic Supply"
"CA_SWRCB","California","State","CARBAZOLE","Municipal and Domestic Supply"
"CA_SWRCB","California","State","ACETAMINOPHEN","Cold Freshwater Habitat"
"CA_SWRCB","California","State","ACETAMINOPHEN","Warm Freshwater Habitat"
"CA_SWRCB","California","State","STRONTIUM","Municipal and Domestic Supply"
"CA_SWRCB","California","State","BENTHIC MACROINVERTEBRATES BIOASSESSMENTS","Water Contact Recreation"
"CA_SWRCB","California","State","AMMONIA, UN-IONIZED","Municipal and Domestic Supply"
"CA_SWRCB","California","State","PESTICIDES","Agricultural Supply"
"CA_SWRCB","California","State","SPECIFIC CONDUCTIVITY","Commercial and Sport Fishing"
"CA_SWRCB","California","State","SPECIFIC CONDUCTIVITY","Cold Freshwater Habitat"
"CA_SWRCB","California","State","GUTHION","Cold Freshwater Habitat"
"CA_SWRCB","California","State","2-METHYLNAPHTHALENE","Cold Freshwater Habitat"
"CA_SWRCB","California","State","BIPHENYL","Cold Freshwater Habitat"
"CA_SWRCB","California","State","ACENAPHTHENE","Cold Freshwater Habitat"
"CA_SWRCB","California","State","ACENAPHTHYLENE","Cold Freshwater Habitat"
"CA_SWRCB","California","State","BENZO[B]FLUORANTHENE","Cold Freshwater Habitat"
"CA_SWRCB","California","State","BENZO[G,H,I]PERYLENE","Cold Freshwater Habitat"
"CA_SWRCB","California","State","BENZO[K]FLUORANTHENE","Cold Freshwater Habitat"
"CA_SWRCB","California","State","DIBENZ[A,H]ANTHRACENE","Cold Freshwater Habitat"
"CA_SWRCB","California","State","INDENO[1,2,3-CD]PYRENE","Cold Freshwater Habitat"
"CA_SWRCB","California","State","LEAD","Agricultural Supply"
"CA_SWRCB","California","State","ZINC","Agricultural Supply"
"CA_SWRCB","California","State","ALUMINUM","Agricultural Supply"
"CA_SWRCB","California","State","CHROMIUM","Agricultural Supply"
"CA_SWRCB","California","State","SELENIUM","Agricultural Supply"
"CA_SWRCB","California","State","MANGANESE","Agricultural Supply"
"CA_SWRCB","California","State","SPECIFIC CONDUCTIVITY","Agricultural Supply"
"CA_SWRCB","California","State","BENTHIC MACROINVERTEBRATES BIOASSESSMENTS","Warm Freshwater Habitat"
"CA_SWRCB","California","State","FENVALERATE","Cold Freshwater Habitat"
"CA_SWRCB","California","State","FENVALERATE","Warm Freshwater Habitat"
"CA_SWRCB","California","State","FENVALERATE","Municipal and Domestic Supply"
"CA_SWRCB","California","State","SEDIMENT","Non-Contact Water Recreation"
"CA_SWRCB","California","State","TURBIDITY","Non-Contact Water Recreation"
"CA_SWRCB","California","State","BENTHIC MACROINVERTEBRATES BIOASSESSMENTS","Wildlife Habitat"
"CA_SWRCB","California","State","DIURON","Warm Freshwater Habitat"
"CA_SWRCB","California","State","DICAMBA","Warm Freshwater Habitat"
"CA_SWRCB","California","State","ISOXABEN","Warm Freshwater Habitat"
"CA_SWRCB","California","State","INDOXACARB","Warm Freshwater Habitat"
"CA_SWRCB","California","State","CHLORANTRANILIPROLE","Warm Freshwater Habitat"
"CA_SWRCB","California","State","EUTROPHICATION","Cold Freshwater Habitat"
"CA_SWRCB","California","State","MCPA","Cold Freshwater Habitat"
"CA_SWRCB","California","State","DICAMBA","Cold Freshwater Habitat"
"CA_SWRCB","California","State","ISOXABEN","Cold Freshwater Habitat"
"CA_SWRCB","California","State","INDOXACARB","Cold Freshwater Habitat"
"CA_SWRCB","California","State","METOLACHLOR","Cold Freshwater Habitat"
"CA_SWRCB","California","State","CHLORANTRANILIPROLE","Cold Freshwater Habitat"
"CA_SWRCB","California","State","BROMACIL","Cold Freshwater Habitat"
"CA_SWRCB","California","State","TRICLOPYR","Cold Freshwater Habitat"
"CA_SWRCB","California","State","2,4-DICHLOROPHENOXYACETIC ACID","Cold Freshwater Habitat"
"CA_SWRCB","California","State","DDE (DICHLORODIPHENYLDICHLOROETHYLENE)","Wildlife Habitat"
"CA_SWRCB","California","State","TOXICITY","Wildlife Habitat"
"CA_SWRCB","California","State","PRALLETHRIN","Cold Freshwater Habitat"
"CA_SWRCB","California","State","PRALLETHRIN","Warm Freshwater Habitat"
"CA_SWRCB","California","State","THALLIUM","Warm Freshwater Habitat"
"CA_SWRCB","California","State","CHROMIUM, HEXAVALENT","Cold Freshwater Habitat"
"CA_SWRCB","California","State","CHROMIUM, HEXAVALENT","Warm Freshwater Habitat"
"CA_SWRCB","California","State","KRESOXIM-METHYL","Cold Freshwater Habitat"
"CA_SWRCB","California","State","KRESOXIM-METHYL","Warm Freshwater Habitat"
"CA_SWRCB","California","State","PATHOGENS","Cold Freshwater Habitat"
"CA_SWRCB","California","State","PATHOGENS","Warm Freshwater Habitat"
"CA_SWRCB","California","State","NITROGEN, NITRITE","Agricultural Supply"
"CA_SWRCB","California","State","ACETAMIPRID","Cold Freshwater Habitat"
"CA_SWRCB","California","State","DINOTEFURAN","Cold Freshwater Habitat"
"CA_SWRCB","California","State","THIACLOPRID","Cold Freshwater Habitat"
"CA_SWRCB","California","State","CLOTHIANIDIN","Cold Freshwater Habitat"
"CA_SWRCB","California","State","THIAMETHOXAM","Cold Freshwater Habitat"
"CA_SWRCB","California","State","COUMAPHOS","Warm Freshwater Habitat"
"CA_SWRCB","California","State","DICROTOPHOS","Warm Freshwater Habitat"
"CA_SWRCB","California","State","TRICHLORFON","Warm Freshwater Habitat"
"CA_SWRCB","California","State","ACETAMIPRID","Warm Freshwater Habitat"
"CA_SWRCB","California","State","DINOTEFURAN","Warm Freshwater Habitat"
"CA_SWRCB","California","State","THIACLOPRID","Warm Freshwater Habitat"
"CA_SWRCB","California","State","CLOTHIANIDIN","Warm Freshwater Habitat"
"CA_SWRCB","California","State","THIAMETHOXAM","Warm Freshwater Habitat"
"CA_SWRCB","California","State","LINURON","Cold Freshwater Habitat"
"CA_SWRCB","California","State","LINURON","Municipal and Domestic Supply"
"CA_SWRCB","California","State","COUMAPHOS","Cold Freshwater Habitat"
"CA_SWRCB","California","State","DICHLORVOS","Municipal and Domestic Supply"
"CA_SWRCB","California","State","GLYPHOSATE","Cold Freshwater Habitat"
"CA_SWRCB","California","State","DICROTOPHOS","Cold Freshwater Habitat"
"CA_SWRCB","California","State","DICROTOPHOS","Municipal and Domestic Supply"
"CA_SWRCB","California","State","TRICHLORFON","Cold Freshwater Habitat"
"CA_SWRCB","California","State","TRICHLORFON","Municipal and Domestic Supply"
"CA_SWRCB","California","State","METHAMIDOPHOS","Cold Freshwater Habitat"
"CA_SWRCB","California","State","METHAMIDOPHOS","Warm Freshwater Habitat"
"CA_SWRCB","California","State","DINITRO-O-CRESOL","Municipal and Domestic Supply"
"CA_SWRCB","California","State","2,4-DINITROPHENOL","Municipal and Domestic Supply"
"CA_SWRCB","California","State","2-CHLOROPHENOL","Municipal and Domestic Supply"
"CA_SWRCB","California","State","2,4-DICHLOROPHENOL","Municipal and Domestic Supply"
"CA_SWRCB","California","State","2,4-DIMETHYLPHENOL","Municipal and Domestic Supply"
"CA_SWRCB","California","State","2,4,6-TRICHLOROPHENOL","Municipal and Domestic Supply"
"CA_SWRCB","California","State","PENTACHLOROPHENOL (PCP)","Cold Freshwater Habitat"
"CA_SWRCB","California","State","PENTACHLOROPHENOL (PCP)","Warm Freshwater Habitat"
"CA_SWRCB","California","State","PARAQUAT","Warm Freshwater Habitat"
"CA_SWRCB","California","State","UREA","Warm Freshwater Habitat"
"CA_SWRCB","California","State","FENAMIPHOS","Warm Freshwater Habitat"
"CA_SWRCB","California","State","OTHER ORGANICS","Water Contact Recreation"
"CA_SWRCB","California","State","PARAQUAT","Cold Freshwater Habitat"
"CA_SWRCB","California","State","ORYZALIN","Municipal and Domestic Supply"
"CA_SWRCB","California","State","ABAMECTIN","Cold Freshwater Habitat"
"CA_SWRCB","California","State","ABAMECTIN","Warm Freshwater Habitat"
"CA_SWRCB","California","State","CYPRODINIL","Cold Freshwater Habitat"
"CA_SWRCB","California","State","CYPRODINIL","Warm Freshwater Habitat"
"CA_SWRCB","California","State","FENAMIPHOS","Cold Freshwater Habitat"
"CA_SWRCB","California","State","FENAMIPHOS","Municipal and Domestic Supply"
"CA_SWRCB","California","State","QUINOXYFEN","Cold Freshwater Habitat"
"CA_SWRCB","California","State","QUINOXYFEN","Warm Freshwater Habitat"
"CA_SWRCB","California","State","DIFLUBENZURON","Cold Freshwater Habitat"
"CA_SWRCB","California","State","DIFLUBENZURON","Warm Freshwater Habitat"
"CA_SWRCB","California","State","CHLOROTHALONIL","Cold Freshwater Habitat"
"CA_SWRCB","California","State","CHLOROTHALONIL","Warm Freshwater Habitat"
"CA_SWRCB","California","State","NITRATE","Spawning, Reproduction, and/or Early Development"
"CA_SWRCB","California","State","SODIUM","Warm Freshwater Habitat"
"CA_SWRCB","California","State","SEDIMENTATION/SILTATION","Municipal and Domestic Supply"
"CA_SWRCB","California","State",NA,"NON-CONTACT RECREATION"
"CA_SWRCB","California","State","NICKEL","Agricultural Supply"
"CA_SWRCB","California","State","ARSENIC","Agricultural Supply"
"CA_SWRCB","California","State","CADMIUM","Agricultural Supply"
"CA_SWRCB","California","State","TRASH","Water Contact Recreation"
"CA_SWRCB","California","State","CYANIDE","Cold Freshwater Habitat"
"CA_SWRCB","California","State","CYANIDE","Warm Freshwater Habitat"
"CA_SWRCB","California","State","SODIUM ABSORPTION RATIO","Agricultural Supply"
"CA_SWRCB","California","State","DICOFOL","Cold Freshwater Habitat"
"CA_SWRCB","California","State","RESMETHRIN","Cold Freshwater Habitat"
"CA_SWRCB","California","State","RESMETHRIN","Warm Freshwater Habitat"
"CA_SWRCB","California","State","TETRACHLORVINPHOS","Cold Freshwater Habitat"
"CA_SWRCB","California","State","TETRACHLORVINPHOS","Warm Freshwater Habitat"
"CA_SWRCB","California","State","CHLORIDE","Rare, Threatened, or Endangered Species"
"CA_SWRCB","California","State","DDD (DICHLORODIPHENYLDICHLOROETHANE)","Estuarine Habitat"
"CA_SWRCB","California","State","NITRATE/NITRITE (NITRITE + NITRATE AS N)","Ground Water Recharge"
"CA_SWRCB","California","State","ACROLEIN","Warm Freshwater Habitat"
"CA_SWRCB","California","State","1,1,2-TRICHLOROETHANE","Warm Freshwater Habitat"
"CA_SWRCB","California","State","BORON","Warm Freshwater Habitat"
"CA_SWRCB","California","State","METRIBUZIN","Warm Freshwater Habitat"
"CA_SWRCB","California","State","DEMETON","Estuarine Habitat"
"CA_SWRCB","California","State","TEMPERATURE","WETLAND HABITAT"
"CA_SWRCB","California","State","MANGANESE","Water Contact Recreation"
"CA_SWRCB","California","State","SULFATE","Agricultural Supply"
"CA_SWRCB","California","State","BENTHIC MACROINVERTEBRATES BIOASSESSMENTS","Agricultural Supply"
"CA_SWRCB","California","State","BENTHIC MACROINVERTEBRATES BIOASSESSMENTS","Migration of Aquatic Organisms"
"CA_SWRCB","California","State","BENTHIC MACROINVERTEBRATES BIOASSESSMENTS","Spawning, Reproduction, and/or Early Development"
"CA_SWRCB","California","State","EPTC","Warm Freshwater Habitat"
"CA_SWRCB","California","State","NALED","Warm Freshwater Habitat"
"CA_SWRCB","California","State","BENTAZON","Warm Freshwater Habitat"
"CA_SWRCB","California","State","TERBACIL","Warm Freshwater Habitat"
"CA_SWRCB","California","State","PHENOTHRIN","Warm Freshwater Habitat"
"CA_SWRCB","California","State","TEFLUTHRIN","Warm Freshwater Habitat"
"CA_SWRCB","California","State","DDT (DICHLORODIPHENYLTRICHLOROETHANE)","Water Contact Recreation"
"CA_SWRCB","California","State","METHYLCHLOROPHENOXYPROPIONIC ACID (MCPP)","Warm Freshwater Habitat"
"CA_SWRCB","California","State","OIL","Warm Freshwater Habitat"
"CA_SWRCB","California","State","OIL AND GREASE","Warm Freshwater Habitat"
"CA_SWRCB","California","State","MCPA","Municipal and Domestic Supply"
"CA_SWRCB","California","State","DICAMBA","Municipal and Domestic Supply"
"CA_SWRCB","California","State","ETOFENPROX","Cold Freshwater Habitat"
"CA_SWRCB","California","State","ETOFENPROX","Warm Freshwater Habitat"
"CA_SWRCB","California","State","TRIFLURALIN","Municipal and Domestic Supply"
"CA_SWRCB","California","State","CHLORFENAPYR","Cold Freshwater Habitat"
"CA_SWRCB","California","State","CHLORFENAPYR","Warm Freshwater Habitat"
"CA_SWRCB","California","State","PENDIMETHALIN","Municipal and Domestic Supply"
"CA_SWRCB","California","State","BROMACIL","Municipal and Domestic Supply"
"CA_SWRCB","California","State","DIELDRIN IN FISH TISSUE","Warm Freshwater Habitat"
"CA_SWRCB","California","State","CHLORDANE IN FISH TISSUE","Commercial and Sport Fishing"
"CA_SWRCB","California","State","EXCESS ALGAL GROWTH","Warm Freshwater Habitat"
"CA_SWRCB","California","State","DDD (DICHLORODIPHENYLDICHLOROETHANE)","Water Contact Recreation"
"CA_SWRCB","California","State","DDT IN FISH TISSUE","Commercial and Sport Fishing"
"CA_SWRCB","California","State","ENDOSULFAN IN FISH TISSUE","Warm Freshwater Habitat"
"CA_SWRCB","California","State","ACROLEIN","Cold Freshwater Habitat"
"CA_SWRCB","California","State","2,4,5-TP (SILVEX)","Cold Freshwater Habitat"
"CA_SWRCB","California","State","BENTHIC MACROINVERTEBRATES BIOASSESSMENTS","Commercial and Sport Fishing"
"CA_SWRCB","California","State","ALUMINUM","Non-Contact Water Recreation"
"CA_SWRCB","California","State","PROFENOFOS","Warm Freshwater Habitat"
"CA_SWRCB","California","State","HEXACHLOROCYCLOHEXANE (HCH)","Water Contact Recreation"
"CA_SWRCB","California","State","ALUMINUM","Rare, Threatened, or Endangered Species"
"CA_SWRCB","California","State","IRON","Water Contact Recreation"
"CA_SWRCB","California","State","2,3,7,8-TETRACHLORODIBENZO-P-DIOXIN","Shellfish Harvesting"
"CA_SWRCB","California","State","2,3,7,8-TETRACHLORODIBENZO-P-DIOXIN","Commercial and Sport Fishing"
"CA_SWRCB","California","State","TEMPERATURE","Estuarine Habitat"
"CA_SWRCB","California","State","CHROMIUM, HEXAVALENT","Estuarine Habitat"
"CA_SWRCB","California","State","SULFATE","Ground Water Recharge"
"CA_SWRCB","California","State","NALED","Cold Freshwater Habitat"
"CA_SWRCB","California","State","ZIRAM","Cold Freshwater Habitat"
"CA_SWRCB","California","State","BENOMYL","Cold Freshwater Habitat"
"CA_SWRCB","California","State","MONURON","Cold Freshwater Habitat"
"CA_SWRCB","California","State","SIDURON","Cold Freshwater Habitat"
"CA_SWRCB","California","State","PROPOXUR","Cold Freshwater Habitat"
"CA_SWRCB","California","State","PROPACHLOR","Cold Freshwater Habitat"
"CA_SWRCB","California","State","FLUOMETURON","Cold Freshwater Habitat"
"CA_SWRCB","California","State","TEBUTHIURON","Cold Freshwater Habitat"
"CA_SWRCB","California","State","EPTC","Cold Freshwater Habitat"
"CA_SWRCB","California","State","CLOMAZONE","Cold Freshwater Habitat"
"CA_SWRCB","California","State","DIBUTYL PHTHALATE","Municipal and Domestic Supply"
"CA_SWRCB","California","State","DIMETHYL PHTHALATE","Municipal and Domestic Supply"
"CA_SWRCB","California","State","1,3-DICHLOROPROPENE","Municipal and Domestic Supply"
"CA_SWRCB","California","State","O-ETHYL O-(P-NITROPHENYL) PHENYLPHOSPHONOTHIOATE","Cold Freshwater Habitat"
"CA_SWRCB","California","State","CFC-113","Municipal and Domestic Supply"
"CA_SWRCB","California","State","BENZIDINE","Municipal and Domestic Supply"
"CA_SWRCB","California","State","HEXACHLOROETHANE","Municipal and Domestic Supply"
"CA_SWRCB","California","State","DIETHYL PHTHALATE","Municipal and Domestic Supply"
"CA_SWRCB","California","State","2-CHLORONAPHTHALENE","Municipal and Domestic Supply"
"CA_SWRCB","California","State","1,1,2-TRICHLOROETHANE","Cold Freshwater Habitat"
"CA_SWRCB","California","State","3,3'-DICHLOROBENZIDINE","Municipal and Domestic Supply"
"CA_SWRCB","California","State","N-NITROSODIMETHYLAMINE","Municipal and Domestic Supply"
"CA_SWRCB","California","State","N-NITROSODIPHENYLAMINE","Municipal and Domestic Supply"
"CA_SWRCB","California","State","N-NITROSODIPROPYLAMINE","Municipal and Domestic Supply"
"CA_SWRCB","California","State","2,2'-DICHLORODIETHYL ETHER","Municipal and Domestic Supply"
"CA_SWRCB","California","State","DINOSEB","Cold Freshwater Habitat"
"CA_SWRCB","California","State","PROPARGITE","Cold Freshwater Habitat"
"CA_SWRCB","California","State","BENFLURALIN","Cold Freshwater Habitat"
"CA_SWRCB","California","State","DICHLORPROP","Cold Freshwater Habitat"
"CA_SWRCB","California","State","NORFLURAZON","Cold Freshwater Habitat"
"CA_SWRCB","California","State","CHLOROPHENOXY HERBICIDES (2,4-D)","Cold Freshwater Habitat"
"CA_SWRCB","California","State","PENOXSULAM","Cold Freshwater Habitat"
"CA_SWRCB","California","State","DITHIOPYR","Cold Freshwater Habitat"
"CA_SWRCB","California","State","METALAXYL","Cold Freshwater Habitat"
"CA_SWRCB","California","State","FENHEXAMID","Cold Freshwater Habitat"
"CA_SWRCB","California","State","FLUMIOXAZIN","Cold Freshwater Habitat"
"CA_SWRCB","California","State","CHLOROPICRIN","Cold Freshwater Habitat"
"CA_SWRCB","California","State","PYRIMETHANIL","Cold Freshwater Habitat"
"CA_SWRCB","California","State","PYRIDABEN","Cold Freshwater Habitat"
"CA_SWRCB","California","State","METRIBUZIN","Cold Freshwater Habitat"
"CA_SWRCB","California","State","DODINE","Cold Freshwater Habitat"
"CA_SWRCB","California","State","LEAD","Water Contact Recreation"
"CA_SWRCB","California","State","SILVER","Commercial and Sport Fishing"
"CA_SWRCB","California","State","ZINC, DISSOLVED","Cold Freshwater Habitat"
"CA_SWRCB","California","State","DIAZINON","Wildlife Habitat"
"CA_SWRCB","California","State","DEHP (DI-SEC-OCTYL PHTHALATE)","Municipal and Domestic Supply"
"CA_SWRCB","California","State","CARBENDAZIM","Cold Freshwater Habitat"
"CA_SWRCB","California","State","CAPTAN","Cold Freshwater Habitat"
"CA_SWRCB","California","State","BENZOBICYCLON","Cold Freshwater Habitat"
"CA_SWRCB","California","State","BENSULFURON-METHYL","Cold Freshwater Habitat"
"CA_SWRCB","California","State","ZIRAM","Warm Freshwater Habitat"
"CA_SWRCB","California","State","BENOMYL","Warm Freshwater Habitat"
"CA_SWRCB","California","State","MONURON","Warm Freshwater Habitat"
"CA_SWRCB","California","State","SIDURON","Warm Freshwater Habitat"
"CA_SWRCB","California","State","PROPOXUR","Warm Freshwater Habitat"
"CA_SWRCB","California","State","PYRIDABEN","Warm Freshwater Habitat"
"CA_SWRCB","California","State","PROPACHLOR","Warm Freshwater Habitat"
"CA_SWRCB","California","State","FLUOMETURON","Warm Freshwater Habitat"
"CA_SWRCB","California","State","TEBUTHIURON","Warm Freshwater Habitat"
"CA_SWRCB","California","State","CHLOROPICRIN","Warm Freshwater Habitat"
"CA_SWRCB","California","State","DODINE","Warm Freshwater Habitat"
"CA_SWRCB","California","State","FLUMIOXAZIN","Warm Freshwater Habitat"
"CA_SWRCB","California","State","SALINITY","Cold Freshwater Habitat"
"CA_SWRCB","California","State","CHROMIUM, TOTAL","Cold Freshwater Habitat"
"CA_SWRCB","California","State","OTHER","Water Contact Recreation"
"CA_SWRCB","California","State","OTHER","Municipal and Domestic Supply"
"CA_SWRCB","California","State","BIOCHEMICAL OXYGEN DEMAND (BOD)","Warm Freshwater Habitat"
"CA_SWRCB","California","State","CONDUCTIVITY","Municipal and Domestic Supply"
"CA_SWRCB","California","State","DALAPON","Municipal and Domestic Supply"
"CA_SWRCB","California","State","BENTAZON","Municipal and Domestic Supply"
"CA_SWRCB","California","State","PROPACHLOR","Municipal and Domestic Supply"
"CA_SWRCB","California","State","NITROGEN, TOTAL","Municipal and Domestic Supply"
"CA_SWRCB","California","State","TRIBUFOS","Warm Freshwater Habitat"
"CA_SWRCB","California","State","NORFLURAZON","Municipal and Domestic Supply"
"CA_SWRCB","California","State","PARATHION","Municipal and Domestic Supply"
"CA_SWRCB","California","State","O-ETHYL O-(P-NITROPHENYL) PHENYLPHOSPHONOTHIOATE","Municipal and Domestic Supply"
"CA_SWRCB","California","State","MOLYBDENUM","Warm Freshwater Habitat"
"CA_SWRCB","California","State","EPTC","Municipal and Domestic Supply"
"CA_SWRCB","California","State","ALDICARB SULFONE","Municipal and Domestic Supply"
"CA_SWRCB","California","State","PH","Shellfish Harvesting"
"CA_SWRCB","California","State","PERMETHRIN","Municipal and Domestic Supply"
"CA_SWRCB","California","State","METALS","Warm Freshwater Habitat"
"CA_SWRCB","California","State","PROFENOFOS","Cold Freshwater Habitat"
"CA_SWRCB","California","State","PROPETAMPHOS","Cold Freshwater Habitat"
"CA_SWRCB","California","State","TEMEPHOS","Cold Freshwater Habitat"
"CA_SWRCB","California","State","DIQUAT","Municipal and Domestic Supply"
"CA_SWRCB","California","State","CHLOROFORM","Warm Freshwater Habitat"
"CA_SWRCB","California","State","AMMONIA, UN-IONIZED","Warm Freshwater Habitat"
"CA_SWRCB","California","State","2,3,7,8-TETRACHLORODIBENZOFURAN","Warm Freshwater Habitat"
"CA_SWRCB","California","State","CHROMIUM, HEXAVALENT","Municipal and Domestic Supply"
"CA_SWRCB","California","State","O-ETHYL O-(P-NITROPHENYL) PHENYLPHOSPHONOTHIOATE","Warm Freshwater Habitat"
"CA_SWRCB","California","State","DDE (DICHLORODIPHENYLDICHLOROETHYLENE)","Water Contact Recreation"
"CA_SWRCB","California","State","ACROLEIN","Municipal and Domestic Supply"
"CA_SWRCB","California","State","ACRYLONITRILE","Municipal and Domestic Supply"
"CA_SWRCB","California","State","BROMOBENZENE","Municipal and Domestic Supply"
"CA_SWRCB","California","State","BUTYLBENZENE","Municipal and Domestic Supply"
"CA_SWRCB","California","State","METHYL CHLORIDE","Municipal and Domestic Supply"
"CA_SWRCB","California","State","N-PROPYLBENZENE","Municipal and Domestic Supply"
"CA_SWRCB","California","State","SEC-BUTYLBENZENE","Municipal and Domestic Supply"
"CA_SWRCB","California","State","TERT-BUTYLBENZENE","Municipal and Domestic Supply"
"CA_SWRCB","California","State","BROMOCHLOROMETHANE","Municipal and Domestic Supply"
"CA_SWRCB","California","State","METHYL ETHYL KETONE","Municipal and Domestic Supply"
"CA_SWRCB","California","State","1,2,3-TRICHLOROPROPANE","Municipal and Domestic Supply"
"CA_SWRCB","California","State","1,2,4-TRIMETHYLBENZENE","Municipal and Domestic Supply"
"CA_SWRCB","California","State","1,3,5-TRIMETHYLBENZENE","Municipal and Domestic Supply"
"CA_SWRCB","California","State","METHYL ISOBUTYL KETONE","Municipal and Domestic Supply"
"CA_SWRCB","California","State","DICHLORODIFLUOROMETHANE","Municipal and Domestic Supply"
"CA_SWRCB","California","State","1,1,1,2-TETRACHLOROETHANE","Municipal and Domestic Supply"
"CA_SWRCB","California","State","O-CHLOROTOLUENE","Municipal and Domestic Supply"
"CA_SWRCB","California","State","P-CHLOROTOLUENE","Municipal and Domestic Supply"
"CA_SWRCB","California","State","TOTAL KJEHLDAHL NITROGEN (TKN)","Cold Freshwater Habitat"
"CA_SWRCB","California","State","COBALT","Cold Freshwater Habitat"
"CA_SWRCB","California","State","COBALT","Municipal and Domestic Supply"
"CA_SWRCB","California","State","CALCIUM","Municipal and Domestic Supply"
"CA_SWRCB","California","State","VANADIUM","Cold Freshwater Habitat"
"CA_SWRCB","California","State","MAGNESIUM","Municipal and Domestic Supply"
"CA_SWRCB","California","State","MOLYBDENUM","Cold Freshwater Habitat"
"CA_SWRCB","California","State","CALCIUM CARBONATE","Municipal and Domestic Supply"
"CA_SWRCB","California","State","DISSOLVED OXYGEN SATURATION","Cold Freshwater Habitat"
"CA_SWRCB","California","State","LITHIUM","Cold Freshwater Habitat"
"CA_SWRCB","California","State","POTASSIUM","Municipal and Domestic Supply"
"CA_SWRCB","California","State","BICARBONATE","Cold Freshwater Habitat"
"CA_SWRCB","California","State","HABITAT ALTERATIONS","Cold Freshwater Habitat"
"CA_SWRCB","California","State","MERCURY","Inland Saline Water Habitat"
"CA_SWRCB","California","State","SILICA","Inland Saline Water Habitat"
"CA_SWRCB","California","State","SEDIMENT","Inland Saline Water Habitat"
"CA_SWRCB","California","State","PHOSPHATE","Inland Saline Water Habitat"
"CA_SWRCB","California","State","PHOSPHORUS","Inland Saline Water Habitat"
"CA_SWRCB","California","State","NITROGEN, NITRITE","Inland Saline Water Habitat"
"CA_SWRCB","California","State","TOTAL KJEHLDAHL NITROGEN (TKN)","Inland Saline Water Habitat"
"CA_SWRCB","California","State","NITRATE/NITRITE (NITRITE + NITRATE AS N)","Inland Saline Water Habitat"
"CA_SWRCB","California","State","PATHOGENS","Inland Saline Water Habitat"
"CA_SWRCB","California","State","BARIUM","Inland Saline Water Habitat"
"CA_SWRCB","California","State","RADIUM","Inland Saline Water Habitat"
"CA_SWRCB","California","State","TRITIUM","Inland Saline Water Habitat"
"CA_SWRCB","California","State","URANIUM","Inland Saline Water Habitat"
"CA_SWRCB","California","State","ALPHA PARTICLES","Inland Saline Water Habitat"
"CA_SWRCB","California","State","BETA PARTICLES AND PHOTON EMITTERS","Inland Saline Water Habitat"
"CA_SWRCB","California","State","TURBIDITY","Inland Saline Water Habitat"
"CA_SWRCB","California","State","OTHER","Agricultural Supply"
"CA_SWRCB","California","State","OTHER","Inland Saline Water Habitat"
"CA_SWRCB","California","State","OXYGEN-18/OXYGEN-16 RATIO","Inland Saline Water Habitat"
"CA_SWRCB","California","State","TEMPERATURE","Inland Saline Water Habitat"
"CA_SWRCB","California","State","BISMUTH","Inland Saline Water Habitat"
"CA_SWRCB","California","State","CAFFEINE","Inland Saline Water Habitat"
"CA_SWRCB","California","State","TRICLOPYR","Inland Saline Water Habitat"
"CA_SWRCB","California","State","BORON","Inland Saline Water Habitat"
"CA_SWRCB","California","State","ANTIMONY","Inland Saline Water Habitat"
"CA_SWRCB","California","State","FLUORIDE","Inland Saline Water Habitat"
"CA_SWRCB","California","State","TIN","Inland Saline Water Habitat"
"CA_SWRCB","California","State","GOLD","Inland Saline Water Habitat"
"CA_SWRCB","California","State","IRON","Inland Saline Water Habitat"
"CA_SWRCB","California","State","LEAD","Inland Saline Water Habitat"
"CA_SWRCB","California","State","ZINC","Inland Saline Water Habitat"
"CA_SWRCB","California","State","CARBON","Inland Saline Water Habitat"
"CA_SWRCB","California","State","CERIUM","Inland Saline Water Habitat"
"CA_SWRCB","California","State","COBALT","Inland Saline Water Habitat"
"CA_SWRCB","California","State","COPPER","Inland Saline Water Habitat"
"CA_SWRCB","California","State","NICKEL","Inland Saline Water Habitat"
"CA_SWRCB","California","State","SILVER","Inland Saline Water Habitat"
"CA_SWRCB","California","State","SULFUR","Inland Saline Water Habitat"
"CA_SWRCB","California","State","ARSENIC","Inland Saline Water Habitat"
"CA_SWRCB","California","State","CADMIUM","Inland Saline Water Habitat"
"CA_SWRCB","California","State","CALCIUM","Inland Saline Water Habitat"
"CA_SWRCB","California","State","GALLIUM","Inland Saline Water Habitat"
"CA_SWRCB","California","State","HOLMIUM","Inland Saline Water Habitat"
"CA_SWRCB","California","State","LITHIUM","Inland Saline Water Habitat"
"CA_SWRCB","California","State","NIOBIUM","Inland Saline Water Habitat"
"CA_SWRCB","California","State","YTTRIUM","Inland Saline Water Habitat"
"CA_SWRCB","California","State","ALUMINUM","Inland Saline Water Habitat"
"CA_SWRCB","California","State","EUROPIUM","Inland Saline Water Habitat"
"CA_SWRCB","California","State","SCANDIUM","Inland Saline Water Habitat"
"CA_SWRCB","California","State","SELENIUM","Inland Saline Water Habitat"
"CA_SWRCB","California","State","TANTALUM","Inland Saline Water Habitat"
"CA_SWRCB","California","State","THALLIUM","Inland Saline Water Habitat"
"CA_SWRCB","California","State","TITANIUM","Inland Saline Water Habitat"
"CA_SWRCB","California","State","VANADIUM","Inland Saline Water Habitat"
"CA_SWRCB","California","State","BERYLLIUM","Inland Saline Water Habitat"
"CA_SWRCB","California","State","LANTHANUM","Inland Saline Water Habitat"
"CA_SWRCB","California","State","MAGNESIUM","Inland Saline Water Habitat"
"CA_SWRCB","California","State","MANGANESE","Inland Saline Water Habitat"
"CA_SWRCB","California","State","NEODYMIUM","Inland Saline Water Habitat"
"CA_SWRCB","California","State","POTASSIUM","Inland Saline Water Habitat"
"CA_SWRCB","California","State","STRONTIUM","Inland Saline Water Habitat"
"CA_SWRCB","California","State","YTTERBIUM","Inland Saline Water Habitat"
"CA_SWRCB","California","State","MOLYBDENUM","Inland Saline Water Habitat"
"CA_SWRCB","California","State","CHROMIUM, TOTAL","Inland Saline Water Habitat"
"CA_SWRCB","California","State","PH","Inland Saline Water Habitat"
"CA_SWRCB","California","State","CARBONATE","Inland Saline Water Habitat"
"CA_SWRCB","California","State","ALKALINITY","Inland Saline Water Habitat"
"CA_SWRCB","California","State","BICARBONATE","Inland Saline Water Habitat"
"CA_SWRCB","California","State","CALCIUM CARBONATE","Inland Saline Water Habitat"
"CA_SWRCB","California","State","DISSOLVED OXYGEN","Inland Saline Water Habitat"
"CA_SWRCB","California","State","TOTAL ORGANIC CARBON (TOC)","Inland Saline Water Habitat"
"CA_SWRCB","California","State","DISSOLVED OXYGEN SATURATION","Inland Saline Water Habitat"
"CA_SWRCB","California","State","SODIUM","Inland Saline Water Habitat"
"CA_SWRCB","California","State","SULFATE","Inland Saline Water Habitat"
"CA_SWRCB","California","State","CHLORIDE","Inland Saline Water Habitat"
"CA_SWRCB","California","State","SPECIFIC CONDUCTIVITY","Inland Saline Water Habitat"
"CA_SWRCB","California","State","TOTAL DISSOLVED SOLIDS (TDS)","Inland Saline Water Habitat"
"CA_SWRCB","California","State","INORGANIC CARBON","Inland Saline Water Habitat"
"CA_SWRCB","California","State","OTHER ORGANICS","Cold Freshwater Habitat"
"CA_SWRCB","California","State","SURFACTANTS","Municipal and Domestic Supply"
"CA_SWRCB","California","State","METHYL TERTIARY-BUTYL ETHER (MTBE)","Cold Freshwater Habitat"
"CA_SWRCB","California","State","BENTHIC MACROINVERTEBRATES BIOASSESSMENTS","Rare, Threatened, or Endangered Species"
"CA_SWRCB","California","State","GUTHION","Municipal and Domestic Supply"
"CA_SWRCB","California","State","BUTYLATE","Municipal and Domestic Supply"
"CA_SWRCB","California","State","PROPANIL","Municipal and Domestic Supply"
"CA_SWRCB","California","State","TERBACIL","Cold Freshwater Habitat"
"CA_SWRCB","California","State","TERBACIL","Municipal and Domestic Supply"
"CA_SWRCB","California","State","PRONAMIDE","Cold Freshwater Habitat"
"CA_SWRCB","California","State","PRONAMIDE","Municipal and Domestic Supply"
"CA_SWRCB","California","State","TRIALLATE","Cold Freshwater Habitat"
"CA_SWRCB","California","State","TRIALLATE","Municipal and Domestic Supply"
"CA_SWRCB","California","State","METRIBUZIN","Municipal and Domestic Supply"
"CA_SWRCB","California","State","PROPARGITE","Municipal and Domestic Supply"
"CA_SWRCB","California","State","BENFLURALIN","Municipal and Domestic Supply"
"CA_SWRCB","California","State","NAPROPAMIDE","Municipal and Domestic Supply"
"CA_SWRCB","California","State","TEBUTHIURON","Municipal and Domestic Supply"
"CA_SWRCB","California","State","HEXACHLOROBENZENE","Cold Freshwater Habitat"
"CA_SWRCB","California","State","DYFONATE (FONOFOS OR FONOPHOS)","Municipal and Domestic Supply"
"CA_SWRCB","California","State","ETHALFLURALIN","Municipal and Domestic Supply"
"CA_SWRCB","California","State","DEETHYLATRAZINE","Cold Freshwater Habitat"
"CA_SWRCB","California","State","DEETHYLATRAZINE","Municipal and Domestic Supply"
"CA_SWRCB","California","State","2,6-DIETHYLANILINE","Cold Freshwater Habitat"
"CA_SWRCB","California","State","2,6-DIETHYLANILINE","Municipal and Domestic Supply"
"CA_SWRCB","California","State","CONDUCTIVITY","Cold Freshwater Habitat"
"CA_SWRCB","California","State","PEBULATE","Cold Freshwater Habitat"
"CA_SWRCB","California","State","PEBULATE","Municipal and Domestic Supply"
"CA_SWRCB","California","State","NITROGEN, TOTAL","Cold Freshwater Habitat"
"CA_SWRCB","California","State","OIL AND GREASE","Cold Freshwater Habitat"
"CA_SWRCB","California","State","AMETRYN","Warm Freshwater Habitat"
"CA_SWRCB","California","State","MERPHOS","Warm Freshwater Habitat"
"CA_SWRCB","California","State","MERPHOS","Municipal and Domestic Supply"
"CA_SWRCB","California","State","CARBOPHENOTHION","Warm Freshwater Habitat"
"CA_SWRCB","California","State","DIBENZOTHIOPHENE","Warm Freshwater Habitat"
"CA_SWRCB","California","State","SALINITY","Warm Freshwater Habitat"
"CA_SWRCB","California","State","TERBUTRYN","Warm Freshwater Habitat"
"CA_SWRCB","California","State","2-METHYLNAPHTHALENE","Warm Freshwater Habitat"
"CA_SWRCB","California","State","1,2-DIBROMO-3-CHLOROPROPANE","Warm Freshwater Habitat"
"CA_SWRCB","California","State","CUMENE","Warm Freshwater Habitat"
"CA_SWRCB","California","State","BIPHENYL","Warm Freshwater Habitat"
"CA_SWRCB","California","State","BROMOBENZENE","Warm Freshwater Habitat"
"CA_SWRCB","California","State","BUTYLBENZENE","Warm Freshwater Habitat"
"CA_SWRCB","California","State","N-PROPYLBENZENE","Warm Freshwater Habitat"
"CA_SWRCB","California","State","SEC-BUTYLBENZENE","Warm Freshwater Habitat"
"CA_SWRCB","California","State","TERT-BUTYLBENZENE","Warm Freshwater Habitat"
"CA_SWRCB","California","State","BROMOCHLOROMETHANE","Warm Freshwater Habitat"
"CA_SWRCB","California","State","1,2,3-TRICHLOROPROPANE","Warm Freshwater Habitat"
"CA_SWRCB","California","State","1,2,4-TRIMETHYLBENZENE","Warm Freshwater Habitat"
"CA_SWRCB","California","State","1,2,4-TRIMETHYLBENZENE","Commercial and Sport Fishing"
"CA_SWRCB","California","State","1,3,5-TRIMETHYLBENZENE","Warm Freshwater Habitat"
"CA_SWRCB","California","State","1,1,1,2-TETRACHLOROETHANE","Warm Freshwater Habitat"
"CA_SWRCB","California","State","O-CHLOROTOLUENE","Warm Freshwater Habitat"
"CA_SWRCB","California","State","P-CHLOROTOLUENE","Warm Freshwater Habitat"
"CA_SWRCB","California","State","DIBENZ[A,H]ANTHRACENE","Warm Freshwater Habitat"
"CA_SWRCB","California","State","PH","Freshwater Replenishment"
"CA_SWRCB","California","State","METHANONE, BIS(4-CHLOROPHENYL)-","Warm Freshwater Habitat"
"CA_SWRCB","California","State","TOTAL DISSOLVED SOLIDS (TDS)","Freshwater Replenishment"
"CA_SWRCB","California","State","SEDIMENT","Warm Freshwater Habitat"
"CA_SWRCB","California","State","XYLENE","Water Contact Recreation"
"CA_SWRCB","California","State","CYCLOATE","Warm Freshwater Habitat"
"CA_SWRCB","California","State","DELTA-BHC","Warm Freshwater Habitat"
"CA_SWRCB","California","State","IMAZAQUIN","Warm Freshwater Habitat"
"CA_SWRCB","California","State","METALAXYL","Warm Freshwater Habitat"
"CA_SWRCB","California","State","FLUMETSULAM","Warm Freshwater Habitat"
"CA_SWRCB","California","State","IMAZETHAPYR","Warm Freshwater Habitat"
"CA_SWRCB","California","State","NICOSULFURON","Warm Freshwater Habitat"
"CA_SWRCB","California","State","DISULFOTON SULFONE","Warm Freshwater Habitat"
"CA_SWRCB","California","State","SULFOMETURON METHYL","Warm Freshwater Habitat"
"CA_SWRCB","California","State","N,N-DIETHYL-M-TOLUAMIDE","Warm Freshwater Habitat"
"CA_SWRCB","California","State","CYMENE","Warm Freshwater Habitat"
"CA_SWRCB","California","State","CYMENE","Water Contact Recreation"
"CA_SWRCB","California","State","O-XYLENE","Warm Freshwater Habitat"
"CA_SWRCB","California","State","O-XYLENE","Water Contact Recreation"
"CA_SWRCB","California","State","CHLOROFORM","Water Contact Recreation"
"CA_SWRCB","California","State","DIMETHOMORPH","Warm Freshwater Habitat"
"CA_SWRCB","California","State","ALDICARB SULFONE","Warm Freshwater Habitat"
"CA_SWRCB","California","State","ALDICARB SULFOXIDE","Warm Freshwater Habitat"
"CA_SWRCB","California","State","BENZO[B]FLUORANTHENE","Warm Freshwater Habitat"
"CA_SWRCB","California","State","1,2,4-TRIMETHYLBENZENE","Water Contact Recreation"
"CA_SWRCB","California","State","CALCIUM CARBONATE","Ground Water Recharge"
"CA_SWRCB","California","State","CALCIUM CARBONATE","Warm Freshwater Habitat"
"CA_SWRCB","California","State","CHLORIDE","Ground Water Recharge"
"CA_SWRCB","California","State","BORON","Ground Water Recharge"
"CA_SWRCB","California","State","PH","LIMITED WARM FRESHWATER HABITAT"
"CA_SWRCB","California","State","GUTHION","LIMITED WARM FRESHWATER HABITAT"
"CA_SWRCB","California","State","ALACHLOR","LIMITED WARM FRESHWATER HABITAT"
"CA_SWRCB","California","State","ATRAZINE","LIMITED WARM FRESHWATER HABITAT"
"CA_SWRCB","California","State","CARBARYL","LIMITED WARM FRESHWATER HABITAT"
"CA_SWRCB","California","State","DIELDRIN","LIMITED WARM FRESHWATER HABITAT"
"CA_SWRCB","California","State","MOLINATE","LIMITED WARM FRESHWATER HABITAT"
"CA_SWRCB","California","State","MALATHION","LIMITED WARM FRESHWATER HABITAT"
"CA_SWRCB","California","State","CARBOFURAN","LIMITED WARM FRESHWATER HABITAT"
"CA_SWRCB","California","State","DISULFOTON","LIMITED WARM FRESHWATER HABITAT"
"CA_SWRCB","California","State","THIOBENCARB","LIMITED WARM FRESHWATER HABITAT"
"CA_SWRCB","California","State","CHLORPYRIFOS","LIMITED WARM FRESHWATER HABITAT"
"CA_SWRCB","California","State","METHYL PARATHION","LIMITED WARM FRESHWATER HABITAT"
"CA_SWRCB","California","State","DDE (DICHLORODIPHENYLDICHLOROETHYLENE)","LIMITED WARM FRESHWATER HABITAT"
"CA_SWRCB","California","State","NITROGEN","Ground Water Recharge"
"CA_SWRCB","California","State","CHEMICAL OXYGEN DEMAND (COD)","Ground Water Recharge"
"CA_SWRCB","California","State","CHEMICAL OXYGEN DEMAND (COD)","Warm Freshwater Habitat"
"CA_SWRCB","California","State","SODIUM","Ground Water Recharge"
"CA_SWRCB","California","State","TOTAL DISSOLVED SOLIDS (TDS)","Ground Water Recharge"
"CA_SWRCB","California","State","HEXACHLOROBENZENE","Warm Freshwater Habitat"
"CA_SWRCB","California","State","ALDRIN","Wildlife Habitat"
"CA_SWRCB","California","State","ENDRIN","Wildlife Habitat"
"CA_SWRCB","California","State","DIELDRIN","Wildlife Habitat"
"CA_SWRCB","California","State","TOXAPHENE","Wildlife Habitat"
"CA_SWRCB","California","State","ENDOSULFAN","Wildlife Habitat"
"CA_SWRCB","California","State","NAPHTHALENE","Wildlife Habitat"
"CA_SWRCB","California","State","METHOXYCHLOR","Wildlife Habitat"
"CA_SWRCB","California","State","CARBON DISULFIDE","Wildlife Habitat"
"CA_SWRCB","California","State","2,4-DINITROPHENOL","Wildlife Habitat"
"CA_SWRCB","California","State","HEXACHLOROBENZENE","Wildlife Habitat"
"CA_SWRCB","California","State","1,2-DICHLOROETHANE","Wildlife Habitat"
"CA_SWRCB","California","State","HEPTACHLOR EPOXIDE","Wildlife Habitat"
"CA_SWRCB","California","State","1,2-DICHLOROPROPANE","Wildlife Habitat"
"CA_SWRCB","California","State","DDT (DICHLORODIPHENYLTRICHLOROETHANE)","Wildlife Habitat"
"CA_SWRCB","California","State","PHENOL","Wildlife Habitat"
"CA_SWRCB","California","State","CHLOROFORM","Wildlife Habitat"
"CA_SWRCB","California","State","ACENAPHTHENE","Wildlife Habitat"
"CA_SWRCB","California","State","NITROBENZENE","Wildlife Habitat"
"CA_SWRCB","California","State","2-NITROPHENOL","Wildlife Habitat"
"CA_SWRCB","California","State","4-NITROPHENOL","Wildlife Habitat"
"CA_SWRCB","California","State","HEXACHLOROETHANE","Wildlife Habitat"
"CA_SWRCB","California","State","DIETHYL PHTHALATE","Wildlife Habitat"
"CA_SWRCB","California","State","2,4-DICHLOROPHENOL","Wildlife Habitat"
"CA_SWRCB","California","State","2,4-DINITROTOLUENE","Wildlife Habitat"
"CA_SWRCB","California","State","2,6-DINITROTOLUENE","Wildlife Habitat"
"CA_SWRCB","California","State","2-CHLORONAPHTHALENE","Wildlife Habitat"
"CA_SWRCB","California","State","HEXACHLOROBUTADIENE","Wildlife Habitat"
"CA_SWRCB","California","State","TETRACHLOROETHYLENE","Wildlife Habitat"
"CA_SWRCB","California","State","CHLOROBENZENE (MONO)","Wildlife Habitat"
"CA_SWRCB","California","State","1,1,2-TRICHLOROETHANE","Wildlife Habitat"
"CA_SWRCB","California","State","2,4,6-TRICHLOROPHENOL","Wildlife Habitat"
"CA_SWRCB","California","State","1,2,4-TRICHLOROBENZENE","Wildlife Habitat"
"CA_SWRCB","California","State","BUTYL BENZYL PHTHALATE","Wildlife Habitat"
"CA_SWRCB","California","State","PENTACHLOROPHENOL (PCP)","Wildlife Habitat"
"CA_SWRCB","California","State","1,1,2,2-TETRACHLOROETHANE","Wildlife Habitat"
"CA_SWRCB","California","State","HEXACHLOROCYCLOPENTADIENE","Wildlife Habitat"
"CA_SWRCB","California","State","DICHLOROBENZENE (MIXED ISOMERS)","Wildlife Habitat"
"CA_SWRCB","California","State","IRON","Wildlife Habitat"
"CA_SWRCB","California","State","LEAD","Wildlife Habitat"
"CA_SWRCB","California","State","ZINC","Wildlife Habitat"
"CA_SWRCB","California","State","COPPER","Wildlife Habitat"
"CA_SWRCB","California","State","SILVER","Wildlife Habitat"
"CA_SWRCB","California","State","ARSENIC","Wildlife Habitat"
"CA_SWRCB","California","State","SELENIUM","Wildlife Habitat"
"CA_SWRCB","California","State","DIAZINON","Agricultural Supply"
"CA_SWRCB","California","State","DITHIOPYR","Warm Freshwater Habitat"
"CA_SWRCB","California","State","FENHEXAMID","Warm Freshwater Habitat"
"CA_SWRCB","California","State","PHOSPHORUS","Agricultural Supply"
"CA_SWRCB","California","State","TURBIDITY","Agricultural Supply"
"CA_SWRCB","California","State","MERCURY","Agricultural Supply"
"CA_SWRCB","California","State","MERCURY","Rare, Threatened, or Endangered Species"
"CA_SWRCB","California","State","DIAZINON","Rare, Threatened, or Endangered Species"
"CA_SWRCB","California","State","PERMETHRIN","Rare, Threatened, or Endangered Species"
"CA_SWRCB","California","State","CHLORPYRIFOS","Rare, Threatened, or Endangered Species"
"CA_SWRCB","California","State","CYPERMETHRIN","Rare, Threatened, or Endangered Species"
"CA_SWRCB","California","State","DELTAMETHRIN","Rare, Threatened, or Endangered Species"
"CA_SWRCB","California","State","ESFENVALERATE","Rare, Threatened, or Endangered Species"
"CA_SWRCB","California","State","FENPROPATHRIN","Rare, Threatened, or Endangered Species"
"CA_SWRCB","California","State","LAMBDA-CYHALOTHRIN","Rare, Threatened, or Endangered Species"
"CA_SWRCB","California","State","ZINC","Rare, Threatened, or Endangered Species"
"CA_SWRCB","California","State","NICKEL","Rare, Threatened, or Endangered Species"
"CA_SWRCB","California","State","ARSENIC","Rare, Threatened, or Endangered Species"
"CA_SWRCB","California","State","CADMIUM","Rare, Threatened, or Endangered Species"
"CA_SWRCB","California","State","CHROMIUM","Rare, Threatened, or Endangered Species"
"CA_SWRCB","California","State","OIL AND GREASE","Municipal and Domestic Supply"
"CA_SWRCB","California","State","CYANIDE","Municipal and Domestic Supply"
"CA_SWRCB","California","State","BENTHIC MACROINVERTEBRATES BIOASSESSMENTS","Preservation of Biological Habitats"
"CA_SWRCB","California","State","TOTAL DISSOLVED SOLIDS (TDS)","Non-Contact Water Recreation"
"CA_SWRCB","California","State","PHOSPHATE","Municipal and Domestic Supply"
"CA_SWRCB","California","State","1,4-DIOXANE","Municipal and Domestic Supply"
"CA_SWRCB","California","State","SEDIMENT TOXICITY","Cold Freshwater Habitat"
"CA_SWRCB","California","State","SEDIMENT TOXICITY","Warm Freshwater Habitat"
"CA_SWRCB","California","State","METALS","Municipal and Domestic Supply"
"CA_SWRCB","California","State","POLYCYCLIC AROMATIC HYDROCARBONS (PAHS) (AQUATIC ECOSYSTEMS)","Municipal and Domestic Supply"
"CA_SWRCB","California","State","HABITAT ASSESSMENT","Municipal and Domestic Supply"
"CA_SWRCB","California","State","SALINITY/TOTAL DISSOLVED SOLIDS/CHLORIDES","Estuarine Habitat"
"CA_SWRCB","California","State","ALUMINUM","Estuarine Habitat"
"CA_SWRCB","California","State","TRASH","Estuarine Habitat"
"CA_SWRCB","California","State","HABITAT ALTERATIONS","Warm Freshwater Habitat"
"CA_SWRCB","California","State","STREAM MODIFICATION","Warm Freshwater Habitat"
"CA_SWRCB","California","State","TIDAL FLOW ALTERATION","WETLAND HABITAT"
"CA_SWRCB","California","State","NON-NATIVE AQUATIC PLANTS","WETLAND HABITAT"
"CA_SWRCB","California","State","TEMPERATURE","Water Contact Recreation"
"CA_SWRCB","California","State","TRITIUM","Municipal and Domestic Supply"
"CA_SWRCB","California","State","OXYGEN-18/OXYGEN-16 RATIO","Cold Freshwater Habitat"
"CA_SWRCB","California","State","LITHIUM","Municipal and Domestic Supply"
"CA_SWRCB","California","State","TITANIUM","Cold Freshwater Habitat"
"CA_SWRCB","California","State","TITANIUM","Municipal and Domestic Supply"
"CA_SWRCB","California","State","STRONTIUM","Cold Freshwater Habitat"
"CA_SWRCB","California","State","CARBON-14","Cold Freshwater Habitat"
"CA_SWRCB","California","State","CARBON-13/CARBON-12 RATIO","Cold Freshwater Habitat"
"CA_SWRCB","California","State","CHLORDANE","Wildlife Habitat"
"CA_SWRCB","California","State","HEXACHLOROCYCLOHEXANE (HCH)","Wildlife Habitat"
"CA_SWRCB","California","State","CADMIUM","Wildlife Habitat"
"CA_SWRCB","California","State","CHROMIUM","Wildlife Habitat"
"CA_SWRCB","California","State","TOTAL COLIFORM","Commercial and Sport Fishing"
"WYDEQ","Wyoming","State",NA,"Industry"
"WYDEQ","Wyoming","State",NA,"Wildlife"
"WYDEQ","Wyoming","State",NA,"Agriculture"
"WYDEQ","Wyoming","State",NA,"Scenic Value"
"WYDEQ","Wyoming","State",NA,"Non-Game Fish"
"WYDEQ","Wyoming","State",NA,"Warm Water Game Fish"
"WYDEQ","Wyoming","State",NA,"Aquatic Life other than Fish"
"WYDEQ","Wyoming","State",NA,"Drinking Water"
"WYDEQ","Wyoming","State",NA,"Fish Consumption"
"WYDEQ","Wyoming","State","FECAL COLIFORM","Recreation"
"WYDEQ","Wyoming","State","AMMONIA, UN-IONIZED","Warm Water Fishery"
"WYDEQ","Wyoming","State","AMMONIA, UN-IONIZED","Aquatic Life other than Fish"
"WYDEQ","Wyoming","State","CHLORIDE","Warm Water Fishery"
"WYDEQ","Wyoming","State","CHLORIDE","Aquatic Life other than Fish"
"WYDEQ","Wyoming","State",NA,"Recreation"
"WYDEQ","Wyoming","State","SEDIMENTATION/SILTATION","Cold Water Fishery"
"WYDEQ","Wyoming","State","SEDIMENTATION/SILTATION","Aquatic Life other than Fish"
"WYDEQ","Wyoming","State","PHOSPHATE","Cold Water Fishery"
"WYDEQ","Wyoming","State","PHOSPHATE","Aquatic Life other than Fish"
"WYDEQ","Wyoming","State",NA,"Cold Water Fishery"
"WYDEQ","Wyoming","State",NA,"Warm Water Fishery"
"WYDEQ","Wyoming","State","NUTRIENTS","Non-Game Fish"
"WYDEQ","Wyoming","State","NUTRIENTS","Cold Water Fishery"
"WYDEQ","Wyoming","State","NUTRIENTS","Aquatic Life other than Fish"
"WYDEQ","Wyoming","State","PH","Non-Game Fish"
"WYDEQ","Wyoming","State","PH","Cold Water Fishery"
"WYDEQ","Wyoming","State","PH","Aquatic Life other than Fish"
"WYDEQ","Wyoming","State","OIL AND GREASE","Cold Water Fishery"
"WYDEQ","Wyoming","State","OIL AND GREASE","Aquatic Life other than Fish"
"WYDEQ","Wyoming","State","HYDROGEN SULFIDE","Cold Water Fishery"
"WYDEQ","Wyoming","State","HYDROGEN SULFIDE","Aquatic Life other than Fish"
"WYDEQ","Wyoming","State",NA,"Cold Water Game Fish"
"WYDEQ","Wyoming","State","ESCHERICHIA COLI (E. COLI)","Recreation"
"WYDEQ","Wyoming","State","SEDIMENTATION/SILTATION","Warm Water Fishery"
"WYDEQ","Wyoming","State","BOTTOM DEPOSITS","Aquatic Life other than Fish"
"WYDEQ","Wyoming","State","TURBIDITY","Aquatic Life other than Fish"
"WYDEQ","Wyoming","State","DISSOLVED OXYGEN","Aquatic Life other than Fish"
"WYDEQ","Wyoming","State","TOTAL DISSOLVED SOLIDS (TDS)","Aquatic Life other than Fish"
"WYDEQ","Wyoming","State","AMMONIA","Non-Game Fish"
"WYDEQ","Wyoming","State","AMMONIA","Cold Water Game Fish"
"WYDEQ","Wyoming","State","AMMONIA","Aquatic Life other than Fish"
"WYDEQ","Wyoming","State","BOTTOM DEPOSITS","Non-Game Fish"
"WYDEQ","Wyoming","State","BOTTOM DEPOSITS","Cold Water Game Fish"
"WYDEQ","Wyoming","State","TURBIDITY","Non-Game Fish"
"WYDEQ","Wyoming","State","TURBIDITY","Cold Water Game Fish"
"WYDEQ","Wyoming","State","TEMPERATURE","Non-Game Fish"
"WYDEQ","Wyoming","State","TEMPERATURE","Cold Water Game Fish"
"WYDEQ","Wyoming","State","TEMPERATURE","Aquatic Life other than Fish"
"WYDEQ","Wyoming","State","HYDROGEN SULFIDE","Non-Game Fish"
"WYDEQ","Wyoming","State","HYDROGEN SULFIDE","Cold Water Game Fish"
"WYDEQ","Wyoming","State","ARSENIC","Drinking Water"
"WYDEQ","Wyoming","State","ARSENIC","Fish Consumption"
"WYDEQ","Wyoming","State","DISSOLVED OXYGEN","Non-Game Fish"
"WYDEQ","Wyoming","State","DISSOLVED OXYGEN","Cold Water Game Fish"
"WYDEQ","Wyoming","State","CHLORIDE","Non-Game Fish"
"WYDEQ","Wyoming","State","CHLORIDE","Cold Water Game Fish"
"WYDEQ","Wyoming","State","TOTAL DISSOLVED SOLIDS (TDS)","Non-Game Fish"
"WYDEQ","Wyoming","State","TOTAL DISSOLVED SOLIDS (TDS)","Cold Water Game Fish"
"WYDEQ","Wyoming","State","SEDIMENTATION/SILTATION","Drinking Water"
"WYDEQ","Wyoming","State","PHYSICAL SUBSTRATE HABITAT ALTERATIONS","Cold Water Fishery"
"WYDEQ","Wyoming","State","PHYSICAL SUBSTRATE HABITAT ALTERATIONS","Aquatic Life other than Fish"
"WYDEQ","Wyoming","State","COPPER","Cold Water Fishery"
"WYDEQ","Wyoming","State","COPPER","Aquatic Life other than Fish"
"WYDEQ","Wyoming","State","SILVER","Cold Water Fishery"
"WYDEQ","Wyoming","State","SILVER","Aquatic Life other than Fish"
"WYDEQ","Wyoming","State","CADMIUM","Cold Water Fishery"
"WYDEQ","Wyoming","State","CADMIUM","Aquatic Life other than Fish"
"WYDEQ","Wyoming","State","TEMPERATURE","Cold Water Fishery"
"WYDEQ","Wyoming","State","SELENIUM","Non-Game Fish"
"WYDEQ","Wyoming","State","SELENIUM","Aquatic Life other than Fish"
"WYDEQ","Wyoming","State","SELENIUM","Cold Water Fishery"
"WYDEQ","Wyoming","State","SEDIMENT","Non-Game Fish"
"WYDEQ","Wyoming","State","SEDIMENT","Cold Water Fishery"
"WYDEQ","Wyoming","State","SEDIMENT","Aquatic Life other than Fish"
"WYDEQ","Wyoming","State","ARSENIC, INORGANIC","Fish Consumption"
"WYDEQ","Wyoming","State","ARSENIC, INORGANIC","Drinking Water"
"WYDEQ","Wyoming","State","SELENIUM","Warm Water Fishery"
"WYDEQ","Wyoming","State","OIL AND GREASE","Non-Game Fish"
"WYDEQ","Wyoming","State","MANGANESE","Drinking Water"
"WYDEQ","Wyoming","State","SEDIMENTATION/SILTATION","Non-Game Fish"
"WYDEQ","Wyoming","State","NITROGEN, TOTAL","Aquatic Life other than Fish"
"WYDEQ","Wyoming","State","PHOSPHORUS, TOTAL","Aquatic Life other than Fish"
"WYDEQ","Wyoming","State","PHYSICAL SUBSTRATE HABITAT ALTERATIONS","Cold Water Game Fish"
"RIDEM","Rhode Island","State",NA,"Fish and Wildlife habitat"
"RIDEM","Rhode Island","State",NA,"Primary Contact Recreation"
"RIDEM","Rhode Island","State",NA,"Secondary Contact Recreation"
"RIDEM","Rhode Island","State",NA,"Public Drinking Water Supply"
"RIDEM","Rhode Island","State",NA,"Fish Consumption"
"RIDEM","Rhode Island","State","MERCURY IN FISH TISSUE","Fish Consumption"
"RIDEM","Rhode Island","State","NON-NATIVE AQUATIC PLANTS","Fish and Wildlife habitat"
"RIDEM","Rhode Island","State","AQUATIC PLANTS (MACROPHYTES)","Fish and Wildlife habitat"
"RIDEM","Rhode Island","State","LEAD","Fish and Wildlife habitat"
"RIDEM","Rhode Island","State","COPPER","Fish and Wildlife habitat"
"RIDEM","Rhode Island","State","ENTEROCOCCUS","Primary Contact Recreation"
"RIDEM","Rhode Island","State","ENTEROCOCCUS","Secondary Contact Recreation"
"RIDEM","Rhode Island","State","BENTHIC MACROINVERTEBRATES BIOASSESSMENTS","Fish and Wildlife habitat"
"RIDEM","Rhode Island","State","PHOSPHORUS, TOTAL","Fish and Wildlife habitat"
"RIDEM","Rhode Island","State","ALGAE","Fish and Wildlife habitat"
"RIDEM","Rhode Island","State","DISSOLVED OXYGEN","Fish and Wildlife habitat"
"RIDEM","Rhode Island","State","FECAL COLIFORM","Primary Contact Recreation"
"RIDEM","Rhode Island","State","FECAL COLIFORM","Secondary Contact Recreation"
"RIDEM","Rhode Island","State","SPECIFIC CONDUCTIVITY","Fish and Wildlife habitat"
"RIDEM","Rhode Island","State","IRON","Fish and Wildlife habitat"
"RIDEM","Rhode Island","State","CYANOBACTERIA HEPATOTOXIC MICROCYSTINS","Primary Contact Recreation"
"RIDEM","Rhode Island","State","CYANOBACTERIA HEPATOTOXIC MICROCYSTINS","Secondary Contact Recreation"
"RIDEM","Rhode Island","State","AMBIENT BIOASSAYS - CHRONIC AQUATIC TOXICITY","Fish and Wildlife habitat"
"RIDEM","Rhode Island","State","CADMIUM","Fish and Wildlife habitat"
"RIDEM","Rhode Island","State","ALUMINUM","Fish and Wildlife habitat"
"RIDEM","Rhode Island","State","NON-NATIVE FISH/SHELLFISH/ZOOPLANKTON","Fish and Wildlife habitat"
"RIDEM","Rhode Island","State","CYANOBACTERIA HEPATOTOXIC MICROCYSTINS","Fish and Wildlife habitat"
"RIDEM","Rhode Island","State","CHLOROPHYLL-A","Fish and Wildlife habitat"
"RIDEM","Rhode Island","State","PCBS IN FISH TISSUE","Fish Consumption"
"RIDEM","Rhode Island","State","SEDIMENTATION/SILTATION","Fish and Wildlife habitat"
"RIDEM","Rhode Island","State","TURBIDITY","Fish and Wildlife habitat"
"RIDEM","Rhode Island","State","TOTAL SUSPENDED SOLIDS (TSS)","Fish and Wildlife habitat"
"RIDEM","Rhode Island","State","CHLORIDE","Fish and Wildlife habitat"
"RIDEM","Rhode Island","State","NITROGEN, TOTAL","Fish and Wildlife habitat"
"RIDEM","Rhode Island","State",NA,"Shellfish Consumption"
"RIDEM","Rhode Island","State","FECAL COLIFORM","Shellfish Consumption"
"RIDEM","Rhode Island","State","ZINC, DISSOLVED","Fish and Wildlife habitat"
"RIDEM","Rhode Island","State",NA,"Shellfish Controlled Relay and Depuration"
"RIDEM","Rhode Island","State","ALGAE","Primary Contact Recreation"
"RIDEM","Rhode Island","State","ALGAE","Secondary Contact Recreation"
"RIDEM","Rhode Island","State","PHOSPHORUS, TOTAL","Public Drinking Water Supply"
"RIDEM","Rhode Island","State","TURBIDITY","Public Drinking Water Supply"
"RIDEM","Rhode Island","State","CHLOROPHYLL-A","Public Drinking Water Supply"
"RIDEM","Rhode Island","State","TASTE","Fish and Wildlife habitat"
"RIDEM","Rhode Island","State","TASTE","Public Drinking Water Supply"
"RIDEM","Rhode Island","State","FLOW REGIME MODIFICATION","Fish and Wildlife habitat"
"RIDEM","Rhode Island","State","FISH KILL(S)","Fish and Wildlife habitat"
"RIDEM","Rhode Island","State","TOTAL ORGANIC CARBON (TOC)","Public Drinking Water Supply"
"RIDEM","Rhode Island","State","COLOR","Public Drinking Water Supply"
"RIDEM","Rhode Island","State","AMMONIA","Fish and Wildlife habitat"
"RIDEM","Rhode Island","State","FECAL COLIFORM","Shellfish Controlled Relay and Depuration"
"RIDEM","Rhode Island","State","ZINC","Fish and Wildlife habitat"
"RIDEM","Rhode Island","State","MERCURY IN WATER COLUMN","Fish and Wildlife habitat"
"RIDEM","Rhode Island","State","DIOXIN (INCLUDING 2,3,7,8-TCDD)","Fish and Wildlife habitat"
"RIDEM","Rhode Island","State","DIOXIN (INCLUDING 2,3,7,8-TCDD)","Fish Consumption"
"RIDEM","Rhode Island","State","MERCURY","Fish and Wildlife habitat"
"RIDEM","Rhode Island","State","POLYCHLORINATED BIPHENYLS (PCBS)","Fish and Wildlife habitat"
"RIDEM","Rhode Island","State","SEDIMENTATION","Fish and Wildlife habitat"
"RIDEM","Rhode Island","State","SEDIMENT BIOASSAY","Shellfish Consumption"
"RIDEM","Rhode Island","State","SEDIMENT BIOASSAY","Fish and Wildlife habitat"
"RIDEM","Rhode Island","State","SEDIMENT BIOASSAY","Primary Contact Recreation"
"RIDEM","Rhode Island","State","SEDIMENT BIOASSAY","Secondary Contact Recreation"
"RIDEM","Rhode Island","State","FISH BIOASSESSMENTS","Fish and Wildlife habitat"
"RIDEM","Rhode Island","State","EXCESS ALGAL GROWTH","Primary Contact Recreation"
"RIDEM","Rhode Island","State","EXCESS ALGAL GROWTH","Secondary Contact Recreation"
"RIDEM","Rhode Island","State","WHOLE EFFLUENT TOXICITY (WET)","Fish and Wildlife habitat"
"CHEROKEE","Cherokee Nation","Tribe","PHOSPHORUS, TOTAL","Aesthetics"
"CHEROKEE","Cherokee Nation","Tribe","ENTEROCOCCUS","Primary Body Contact Recreation"
"CHEROKEE","Cherokee Nation","Tribe","ESCHERICHIA COLI (E. COLI)","Primary Body Contact Recreation"
"CHEROKEE","Cherokee Nation","Tribe","TURBIDITY","Warm Water Aquatic Community"
"CHEROKEE","Cherokee Nation","Tribe","TEMPERATURE","Warm Water Aquatic Community"
"CHEROKEE","Cherokee Nation","Tribe","PH","Warm Water Aquatic Community"
"CHEROKEE","Cherokee Nation","Tribe","DISSOLVED OXYGEN","Warm Water Aquatic Community"
"CHEROKEE","Cherokee Nation","Tribe","SULFATE","Agriculture"
"CHEROKEE","Cherokee Nation","Tribe","CHLORIDE","Agriculture"
"CHEROKEE","Cherokee Nation","Tribe","TOTAL DISSOLVED SOLIDS (TDS)","Agriculture"
"CHEROKEE","Cherokee Nation","Tribe","TURBIDITY","Cool Water Aquatic Life Community"
"CHEROKEE","Cherokee Nation","Tribe","TEMPERATURE","Cool Water Aquatic Life Community"
"CHEROKEE","Cherokee Nation","Tribe","PH","Cool Water Aquatic Life Community"
"CHEROKEE","Cherokee Nation","Tribe","DISSOLVED OXYGEN","Cool Water Aquatic Life Community"
"CHEROKEE","Cherokee Nation","Tribe","PHOSPHORUS","Aesthetics"
"CHEROKEE","Cherokee Nation","Tribe","ENTEROCOCCUS","Cool Water Aquatic Life Community"
"CHEROKEE","Cherokee Nation","Tribe","DISSOLVED OXYGEN","Primary Body Contact Recreation"
"CHEROKEE","Cherokee Nation","Tribe","TURBIDITY","Primary Body Contact Recreation"
"PR_LAKES","Puerto Rico","State",NA,"SECONDARY CONTACT (RECR)"
"PR_LAKES","Puerto Rico","State",NA,"Primary Contact Recreation"
"PR_LAKES","Puerto Rico","State","TURBIDITY","Aquatic Life"
"PR_LAKES","Puerto Rico","State","PH","Aquatic Life"
"PR_LAKES","Puerto Rico","State","ENTEROCOCCUS","SECONDARY CONTACT (RECR)"
"PR_LAKES","Puerto Rico","State","ENTEROCOCCUS","Primary Contact Recreation"
"PR_LAKES","Puerto Rico","State","LEAD","Aquatic Life"
"PR_LAKES","Puerto Rico","State","COPPER","Aquatic Life"
"PR_LAKES","Puerto Rico","State","NICKEL","Aquatic Life"
"PR_LAKES","Puerto Rico","State","ARSENIC","Aquatic Life"
"PR_LAKES","Puerto Rico","State","DISSOLVED OXYGEN","Aquatic Life"
"PR_LAKES","Puerto Rico","State","FECAL COLIFORM","SECONDARY CONTACT (RECR)"
"PR_LAKES","Puerto Rico","State","FECAL COLIFORM","Primary Contact Recreation"
"PR_LAKES","Puerto Rico","State","TEMPERATURE","Aquatic Life"
"PR_LAKES","Puerto Rico","State","MERCURY","Aquatic Life"
"PR_LAKES","Puerto Rico","State","THALLIUM","Aquatic Life"
"PR_LAKES","Puerto Rico","State","ZINC","Aquatic Life"
"PR_LAKES","Puerto Rico","State","OIL AND GREASE","Aquatic Life"
"PR_LAKES","Puerto Rico","State",NA,"Aquatic Life"
"PR_LAKES","Puerto Rico","State",NA,"DRINKING WATER SUPPLY"
"PR_LAKES","Puerto Rico","State","CYANIDE","Aquatic Life"
"PR_LAKES","Puerto Rico","State","ARSENIC","DRINKING WATER SUPPLY"
"PR_LAKES","Puerto Rico","State","NITROGEN","Aquatic Life"
"PR_LAKES","Puerto Rico","State","NITROGEN","DRINKING WATER SUPPLY"
"PR_LAKES","Puerto Rico","State","PHOSPHORUS, TOTAL","Aquatic Life"
"PR_LAKES","Puerto Rico","State","PHOSPHORUS, TOTAL","DRINKING WATER SUPPLY"
"PR_LAKES","Puerto Rico","State","TOTAL COLIFORM","SECONDARY CONTACT (RECR)"
"PR_LAKES","Puerto Rico","State","TOTAL COLIFORM","Primary Contact Recreation"
"PR_LAKES","Puerto Rico","State","TURBIDITY","DRINKING WATER SUPPLY"
"PR_LAKES","Puerto Rico","State","CHROMIUM, HEXAVALENT","Aquatic Life"
"PR_LAKES","Puerto Rico","State","THERMAL MODIFICATIONS","Aquatic Life"
"PR_LAKES","Puerto Rico","State","SURFACTANTS","Aquatic Life"
"PR_LAKES","Puerto Rico","State","MANGANESE","DRINKING WATER SUPPLY"
"PR_LAKES","Puerto Rico","State","CADMIUM","Aquatic Life"
"PR_LAKES","Puerto Rico","State","AMMONIA","Aquatic Life"
"PR_LAKES","Puerto Rico","State","MERCURY","DRINKING WATER SUPPLY"
"PR_LAKES","Puerto Rico","State","DISSOLVED OXYGEN","DRINKING WATER SUPPLY"
"PR_LAKES","Puerto Rico","State","PESTICIDES","Aquatic Life"
"PR_LAKES","Puerto Rico","State","PESTICIDES","DRINKING WATER SUPPLY"
"PR_LAKES","Puerto Rico","State","LEAD","DRINKING WATER SUPPLY"
"PR_LAKES","Puerto Rico","State","SILVER","Aquatic Life"
"PR_LAKES","Puerto Rico","State","SELENIUM","Aquatic Life"
"21SC60WQ","South Carolina","State","ENTEROCOCCUS","Primary Contact Recreation"
"21SC60WQ","South Carolina","State","TURBIDITY","Aquatic Life Support"
"21SC60WQ","South Carolina","State","ESCHERICHIA COLI (E. COLI)","Primary Contact Recreation"
"21SC60WQ","South Carolina","State","FECAL COLIFORM","Shellfish Harvesting"
"21SC60WQ","South Carolina","State","BENTHIC MACROINVERTEBRATES","Aquatic Life Support"
"21SC60WQ","South Carolina","State","AMMONIA","Aquatic Life Support"
"21SC60WQ","South Carolina","State","MERCURY","Aquatic Life Support"
"21SC60WQ","South Carolina","State","LEAD","Aquatic Life Support"
"21SC60WQ","South Carolina","State","ZINC","Aquatic Life Support"
"21SC60WQ","South Carolina","State","COPPER","Aquatic Life Support"
"21SC60WQ","South Carolina","State","NICKEL","Aquatic Life Support"
"21SC60WQ","South Carolina","State","CADMIUM","Aquatic Life Support"
"21SC60WQ","South Carolina","State","CHROMIUM","Aquatic Life Support"
"21SC60WQ","South Carolina","State","PH","Aquatic Life Support"
"21SC60WQ","South Carolina","State","DISSOLVED OXYGEN","Aquatic Life Support"
"21SC60WQ","South Carolina","State","MERCURY IN FISH TISSUE","Fish Consumption"
"21SC60WQ","South Carolina","State","NITROGEN, TOTAL","Aquatic Life Support"
"21SC60WQ","South Carolina","State","PHOSPHORUS, TOTAL","Aquatic Life Support"
"21SC60WQ","South Carolina","State","CHLOROPHYLL-A","Aquatic Life Support"
"21SC60WQ","South Carolina","State","FLOW REGIME MODIFICATION","Aquatic Life Support"
"21SC60WQ","South Carolina","State","FLOW REGIME MODIFICATION","Secondary Contact Recreation"
"21SC60WQ","South Carolina","State","PCBS IN FISH TISSUE","Fish Consumption"
"21SC60WQ","South Carolina","State",NA,"Primary Contact Recreation"
"21SC60WQ","South Carolina","State",NA,"Aquatic Life Support"
"PUEBLOOFTESUQUE","Pueblo of Tesuque, New Mexico","Tribe","AMMONIA","High Quality Coldwater Fishery"
"PUEBLOOFTESUQUE","Pueblo of Tesuque, New Mexico","Tribe","MERCURY","High Quality Coldwater Fishery"
"PUEBLOOFTESUQUE","Pueblo of Tesuque, New Mexico","Tribe","NITROGEN","High Quality Coldwater Fishery"
"PUEBLOOFTESUQUE","Pueblo of Tesuque, New Mexico","Tribe","PHOSPHORUS, TOTAL","High Quality Coldwater Fishery"
"PUEBLOOFTESUQUE","Pueblo of Tesuque, New Mexico","Tribe","ESCHERICHIA COLI (E. COLI)","Primary Contact"
"PUEBLOOFTESUQUE","Pueblo of Tesuque, New Mexico","Tribe","TURBIDITY","High Quality Coldwater Fishery"
"PUEBLOOFTESUQUE","Pueblo of Tesuque, New Mexico","Tribe","TURBIDITY","Primary Contact"
"PUEBLOOFTESUQUE","Pueblo of Tesuque, New Mexico","Tribe","CHLORDANE","High Quality Coldwater Fishery"
"PUEBLOOFTESUQUE","Pueblo of Tesuque, New Mexico","Tribe","TEMPERATURE","High Quality Coldwater Fishery"
"PUEBLOOFTESUQUE","Pueblo of Tesuque, New Mexico","Tribe","CYANIDE","High Quality Coldwater Fishery"
"PUEBLOOFTESUQUE","Pueblo of Tesuque, New Mexico","Tribe","IRON","High Quality Coldwater Fishery"
"PUEBLOOFTESUQUE","Pueblo of Tesuque, New Mexico","Tribe","NICKEL","High Quality Coldwater Fishery"
"PUEBLOOFTESUQUE","Pueblo of Tesuque, New Mexico","Tribe","SILVER","High Quality Coldwater Fishery"
"PUEBLOOFTESUQUE","Pueblo of Tesuque, New Mexico","Tribe","ARSENIC","High Quality Coldwater Fishery"
"PUEBLOOFTESUQUE","Pueblo of Tesuque, New Mexico","Tribe","CADMIUM","High Quality Coldwater Fishery"
"PUEBLOOFTESUQUE","Pueblo of Tesuque, New Mexico","Tribe","ALUMINUM","High Quality Coldwater Fishery"
"PUEBLOOFTESUQUE","Pueblo of Tesuque, New Mexico","Tribe","BERYLLIUM","High Quality Coldwater Fishery"
"PUEBLOOFTESUQUE","Pueblo of Tesuque, New Mexico","Tribe","ZINC, DISSOLVED","High Quality Coldwater Fishery"
"PUEBLOOFTESUQUE","Pueblo of Tesuque, New Mexico","Tribe","COPPER, DISSOLVED","High Quality Coldwater Fishery"
"PUEBLOOFTESUQUE","Pueblo of Tesuque, New Mexico","Tribe","PH","High Quality Coldwater Fishery"
"PUEBLOOFTESUQUE","Pueblo of Tesuque, New Mexico","Tribe","PH","Primary Contact"
"PUEBLOOFTESUQUE","Pueblo of Tesuque, New Mexico","Tribe","DISSOLVED OXYGEN","High Quality Coldwater Fishery"
"PUEBLOOFTESUQUE","Pueblo of Tesuque, New Mexico","Tribe","DISSOLVED OXYGEN SATURATION","High Quality Coldwater Fishery"
"PUEBLOOFTESUQUE","Pueblo of Tesuque, New Mexico","Tribe","SPECIFIC CONDUCTIVITY","High Quality Coldwater Fishery"
"PUEBLOOFTESUQUE","Pueblo of Tesuque, New Mexico","Tribe","TOTAL DISSOLVED SOLIDS (TDS)","Primary Contact"
"PUEBLOOFTESUQUE","Pueblo of Tesuque, New Mexico","Tribe","AMMONIA, TOTAL","Warmwater Fishery"
"PUEBLOOFTESUQUE","Pueblo of Tesuque, New Mexico","Tribe","MERCURY, TOTAL","Groundwater Recharge"
"PUEBLOOFTESUQUE","Pueblo of Tesuque, New Mexico","Tribe","MERCURY, TOTAL","Livestock Watering & Wildlife Habitat"
"PUEBLOOFTESUQUE","Pueblo of Tesuque, New Mexico","Tribe","MERCURY, TOTAL","Warmwater Fishery"
"PUEBLOOFTESUQUE","Pueblo of Tesuque, New Mexico","Tribe","CHLORINE, RESIDUAL (CHLORINE DEMAND)","Warmwater Fishery"
"PUEBLOOFTESUQUE","Pueblo of Tesuque, New Mexico","Tribe","NITRATE","Groundwater Recharge"
"PUEBLOOFTESUQUE","Pueblo of Tesuque, New Mexico","Tribe","NITRATE/NITRITE (NITRITE + NITRATE AS N)","Groundwater Recharge"
"PUEBLOOFTESUQUE","Pueblo of Tesuque, New Mexico","Tribe","BARIUM","Groundwater Recharge"
"PUEBLOOFTESUQUE","Pueblo of Tesuque, New Mexico","Tribe","RADIUM","Groundwater Recharge"
"PUEBLOOFTESUQUE","Pueblo of Tesuque, New Mexico","Tribe","RADIUM","Livestock Watering & Wildlife Habitat"
"PUEBLOOFTESUQUE","Pueblo of Tesuque, New Mexico","Tribe","TRITIUM","Groundwater Recharge"
"PUEBLOOFTESUQUE","Pueblo of Tesuque, New Mexico","Tribe","URANIUM","Groundwater Recharge"
"PUEBLOOFTESUQUE","Pueblo of Tesuque, New Mexico","Tribe","ALPHA PARTICLES","Groundwater Recharge"
"PUEBLOOFTESUQUE","Pueblo of Tesuque, New Mexico","Tribe","ALPHA PARTICLES","Livestock Watering & Wildlife Habitat"
"PUEBLOOFTESUQUE","Pueblo of Tesuque, New Mexico","Tribe","CHLORDANE","Warmwater Fishery"
"PUEBLOOFTESUQUE","Pueblo of Tesuque, New Mexico","Tribe","TEMPERATURE","Warmwater Fishery"
"PUEBLOOFTESUQUE","Pueblo of Tesuque, New Mexico","Tribe","BORON","Irrigation"
"PUEBLOOFTESUQUE","Pueblo of Tesuque, New Mexico","Tribe","BORON","Livestock Watering & Wildlife Habitat"
"PUEBLOOFTESUQUE","Pueblo of Tesuque, New Mexico","Tribe","CYANIDE","Groundwater Recharge"
"PUEBLOOFTESUQUE","Pueblo of Tesuque, New Mexico","Tribe","CYANIDE","Warmwater Fishery"
"PUEBLOOFTESUQUE","Pueblo of Tesuque, New Mexico","Tribe","IRON","Groundwater Recharge"
"PUEBLOOFTESUQUE","Pueblo of Tesuque, New Mexico","Tribe","IRON","Warmwater Fishery"
"PUEBLOOFTESUQUE","Pueblo of Tesuque, New Mexico","Tribe","LEAD","Irrigation"
"PUEBLOOFTESUQUE","Pueblo of Tesuque, New Mexico","Tribe","LEAD","Groundwater Recharge"
"PUEBLOOFTESUQUE","Pueblo of Tesuque, New Mexico","Tribe","LEAD","Livestock Watering & Wildlife Habitat"
"PUEBLOOFTESUQUE","Pueblo of Tesuque, New Mexico","Tribe","LEAD","Warmwater Fishery"
"PUEBLOOFTESUQUE","Pueblo of Tesuque, New Mexico","Tribe","ZINC","Irrigation"
"PUEBLOOFTESUQUE","Pueblo of Tesuque, New Mexico","Tribe","ZINC","Livestock Watering & Wildlife Habitat"
"PUEBLOOFTESUQUE","Pueblo of Tesuque, New Mexico","Tribe","ZINC","Warmwater Fishery"
"PUEBLOOFTESUQUE","Pueblo of Tesuque, New Mexico","Tribe","COBALT","Irrigation"
"PUEBLOOFTESUQUE","Pueblo of Tesuque, New Mexico","Tribe","COBALT","Livestock Watering & Wildlife Habitat"
"PUEBLOOFTESUQUE","Pueblo of Tesuque, New Mexico","Tribe","COPPER","Irrigation"
"PUEBLOOFTESUQUE","Pueblo of Tesuque, New Mexico","Tribe","COPPER","Livestock Watering & Wildlife Habitat"
"PUEBLOOFTESUQUE","Pueblo of Tesuque, New Mexico","Tribe","COPPER","Warmwater Fishery"
"PUEBLOOFTESUQUE","Pueblo of Tesuque, New Mexico","Tribe","NICKEL","Warmwater Fishery"
"PUEBLOOFTESUQUE","Pueblo of Tesuque, New Mexico","Tribe","SILVER","Groundwater Recharge"
"PUEBLOOFTESUQUE","Pueblo of Tesuque, New Mexico","Tribe","ARSENIC","Irrigation"
"PUEBLOOFTESUQUE","Pueblo of Tesuque, New Mexico","Tribe","ARSENIC","Groundwater Recharge"
"PUEBLOOFTESUQUE","Pueblo of Tesuque, New Mexico","Tribe","ARSENIC","Livestock Watering & Wildlife Habitat"
"PUEBLOOFTESUQUE","Pueblo of Tesuque, New Mexico","Tribe","CADMIUM","Irrigation"
"PUEBLOOFTESUQUE","Pueblo of Tesuque, New Mexico","Tribe","CADMIUM","Groundwater Recharge"
"PUEBLOOFTESUQUE","Pueblo of Tesuque, New Mexico","Tribe","CADMIUM","Livestock Watering & Wildlife Habitat"
"PUEBLOOFTESUQUE","Pueblo of Tesuque, New Mexico","Tribe","ALUMINUM","Irrigation"
"PUEBLOOFTESUQUE","Pueblo of Tesuque, New Mexico","Tribe","ALUMINUM","Livestock Watering & Wildlife Habitat"
"PUEBLOOFTESUQUE","Pueblo of Tesuque, New Mexico","Tribe","ALUMINUM","Warmwater Fishery"
"PUEBLOOFTESUQUE","Pueblo of Tesuque, New Mexico","Tribe","CHROMIUM","Irrigation"
"PUEBLOOFTESUQUE","Pueblo of Tesuque, New Mexico","Tribe","CHROMIUM","Groundwater Recharge"
"PUEBLOOFTESUQUE","Pueblo of Tesuque, New Mexico","Tribe","CHROMIUM","Livestock Watering & Wildlife Habitat"
"PUEBLOOFTESUQUE","Pueblo of Tesuque, New Mexico","Tribe","CHROMIUM","Warmwater Fishery"
"PUEBLOOFTESUQUE","Pueblo of Tesuque, New Mexico","Tribe","SELENIUM","Irrigation"
"PUEBLOOFTESUQUE","Pueblo of Tesuque, New Mexico","Tribe","SELENIUM","Groundwater Recharge"
"PUEBLOOFTESUQUE","Pueblo of Tesuque, New Mexico","Tribe","SELENIUM","Livestock Watering & Wildlife Habitat"
"PUEBLOOFTESUQUE","Pueblo of Tesuque, New Mexico","Tribe","SELENIUM","Warmwater Fishery"
"PUEBLOOFTESUQUE","Pueblo of Tesuque, New Mexico","Tribe","VANADIUM","Irrigation"
"PUEBLOOFTESUQUE","Pueblo of Tesuque, New Mexico","Tribe","VANADIUM","Livestock Watering & Wildlife Habitat"
"PUEBLOOFTESUQUE","Pueblo of Tesuque, New Mexico","Tribe","BERYLLIUM","Warmwater Fishery"
"PUEBLOOFTESUQUE","Pueblo of Tesuque, New Mexico","Tribe","MOLYBDENUM","Irrigation"
"PUEBLOOFTESUQUE","Pueblo of Tesuque, New Mexico","Tribe","PH","Warmwater Fishery"
"PUEBLOOFTESUQUE","Pueblo of Tesuque, New Mexico","Tribe","DISSOLVED OXYGEN","Warmwater Fishery"
"PUEBLOOFTESUQUE","Pueblo of Tesuque, New Mexico","Tribe",NA,"General"
"PUEBLOOFTESUQUE","Pueblo of Tesuque, New Mexico","Tribe","TRITIUM","Livestock Watering & Wildlife Habitat"
"PUEBLOOFTESUQUE","Pueblo of Tesuque, New Mexico","Tribe","SILVER","Warmwater Fishery"
"PUEBLOOFTESUQUE","Pueblo of Tesuque, New Mexico","Tribe","ARSENIC","Warmwater Fishery"
"PUEBLOOFTESUQUE","Pueblo of Tesuque, New Mexico","Tribe","CADMIUM","Warmwater Fishery"
"PUEBLOOFTESUQUE","Pueblo of Tesuque, New Mexico","Tribe","VANADIUM","Warmwater Fishery"
"PUEBLOOFTESUQUE","Pueblo of Tesuque, New Mexico","Tribe","AMMONIA","Warmwater Fishery"
"PUEBLOOFTESUQUE","Pueblo of Tesuque, New Mexico","Tribe","AMMONIA, TOTAL","High Quality Coldwater Fishery"
"PUEBLOOFTESUQUE","Pueblo of Tesuque, New Mexico","Tribe","MERCURY","Groundwater Recharge"
"PUEBLOOFTESUQUE","Pueblo of Tesuque, New Mexico","Tribe","MERCURY","Livestock Watering & Wildlife Habitat"
"PUEBLOOFTESUQUE","Pueblo of Tesuque, New Mexico","Tribe","CHLORINE, RESIDUAL (CHLORINE DEMAND)","High Quality Coldwater Fishery"
"PUEBLOOFTESUQUE","Pueblo of Tesuque, New Mexico","Tribe","LEAD","High Quality Coldwater Fishery"
"PUEBLOOFTESUQUE","Pueblo of Tesuque, New Mexico","Tribe","ZINC","High Quality Coldwater Fishery"
"PUEBLOOFTESUQUE","Pueblo of Tesuque, New Mexico","Tribe","ALUMINUM","Groundwater Recharge"
"PUEBLOOFTESUQUE","Pueblo of Tesuque, New Mexico","Tribe","SELENIUM","High Quality Coldwater Fishery"
"PUEBLOOFTESUQUE","Pueblo of Tesuque, New Mexico","Tribe","TOTAL ORGANIC CARBON (TOC)","High Quality Coldwater Fishery"
"PUEBLOOFTESUQUE","Pueblo of Tesuque, New Mexico","Tribe","MERCURY, TOTAL","High Quality Coldwater Fishery"
"PUEBLOOFTESUQUE","Pueblo of Tesuque, New Mexico","Tribe","COPPER","High Quality Coldwater Fishery"
"PUEBLOOFTESUQUE","Pueblo of Tesuque, New Mexico","Tribe","CHROMIUM","High Quality Coldwater Fishery"
"PUEBLOOFTESUQUE","Pueblo of Tesuque, New Mexico","Tribe",NA,"Irrigation"
"PUEBLOOFTESUQUE","Pueblo of Tesuque, New Mexico","Tribe",NA,"Livestock Watering & Wildlife Habitat"
"PUEBLOOFTESUQUE","Pueblo of Tesuque, New Mexico","Tribe","MERCURY","Warmwater Fishery"
"DOEE","District of Columbia","State",NA,"Navigation"
"DOEE","District of Columbia","State","NITROGEN, TOTAL","Protection and Propagation of Fish, Shellfish and Wildlife"
"DOEE","District of Columbia","State","PHOSPHORUS, TOTAL","Protection and Propagation of Fish, Shellfish and Wildlife"
"DOEE","District of Columbia","State","ESCHERICHIA COLI (E. COLI)","Primary Contact Recreation"
"DOEE","District of Columbia","State","TURBIDITY","Protection and Propagation of Fish, Shellfish and Wildlife"
"DOEE","District of Columbia","State","TURBIDITY","Primary Contact Recreation"
"DOEE","District of Columbia","State","TURBIDITY","Secondary Contact Recreation and Aesthetic Enjoyment"
"DOEE","District of Columbia","State","TOTAL SUSPENDED SOLIDS (TSS)","Protection and Propagation of Fish, Shellfish and Wildlife"
"DOEE","District of Columbia","State","DIELDRIN","Protection of Human Health related to Consumption of Fish and Shellfish"
"DOEE","District of Columbia","State","CHLORDANE","Protection of Human Health related to Consumption of Fish and Shellfish"
"DOEE","District of Columbia","State","DIELDRIN IN FISH TISSUE","Protection of Human Health related to Consumption of Fish and Shellfish"
"DOEE","District of Columbia","State","CHLORDANE IN FISH TISSUE","Protection of Human Health related to Consumption of Fish and Shellfish"
"DOEE","District of Columbia","State","HEPTACHLOR EPOXIDE IN FISH TISSUE","Protection of Human Health related to Consumption of Fish and Shellfish"
"DOEE","District of Columbia","State","DDD (DICHLORODIPHENYLDICHLOROETHANE)","Protection of Human Health related to Consumption of Fish and Shellfish"
"DOEE","District of Columbia","State","DDT (DICHLORODIPHENYLTRICHLOROETHANE)","Protection and Propagation of Fish, Shellfish and Wildlife"
"DOEE","District of Columbia","State","DDT (DICHLORODIPHENYLTRICHLOROETHANE)","Protection of Human Health related to Consumption of Fish and Shellfish"
"DOEE","District of Columbia","State","OIL AND GREASE","Protection and Propagation of Fish, Shellfish and Wildlife"
"DOEE","District of Columbia","State","BENZO[A]PYRENE","Protection of Human Health related to Consumption of Fish and Shellfish"
"DOEE","District of Columbia","State","BENZO[A]ANTHRACENE","Protection of Human Health related to Consumption of Fish and Shellfish"
"DOEE","District of Columbia","State","BENZO[B]FLUORANTHENE","Protection of Human Health related to Consumption of Fish and Shellfish"
"DOEE","District of Columbia","State","BENZO[K]FLUORANTHENE","Protection of Human Health related to Consumption of Fish and Shellfish"
"DOEE","District of Columbia","State","DIBENZ[A,H]ANTHRACENE","Protection of Human Health related to Consumption of Fish and Shellfish"
"DOEE","District of Columbia","State","INDENO[1,2,3-CD]PYRENE","Protection of Human Health related to Consumption of Fish and Shellfish"
"DOEE","District of Columbia","State","ARSENIC","Protection of Human Health related to Consumption of Fish and Shellfish"
"DOEE","District of Columbia","State","PCBS IN FISH TISSUE","Protection of Human Health related to Consumption of Fish and Shellfish"
"DOEE","District of Columbia","State","POLYCHLORINATED BIPHENYLS (PCBS)","Protection of Human Health related to Consumption of Fish and Shellfish"
"DOEE","District of Columbia","State","DISSOLVED OXYGEN","Protection and Propagation of Fish, Shellfish and Wildlife"
"DOEE","District of Columbia","State","BIOCHEMICAL OXYGEN DEMAND (BOD)","Protection and Propagation of Fish, Shellfish and Wildlife"
"DOEE","District of Columbia","State","TRASH","Secondary Contact Recreation and Aesthetic Enjoyment"
"DOEE","District of Columbia","State","HEPTACHLOR EPOXIDE","Protection of Human Health related to Consumption of Fish and Shellfish"
"DOEE","District of Columbia","State","DDD (DICHLORODIPHENYLDICHLOROETHANE)","Protection and Propagation of Fish, Shellfish and Wildlife"
"DOEE","District of Columbia","State","CHLOROPHYLL-A","Protection and Propagation of Fish, Shellfish and Wildlife"
"DOEE","District of Columbia","State","CHRYSENE","Protection of Human Health related to Consumption of Fish and Shellfish"
"DOEE","District of Columbia","State","HEPTACHLOR EPOXIDE","Protection and Propagation of Fish, Shellfish and Wildlife"
"DOEE","District of Columbia","State","DDE (DICHLORODIPHENYLDICHLOROETHYLENE)","Protection and Propagation of Fish, Shellfish and Wildlife"
"DOEE","District of Columbia","State","DDE (DICHLORODIPHENYLDICHLOROETHYLENE)","Protection of Human Health related to Consumption of Fish and Shellfish"
"DOEE","District of Columbia","State","POLYCHLORINATED BIPHENYLS (PCBS)","Protection and Propagation of Fish, Shellfish and Wildlife"
"DOEE","District of Columbia","State","PH","Protection and Propagation of Fish, Shellfish and Wildlife"
"DOEE","District of Columbia","State","PH","Primary Contact Recreation"
"DOEE","District of Columbia","State","PH","Secondary Contact Recreation and Aesthetic Enjoyment"
"DOEE","District of Columbia","State","HABITAT ASSESSMENT","Protection and Propagation of Fish, Shellfish and Wildlife"
"DOEE","District of Columbia","State","BENTHIC MACROINVERTEBRATES BIOASSESSMENTS","Protection and Propagation of Fish, Shellfish and Wildlife"
"DOEE","District of Columbia","State",NA,"Secondary Contact Recreation and Aesthetic Enjoyment"
"DOEE","District of Columbia","State",NA,"Protection of Human Health related to Consumption of Fish and Shellfish"
"DOEE","District of Columbia","State","TEMPERATURE","Protection and Propagation of Fish, Shellfish and Wildlife"
"DOEE","District of Columbia","State","DIELDRIN","Protection and Propagation of Fish, Shellfish and Wildlife"
"DOEE","District of Columbia","State","MERCURY","Protection of Human Health related to Consumption of Fish and Shellfish"
"DOEE","District of Columbia","State","CHLORDANE","Protection and Propagation of Fish, Shellfish and Wildlife"
"DOEE","District of Columbia","State","CHLORINE, RESIDUAL (CHLORINE DEMAND)","Protection and Propagation of Fish, Shellfish and Wildlife"
"DOEE","District of Columbia","State","COPPER","Protection and Propagation of Fish, Shellfish and Wildlife"
"HVTEPA","Hoopa Valley Tribe, California","Tribe","FECAL COLIFORM","Recreational"
"HVTEPA","Hoopa Valley Tribe, California","Tribe","TEMPERATURE","Aquatic Life"
"HVTEPA","Hoopa Valley Tribe, California","Tribe","BENTHIC MACROINVERTEBRATES BIOASSESSMENTS","Aquatic Life"
"HVTEPA","Hoopa Valley Tribe, California","Tribe","PH","Aquatic Life"
"HVTEPA","Hoopa Valley Tribe, California","Tribe","DISSOLVED OXYGEN","Aquatic Life"
"HVTEPA","Hoopa Valley Tribe, California","Tribe","CYANOBACTERIA HEPATOTOXIC MICROCYSTINS","Drinking Water"
"HVTEPA","Hoopa Valley Tribe, California","Tribe","NITROGEN","Aquatic Life"
"HVTEPA","Hoopa Valley Tribe, California","Tribe","PHOSPHORUS","Aquatic Life"
"HVTEPA","Hoopa Valley Tribe, California","Tribe","DISSOLVED OXYGEN SUPERSATURATION","Aquatic Life"
"HVTEPA","Hoopa Valley Tribe, California","Tribe","ESCHERICHIA COLI (E. COLI)","Recreational"
"HVTEPA","Hoopa Valley Tribe, California","Tribe","CYANOBACTERIA HEPATOTOXIC MICROCYSTINS","Recreational"
"HVTEPA","Hoopa Valley Tribe, California","Tribe",NA,"Aquatic Life"
"HVTEPA","Hoopa Valley Tribe, California","Tribe","NITROGEN, TOTAL","Aquatic Life"
"HVTEPA","Hoopa Valley Tribe, California","Tribe","PHOSPHORUS, TOTAL","Aquatic Life"
"HVTEPA","Hoopa Valley Tribe, California","Tribe","PH","Recreational"
"UTEMTN","Ute Mountain Ute Tribe","Tribe","AMMONIA-NITROGEN - ACUTE","Warm Water Aquatic Life"
"UTEMTN","Ute Mountain Ute Tribe","Tribe","AMMONIA-NITROGEN - CHRONIC EARLY LIFE STAGE","Warm Water Aquatic Life"
"UTEMTN","Ute Mountain Ute Tribe","Tribe","MERCURY, TOTAL","Agriculture, irrigation and/or livestock watering"
"UTEMTN","Ute Mountain Ute Tribe","Tribe","MERCURY, TOTAL","Warm Water Aquatic Life"
"UTEMTN","Ute Mountain Ute Tribe","Tribe","ESCHERICHIA COLI (E. COLI)","Recreation, primary contact"
"UTEMTN","Ute Mountain Ute Tribe","Tribe","LEAD, TOTAL","Agriculture, irrigation and/or livestock watering"
"UTEMTN","Ute Mountain Ute Tribe","Tribe","ZINC, TOTAL","Agriculture, irrigation and/or livestock watering"
"UTEMTN","Ute Mountain Ute Tribe","Tribe","ARSENIC, TOTAL","Warm Water Aquatic Life"
"UTEMTN","Ute Mountain Ute Tribe","Tribe","CADMIUM, TOTAL","Agriculture, irrigation and/or livestock watering"
"UTEMTN","Ute Mountain Ute Tribe","Tribe","ALUMINUM, TOTAL","Warm Water Aquatic Life"
"UTEMTN","Ute Mountain Ute Tribe","Tribe","SELENIUM, TOTAL","Agriculture, irrigation and/or livestock watering"
"UTEMTN","Ute Mountain Ute Tribe","Tribe","SELENIUM - ACUTE","Warm Water Aquatic Life"
"UTEMTN","Ute Mountain Ute Tribe","Tribe","SELENIUM - CHRONIC","Warm Water Aquatic Life"
"UTEMTN","Ute Mountain Ute Tribe","Tribe","LEAD, DISSOLVED - ACUTE","Warm Water Aquatic Life"
"UTEMTN","Ute Mountain Ute Tribe","Tribe","ZINC, DISSOLVED - ACUTE","Warm Water Aquatic Life"
"UTEMTN","Ute Mountain Ute Tribe","Tribe","COPPER, DISSOLVED - ACUTE","Warm Water Aquatic Life"
"UTEMTN","Ute Mountain Ute Tribe","Tribe","LEAD, DISSOLVED - CHRONIC","Warm Water Aquatic Life"
"UTEMTN","Ute Mountain Ute Tribe","Tribe","NICKEL, DISSOLVED - ACUTE","Warm Water Aquatic Life"
"UTEMTN","Ute Mountain Ute Tribe","Tribe","ZINC, DISSOLVED - CHRONIC","Warm Water Aquatic Life"
"UTEMTN","Ute Mountain Ute Tribe","Tribe","CADMIUM, DISSOLVED - ACUTE","Warm Water Aquatic Life"
"UTEMTN","Ute Mountain Ute Tribe","Tribe","COPPER, DISSOLVED - CHRONIC","Warm Water Aquatic Life"
"UTEMTN","Ute Mountain Ute Tribe","Tribe","NICKEL, DISSOLVED - CHRONIC","Warm Water Aquatic Life"
"UTEMTN","Ute Mountain Ute Tribe","Tribe","CADMIUM, DISSOLVED - CHRONIC","Warm Water Aquatic Life"
"UTEMTN","Ute Mountain Ute Tribe","Tribe","PH","Warm Water Aquatic Life"
"UTEMTN","Ute Mountain Ute Tribe","Tribe","DISSOLVED OXYGEN","Warm Water Aquatic Life"
"UTEMTN","Ute Mountain Ute Tribe","Tribe","SALINITY/TOTAL DISSOLVED SOLIDS/CHLORIDES","Agriculture, irrigation and/or livestock watering"
"UTEMTN","Ute Mountain Ute Tribe","Tribe","AMMONIA, TOTAL","Tribal Cultural Use"
"UTEMTN","Ute Mountain Ute Tribe","Tribe","MERCURY, TOTAL","Tribal Cultural Use"
"UTEMTN","Ute Mountain Ute Tribe","Tribe","NITRATE/NITRITE (NITRITE + NITRATE AS N)","Tribal Cultural Use"
"UTEMTN","Ute Mountain Ute Tribe","Tribe","ESCHERICHIA COLI (E. COLI)","Tribal Cultural Use"
"UTEMTN","Ute Mountain Ute Tribe","Tribe","URANIUM","Tribal Cultural Use"
"UTEMTN","Ute Mountain Ute Tribe","Tribe","ALPHA PARTICLES","Tribal Cultural Use"
"UTEMTN","Ute Mountain Ute Tribe","Tribe","LEAD, TOTAL","Tribal Cultural Use"
"UTEMTN","Ute Mountain Ute Tribe","Tribe","ZINC, TOTAL","Tribal Cultural Use"
"UTEMTN","Ute Mountain Ute Tribe","Tribe","ARSENIC, TOTAL","Tribal Cultural Use"
"UTEMTN","Ute Mountain Ute Tribe","Tribe","ALUMINUM, TOTAL","Tribal Cultural Use"
"UTEMTN","Ute Mountain Ute Tribe","Tribe","SELENIUM, TOTAL","Tribal Cultural Use"
"UTEMTN","Ute Mountain Ute Tribe","Tribe","PH","Tribal Cultural Use"
"UTEMTN","Ute Mountain Ute Tribe","Tribe","SALINITY/TOTAL DISSOLVED SOLIDS/CHLORIDES","Tribal Cultural Use"
"UTEMTN","Ute Mountain Ute Tribe","Tribe",NA,"Tribal Cultural Use"
"WVDEP","West Virginia","State",NA,"Agriculture and Wildlife"
"WVDEP","West Virginia","State",NA,"Water Supply Industrial, Water Transport, Cooling and Power"
"WVDEP","West Virginia","State",NA,"Water Contact Recreation: Recreation"
"WVDEP","West Virginia","State",NA,"Water Contact Recreation: Fish Consumption"
"WVDEP","West Virginia","State","IRON","Warm Water Fishery"
"WVDEP","West Virginia","State","IRON","Public Water Supply"
"WVDEP","West Virginia","State","FECAL COLIFORM","Water Contact Recreation: Recreation"
"WVDEP","West Virginia","State","FECAL COLIFORM","Public Water Supply"
"WVDEP","West Virginia","State","BENTHIC MACROINVERTEBRATES BIOASSESSMENTS","Warm Water Fishery"
"WVDEP","West Virginia","State","IRON","Trout Waters"
"WVDEP","West Virginia","State","LEAD","Trout Waters"
"WVDEP","West Virginia","State","BENTHIC MACROINVERTEBRATES BIOASSESSMENTS","Trout Waters"
"WVDEP","West Virginia","State","LEAD","Warm Water Fishery"
"WVDEP","West Virginia","State","PH","Agriculture and Wildlife"
"WVDEP","West Virginia","State","PH","Water Supply Industrial, Water Transport, Cooling and Power"
"WVDEP","West Virginia","State","PH","Trout Waters"
"WVDEP","West Virginia","State","PH","Water Contact Recreation: Recreation"
"WVDEP","West Virginia","State","PH","Public Water Supply"
"WVDEP","West Virginia","State","DISSOLVED OXYGEN","Agriculture and Wildlife"
"WVDEP","West Virginia","State","DISSOLVED OXYGEN","Water Supply Industrial, Water Transport, Cooling and Power"
"WVDEP","West Virginia","State","DISSOLVED OXYGEN","Trout Waters"
"WVDEP","West Virginia","State","DISSOLVED OXYGEN","Water Contact Recreation: Recreation"
"WVDEP","West Virginia","State","DISSOLVED OXYGEN","Public Water Supply"
"WVDEP","West Virginia","State",NA,"Trout Waters"
"WVDEP","West Virginia","State",NA,"Public Water Supply"
"WVDEP","West Virginia","State",NA,"Warm Water Fishery"
"WVDEP","West Virginia","State","DIOXIN IN FISH TISSUE","Water Contact Recreation: Fish Consumption"
"WVDEP","West Virginia","State","2,3,7,8-TETRACHLORODIBENZO-P-DIOXIN","Agriculture and Wildlife"
"WVDEP","West Virginia","State","2,3,7,8-TETRACHLORODIBENZO-P-DIOXIN","Water Supply Industrial, Water Transport, Cooling and Power"
"WVDEP","West Virginia","State","2,3,7,8-TETRACHLORODIBENZO-P-DIOXIN","Water Contact Recreation: Recreation"
"WVDEP","West Virginia","State","2,3,7,8-TETRACHLORODIBENZO-P-DIOXIN","Public Water Supply"
"WVDEP","West Virginia","State","2,3,7,8-TETRACHLORODIBENZO-P-DIOXIN","Water Contact Recreation: Fish Consumption"
"WVDEP","West Virginia","State","PCBS IN FISH TISSUE","Water Contact Recreation: Fish Consumption"
"WVDEP","West Virginia","State","POLYCHLORINATED BIPHENYLS (PCBS)","Water Contact Recreation: Fish Consumption"
"WVDEP","West Virginia","State","ZINC","Warm Water Fishery"
"WVDEP","West Virginia","State","PH","Warm Water Fishery"
"WVDEP","West Virginia","State","ALGAE","Trout Waters"
"WVDEP","West Virginia","State","ALGAE","Water Contact Recreation: Recreation"
"WVDEP","West Virginia","State","ALGAE","Warm Water Fishery"
"WVDEP","West Virginia","State","MANGANESE","Public Water Supply"
"WVDEP","West Virginia","State","DISSOLVED OXYGEN","Warm Water Fishery"
"WVDEP","West Virginia","State","METHYLMERCURY IN FISH TISSUE","Water Contact Recreation: Fish Consumption"
"WVDEP","West Virginia","State","SELENIUM","Warm Water Fishery"
"WVDEP","West Virginia","State","SELENIUM","Public Water Supply"
"WVDEP","West Virginia","State","ALUMINUM, DISSOLVED","Warm Water Fishery"
"WVDEP","West Virginia","State","ALUMINUM, DISSOLVED","Trout Waters"
"WVDEP","West Virginia","State","BURIED STREAM","Agriculture and Wildlife"
"WVDEP","West Virginia","State","BURIED STREAM","Water Supply Industrial, Water Transport, Cooling and Power"
"WVDEP","West Virginia","State","BURIED STREAM","Warm Water Fishery"
"WVDEP","West Virginia","State","BURIED STREAM","Water Contact Recreation: Recreation"
"WVDEP","West Virginia","State","BURIED STREAM","Public Water Supply"
"WVDEP","West Virginia","State","CHLORIDE","Warm Water Fishery"
"WVDEP","West Virginia","State","CHLORIDE","Public Water Supply"
"WVDEP","West Virginia","State","SELENIUM","Trout Waters"
"WVDEP","West Virginia","State","PHOSPHORUS","Warm Water Fishery"
"WVDEP","West Virginia","State","PHOSPHORUS","Water Contact Recreation: Recreation"
"WVDEP","West Virginia","State","CHLOROPHYLL-A","Warm Water Fishery"
"WVDEP","West Virginia","State","CHLOROPHYLL-A","Water Contact Recreation: Recreation"
"WVDEP","West Virginia","State","PHOSPHORUS","Trout Waters"
"WVDEP","West Virginia","State","CHLOROPHYLL-A","Trout Waters"
"WVDEP","West Virginia","State","SEDIMENTATION/SILTATION","Warm Water Fishery"
"WVDEP","West Virginia","State","SEDIMENTATION/SILTATION","Water Contact Recreation: Recreation"
"WVDEP","West Virginia","State","SEDIMENTATION/SILTATION","Public Water Supply"
"WVDEP","West Virginia","State","TROPHIC STATE INDEX (TSI)","Warm Water Fishery"
"WVDEP","West Virginia","State","METHYLMERCURY IN FISH TISSUE","Public Water Supply"
"WVDEP","West Virginia","State","ALUMINUM, TOTAL","Warm Water Fishery"
"WVDEP","West Virginia","State","NITRATE","Public Water Supply"
"WVDEP","West Virginia","State","AMMONIA","Public Water Supply"
"WVDEP","West Virginia","State","TEMPERATURE","Warm Water Fishery"
"WVDEP","West Virginia","State","BERYLLIUM","Warm Water Fishery"
"WVDEP","West Virginia","State","BERYLLIUM","Public Water Supply"
"WVDEP","West Virginia","State","BERYLLIUM","Trout Waters"
"WVDEP","West Virginia","State","FLOW REGIME MODIFICATION","Agriculture and Wildlife"
"WVDEP","West Virginia","State","FLOW REGIME MODIFICATION","Water Supply Industrial, Water Transport, Cooling and Power"
"WVDEP","West Virginia","State","FLOW REGIME MODIFICATION","Warm Water Fishery"
"WVDEP","West Virginia","State","FLOW REGIME MODIFICATION","Water Contact Recreation: Recreation"
"WVDEP","West Virginia","State","FLOW REGIME MODIFICATION","Public Water Supply"
"MNPCA","Minnesota","State",NA,"Wild Rice Production"
"MNPCA","Minnesota","State",NA,"Aquatic Life"
"MNPCA","Minnesota","State",NA,"Aquatic Consumption"
"MNPCA","Minnesota","State","NUTRIENTS","Aquatic Recreation"
"MNPCA","Minnesota","State",NA,"Aquatic Recreation"
"MNPCA","Minnesota","State","MERCURY IN FISH TISSUE","Aquatic Consumption"
"MNPCA","Minnesota","State","FISH BIOASSESSMENTS","Aquatic Life"
"MNPCA","Minnesota","State",NA,"Drinking Water"
"MNPCA","Minnesota","State","CHLORIDE","Aquatic Life"
"MNPCA","Minnesota","State","SULFATE","Wild Rice Production"
"MNPCA","Minnesota","State","AQUATIC PLANT BIOASSESSMENTS","Aquatic Life"
"MNPCA","Minnesota","State","BENTHIC MACROINVERTEBRATES BIOASSESSMENTS","Aquatic Life"
"MNPCA","Minnesota","State","PCBS IN FISH TISSUE","Aquatic Consumption"
"MNPCA","Minnesota","State","MERCURY IN WATER COLUMN","Aquatic Consumption"
"MNPCA","Minnesota","State","CHLORPYRIFOS","Aquatic Life"
"MNPCA","Minnesota","State","PERFLUOROOCTANE SULFONATE (PFOS) IN FISH TISSUE","Aquatic Consumption"
"MNPCA","Minnesota","State","SECCHI DISK TRANSPARENCY","Aquatic Recreation"
"MNPCA","Minnesota","State","MERCURY IN FISH TISSUE","Industrial Consumption"
"MNPCA","Minnesota","State","AMMONIA, UN-IONIZED","Aquatic Life"
"MNPCA","Minnesota","State","NITRATE","Drinking Water"
"MNPCA","Minnesota","State","DIOXIN (INCLUDING 2,3,7,8-TCDD)","Aquatic Consumption"
"MNPCA","Minnesota","State","DIELDRIN","Aquatic Consumption"
"MNPCA","Minnesota","State","TOXAPHENE","Aquatic Consumption"
"MNPCA","Minnesota","State","DDT (DICHLORODIPHENYLTRICHLOROETHANE)","Aquatic Consumption"
"MNPCA","Minnesota","State","POLYCHLORINATED BIPHENYLS (PCBS)","Aquatic Consumption"
"MNPCA","Minnesota","State","PHOSPHORUS, TOTAL","Aquatic Recreation"
"MNPCA","Minnesota","State","TURBIDITY","Aquatic Life"
"MNPCA","Minnesota","State","TOTAL SUSPENDED SOLIDS (TSS)","Aquatic Life"
"MNPCA","Minnesota","State","PH","Aquatic Life"
"MNPCA","Minnesota","State","DISSOLVED OXYGEN","Aquatic Life"
"MNPCA","Minnesota","State","ESCHERICHIA COLI (E. COLI)","Aquatic Recreation"
"MNPCA","Minnesota","State","TEMPERATURE","Aquatic Life"
"MNPCA","Minnesota","State",NA,"Limited Resource Value"
"MNPCA","Minnesota","State","ALUMINUM","Aquatic Life"
"MNPCA","Minnesota","State","FECAL COLIFORM","Aquatic Recreation"
"MNPCA","Minnesota","State","ESCHERICHIA COLI (E. COLI)","Limited Resource Value"
"MNPCA","Minnesota","State","NUTRIENTS","Aquatic Life"
"MNPCA","Minnesota","State","PERFLUOROOCTANE SULFONATE (PFOS)","Aquatic Consumption"
"MNPCA","Minnesota","State","MERCURY IN FISH TISSUE","Limited Resource Value"
"MNPCA","Minnesota","State","ACETOCHLOR","Aquatic Life"
"MNPCA","Minnesota","State","TOTAL SUSPENDED SOLIDS (TSS)","Aquatic Consumption"
"MNPCA","Minnesota","State","ARSENIC","Aquatic Consumption"
"MNPCA","Minnesota","State","COPPER","Aquatic Life"
"OREGONDEQ","Oregon","State",NA,"aesthetic quality"
"OREGONDEQ","Oregon","State",NA,"wildlife and hunting"
"OREGONDEQ","Oregon","State",NA,"industrial water supply"
"OREGONDEQ","Oregon","State",NA,"commercial navigation and transportation"
"OREGONDEQ","Oregon","State",NA,"fish and aquatic life"
"OREGONDEQ","Oregon","State",NA,"boating"
"OREGONDEQ","Oregon","State",NA,"water contact recreation"
"OREGONDEQ","Oregon","State","SHELLFISHING BAN","fishing"
"OREGONDEQ","Oregon","State","ENTEROCOCCUS","water contact recreation"
"OREGONDEQ","Oregon","State","FECAL COLIFORM","fishing"
"OREGONDEQ","Oregon","State","ANTIMONY","fishing"
"OREGONDEQ","Oregon","State","ARSENIC, INORGANIC","fish and aquatic life"
"OREGONDEQ","Oregon","State","ARSENIC, INORGANIC","fishing"
"OREGONDEQ","Oregon","State","LEAD","fish and aquatic life"
"OREGONDEQ","Oregon","State","ZINC","fish and aquatic life"
"OREGONDEQ","Oregon","State","ZINC","fishing"
"OREGONDEQ","Oregon","State","COPPER","fish and aquatic life"
"OREGONDEQ","Oregon","State","NICKEL","fish and aquatic life"
"OREGONDEQ","Oregon","State","NICKEL","fishing"
"OREGONDEQ","Oregon","State","SILVER","fish and aquatic life"
"OREGONDEQ","Oregon","State","CADMIUM","fish and aquatic life"
"OREGONDEQ","Oregon","State","SELENIUM","fishing"
"OREGONDEQ","Oregon","State","THALLIUM","fishing"
"OREGONDEQ","Oregon","State","METHYLMERCURY","fishing"
"OREGONDEQ","Oregon","State","CYANIDE","fishing"
"OREGONDEQ","Oregon","State","AMMONIA","fish and aquatic life"
"OREGONDEQ","Oregon","State","DIOXIN","fishing"
"OREGONDEQ","Oregon","State","MIREX","fish and aquatic life"
"OREGONDEQ","Oregon","State","ALDRIN","fish and aquatic life"
"OREGONDEQ","Oregon","State","ALDRIN","fishing"
"OREGONDEQ","Oregon","State","ENDRIN","fish and aquatic life"
"OREGONDEQ","Oregon","State","ENDRIN","fishing"
"OREGONDEQ","Oregon","State","GUTHION","fish and aquatic life"
"OREGONDEQ","Oregon","State","LINDANE","fish and aquatic life"
"OREGONDEQ","Oregon","State","LINDANE","fishing"
"OREGONDEQ","Oregon","State","4,4'-DDD","fishing"
"OREGONDEQ","Oregon","State","4,4'-DDE","fishing"
"OREGONDEQ","Oregon","State","4,4'-DDT","fish and aquatic life"
"OREGONDEQ","Oregon","State","4,4'-DDT","fishing"
"OREGONDEQ","Oregon","State","BETA-BHC","fishing"
"OREGONDEQ","Oregon","State","DIELDRIN","fish and aquatic life"
"OREGONDEQ","Oregon","State","DIELDRIN","fishing"
"OREGONDEQ","Oregon","State","ALPHA-BHC","fishing"
"OREGONDEQ","Oregon","State","CHLORDANE","fish and aquatic life"
"OREGONDEQ","Oregon","State","CHLORDANE","fishing"
"OREGONDEQ","Oregon","State","MALATHION","fish and aquatic life"
"OREGONDEQ","Oregon","State","ENDOSULFAN","fish and aquatic life"
"OREGONDEQ","Oregon","State","HEPTACHLOR","fish and aquatic life"
"OREGONDEQ","Oregon","State","HEPTACHLOR","fishing"
"OREGONDEQ","Oregon","State","CHLORPYRIFOS","fish and aquatic life"
"OREGONDEQ","Oregon","State","METHOXYCHLOR","fish and aquatic life"
"OREGONDEQ","Oregon","State","ENDRIN ALDEHYDE","fishing"
"OREGONDEQ","Oregon","State","DINITRO-O-CRESOL","fishing"
"OREGONDEQ","Oregon","State","2,4-DINITROPHENOL","fishing"
"OREGONDEQ","Oregon","State","HEXACHLOROBENZENE","fishing"
"OREGONDEQ","Oregon","State","DIMETHYL PHTHALATE","fishing"
"OREGONDEQ","Oregon","State","ENDOSULFAN SULFATE","fishing"
"OREGONDEQ","Oregon","State","HEPTACHLOR EPOXIDE","fish and aquatic life"
"OREGONDEQ","Oregon","State","HEPTACHLOR EPOXIDE","fishing"
"OREGONDEQ","Oregon","State","2,4,5-TRICHLOROPHENOL","fishing"
"OREGONDEQ","Oregon","State","BETA-ENDOSULFAN (ENDOSULFAN 2)","fishing"
"OREGONDEQ","Oregon","State","ALPHA-ENDOSULFAN (ENDOSULFAN 1)","fishing"
"OREGONDEQ","Oregon","State","PHENOL","fishing"
"OREGONDEQ","Oregon","State","PYRENE","fishing"
"OREGONDEQ","Oregon","State","CHRYSENE","fishing"
"OREGONDEQ","Oregon","State","FLUORENE","fishing"
"OREGONDEQ","Oregon","State","ANTHRACENE","fishing"
"OREGONDEQ","Oregon","State","ISOPHORONE","fishing"
"OREGONDEQ","Oregon","State","ACENAPHTHENE","fishing"
"OREGONDEQ","Oregon","State","FLUORANTHENE","fishing"
"OREGONDEQ","Oregon","State","NITROBENZENE","fishing"
"OREGONDEQ","Oregon","State","2-CHLOROPHENOL","fishing"
"OREGONDEQ","Oregon","State","BENZO[A]PYRENE","fishing"
"OREGONDEQ","Oregon","State","HEXACHLOROETHANE","fishing"
"OREGONDEQ","Oregon","State","DIETHYL PHTHALATE","fishing"
"OREGONDEQ","Oregon","State","2,4-DICHLOROPHENOL","fishing"
"OREGONDEQ","Oregon","State","2,4-DIMETHYLPHENOL","fishing"
"OREGONDEQ","Oregon","State","2,4-DINITROTOLUENE","fishing"
"OREGONDEQ","Oregon","State","BENZO[A]ANTHRACENE","fishing"
"OREGONDEQ","Oregon","State","PENTACHLOROBENZENE","fishing"
"OREGONDEQ","Oregon","State","1,2-DICHLOROBENZENE","fishing"
"OREGONDEQ","Oregon","State","1,4-DICHLOROBENZENE","fishing"
"OREGONDEQ","Oregon","State","2-CHLORONAPHTHALENE","fishing"
"OREGONDEQ","Oregon","State","HEXACHLOROBUTADIENE","fishing"
"OREGONDEQ","Oregon","State","N-NITROSOPIPERIDINE","fishing"
"OREGONDEQ","Oregon","State","BENZO[B]FLUORANTHENE","fishing"
"OREGONDEQ","Oregon","State","BENZO[K]FLUORANTHENE","fishing"
"OREGONDEQ","Oregon","State","2,4,6-TRICHLOROPHENOL","fishing"
"OREGONDEQ","Oregon","State","DIBENZ[A,H]ANTHRACENE","fishing"
"OREGONDEQ","Oregon","State","N-NITROSODIETHYLAMINE","fishing"
"OREGONDEQ","Oregon","State","1,2,4-TRICHLOROBENZENE","fishing"
"OREGONDEQ","Oregon","State","BUTYL BENZYL PHTHALATE","fishing"
"OREGONDEQ","Oregon","State","N-NITROSODIMETHYLAMINE","fishing"
"OREGONDEQ","Oregon","State","N-NITROSODIPROPYLAMINE","fishing"
"OREGONDEQ","Oregon","State","BIS-2-CHLOROETHYL ETHER","fishing"
"OREGONDEQ","Oregon","State","PENTACHLOROPHENOL (PCP)","fishing"
"OREGONDEQ","Oregon","State","HEXACHLOROCYCLOPENTADIENE","fishing"
"OREGONDEQ","Oregon","State","N-NITROSO-DI-N-BUTYLAMINE","fishing"
"OREGONDEQ","Oregon","State","1,2,4,5-TETRACHLOROBENZENE","fishing"
"OREGONDEQ","Oregon","State","IRON","fish and aquatic life"
"OREGONDEQ","Oregon","State","MANGANESE","fishing"
"OREGONDEQ","Oregon","State","PH","fish and aquatic life"
"OREGONDEQ","Oregon","State","POLYCHLORINATED BIPHENYLS (PCBS)","fish and aquatic life"
"OREGONDEQ","Oregon","State","POLYCHLORINATED BIPHENYLS (PCBS)","fishing"
"OREGONDEQ","Oregon","State","DISSOLVED OXYGEN","fish and aquatic life"
"OREGONDEQ","Oregon","State",NA,"fishing"
"OREGONDEQ","Oregon","State","ESCHERICHIA COLI (E. COLI)","water contact recreation"
"OREGONDEQ","Oregon","State","TEMPERATURE","fish and aquatic life"
"OREGONDEQ","Oregon","State","CHLOROPHYLL-A","aesthetic quality"
"OREGONDEQ","Oregon","State","ALUMINUM","fish and aquatic life"
"OREGONDEQ","Oregon","State","FLOW REGIME MODIFICATION","fish and aquatic life"
"OREGONDEQ","Oregon","State","TEMPERATURE","fish and aquatic life - spawning"
"OREGONDEQ","Oregon","State","DISSOLVED OXYGEN","fish and aquatic life - spawning"
"OREGONDEQ","Oregon","State","MERCURY","fish and aquatic life"
"OREGONDEQ","Oregon","State","PENTACHLOROPHENOL (PCP)","fish and aquatic life"
"OREGONDEQ","Oregon","State","CHROMIUM, TRIVALENT","fish and aquatic life"
"OREGONDEQ","Oregon","State","CHROMIUM, HEXAVALENT","fish and aquatic life"
"OREGONDEQ","Oregon","State","BROMODICHLOROMETHANE","fishing"
"OREGONDEQ","Oregon","State","DIBROMOCHLOROMETHANE","fishing"
"OREGONDEQ","Oregon","State","DI-2-ETHYLHEXYL PHTHALATE","fishing"
"OREGONDEQ","Oregon","State","CYANIDE","fish and aquatic life"
"OREGONDEQ","Oregon","State","BARIUM","fishing"
"OREGONDEQ","Oregon","State","PARATHION","fish and aquatic life"
"OREGONDEQ","Oregon","State","METHOXYCHLOR","fishing"
"OREGONDEQ","Oregon","State","2,4,5-TP (SILVEX)","fishing"
"OREGONDEQ","Oregon","State","CHLOROPHENOXY HERBICIDES (2,4-D)","fishing"
"OREGONDEQ","Oregon","State","COPPER","fishing"
"OREGONDEQ","Oregon","State","ALKALINITY","fish and aquatic life"
"OREGONDEQ","Oregon","State","NOXIOUS AQUATIC PLANTS","aesthetic quality"
"OREGONDEQ","Oregon","State","NOXIOUS AQUATIC PLANTS","boating"
"OREGONDEQ","Oregon","State","SEDIMENT","fish and aquatic life"
"OREGONDEQ","Oregon","State","HABITAT ALTERATIONS","fish and aquatic life"
"OREGONDEQ","Oregon","State","CHLORIDE","fish and aquatic life"
"OREGONDEQ","Oregon","State","METHYL BROMIDE","fishing"
"OREGONDEQ","Oregon","State","1,2-DICHLOROETHANE","fishing"
"OREGONDEQ","Oregon","State","1,2-DICHLOROPROPANE","fishing"
"OREGONDEQ","Oregon","State","1,3-DICHLOROPROPENE","fishing"
"OREGONDEQ","Oregon","State","BENZENE","fishing"
"OREGONDEQ","Oregon","State","TOLUENE","fishing"
"OREGONDEQ","Oregon","State","BROMOFORM","fishing"
"OREGONDEQ","Oregon","State","CHLOROFORM","fishing"
"OREGONDEQ","Oregon","State","ETHYLBENZENE","fishing"
"OREGONDEQ","Oregon","State","VINYL CHLORIDE","fishing"
"OREGONDEQ","Oregon","State","METHYLENE CHLORIDE","fishing"
"OREGONDEQ","Oregon","State","TETRACHLOROETHYLENE","fishing"
"OREGONDEQ","Oregon","State","1,1-DICHLOROETHYLENE","fishing"
"OREGONDEQ","Oregon","State","CARBON TETRACHLORIDE","fishing"
"OREGONDEQ","Oregon","State","CHLOROBENZENE (MONO)","fishing"
"OREGONDEQ","Oregon","State","1,1,2-TRICHLOROETHANE","fishing"
"OREGONDEQ","Oregon","State","TRICHLOROETHYLENE (TCE)","fishing"
"OREGONDEQ","Oregon","State","1,1,2,2-TETRACHLOROETHANE","fishing"
"OREGONDEQ","Oregon","State","TRANS-1,2-DICHLOROETHYLENE","fishing"
"OREGONDEQ","Oregon","State",NA,"irrigation"
"OREGONDEQ","Oregon","State",NA,"livestock watering"
"OREGONDEQ","Oregon","State","METHYLMERCURY","Public domestic water supply"
"OREGONDEQ","Oregon","State","METHYLMERCURY","Private domestic water supply"
"OREGONDEQ","Oregon","State","DIOXIN","Public domestic water supply"
"OREGONDEQ","Oregon","State","DIOXIN","Private domestic water supply"
"OREGONDEQ","Oregon","State","BARIUM","Public domestic water supply"
"OREGONDEQ","Oregon","State","BARIUM","Private domestic water supply"
"OREGONDEQ","Oregon","State","ALDRIN","Public domestic water supply"
"OREGONDEQ","Oregon","State","ALDRIN","Private domestic water supply"
"OREGONDEQ","Oregon","State","ENDRIN","Public domestic water supply"
"OREGONDEQ","Oregon","State","ENDRIN","Private domestic water supply"
"OREGONDEQ","Oregon","State","LINDANE","Public domestic water supply"
"OREGONDEQ","Oregon","State","LINDANE","Private domestic water supply"
"OREGONDEQ","Oregon","State","4,4'-DDD","fish and aquatic life"
"OREGONDEQ","Oregon","State","4,4'-DDD","Public domestic water supply"
"OREGONDEQ","Oregon","State","4,4'-DDD","Private domestic water supply"
"OREGONDEQ","Oregon","State","4,4'-DDE","Public domestic water supply"
"OREGONDEQ","Oregon","State","4,4'-DDE","Private domestic water supply"
"OREGONDEQ","Oregon","State","4,4'-DDT","Public domestic water supply"
"OREGONDEQ","Oregon","State","4,4'-DDT","Private domestic water supply"
"OREGONDEQ","Oregon","State","BETA-BHC","Public domestic water supply"
"OREGONDEQ","Oregon","State","BETA-BHC","Private domestic water supply"
"OREGONDEQ","Oregon","State","DIELDRIN","Public domestic water supply"
"OREGONDEQ","Oregon","State","DIELDRIN","Private domestic water supply"
"OREGONDEQ","Oregon","State","ALPHA-BHC","Public domestic water supply"
"OREGONDEQ","Oregon","State","ALPHA-BHC","Private domestic water supply"
"OREGONDEQ","Oregon","State","CHLORDANE","Public domestic water supply"
"OREGONDEQ","Oregon","State","CHLORDANE","Private domestic water supply"
"OREGONDEQ","Oregon","State","HEPTACHLOR","Public domestic water supply"
"OREGONDEQ","Oregon","State","HEPTACHLOR","Private domestic water supply"
"OREGONDEQ","Oregon","State","METHOXYCHLOR","Public domestic water supply"
"OREGONDEQ","Oregon","State","METHOXYCHLOR","Private domestic water supply"
"OREGONDEQ","Oregon","State","2,4,5-TP (SILVEX)","Public domestic water supply"
"OREGONDEQ","Oregon","State","2,4,5-TP (SILVEX)","Private domestic water supply"
"OREGONDEQ","Oregon","State","DIBUTYL PHTHALATE","Public domestic water supply"
"OREGONDEQ","Oregon","State","DIBUTYL PHTHALATE","Private domestic water supply"
"OREGONDEQ","Oregon","State","DIBUTYL PHTHALATE","fishing"
"OREGONDEQ","Oregon","State","HEXACHLOROBENZENE","Public domestic water supply"
"OREGONDEQ","Oregon","State","HEXACHLOROBENZENE","Private domestic water supply"
"OREGONDEQ","Oregon","State","DIMETHYL PHTHALATE","Public domestic water supply"
"OREGONDEQ","Oregon","State","DIMETHYL PHTHALATE","Private domestic water supply"
"OREGONDEQ","Oregon","State","ENDOSULFAN SULFATE","Public domestic water supply"
"OREGONDEQ","Oregon","State","ENDOSULFAN SULFATE","Private domestic water supply"
"OREGONDEQ","Oregon","State","HEPTACHLOR EPOXIDE","Public domestic water supply"
"OREGONDEQ","Oregon","State","HEPTACHLOR EPOXIDE","Private domestic water supply"
"OREGONDEQ","Oregon","State","BETA-ENDOSULFAN (ENDOSULFAN 2)","fish and aquatic life"
"OREGONDEQ","Oregon","State","BETA-ENDOSULFAN (ENDOSULFAN 2)","Public domestic water supply"
"OREGONDEQ","Oregon","State","BETA-ENDOSULFAN (ENDOSULFAN 2)","Private domestic water supply"
"OREGONDEQ","Oregon","State","ALPHA-ENDOSULFAN (ENDOSULFAN 1)","Public domestic water supply"
"OREGONDEQ","Oregon","State","ALPHA-ENDOSULFAN (ENDOSULFAN 1)","Private domestic water supply"
"OREGONDEQ","Oregon","State","CHLOROPHENOXY HERBICIDES (2,4-D)","Public domestic water supply"
"OREGONDEQ","Oregon","State","CHLOROPHENOXY HERBICIDES (2,4-D)","Private domestic water supply"
"OREGONDEQ","Oregon","State","PYRENE","Public domestic water supply"
"OREGONDEQ","Oregon","State","PYRENE","Private domestic water supply"
"OREGONDEQ","Oregon","State","CHRYSENE","Public domestic water supply"
"OREGONDEQ","Oregon","State","CHRYSENE","Private domestic water supply"
"OREGONDEQ","Oregon","State","FLUORENE","Public domestic water supply"
"OREGONDEQ","Oregon","State","FLUORENE","Private domestic water supply"
"OREGONDEQ","Oregon","State","ANTHRACENE","Public domestic water supply"
"OREGONDEQ","Oregon","State","ANTHRACENE","Private domestic water supply"
"OREGONDEQ","Oregon","State","ISOPHORONE","Public domestic water supply"
"OREGONDEQ","Oregon","State","ISOPHORONE","Private domestic water supply"
"OREGONDEQ","Oregon","State","ACENAPHTHENE","Public domestic water supply"
"OREGONDEQ","Oregon","State","ACENAPHTHENE","Private domestic water supply"
"OREGONDEQ","Oregon","State","FLUORANTHENE","Public domestic water supply"
"OREGONDEQ","Oregon","State","FLUORANTHENE","Private domestic water supply"
"OREGONDEQ","Oregon","State","NITROBENZENE","Public domestic water supply"
"OREGONDEQ","Oregon","State","NITROBENZENE","Private domestic water supply"
"OREGONDEQ","Oregon","State","BENZO[A]PYRENE","Public domestic water supply"
"OREGONDEQ","Oregon","State","BENZO[A]PYRENE","Private domestic water supply"
"OREGONDEQ","Oregon","State","HEXACHLOROETHANE","Public domestic water supply"
"OREGONDEQ","Oregon","State","HEXACHLOROETHANE","Private domestic water supply"
"OREGONDEQ","Oregon","State","DIETHYL PHTHALATE","Public domestic water supply"
"OREGONDEQ","Oregon","State","DIETHYL PHTHALATE","Private domestic water supply"
"OREGONDEQ","Oregon","State","2,4-DINITROTOLUENE","Public domestic water supply"
"OREGONDEQ","Oregon","State","2,4-DINITROTOLUENE","Private domestic water supply"
"OREGONDEQ","Oregon","State","BENZO[A]ANTHRACENE","Public domestic water supply"
"OREGONDEQ","Oregon","State","BENZO[A]ANTHRACENE","Private domestic water supply"
"OREGONDEQ","Oregon","State","PENTACHLOROBENZENE","Public domestic water supply"
"OREGONDEQ","Oregon","State","PENTACHLOROBENZENE","Private domestic water supply"
"OREGONDEQ","Oregon","State","1,2-DICHLOROBENZENE","Public domestic water supply"
"OREGONDEQ","Oregon","State","1,2-DICHLOROBENZENE","Private domestic water supply"
"OREGONDEQ","Oregon","State","1,3-DICHLOROBENZENE","Public domestic water supply"
"OREGONDEQ","Oregon","State","1,3-DICHLOROBENZENE","Private domestic water supply"
"OREGONDEQ","Oregon","State","1,3-DICHLOROBENZENE","fishing"
"OREGONDEQ","Oregon","State","1,4-DICHLOROBENZENE","Public domestic water supply"
"OREGONDEQ","Oregon","State","1,4-DICHLOROBENZENE","Private domestic water supply"
"OREGONDEQ","Oregon","State","2-CHLORONAPHTHALENE","Public domestic water supply"
"OREGONDEQ","Oregon","State","2-CHLORONAPHTHALENE","Private domestic water supply"
"OREGONDEQ","Oregon","State","HEXACHLOROBUTADIENE","Public domestic water supply"
"OREGONDEQ","Oregon","State","HEXACHLOROBUTADIENE","Private domestic water supply"
"OREGONDEQ","Oregon","State","N-NITROSOPIPERIDINE","Public domestic water supply"
"OREGONDEQ","Oregon","State","N-NITROSOPIPERIDINE","Private domestic water supply"
"OREGONDEQ","Oregon","State","BENZO[B]FLUORANTHENE","Public domestic water supply"
"OREGONDEQ","Oregon","State","BENZO[B]FLUORANTHENE","Private domestic water supply"
"OREGONDEQ","Oregon","State","BENZO[K]FLUORANTHENE","Public domestic water supply"
"OREGONDEQ","Oregon","State","BENZO[K]FLUORANTHENE","Private domestic water supply"
"OREGONDEQ","Oregon","State","DIBENZ[A,H]ANTHRACENE","Public domestic water supply"
"OREGONDEQ","Oregon","State","DIBENZ[A,H]ANTHRACENE","Private domestic water supply"
"OREGONDEQ","Oregon","State","N-NITROSODIETHYLAMINE","Public domestic water supply"
"OREGONDEQ","Oregon","State","N-NITROSODIETHYLAMINE","Private domestic water supply"
"OREGONDEQ","Oregon","State","1,2,4-TRICHLOROBENZENE","Public domestic water supply"
"OREGONDEQ","Oregon","State","1,2,4-TRICHLOROBENZENE","Private domestic water supply"
"OREGONDEQ","Oregon","State","BUTYL BENZYL PHTHALATE","Public domestic water supply"
"OREGONDEQ","Oregon","State","BUTYL BENZYL PHTHALATE","Private domestic water supply"
"OREGONDEQ","Oregon","State","N-NITROSODIMETHYLAMINE","Public domestic water supply"
"OREGONDEQ","Oregon","State","N-NITROSODIMETHYLAMINE","Private domestic water supply"
"OREGONDEQ","Oregon","State","N-NITROSODIPHENYLAMINE","Public domestic water supply"
"OREGONDEQ","Oregon","State","N-NITROSODIPHENYLAMINE","Private domestic water supply"
"OREGONDEQ","Oregon","State","N-NITROSODIPHENYLAMINE","fishing"
"OREGONDEQ","Oregon","State","N-NITROSODIPROPYLAMINE","Public domestic water supply"
"OREGONDEQ","Oregon","State","N-NITROSODIPROPYLAMINE","Private domestic water supply"
"OREGONDEQ","Oregon","State","BIS-2-CHLOROETHYL ETHER","Public domestic water supply"
"OREGONDEQ","Oregon","State","BIS-2-CHLOROETHYL ETHER","Private domestic water supply"
"OREGONDEQ","Oregon","State","PENTACHLOROPHENOL (PCP)","Public domestic water supply"
"OREGONDEQ","Oregon","State","PENTACHLOROPHENOL (PCP)","Private domestic water supply"
"OREGONDEQ","Oregon","State","DI-2-ETHYLHEXYL PHTHALATE","Public domestic water supply"
"OREGONDEQ","Oregon","State","DI-2-ETHYLHEXYL PHTHALATE","Private domestic water supply"
"OREGONDEQ","Oregon","State","HEXACHLOROCYCLOPENTADIENE","Public domestic water supply"
"OREGONDEQ","Oregon","State","HEXACHLOROCYCLOPENTADIENE","Private domestic water supply"
"OREGONDEQ","Oregon","State","N-NITROSO-DI-N-BUTYLAMINE","Public domestic water supply"
"OREGONDEQ","Oregon","State","N-NITROSO-DI-N-BUTYLAMINE","Private domestic water supply"
"OREGONDEQ","Oregon","State","1,2,4,5-TETRACHLOROBENZENE","Public domestic water supply"
"OREGONDEQ","Oregon","State","1,2,4,5-TETRACHLOROBENZENE","Private domestic water supply"
"OREGONDEQ","Oregon","State","BIS(2-CHLOROISOPROPYL) ETHER","Public domestic water supply"
"OREGONDEQ","Oregon","State","BIS(2-CHLOROISOPROPYL) ETHER","Private domestic water supply"
"OREGONDEQ","Oregon","State","BIS(2-CHLOROISOPROPYL) ETHER","fishing"
"OREGONDEQ","Oregon","State","ANTIMONY","Public domestic water supply"
"OREGONDEQ","Oregon","State","ANTIMONY","Private domestic water supply"
"OREGONDEQ","Oregon","State","ARSENIC, INORGANIC","Public domestic water supply"
"OREGONDEQ","Oregon","State","ARSENIC, INORGANIC","Private domestic water supply"
"OREGONDEQ","Oregon","State","ZINC","Public domestic water supply"
"OREGONDEQ","Oregon","State","ZINC","Private domestic water supply"
"OREGONDEQ","Oregon","State","COPPER","Public domestic water supply"
"OREGONDEQ","Oregon","State","COPPER","Private domestic water supply"
"OREGONDEQ","Oregon","State","NICKEL","Public domestic water supply"
"OREGONDEQ","Oregon","State","NICKEL","Private domestic water supply"
"OREGONDEQ","Oregon","State","SELENIUM","Public domestic water supply"
"OREGONDEQ","Oregon","State","SELENIUM","Private domestic water supply"
"OREGONDEQ","Oregon","State","THALLIUM","Public domestic water supply"
"OREGONDEQ","Oregon","State","THALLIUM","Private domestic water supply"
"OREGONDEQ","Oregon","State","POLYCHLORINATED BIPHENYLS (PCBS)","Public domestic water supply"
"OREGONDEQ","Oregon","State","POLYCHLORINATED BIPHENYLS (PCBS)","Private domestic water supply"
"OREGONDEQ","Oregon","State",NA,"Public domestic water supply"
"OREGONDEQ","Oregon","State",NA,"Private domestic water supply"
"OREGONDEQ","Oregon","State","FECAL COLIFORM","water contact recreation"
"OREGONDEQ","Oregon","State","ALPHA-ENDOSULFAN (ENDOSULFAN 1)","fish and aquatic life"
"OREGONDEQ","Oregon","State","HARMFUL ALGAL BLOOMS","water contact recreation"
"OREGONDEQ","Oregon","State","PHOSPHORUS","fish and aquatic life"
"OREGONDEQ","Oregon","State","4,4'-DDE","fish and aquatic life"
"OREGONDEQ","Oregon","State","HARMFUL ALGAL BLOOMS","livestock watering"
"OREGONDEQ","Oregon","State","HARMFUL ALGAL BLOOMS","Public domestic water supply"
"OREGONDEQ","Oregon","State","HARMFUL ALGAL BLOOMS","Private domestic water supply"
"OREGONDEQ","Oregon","State","HARMFUL ALGAL BLOOMS","fishing"
"OREGONDEQ","Oregon","State","TOTAL DISSOLVED GAS","fish and aquatic life"
"OREGONDEQ","Oregon","State","ENDRIN ALDEHYDE","Public domestic water supply"
"OREGONDEQ","Oregon","State","ENDRIN ALDEHYDE","Private domestic water supply"
"OREGONDEQ","Oregon","State",NA,"hydropower"
"OREGONDEQ","Oregon","State","NITROGEN, NITRATE","Public domestic water supply"
"OREGONDEQ","Oregon","State","NITROGEN, NITRATE","Private domestic water supply"
"OREGONDEQ","Oregon","State","NITROGEN, NITRATE","fishing"
"OREGONDEQ","Oregon","State","DINITRO-O-CRESOL","Public domestic water supply"
"OREGONDEQ","Oregon","State","DINITRO-O-CRESOL","Private domestic water supply"
"OREGONDEQ","Oregon","State","2,4-DINITROPHENOL","Public domestic water supply"
"OREGONDEQ","Oregon","State","2,4-DINITROPHENOL","Private domestic water supply"
"OREGONDEQ","Oregon","State","2,4,5-TRICHLOROPHENOL","Public domestic water supply"
"OREGONDEQ","Oregon","State","2,4,5-TRICHLOROPHENOL","Private domestic water supply"
"OREGONDEQ","Oregon","State","PHENOL","Public domestic water supply"
"OREGONDEQ","Oregon","State","PHENOL","Private domestic water supply"
"OREGONDEQ","Oregon","State","BENZIDINE","Public domestic water supply"
"OREGONDEQ","Oregon","State","BENZIDINE","Private domestic water supply"
"OREGONDEQ","Oregon","State","BENZIDINE","fishing"
"OREGONDEQ","Oregon","State","2-CHLOROPHENOL","Public domestic water supply"
"OREGONDEQ","Oregon","State","2-CHLOROPHENOL","Private domestic water supply"
"OREGONDEQ","Oregon","State","2,4-DICHLOROPHENOL","Public domestic water supply"
"OREGONDEQ","Oregon","State","2,4-DICHLOROPHENOL","Private domestic water supply"
"OREGONDEQ","Oregon","State","2,4-DIMETHYLPHENOL","Public domestic water supply"
"OREGONDEQ","Oregon","State","2,4-DIMETHYLPHENOL","Private domestic water supply"
"OREGONDEQ","Oregon","State","2,4,6-TRICHLOROPHENOL","Public domestic water supply"
"OREGONDEQ","Oregon","State","2,4,6-TRICHLOROPHENOL","Private domestic water supply"
"OREGONDEQ","Oregon","State","3,3'-DICHLOROBENZIDINE","Public domestic water supply"
"OREGONDEQ","Oregon","State","3,3'-DICHLOROBENZIDINE","Private domestic water supply"
"OREGONDEQ","Oregon","State","3,3'-DICHLOROBENZIDINE","fishing"
"OREGONDEQ","Oregon","State","INDENO[1,2,3-CD]PYRENE","Public domestic water supply"
"OREGONDEQ","Oregon","State","INDENO[1,2,3-CD]PYRENE","Private domestic water supply"
"OREGONDEQ","Oregon","State","INDENO[1,2,3-CD]PYRENE","fishing"
"OREGONDEQ","Oregon","State","METHYL BROMIDE","Public domestic water supply"
"OREGONDEQ","Oregon","State","1,2-DICHLOROETHANE","Public domestic water supply"
"OREGONDEQ","Oregon","State","1,2-DICHLOROPROPANE","Public domestic water supply"
"OREGONDEQ","Oregon","State","1,3-DICHLOROPROPENE","Public domestic water supply"
"OREGONDEQ","Oregon","State","BENZENE","Public domestic water supply"
"OREGONDEQ","Oregon","State","TOLUENE","Public domestic water supply"
"OREGONDEQ","Oregon","State","BROMOFORM","Public domestic water supply"
"OREGONDEQ","Oregon","State","CHLOROFORM","Public domestic water supply"
"OREGONDEQ","Oregon","State","ETHYLBENZENE","Public domestic water supply"
"OREGONDEQ","Oregon","State","VINYL CHLORIDE","Public domestic water supply"
"OREGONDEQ","Oregon","State","METHYLENE CHLORIDE","Public domestic water supply"
"OREGONDEQ","Oregon","State","1,1-DICHLOROETHYLENE","Public domestic water supply"
"OREGONDEQ","Oregon","State","CARBON TETRACHLORIDE","Public domestic water supply"
"OREGONDEQ","Oregon","State","CHLOROBENZENE (MONO)","Public domestic water supply"
"OREGONDEQ","Oregon","State","DIBROMOCHLOROMETHANE","Public domestic water supply"
"OREGONDEQ","Oregon","State","1,1,2-TRICHLOROETHANE","Public domestic water supply"
"OREGONDEQ","Oregon","State","TRICHLOROETHYLENE (TCE)","Public domestic water supply"
"OREGONDEQ","Oregon","State","1,1,2,2-TETRACHLOROETHANE","Public domestic water supply"
"OREGONDEQ","Oregon","State","TRANS-1,2-DICHLOROETHYLENE","Public domestic water supply"
"OREGONDEQ","Oregon","State","TURBIDITY","Public domestic water supply"
"OREGONDEQ","Oregon","State","TURBIDITY","Private domestic water supply"
"OREGONDEQ","Oregon","State","TURBIDITY","fish and aquatic life"
"OREGONDEQ","Oregon","State","BIOLOGICAL INTEGRITY","fish and aquatic life"
"OREGONDEQ","Oregon","State","BENTHIC MACROINVERTEBRATES BIOASSESSMENTS","fish and aquatic life"
"OREGONDEQ","Oregon","State","CHLORINE","fish and aquatic life"
"OREGONDEQ","Oregon","State","EXCESS ALGAL GROWTH","aesthetic quality"
"OREGONDEQ","Oregon","State",NA,"fish and aquatic life - spawning"
"OREGONDEQ","Oregon","State","BROMODICHLOROMETHANE","Public domestic water supply"
"OREGONDEQ","Oregon","State","BROMODICHLOROMETHANE","Private domestic water supply"
"OREGONDEQ","Oregon","State","DIBROMOCHLOROMETHANE","Private domestic water supply"
"OREGONDEQ","Oregon","State","POLYCYCLIC AROMATIC HYDROCARBONS (PAHS) (AQUATIC ECOSYSTEMS)","Public domestic water supply"
"OREGONDEQ","Oregon","State","POLYCYCLIC AROMATIC HYDROCARBONS (PAHS) (AQUATIC ECOSYSTEMS)","Private domestic water supply"
"OREGONDEQ","Oregon","State","POLYCYCLIC AROMATIC HYDROCARBONS (PAHS) (AQUATIC ECOSYSTEMS)","fishing"
"OREGONDEQ","Oregon","State","DEMETON","fish and aquatic life"
"OREGONDEQ","Oregon","State","ACROLEIN","Public domestic water supply"
"OREGONDEQ","Oregon","State","ACROLEIN","Private domestic water supply"
"OREGONDEQ","Oregon","State","ACROLEIN","fishing"
"OREGONDEQ","Oregon","State","TOXAPHENE","fish and aquatic life"
"OREGONDEQ","Oregon","State","TOXAPHENE","Public domestic water supply"
"OREGONDEQ","Oregon","State","TOXAPHENE","Private domestic water supply"
"OREGONDEQ","Oregon","State","TOXAPHENE","fishing"
"OREGONDEQ","Oregon","State","ACRYLONITRILE","Public domestic water supply"
"OREGONDEQ","Oregon","State","ACRYLONITRILE","Private domestic water supply"
"OREGONDEQ","Oregon","State","ACRYLONITRILE","fishing"
"OREGONDEQ","Oregon","State","1,2-DICHLOROETHANE","Private domestic water supply"
"OREGONDEQ","Oregon","State","1,2-DICHLOROPROPANE","Private domestic water supply"
"OREGONDEQ","Oregon","State","BENZENE","Private domestic water supply"
"OREGONDEQ","Oregon","State","TOLUENE","Private domestic water supply"
"OREGONDEQ","Oregon","State","BROMOFORM","Private domestic water supply"
"OREGONDEQ","Oregon","State","CHLOROFORM","Private domestic water supply"
"OREGONDEQ","Oregon","State","ETHYLBENZENE","Private domestic water supply"
"OREGONDEQ","Oregon","State","VINYL CHLORIDE","Private domestic water supply"
"OREGONDEQ","Oregon","State","METHYLENE CHLORIDE","Private domestic water supply"
"OREGONDEQ","Oregon","State","1,1-DICHLOROETHYLENE","Private domestic water supply"
"OREGONDEQ","Oregon","State","CARBON TETRACHLORIDE","Private domestic water supply"
"OREGONDEQ","Oregon","State","CHLOROBENZENE (MONO)","Private domestic water supply"
"OREGONDEQ","Oregon","State","1,1,2-TRICHLOROETHANE","Private domestic water supply"
"OREGONDEQ","Oregon","State","TRICHLOROETHYLENE (TCE)","Private domestic water supply"
"OREGONDEQ","Oregon","State","1,1,2,2-TETRACHLOROETHANE","Private domestic water supply"
"OREGONDEQ","Oregon","State","TRANS-1,2-DICHLOROETHYLENE","Private domestic water supply"
"OREGONDEQ","Oregon","State","CYANIDE","Public domestic water supply"
"OREGONDEQ","Oregon","State","CYANIDE","Private domestic water supply"
"OREGONDEQ","Oregon","State","TRASH","aesthetic quality"
"OREGONDEQ","Oregon","State","TRASH","water contact recreation"
"OREGONDEQ","Oregon","State","METHYL BROMIDE","Private domestic water supply"
"OREGONDEQ","Oregon","State","1,3-DICHLOROPROPENE","Private domestic water supply"
"OREGONDEQ","Oregon","State","TETRACHLOROETHYLENE","Public domestic water supply"
"OREGONDEQ","Oregon","State","TETRACHLOROETHYLENE","Private domestic water supply"
"OREGONDEQ","Oregon","State","DIAZINON","fish and aquatic life"
"OREGONDEQ","Oregon","State","ENDOSULFAN SULFATE","fish and aquatic life"
"OREGONDEQ","Oregon","State","PERFLUOROOCTANE SULFONATE (PFOS)","fishing"
"21NEB001","Nebraska","State",NA,"Aesthetics"
"21NEB001","Nebraska","State",NA,"Agricultural Water Supply"
"21NEB001","Nebraska","State","ESCHERICHIA COLI (E. COLI)","PRIMARY CONTACT RECREATION"
"21NEB001","Nebraska","State","ATRAZINE","Aquatic Life"
"21NEB001","Nebraska","State","ALUMINUM","Aquatic Life"
"21NEB001","Nebraska","State",NA,"Aquatic Life"
"21NEB001","Nebraska","State","CAUSE UNKNOWN","Aquatic Life"
"21NEB001","Nebraska","State","NITROGEN, TOTAL","Aquatic Life"
"21NEB001","Nebraska","State","PHOSPHORUS, TOTAL","Aquatic Life"
"21NEB001","Nebraska","State","DISSOLVED OXYGEN","Aquatic Life"
"21NEB001","Nebraska","State",NA,"PRIMARY CONTACT RECREATION"
"21NEB001","Nebraska","State","MERCURY IN FISH TISSUE","Aquatic Life"
"21NEB001","Nebraska","State","CHLOROPHYLL-A","Aquatic Life"
"21NEB001","Nebraska","State","PH","Aquatic Life"
"21NEB001","Nebraska","State","SEDIMENTATION/SILTATION","Aesthetics"
"21NEB001","Nebraska","State","CANCER RISK COMPOUNDS","Aquatic Life"
"21NEB001","Nebraska","State","HAZARD INDEX COMPOUNDS","Aquatic Life"
"21NEB001","Nebraska","State","HARMFUL ALGAL BLOOMS","Aesthetics"
"21NEB001","Nebraska","State","SELENIUM","Agricultural Water Supply"
"21NEB001","Nebraska","State","SELENIUM","Aquatic Life"
"21NEB001","Nebraska","State","ALGAL TOXINS","PRIMARY CONTACT RECREATION"
"21NEB001","Nebraska","State","ATRAZINE","Public Drinking Water Supply"
"21NEB001","Nebraska","State","LEAD","Aquatic Life"
"21NEB001","Nebraska","State","ARSENIC","Public Drinking Water Supply"
"21NEB001","Nebraska","State","ALUMINUM","Public Drinking Water Supply"
"21NEB001","Nebraska","State",NA,"Public Drinking Water Supply"
"21NEB001","Nebraska","State","TEMPERATURE","Aquatic Life"
"21NEB001","Nebraska","State",NA,"Industrial Water Supply"
"21NEB001","Nebraska","State","AMMONIA","Aquatic Life"
"21NEB001","Nebraska","State","IRON","Aquatic Life"
"21NEB001","Nebraska","State","COPPER","Aquatic Life"
"21NEB001","Nebraska","State","CHLORIDE","Aquatic Life"
"21NEB001","Nebraska","State","ODOR","Aesthetics"
"21NEB001","Nebraska","State","SPECIFIC CONDUCTIVITY","Agricultural Water Supply"
"21NEB001","Nebraska","State","SULFATE","Public Drinking Water Supply"
"21NEB001","Nebraska","State","TRASH","Aesthetics"
"21NEB001","Nebraska","State","FISH PASSAGE BARRIER","Aquatic Life"
"21NEB001","Nebraska","State","SEDIMENT","Aesthetics"
"21KY","Kentucky","State",NA,"Warm Water Aquatic Habitat"
"21KY","Kentucky","State",NA,"Primary Contact Recreation Water"
"21KY","Kentucky","State",NA,"Secondary Contact Recreation Water"
"21KY","Kentucky","State",NA,"Domestic Water Supply"
"21KY","Kentucky","State",NA,"Fish Consumption"
"21KY","Kentucky","State",NA,"Outstanding State Resource Water"
"21KY","Kentucky","State",NA,"Cold Water Aquatic Habitat"
"21KY","Kentucky","State","ESCHERICHIA COLI (E. COLI)","Primary Contact Recreation Water"
"21KY","Kentucky","State","CAUSE UNKNOWN","Warm Water Aquatic Habitat"
"21KY","Kentucky","State","SEDIMENTATION/SILTATION","Warm Water Aquatic Habitat"
"21KY","Kentucky","State","TURBIDITY","Warm Water Aquatic Habitat"
"21KY","Kentucky","State","LEAD","Warm Water Aquatic Habitat"
"21KY","Kentucky","State","POLYCHLORINATED BIPHENYLS (PCBS)","Fish Consumption"
"21KY","Kentucky","State","NUTRIENT/EUTROPHICATION BIOLOGICAL INDICATORS","Warm Water Aquatic Habitat"
"21KY","Kentucky","State","HABITAT ASSESSMENT","Warm Water Aquatic Habitat"
"21KY","Kentucky","State","BENTHIC MACROINVERTEBRATES BIOASSESSMENTS","Warm Water Aquatic Habitat"
"21KY","Kentucky","State","ORGANIC ENRICHMENT (SEWAGE) BIOLOGICAL INDICATORS","Warm Water Aquatic Habitat"
"21KY","Kentucky","State","NITROGEN, TOTAL","Warm Water Aquatic Habitat"
"21KY","Kentucky","State","PHOSPHORUS, TOTAL","Warm Water Aquatic Habitat"
"21KY","Kentucky","State","PATHOGENS","Primary Contact Recreation Water"
"21KY","Kentucky","State","PH","Warm Water Aquatic Habitat"
"21KY","Kentucky","State","PH","Primary Contact Recreation Water"
"21KY","Kentucky","State","PH","Secondary Contact Recreation Water"
"21KY","Kentucky","State","IRON","Warm Water Aquatic Habitat"
"21KY","Kentucky","State","ZINC","Warm Water Aquatic Habitat"
"21KY","Kentucky","State","CADMIUM","Warm Water Aquatic Habitat"
"21KY","Kentucky","State","SPECIFIC CONDUCTIVITY","Warm Water Aquatic Habitat"
"21KY","Kentucky","State","TOTAL DISSOLVED SOLIDS (TDS)","Warm Water Aquatic Habitat"
"21KY","Kentucky","State","MERCURY IN FISH TISSUE","Fish Consumption"
"21KY","Kentucky","State","FECAL COLIFORM","Primary Contact Recreation Water"
"21KY","Kentucky","State","DISSOLVED OXYGEN","Warm Water Aquatic Habitat"
"21KY","Kentucky","State","DIOXIN (INCLUDING 2,3,7,8-TCDD)","Fish Consumption"
"21KY","Kentucky","State","PCBS IN FISH TISSUE","Fish Consumption"
"21KY","Kentucky","State","SPECIFIC CONDUCTIVITY","Outstanding State Resource Water"
"21KY","Kentucky","State","TOTAL DISSOLVED SOLIDS (TDS)","Outstanding State Resource Water"
"21KY","Kentucky","State","TOTAL SUSPENDED SOLIDS (TSS)","Warm Water Aquatic Habitat"
"21KY","Kentucky","State","TEMPERATURE","Warm Water Aquatic Habitat"
"21KY","Kentucky","State","FLOW REGIME MODIFICATION","Warm Water Aquatic Habitat"
"21KY","Kentucky","State","PHYSICAL SUBSTRATE HABITAT ALTERATIONS","Warm Water Aquatic Habitat"
"21KY","Kentucky","State","COPPER","Warm Water Aquatic Habitat"
"21KY","Kentucky","State","ALKALINITY","Warm Water Aquatic Habitat"
"21KY","Kentucky","State","COMBINED BIOTA/HABITAT BIOASSESSMENTS","Outstanding State Resource Water"
"21KY","Kentucky","State","COMBINED BIOTA/HABITAT BIOASSESSMENTS","Warm Water Aquatic Habitat"
"21KY","Kentucky","State","MERCURY","Warm Water Aquatic Habitat"
"21KY","Kentucky","State","FISH BIOASSESSMENTS","Warm Water Aquatic Habitat"
"21KY","Kentucky","State","METHYLMERCURY","Fish Consumption"
"21KY","Kentucky","State","AQUATIC PLANTS (MACROPHYTES)","Secondary Contact Recreation Water"
"21KY","Kentucky","State","NITRATE/NITRITE (NITRITE + NITRATE AS N)","Warm Water Aquatic Habitat"
"21KY","Kentucky","State","NICKEL","Warm Water Aquatic Habitat"
"21KY","Kentucky","State","FECAL COLIFORM","Secondary Contact Recreation Water"
"21KY","Kentucky","State","HABITAT ASSESSMENT","Outstanding State Resource Water"
"21KY","Kentucky","State","BENTHIC MACROINVERTEBRATES BIOASSESSMENTS","Outstanding State Resource Water"
"21KY","Kentucky","State","DISSOLVED GAS SUPERSATURATION","Warm Water Aquatic Habitat"
"21KY","Kentucky","State","SELENIUM","Warm Water Aquatic Habitat"
"21KY","Kentucky","State","CHLORINE","Warm Water Aquatic Habitat"
"21KY","Kentucky","State","TOTAL KJEHLDAHL NITROGEN (TKN)","Warm Water Aquatic Habitat"
"21KY","Kentucky","State","ALTERATION IN STREAM-SIDE OR LITTORAL VEGETATIVE COVERS","Warm Water Aquatic Habitat"
"21KY","Kentucky","State","ALGAE","Warm Water Aquatic Habitat"
"21KY","Kentucky","State","AMMONIA, UN-IONIZED","Warm Water Aquatic Habitat"
"21KY","Kentucky","State","SEDIMENTATION/SILTATION","Outstanding State Resource Water"
"21KY","Kentucky","State","NUTRIENT/EUTROPHICATION BIOLOGICAL INDICATORS","Outstanding State Resource Water"
"21KY","Kentucky","State","HABITAT ALTERATIONS","Warm Water Aquatic Habitat"
"21KY","Kentucky","State","SEDIMENTATION/SILTATION","Cold Water Aquatic Habitat"
"21KY","Kentucky","State","NON-NATIVE AQUATIC PLANTS","Warm Water Aquatic Habitat"
"21KY","Kentucky","State","PARTICLE DISTRIBUTION (EMBEDDEDNESS)","Warm Water Aquatic Habitat"
"21KY","Kentucky","State","CHLOROPHYLL-A","Warm Water Aquatic Habitat"
"21KY","Kentucky","State","ETHYLENE GLYCOL","Warm Water Aquatic Habitat"
"21KY","Kentucky","State","OIL AND GREASE","Warm Water Aquatic Habitat"
"21KY","Kentucky","State","CAUSE UNKNOWN","Outstanding State Resource Water"
"21KY","Kentucky","State","NITRATE","Warm Water Aquatic Habitat"
"21KY","Kentucky","State","POLYCHLORINATED BIPHENYLS (PCBS)","Warm Water Aquatic Habitat"
"21KY","Kentucky","State","SALINITY","Warm Water Aquatic Habitat"
"21KY","Kentucky","State","SULFATE","Warm Water Aquatic Habitat"
"21KY","Kentucky","State","NON-NATIVE FISH/SHELLFISH/ZOOPLANKTON","Warm Water Aquatic Habitat"
"21KY","Kentucky","State","ORGANIC ENRICHMENT (SEWAGE) BIOLOGICAL INDICATORS","Outstanding State Resource Water"
"21KY","Kentucky","State","NON-NATIVE FISH/SHELLFISH/ZOOPLANKTON","Secondary Contact Recreation Water"
"21KY","Kentucky","State","DISSOLVED OXYGEN","Outstanding State Resource Water"
"21KY","Kentucky","State","PARTICLE DISTRIBUTION (EMBEDDEDNESS)","Outstanding State Resource Water"
"21KY","Kentucky","State","NUTRIENT/EUTROPHICATION BIOLOGICAL INDICATORS","Cold Water Aquatic Habitat"
"21KY","Kentucky","State","FLOW REGIME MODIFICATION","Cold Water Aquatic Habitat"
"21KY","Kentucky","State","LEAD","Cold Water Aquatic Habitat"
"21KY","Kentucky","State","HABITAT ASSESSMENT","Cold Water Aquatic Habitat"
"21KY","Kentucky","State","ORGANIC ENRICHMENT (SEWAGE) BIOLOGICAL INDICATORS","Cold Water Aquatic Habitat"
"21KY","Kentucky","State","CHLORIDE","Warm Water Aquatic Habitat"
"21KY","Kentucky","State","PH","Outstanding State Resource Water"
"21KY","Kentucky","State","CAUSE UNKNOWN","Cold Water Aquatic Habitat"
"21KY","Kentucky","State","LEAD","Outstanding State Resource Water"
"21KY","Kentucky","State","COPPER","Outstanding State Resource Water"
"21KY","Kentucky","State","STREAM MODIFICATION","Warm Water Aquatic Habitat"
"21KY","Kentucky","State","TOTAL SUSPENDED SOLIDS (TSS)","Outstanding State Resource Water"
"21KY","Kentucky","State","CHLORIDE","Outstanding State Resource Water"
"21KY","Kentucky","State","PH","Cold Water Aquatic Habitat"
"21KY","Kentucky","State","THERMAL MODIFICATIONS","Cold Water Aquatic Habitat"
"21KY","Kentucky","State","SPECIFIC CONDUCTIVITY","Cold Water Aquatic Habitat"
"21KY","Kentucky","State","IRON","Outstanding State Resource Water"
"21KY","Kentucky","State","MANGANESE","Warm Water Aquatic Habitat"
"21KY","Kentucky","State","FISH BIOASSESSMENTS","Outstanding State Resource Water"
"21KY","Kentucky","State","FISH BIOASSESSMENTS","Cold Water Aquatic Habitat"
"21KY","Kentucky","State","BENTHIC MACROINVERTEBRATES BIOASSESSMENTS","Cold Water Aquatic Habitat"
"21KY","Kentucky","State","FLOW REGIME MODIFICATION","Outstanding State Resource Water"
"21KY","Kentucky","State","ODOR","Secondary Contact Recreation Water"
"21KY","Kentucky","State","COLOR","Secondary Contact Recreation Water"
"21KY","Kentucky","State","TOTAL KJEHLDAHL NITROGEN (TKN)","Outstanding State Resource Water"
"21KY","Kentucky","State","TRASH","Secondary Contact Recreation Water"
"21OHIO","Ohio","State",NA,"Aquatic Life - Warmwater Habitat"
"21OHIO","Ohio","State","NITRATE","Water Supply - Public Drinking"
"21OHIO","Ohio","State","ESCHERICHIA COLI (E. COLI)","Recreation - Bathing Waters"
"21OHIO","Ohio","State","PESTICIDES","Water Supply - Public Drinking"
"21OHIO","Ohio","State","ALGAE","Water Supply - Public Drinking"
"21OHIO","Ohio","State","PCBS IN FISH TISSUE","Human Health - Fish Consumption"
"21OHIO","Ohio","State","SEDIMENTATION/SILTATION","Aquatic Life - Limited Resource Waters"
"21OHIO","Ohio","State","SEDIMENTATION/SILTATION","Aquatic Life - Modified Warmwater Habitat - Channel Modification"
"21OHIO","Ohio","State","ESCHERICHIA COLI (E. COLI)","Recreation - Primary Contact"
"21OHIO","Ohio","State","CAUSE UNKNOWN","Human Health - Fish Consumption"
"21OHIO","Ohio","State","ORGANICS","Aquatic Life - Modified Warmwater Habitat - Channel Modification"
"21OHIO","Ohio","State","SEDIMENTATION/SILTATION","Aquatic Life - Warmwater Habitat"
"21OHIO","Ohio","State","ORGANICS","Aquatic Life - Warmwater Habitat"
"21OHIO","Ohio","State",NA,"Aquatic Life - Modified Warmwater Habitat - Channel Modification"
"21OHIO","Ohio","State",NA,"Human Health - Fish Consumption"
"21OHIO","Ohio","State","FLOW REGIME MODIFICATION","Aquatic Life - Warmwater Habitat"
"21OHIO","Ohio","State","MERCURY IN SEDIMENT","Aquatic Life - Warmwater Habitat"
"21OHIO","Ohio","State","BOTTOM DEPOSITS","Aquatic Life - Warmwater Habitat"
"21OHIO","Ohio","State","BOTTOM DEPOSITS","Aquatic Life - Limited Resource Waters"
"21OHIO","Ohio","State","ABNORMAL FISH DEFORMITIES, EROSIONS, LESIONS, TUMORS (DELTS)","Aquatic Life - Warmwater Habitat"
"21OHIO","Ohio","State","POLYCYCLIC AROMATIC HYDROCARBONS (PAHS) (AQUATIC ECOSYSTEMS)","Aquatic Life - Warmwater Habitat"
"21OHIO","Ohio","State","POLYCYCLIC AROMATIC HYDROCARBONS (PAHS) (AQUATIC ECOSYSTEMS)","Aquatic Life - Limited Resource Waters"
"21OHIO","Ohio","State","HABITAT ALTERATIONS","Aquatic Life - Warmwater Habitat"
"21OHIO","Ohio","State","HABITAT ALTERATIONS","Aquatic Life - Limited Resource Waters"
"21OHIO","Ohio","State","LEAD IN SEDIMENT","Aquatic Life - Warmwater Habitat"
"21OHIO","Ohio","State","ZINC IN SEDIMENT","Aquatic Life - Warmwater Habitat"
"21OHIO","Ohio","State","COPPER IN SEDIMENT","Aquatic Life - Warmwater Habitat"
"21OHIO","Ohio","State","CADMIUM IN SEDIMENT","Aquatic Life - Warmwater Habitat"
"21OHIO","Ohio","State","PCBS IN FISH TISSUE","Aquatic Life - Warmwater Habitat"
"21OHIO","Ohio","State","ORGANIC ENRICHMENT","Aquatic Life - Warmwater Habitat"
"21OHIO","Ohio","State",NA,"Recreation - Primary Contact"
"21OHIO","Ohio","State","NATURAL LIMITS","Aquatic Life - Warmwater Habitat"
"21OHIO","Ohio","State","NUTRIENTS","Aquatic Life - Warmwater Habitat"
"21OHIO","Ohio","State",NA,"Aquatic Life - Exceptional Warmwater Habitat"
"21OHIO","Ohio","State","MERCURY IN FISH TISSUE","Human Health - Fish Consumption"
"21OHIO","Ohio","State","DISSOLVED OXYGEN","Aquatic Life - Warmwater Habitat"
"21OHIO","Ohio","State","HABITAT ALTERATIONS","Aquatic Life - Modified Warmwater Habitat - Channel Modification"
"21OHIO","Ohio","State","ALTERATION IN STREAM-SIDE OR LITTORAL VEGETATIVE COVERS","Aquatic Life - Warmwater Habitat"
"21OHIO","Ohio","State","ORGANIC ENRICHMENT","Aquatic Life - Modified Warmwater Habitat - Channel Modification"
"21OHIO","Ohio","State","FLOW REGIME MODIFICATION","Aquatic Life - Modified Warmwater Habitat - Channel Modification"
"21OHIO","Ohio","State","AMMONIA","Aquatic Life - Warmwater Habitat"
"21OHIO","Ohio","State","NUTRIENTS","Aquatic Life - Modified Warmwater Habitat - Channel Modification"
"21OHIO","Ohio","State","FISH KILL(S)","Aquatic Life - Warmwater Habitat"
"21OHIO","Ohio","State","NUTRIENT/EUTROPHICATION BIOLOGICAL INDICATORS","Aquatic Life - Warmwater Habitat"
"21OHIO","Ohio","State","FISH PASSAGE BARRIER","Aquatic Life - Warmwater Habitat"
"21OHIO","Ohio","State","CAUSE UNKNOWN","Aquatic Life - Warmwater Habitat"
"21OHIO","Ohio","State","SILTATION","Aquatic Life - Warmwater Habitat"
"21OHIO","Ohio","State","TOXICITY","Aquatic Life - Warmwater Habitat"
"21OHIO","Ohio","State","SILTATION","Aquatic Life - Modified Warmwater Habitat - Channel Modification"
"21OHIO","Ohio","State","TOXICITY","Aquatic Life - Modified Warmwater Habitat - Channel Modification"
"21OHIO","Ohio","State","CAUSE UNKNOWN","Aquatic Life - Modified Warmwater Habitat - Channel Modification"
"21OHIO","Ohio","State",NA,"Aquatic Life - Limited Resource Waters"
"21OHIO","Ohio","State","SILTATION","Aquatic Life - Limited Resource Waters"
"21OHIO","Ohio","State","SILTATION","Aquatic Life - Modified Warmwater Habitat - Impounded"
"21OHIO","Ohio","State","NUTRIENTS","Aquatic Life - Limited Resource Waters"
"21OHIO","Ohio","State","NUTRIENTS","Aquatic Life - Modified Warmwater Habitat - Impounded"
"21OHIO","Ohio","State","TOXICITY","Aquatic Life - Limited Resource Waters"
"21OHIO","Ohio","State","TOXICITY","Aquatic Life - Modified Warmwater Habitat - Impounded"
"21OHIO","Ohio","State","CAUSE UNKNOWN","Aquatic Life - Limited Resource Waters"
"21OHIO","Ohio","State","CAUSE UNKNOWN","Aquatic Life - Modified Warmwater Habitat - Impounded"
"21OHIO","Ohio","State","HABITAT ALTERATIONS","Aquatic Life - Modified Warmwater Habitat - Impounded"
"21OHIO","Ohio","State","FLOW REGIME MODIFICATION","Aquatic Life - Limited Resource Waters"
"21OHIO","Ohio","State","FLOW REGIME MODIFICATION","Aquatic Life - Modified Warmwater Habitat - Impounded"
"21OHIO","Ohio","State","ORGANIC ENRICHMENT","Aquatic Life - Limited Resource Waters"
"21OHIO","Ohio","State","ORGANIC ENRICHMENT","Aquatic Life - Modified Warmwater Habitat - Impounded"
"21OHIO","Ohio","State","FISH KILL(S)","Aquatic Life - Modified Warmwater Habitat - Channel Modification"
"21OHIO","Ohio","State","EXCESS ALGAL GROWTH","Aquatic Life - Warmwater Habitat"
"21OHIO","Ohio","State","OTHER ANTHROPOGENIC SUBSTRATE ALTERATIONS","Aquatic Life - Warmwater Habitat"
"21OHIO","Ohio","State","BIOCHEMICAL OXYGEN DEMAND (BOD)","Aquatic Life - Warmwater Habitat"
"21OHIO","Ohio","State","BIOCHEMICAL OXYGEN DEMAND (BOD)","Aquatic Life - Modified Warmwater Habitat - Channel Modification"
"21OHIO","Ohio","State","DISSOLVED OXYGEN","Aquatic Life - Modified Warmwater Habitat - Channel Modification"
"21OHIO","Ohio","State","AMMONIA","Aquatic Life - Modified Warmwater Habitat - Channel Modification"
"21OHIO","Ohio","State","NUTRIENT/EUTROPHICATION BIOLOGICAL INDICATORS","Aquatic Life - Modified Warmwater Habitat - Channel Modification"
"21OHIO","Ohio","State","PHOSPHORUS, TOTAL","Aquatic Life - Modified Warmwater Habitat - Channel Modification"
"21OHIO","Ohio","State","NITRATE/NITRITE (NITRITE + NITRATE AS N)","Aquatic Life - Modified Warmwater Habitat - Channel Modification"
"21OHIO","Ohio","State","TEMPERATURE","Aquatic Life - Modified Warmwater Habitat - Channel Modification"
"21OHIO","Ohio","State","PHOSPHORUS, TOTAL","Aquatic Life - Warmwater Habitat"
"21OHIO","Ohio","State","TEMPERATURE","Aquatic Life - Warmwater Habitat"
"21OHIO","Ohio","State","NITRATE/NITRITE (NITRITE + NITRATE AS N)","Aquatic Life - Warmwater Habitat"
"21OHIO","Ohio","State","PARTICLE DISTRIBUTION (EMBEDDEDNESS)","Aquatic Life - Warmwater Habitat"
"21OHIO","Ohio","State","ALGAE","Aquatic Life - Warmwater Habitat"
"21OHIO","Ohio","State","NITRATE","Aquatic Life - Modified Warmwater Habitat - Channel Modification"
"21OHIO","Ohio","State","PHYSICAL SUBSTRATE HABITAT ALTERATIONS","Aquatic Life - Warmwater Habitat"
"21OHIO","Ohio","State","SULFATE","Aquatic Life - Warmwater Habitat"
"21OHIO","Ohio","State","ALUMINUM","Aquatic Life - Warmwater Habitat"
"21OHIO","Ohio","State","CHROMIUM IN SEDIMENT","Aquatic Life - Warmwater Habitat"
"21OHIO","Ohio","State","CHLORINE","Aquatic Life - Warmwater Habitat"
"21OHIO","Ohio","State","DIELDRIN","Aquatic Life - Warmwater Habitat"
"21OHIO","Ohio","State","POLLUTANTS IN URBAN STORMWATER","Aquatic Life - Warmwater Habitat"
"21OHIO","Ohio","State","LEAD","Aquatic Life - Warmwater Habitat"
"21OHIO","Ohio","State","COPPER","Aquatic Life - Warmwater Habitat"
"21OHIO","Ohio","State","STRONTIUM","Aquatic Life - Warmwater Habitat"
"21OHIO","Ohio","State","PH","Aquatic Life - Warmwater Habitat"
"21OHIO","Ohio","State","AMMONIA, TOTAL","Aquatic Life - Warmwater Habitat"
"21OHIO","Ohio","State","BIOCHEMICAL OXYGEN DEMAND (BOD), CARBONACEOUS","Aquatic Life - Warmwater Habitat"
"21OHIO","Ohio","State","TOTAL DISSOLVED SOLIDS (TDS)","Aquatic Life - Warmwater Habitat"
"21OHIO","Ohio","State","MERCURY IN SEDIMENT","Aquatic Life - Modified Warmwater Habitat - Channel Modification"
"21OHIO","Ohio","State","CHLORDANE","Aquatic Life - Modified Warmwater Habitat - Channel Modification"
"21OHIO","Ohio","State","DDD (DICHLORODIPHENYLDICHLOROETHANE)","Aquatic Life - Modified Warmwater Habitat - Channel Modification"
"21OHIO","Ohio","State","DDE (DICHLORODIPHENYLDICHLOROETHYLENE)","Aquatic Life - Modified Warmwater Habitat - Channel Modification"
"21OHIO","Ohio","State","CONTAMINATED SEDIMENTS (PAHS)","Aquatic Life - Modified Warmwater Habitat - Channel Modification"
"21OHIO","Ohio","State","LEAD IN SEDIMENT","Aquatic Life - Modified Warmwater Habitat - Channel Modification"
"21OHIO","Ohio","State","ZINC IN SEDIMENT","Aquatic Life - Modified Warmwater Habitat - Channel Modification"
"21OHIO","Ohio","State","COPPER IN SEDIMENT","Aquatic Life - Modified Warmwater Habitat - Channel Modification"
"21OHIO","Ohio","State","ARSENIC IN SEDIMENT","Aquatic Life - Warmwater Habitat"
"21OHIO","Ohio","State","ARSENIC IN SEDIMENT","Aquatic Life - Modified Warmwater Habitat - Channel Modification"
"21OHIO","Ohio","State","CADMIUM IN SEDIMENT","Aquatic Life - Modified Warmwater Habitat - Channel Modification"
"21OHIO","Ohio","State","CHROMIUM IN SEDIMENT","Aquatic Life - Modified Warmwater Habitat - Channel Modification"
"21OHIO","Ohio","State","SEDIMENTATION/SILTATION","Aquatic Life - Coldwater Habitat"
"21OHIO","Ohio","State","PARTICLE DISTRIBUTION (EMBEDDEDNESS)","Aquatic Life - Coldwater Habitat"
"21OHIO","Ohio","State","NATURAL LIMITS","Aquatic Life - Coldwater Habitat"
"21OHIO","Ohio","State","PESTICIDES","Aquatic Life - Warmwater Habitat"
"21OHIO","Ohio","State","NITROGEN, NITRATE","Aquatic Life - Warmwater Habitat"
"21OHIO","Ohio","State","PATHOGENS","Recreation - Primary Contact"
"21OHIO","Ohio","State",NA,"Aquatic Life - Coldwater Habitat"
"21OHIO","Ohio","State","NATURAL LIMITS","Aquatic Life - Modified Warmwater Habitat - Channel Modification"
"21OHIO","Ohio","State","SILTATION","Aquatic Life - Exceptional Warmwater Habitat"
"21OHIO","Ohio","State","NUTRIENTS","Aquatic Life - Exceptional Warmwater Habitat"
"21OHIO","Ohio","State","HABITAT ALTERATIONS","Aquatic Life - Exceptional Warmwater Habitat"
"21OHIO","Ohio","State","FLOW REGIME MODIFICATION","Aquatic Life - Exceptional Warmwater Habitat"
"21OHIO","Ohio","State","ORGANIC ENRICHMENT","Aquatic Life - Exceptional Warmwater Habitat"
"21OHIO","Ohio","State","NITROGEN","Aquatic Life - Warmwater Habitat"
"21OHIO","Ohio","State","BACTERIAL SLIMES","Aquatic Life - Warmwater Habitat"
"21OHIO","Ohio","State","SPECIFIC CONDUCTIVITY","Aquatic Life - Warmwater Habitat"
"21OHIO","Ohio","State","BOTTOM DEPOSITS","Aquatic Life - Modified Warmwater Habitat - Channel Modification"
"21OHIO","Ohio","State","NUTRIENTS","Aquatic Life - Coldwater Habitat"
"21OHIO","Ohio","State","HABITAT ALTERATIONS","Aquatic Life - Coldwater Habitat"
"21OHIO","Ohio","State","FISH PASSAGE BARRIER","Aquatic Life - Coldwater Habitat"
"21OHIO","Ohio","State","ORGANIC ENRICHMENT","Aquatic Life - Coldwater Habitat"
"21OHIO","Ohio","State","PARTICLE DISTRIBUTION (EMBEDDEDNESS)","Aquatic Life - Modified Warmwater Habitat - Channel Modification"
"21OHIO","Ohio","State","OIL AND GREASE","Aquatic Life - Warmwater Habitat"
"21OHIO","Ohio","State","ESCHERICHIA COLI (E. COLI)","Aquatic Life - Warmwater Habitat"
"21OHIO","Ohio","State","NATURAL LIMITS","Aquatic Life - Limited Resource Waters"
"21OHIO","Ohio","State","CAUSE UNKNOWN","Aquatic Life - Coldwater Habitat"
"21OHIO","Ohio","State","OIL AND GREASE","Aquatic Life - Coldwater Habitat"
"21OHIO","Ohio","State","FLOW REGIME MODIFICATION","Aquatic Life - Coldwater Habitat"
"21OHIO","Ohio","State","POLLUTANTS IN URBAN STORMWATER","Aquatic Life - Limited Resource Waters"
"21OHIO","Ohio","State","ORGANICS","Aquatic Life - Limited Resource Waters"
"21OHIO","Ohio","State","CONTAMINATED SEDIMENTS (PAHS)","Aquatic Life - Limited Resource Waters"
"21OHIO","Ohio","State","PCBS IN SEDIMENT","Aquatic Life - Limited Resource Waters"
"21OHIO","Ohio","State","TOTAL DISSOLVED SOLIDS (TDS)","Aquatic Life - Limited Resource Waters"
"21OHIO","Ohio","State","HYDROCARBONS - PRIORITY ORGANICS","Aquatic Life - Warmwater Habitat"
"21OHIO","Ohio","State","SILTATION","Aquatic Life - Coldwater Habitat"
"21OHIO","Ohio","State","SILTATION","Aquatic Life - Warmwater Habitat/Seasonal Salmonid Habitat"
"21OHIO","Ohio","State","NUTRIENTS","Aquatic Life - Warmwater Habitat/Seasonal Salmonid Habitat"
"21OHIO","Ohio","State","PHOSPHORUS, TOTAL","Aquatic Life - Coldwater Habitat"
"21OHIO","Ohio","State","PHOSPHORUS, TOTAL","Aquatic Life - Exceptional Warmwater Habitat"
"21OHIO","Ohio","State","PHOSPHORUS, TOTAL","Aquatic Life - Warmwater Habitat/Seasonal Salmonid Habitat"
"21OHIO","Ohio","State","NITRATE/NITRITE (NITRITE + NITRATE AS N)","Aquatic Life - Coldwater Habitat"
"21OHIO","Ohio","State","NITRATE/NITRITE (NITRITE + NITRATE AS N)","Aquatic Life - Exceptional Warmwater Habitat"
"21OHIO","Ohio","State","NITRATE/NITRITE (NITRITE + NITRATE AS N)","Aquatic Life - Warmwater Habitat/Seasonal Salmonid Habitat"
"21OHIO","Ohio","State","NATURAL LIMITS","Aquatic Life - Exceptional Warmwater Habitat"
"21OHIO","Ohio","State","NATURAL LIMITS","Aquatic Life - Warmwater Habitat/Seasonal Salmonid Habitat"
"21OHIO","Ohio","State","TOXICITY","Aquatic Life - Coldwater Habitat"
"21OHIO","Ohio","State","TOXICITY","Aquatic Life - Exceptional Warmwater Habitat"
"21OHIO","Ohio","State","TOXICITY","Aquatic Life - Warmwater Habitat/Seasonal Salmonid Habitat"
"21OHIO","Ohio","State","HABITAT ALTERATIONS","Aquatic Life - Warmwater Habitat/Seasonal Salmonid Habitat"
"21OHIO","Ohio","State","FLOW REGIME MODIFICATION","Aquatic Life - Warmwater Habitat/Seasonal Salmonid Habitat"
"21OHIO","Ohio","State","ORGANIC ENRICHMENT","Aquatic Life - Warmwater Habitat/Seasonal Salmonid Habitat"
"21OHIO","Ohio","State","AMMONIA","Aquatic Life - Coldwater Habitat"
"21OHIO","Ohio","State","SILTATION","Aquatic Life - Exceptional Warmwater Habitat/Coldwater Habitat"
"21OHIO","Ohio","State","NUTRIENTS","Aquatic Life - Exceptional Warmwater Habitat/Coldwater Habitat"
"21OHIO","Ohio","State","PHOSPHORUS, TOTAL","Aquatic Life - Exceptional Warmwater Habitat/Coldwater Habitat"
"21OHIO","Ohio","State","NITRATE/NITRITE (NITRITE + NITRATE AS N)","Aquatic Life - Exceptional Warmwater Habitat/Coldwater Habitat"
"21OHIO","Ohio","State","THERMAL MODIFICATIONS","Aquatic Life - Coldwater Habitat"
"21OHIO","Ohio","State","THERMAL MODIFICATIONS","Aquatic Life - Exceptional Warmwater Habitat/Coldwater Habitat"
"21OHIO","Ohio","State","HABITAT ALTERATIONS","Aquatic Life - Exceptional Warmwater Habitat/Coldwater Habitat"
"21OHIO","Ohio","State","FLOW REGIME MODIFICATION","Aquatic Life - Exceptional Warmwater Habitat/Coldwater Habitat"
"21OHIO","Ohio","State","ORGANIC ENRICHMENT","Aquatic Life - Exceptional Warmwater Habitat/Coldwater Habitat"
"21OHIO","Ohio","State","DDT IN FISH TISSUE","Human Health - Fish Consumption"
"21OHIO","Ohio","State","TEMPERATURE","Aquatic Life - Coldwater Habitat"
"21OHIO","Ohio","State","THERMAL MODIFICATIONS","Aquatic Life - Warmwater Habitat"
"21OHIO","Ohio","State","TOTAL KJEHLDAHL NITROGEN (TKN)","Aquatic Life - Warmwater Habitat"
"21OHIO","Ohio","State",NA,"Aquatic Life - Exceptional Warmwater Habitat/Coldwater Habitat"
"21OHIO","Ohio","State","SALINITY/TOTAL DISSOLVED SOLIDS/CHLORIDES","Aquatic Life - Warmwater Habitat"
"21OHIO","Ohio","State","MIREX","Human Health - Fish Consumption"
"21OHIO","Ohio","State","AMMONIA","Aquatic Life - Exceptional Warmwater Habitat"
"21OHIO","Ohio","State","PESTICIDES","Aquatic Life - Exceptional Warmwater Habitat"
"21OHIO","Ohio","State","CAUSE UNKNOWN","Aquatic Life - Exceptional Warmwater Habitat"
"21OHIO","Ohio","State","OIL AND GREASE","Aquatic Life - Exceptional Warmwater Habitat"
"21OHIO","Ohio","State","SALINITY/TOTAL DISSOLVED SOLIDS/CHLORIDES","Aquatic Life - Exceptional Warmwater Habitat"
"21OHIO","Ohio","State","METALS","Aquatic Life - Warmwater Habitat"
"21OHIO","Ohio","State","PHOSPHORUS, TOTAL","Aquatic Life - Limited Resource Waters"
"21OHIO","Ohio","State","METALS","Aquatic Life - Coldwater Habitat"
"21OHIO","Ohio","State","PH","Aquatic Life - Coldwater Habitat"
"21OHIO","Ohio","State","TOTAL DISSOLVED SOLIDS (TDS)","Aquatic Life - Coldwater Habitat"
"21OHIO","Ohio","State","TURBIDITY","Aquatic Life - Warmwater Habitat"
"21OHIO","Ohio","State","IRON","Aquatic Life - Warmwater Habitat"
"21OHIO","Ohio","State","BARIUM","Aquatic Life - Warmwater Habitat"
"21OHIO","Ohio","State","FOAM/FLOCS/SCUM/OIL SLICKS","Aquatic Life - Exceptional Warmwater Habitat/Coldwater Habitat"
"21OHIO","Ohio","State","TOTAL SUSPENDED SOLIDS (TSS)","Aquatic Life - Warmwater Habitat"
"21OHIO","Ohio","State","MANGANESE","Aquatic Life - Warmwater Habitat"
"21OHIO","Ohio","State","ALUMINUM, TOTAL","Aquatic Life - Warmwater Habitat"
"21OHIO","Ohio","State","TOTAL SUSPENDED SOLIDS (TSS)","Aquatic Life - Exceptional Warmwater Habitat"
"21OHIO","Ohio","State","METALS","Aquatic Life - Exceptional Warmwater Habitat"
"21OHIO","Ohio","State","ALUMINUM, TOTAL","Aquatic Life - Exceptional Warmwater Habitat"
"21OHIO","Ohio","State","SEDIMENTATION/SILTATION","Aquatic Life - Modified Warmwater Habitat - Mine Affected"
"21OHIO","Ohio","State","METALS","Aquatic Life - Modified Warmwater Habitat - Mine Affected"
"21OHIO","Ohio","State","MANGANESE","Aquatic Life - Limited Resource Waters"
"21OHIO","Ohio","State","MANGANESE","Aquatic Life - Modified Warmwater Habitat - Mine Affected"
"21OHIO","Ohio","State","PH","Aquatic Life - Limited Resource Waters"
"21OHIO","Ohio","State","PH","Aquatic Life - Modified Warmwater Habitat - Mine Affected"
"21OHIO","Ohio","State","ALUMINUM","Aquatic Life - Limited Resource Waters"
"21OHIO","Ohio","State","SALINITY/TOTAL DISSOLVED SOLIDS/CHLORIDES","Aquatic Life - Limited Resource Waters"
"21OHIO","Ohio","State","IRON","Aquatic Life - Limited Resource Waters"
"21OHIO","Ohio","State","SILTATION","Aquatic Life - Modified Warmwater Habitat - Mine Affected"
"21OHIO","Ohio","State","FLOW REGIME MODIFICATION","Aquatic Life - Modified Warmwater Habitat - Mine Affected"
"21OHIO","Ohio","State","IRON","Aquatic Life - Modified Warmwater Habitat - Mine Affected"
"21OHIO","Ohio","State","METALS","Aquatic Life - Limited Resource Waters"
"21OHIO","Ohio","State","ALUMINUM","Aquatic Life - Modified Warmwater Habitat - Mine Affected"
"21OHIO","Ohio","State","PH, LOW","Aquatic Life - Warmwater Habitat"
"21OHIO","Ohio","State","PH, LOW","Aquatic Life - Limited Resource Waters"
"21OHIO","Ohio","State","PH, LOW","Aquatic Life - Modified Warmwater Habitat - Mine Affected"
"21OHIO","Ohio","State","SEDIMENTATION/SILTATION","Aquatic Life - Exceptional Warmwater Habitat"
"21OHIO","Ohio","State","TOTAL DISSOLVED SOLIDS (TDS)","Aquatic Life - Modified Warmwater Habitat - Channel Modification"
"21OHIO","Ohio","State","HEXACHLOROBENZENE","Human Health - Fish Consumption"
"21OHIO","Ohio","State","SALINITY/TOTAL DISSOLVED SOLIDS/CHLORIDES","Aquatic Life - Modified Warmwater Habitat - Channel Modification"
"21OHIO","Ohio","State","HEXACHLOROBENZENE IN FISH TISSUE","Human Health - Fish Consumption"
"21OHIO","Ohio","State",NA,"Aquatic Life - Modified Warmwater Habitat - Impounded"
"21OHIO","Ohio","State","PH","Aquatic Life - Modified Warmwater Habitat - Channel Modification"
"21OHIO","Ohio","State","SULFATE","Aquatic Life - Modified Warmwater Habitat - Channel Modification"
"21OHIO","Ohio","State","AMMONIA","Aquatic Life - Limited Resource Waters"
"21OHIO","Ohio","State","NITRATE/NITRITE (NITRITE + NITRATE AS N)","Aquatic Life - Limited Resource Waters"
"21OHIO","Ohio","State","TEMPERATURE","Aquatic Life - Limited Resource Waters"
"21OHIO","Ohio","State","DISSOLVED OXYGEN","Aquatic Life - Limited Resource Waters"
"21OHIO","Ohio","State","SULFATE","Aquatic Life - Limited Resource Waters"
"21OHIO","Ohio","State","NITROGEN, TOTAL","Aquatic Life - Warmwater Habitat"
"21OHIO","Ohio","State","IRON","Aquatic Life - Modified Warmwater Habitat - Channel Modification"
"21OHIO","Ohio","State","HYDROGEN SULFIDE","Aquatic Life - Warmwater Habitat"
"21OHIO","Ohio","State","NICKEL IN SEDIMENT","Aquatic Life - Warmwater Habitat"
"21OHIO","Ohio","State","SUSPENDED ALGAE","Aquatic Life - Warmwater Habitat"
"21OHIO","Ohio","State","NUTRIENT/EUTROPHICATION BIOLOGICAL INDICATORS","Aquatic Life - Exceptional Warmwater Habitat"
"21OHIO","Ohio","State","AMMONIA","Aquatic Life - Exceptional Warmwater Habitat/Coldwater Habitat"
"21OHIO","Ohio","State","NUTRIENT/EUTROPHICATION BIOLOGICAL INDICATORS","Aquatic Life - Exceptional Warmwater Habitat/Coldwater Habitat"
"21OHIO","Ohio","State","SEDIMENTATION/SILTATION","Aquatic Life - Exceptional Warmwater Habitat/Coldwater Habitat"
"21OHIO","Ohio","State","PARTICLE DISTRIBUTION (EMBEDDEDNESS)","Aquatic Life - Exceptional Warmwater Habitat"
"21OHIO","Ohio","State","ALKALINITY","Aquatic Life - Warmwater Habitat"
"21OHIO","Ohio","State","IRON","Aquatic Life - Coldwater Habitat"
"21OHIO","Ohio","State","ALUMINUM","Aquatic Life - Coldwater Habitat"
"21OHIO","Ohio","State","MANGANESE","Aquatic Life - Coldwater Habitat"
"21OHIO","Ohio","State","ALKALINITY","Aquatic Life - Coldwater Habitat"
"21OHIO","Ohio","State","SALINITY/TOTAL DISSOLVED SOLIDS/CHLORIDES","Aquatic Life - Coldwater Habitat"
"21OHIO","Ohio","State","BOTTOM DEPOSITS","Aquatic Life - Coldwater Habitat"
"21OHIO","Ohio","State","DISSOLVED OXYGEN","Aquatic Life - Exceptional Warmwater Habitat"
"21OHIO","Ohio","State","NICKEL","Aquatic Life - Limited Resource Waters"
"21OHIO","Ohio","State","SULFATE","Aquatic Life - Modified Warmwater Habitat - Mine Affected"
"21OHIO","Ohio","State","NICKEL","Aquatic Life - Modified Warmwater Habitat - Mine Affected"
"21OHIO","Ohio","State","NICKEL","Aquatic Life - Warmwater Habitat"
"21OHIO","Ohio","State",NA,"Aquatic Life - Modified Warmwater Habitat - Mine Affected"
"21OHIO","Ohio","State","CHEMICAL OXYGEN DEMAND (COD)","Aquatic Life - Warmwater Habitat"
"21OHIO","Ohio","State","ABNORMAL FISH DEFORMITIES, EROSIONS, LESIONS, TUMORS (DELTS)","Aquatic Life - Modified Warmwater Habitat - Channel Modification"
"21OHIO","Ohio","State","POLYCYCLIC AROMATIC HYDROCARBONS (PAHS) (AQUATIC ECOSYSTEMS)","Aquatic Life - Modified Warmwater Habitat - Channel Modification"
"21OHIO","Ohio","State","NICKEL IN SEDIMENT","Aquatic Life - Modified Warmwater Habitat - Channel Modification"
"21OHIO","Ohio","State","CREOSOTE","Aquatic Life - Modified Warmwater Habitat - Channel Modification"
"21OHIO","Ohio","State","METALS","Aquatic Life - Modified Warmwater Habitat - Channel Modification"
"21OHIO","Ohio","State","AMMONIA-NITROGEN","Aquatic Life - Warmwater Habitat"
"21OHIO","Ohio","State","COARSE SEDIMENT","Aquatic Life - Warmwater Habitat"
"21OHIO","Ohio","State","ALDRIN","Aquatic Life - Warmwater Habitat"
"21OHIO","Ohio","State","ENDOSULFAN","Aquatic Life - Warmwater Habitat"
"21OHIO","Ohio","State","CHLORDANE","Aquatic Life - Warmwater Habitat"
"21OHIO","Ohio","State","SILTATION","Aquatic Life - Warmwater Habitat/Coldwater Habitat"
"21OHIO","Ohio","State","NUTRIENTS","Aquatic Life - Warmwater Habitat/Coldwater Habitat"
"21OHIO","Ohio","State","THERMAL MODIFICATIONS","Aquatic Life - Exceptional Warmwater Habitat"
"21OHIO","Ohio","State","THERMAL MODIFICATIONS","Aquatic Life - Warmwater Habitat/Coldwater Habitat"
"21OHIO","Ohio","State","HABITAT ALTERATIONS","Aquatic Life - Warmwater Habitat/Coldwater Habitat"
"21OHIO","Ohio","State","FLOW REGIME MODIFICATION","Aquatic Life - Warmwater Habitat/Coldwater Habitat"
"21OHIO","Ohio","State","SEDIMENTATION/SILTATION","Aquatic Life - Warmwater Habitat/Coldwater Habitat"
"21OHIO","Ohio","State","ALTERATION IN STREAM-SIDE OR LITTORAL VEGETATIVE COVERS","Aquatic Life - Exceptional Warmwater Habitat"
"21OHIO","Ohio","State","ALTERATION IN STREAM-SIDE OR LITTORAL VEGETATIVE COVERS","Aquatic Life - Warmwater Habitat/Coldwater Habitat"
"21OHIO","Ohio","State","ALTERATION IN STREAM-SIDE OR LITTORAL VEGETATIVE COVERS","Aquatic Life - Exceptional Warmwater Habitat/Coldwater Habitat"
"21OHIO","Ohio","State","ORGANIC ENRICHMENT","Aquatic Life - Warmwater Habitat/Coldwater Habitat"
"21OHIO","Ohio","State","NATURAL LIMITS","Aquatic Life - Exceptional Warmwater Habitat/Coldwater Habitat"
"21OHIO","Ohio","State","IRON","Aquatic Life - Exceptional Warmwater Habitat"
"21OHIO","Ohio","State","LEAD","Aquatic Life - Exceptional Warmwater Habitat"
"21OHIO","Ohio","State","ZINC","Aquatic Life - Warmwater Habitat"
"21OHIO","Ohio","State","ZINC","Aquatic Life - Exceptional Warmwater Habitat"
"21OHIO","Ohio","State","COPPER","Aquatic Life - Exceptional Warmwater Habitat"
"21OHIO","Ohio","State","NICKEL","Aquatic Life - Exceptional Warmwater Habitat"
"21OHIO","Ohio","State","NITRATE","Aquatic Life - Warmwater Habitat"
"21OHIO","Ohio","State","NITRATE","Aquatic Life - Coldwater Habitat"
"21OHIO","Ohio","State","PHYSICAL SUBSTRATE HABITAT ALTERATIONS","Aquatic Life - Exceptional Warmwater Habitat"
"21OHIO","Ohio","State","ALGAE","Aquatic Life - Modified Warmwater Habitat - Channel Modification"
"21OHIO","Ohio","State","PHYSICAL SUBSTRATE HABITAT ALTERATIONS","Aquatic Life - Modified Warmwater Habitat - Channel Modification"
"21OHIO","Ohio","State","LOW FLOW ALTERATIONS","Aquatic Life - Warmwater Habitat"
"21OHIO","Ohio","State","COARSE SEDIMENT","Aquatic Life - Limited Resource Waters"
"21OHIO","Ohio","State","PARTICLE DISTRIBUTION (EMBEDDEDNESS)","Aquatic Life - Limited Resource Waters"
"21OHIO","Ohio","State","BIOCHEMICAL OXYGEN DEMAND (BOD)","Aquatic Life - Exceptional Warmwater Habitat"
"21OHIO","Ohio","State","ORGANIC ENRICHMENT (SEWAGE) BIOLOGICAL INDICATORS","Aquatic Life - Warmwater Habitat"
"21OHIO","Ohio","State","ATRAZINE","Aquatic Life - Warmwater Habitat"
"21OHIO","Ohio","State","NITRATE","Aquatic Life - Exceptional Warmwater Habitat"
"21OHIO","Ohio","State","DISSOLVED OXYGEN","Aquatic Life - Coldwater Habitat"
"21OHIO","Ohio","State","BIOCHEMICAL OXYGEN DEMAND (BOD), CARBONACEOUS","Aquatic Life - Limited Resource Waters"
"21OHIO","Ohio","State","ALGAE","Recreation - Bathing Waters"
"21OHIO","Ohio","State","NON-NATIVE FISH/SHELLFISH/ZOOPLANKTON","Aquatic Life - Exceptional Warmwater Habitat"
"21OHIO","Ohio","State","NUTRIENT/EUTROPHICATION BIOLOGICAL INDICATORS","Aquatic Life - Modified Warmwater Habitat - Impounded"
"21OHIO","Ohio","State","SEDIMENTATION/SILTATION","Aquatic Life - Modified Warmwater Habitat - Impounded"
"21OHIO","Ohio","State",NA,"Aquatic Life - Seasonal Salmonid Habitat"
"21OHIO","Ohio","State","MANGANESE","Aquatic Life - Exceptional Warmwater Habitat"
"OKDEQ","Oklahoma","State",NA,"Aesthetic"
"OKDEQ","Oklahoma","State",NA,"Navigation"
"OKDEQ","Oklahoma","State",NA,"Agriculture"
"OKDEQ","Oklahoma","State",NA,"Emergency Water Supply"
"OKDEQ","Oklahoma","State",NA,"Fish and Wildlife Propagation-Warm Water Aquatic Community Subcategory"
"OKDEQ","Oklahoma","State",NA,"Primary Body Contact Recreation"
"OKDEQ","Oklahoma","State",NA,"Fish Consumption"
"OKDEQ","Oklahoma","State","ENTEROCOCCUS","Primary Body Contact Recreation"
"OKDEQ","Oklahoma","State","TURBIDITY","Fish and Wildlife Propagation-Warm Water Aquatic Community Subcategory"
"OKDEQ","Oklahoma","State",NA,"SWS-Sensitive Water Supply"
"OKDEQ","Oklahoma","State",NA,"Public and Private Water Supply"
"OKDEQ","Oklahoma","State","BENTHIC MACROINVERTEBRATES BIOASSESSMENTS","Fish and Wildlife Propagation-Warm Water Aquatic Community Subcategory"
"OKDEQ","Oklahoma","State","DISSOLVED OXYGEN","Fish and Wildlife Propagation-Warm Water Aquatic Community Subcategory"
"OKDEQ","Oklahoma","State","MERCURY","Fish Consumption"
"OKDEQ","Oklahoma","State","CHLOROPHYLL-A","Public and Private Water Supply"
"OKDEQ","Oklahoma","State",NA,"Fish and Wildlife Propagation-Habitat Limited Aquatic Community Subcategory"
"OKDEQ","Oklahoma","State",NA,"Secondary Body Contact Recreation"
"OKDEQ","Oklahoma","State","ESCHERICHIA COLI (E. COLI)","Primary Body Contact Recreation"
"OKDEQ","Oklahoma","State","FISH BIOASSESSMENTS","Fish and Wildlife Propagation-Warm Water Aquatic Community Subcategory"
"OKDEQ","Oklahoma","State","SULFATE","Agriculture"
"OKDEQ","Oklahoma","State","PH","Fish and Wildlife Propagation-Warm Water Aquatic Community Subcategory"
"OKDEQ","Oklahoma","State","TOTAL DISSOLVED SOLIDS (TDS)","Agriculture"
"OKDEQ","Oklahoma","State","DIAZINON","Fish and Wildlife Propagation-Warm Water Aquatic Community Subcategory"
"OKDEQ","Oklahoma","State","LEAD","Fish and Wildlife Propagation-Warm Water Aquatic Community Subcategory"
"OKDEQ","Oklahoma","State","CADMIUM","Fish and Wildlife Propagation-Warm Water Aquatic Community Subcategory"
"OKDEQ","Oklahoma","State","BENTHIC MACROINVERTEBRATES BIOASSESSMENTS","Fish and Wildlife Propagation-Habitat Limited Aquatic Community Subcategory"
"OKDEQ","Oklahoma","State","CHLORIDE","Agriculture"
"OKDEQ","Oklahoma","State","LEAD","Fish Consumption"
"OKDEQ","Oklahoma","State","OIL AND GREASE","Aesthetic"
"OKDEQ","Oklahoma","State","OIL AND GREASE","Fish and Wildlife Propagation-Warm Water Aquatic Community Subcategory"
"OKDEQ","Oklahoma","State","OIL AND GREASE","Public and Private Water Supply"
"OKDEQ","Oklahoma","State",NA,"HQW-High Quality Water"
"OKDEQ","Oklahoma","State",NA,"Fish and Wildlife Propagation-Cool Water Aquatic Community Subcategory"
"OKDEQ","Oklahoma","State","BENTHIC MACROINVERTEBRATES BIOASSESSMENTS","Fish and Wildlife Propagation-Cool Water Aquatic Community Subcategory"
"OKDEQ","Oklahoma","State","AMMONIA, UN-IONIZED","Fish and Wildlife Propagation-Warm Water Aquatic Community Subcategory"
"OKDEQ","Oklahoma","State","PH","Fish and Wildlife Propagation-Cool Water Aquatic Community Subcategory"
"OKDEQ","Oklahoma","State","DISSOLVED OXYGEN","Fish and Wildlife Propagation-Cool Water Aquatic Community Subcategory"
"OKDEQ","Oklahoma","State","LEAD","Fish and Wildlife Propagation-Habitat Limited Aquatic Community Subcategory"
"OKDEQ","Oklahoma","State","SEDIMENTATION/SILTATION","Fish and Wildlife Propagation-Warm Water Aquatic Community Subcategory"
"OKDEQ","Oklahoma","State","PHOSPHORUS, TOTAL","Aesthetic"
"OKDEQ","Oklahoma","State","TURBIDITY","Fish and Wildlife Propagation-Cool Water Aquatic Community Subcategory"
"OKDEQ","Oklahoma","State","DISSOLVED OXYGEN","Fish and Wildlife Propagation-Trout Fishery (Put and Take) Subcategory"
"OKDEQ","Oklahoma","State",NA,"ORW-Outstanding Resource"
"OKDEQ","Oklahoma","State","FISH BIOASSESSMENTS","Fish and Wildlife Propagation-Cool Water Aquatic Community Subcategory"
"OKDEQ","Oklahoma","State","LEAD","Fish and Wildlife Propagation-Cool Water Aquatic Community Subcategory"
"OKDEQ","Oklahoma","State","SEDIMENTATION/SILTATION","Fish and Wildlife Propagation-Cool Water Aquatic Community Subcategory"
"OKDEQ","Oklahoma","State",NA,"Industrial and Municipal Process and Cooling Water"
"OKDEQ","Oklahoma","State","COPPER","Fish and Wildlife Propagation-Warm Water Aquatic Community Subcategory"
"OKDEQ","Oklahoma","State","SILVER","Fish and Wildlife Propagation-Warm Water Aquatic Community Subcategory"
"OKDEQ","Oklahoma","State","SELENIUM","Fish and Wildlife Propagation-Warm Water Aquatic Community Subcategory"
"OKDEQ","Oklahoma","State","ZINC","Fish and Wildlife Propagation-Warm Water Aquatic Community Subcategory"
"OKDEQ","Oklahoma","State","CHROMIUM, TOTAL","Public and Private Water Supply"
"OKDEQ","Oklahoma","State","SELENIUM","Public and Private Water Supply"
"OKDEQ","Oklahoma","State","TURBIDITY","Fish and Wildlife Propagation-Habitat Limited Aquatic Community Subcategory"
"OKDEQ","Oklahoma","State","MERCURY","Fish and Wildlife Propagation-Warm Water Aquatic Community Subcategory"
"OKDEQ","Oklahoma","State","CHROMIUM, TOTAL","Fish and Wildlife Propagation-Warm Water Aquatic Community Subcategory"
"OKDEQ","Oklahoma","State","NITRATE","Public and Private Water Supply"
"OKDEQ","Oklahoma","State","ENTEROCOCCUS","Secondary Body Contact Recreation"
"OKDEQ","Oklahoma","State","SELENIUM","Fish and Wildlife Propagation-Habitat Limited Aquatic Community Subcategory"
"OKDEQ","Oklahoma","State","FISH BIOASSESSMENTS","Fish and Wildlife Propagation-Habitat Limited Aquatic Community Subcategory"
"OKDEQ","Oklahoma","State","TOXAPHENE","Fish Consumption"
"OKDEQ","Oklahoma","State","DDT (DICHLORODIPHENYLTRICHLOROETHANE)","Fish Consumption"
"OKDEQ","Oklahoma","State","ARSENIC","Public and Private Water Supply"
"OKDEQ","Oklahoma","State","SILVER","Fish and Wildlife Propagation-Cool Water Aquatic Community Subcategory"
"OKDEQ","Oklahoma","State","ZINC","Fish and Wildlife Propagation-Cool Water Aquatic Community Subcategory"
"OKDEQ","Oklahoma","State","COPPER","Fish and Wildlife Propagation-Cool Water Aquatic Community Subcategory"
"OKDEQ","Oklahoma","State","LEAD","Fish and Wildlife Propagation-Trout Fishery (Put and Take) Subcategory"
"OKDEQ","Oklahoma","State","SILVER","Fish and Wildlife Propagation-Trout Fishery (Put and Take) Subcategory"
"OKDEQ","Oklahoma","State",NA,"Fish and Wildlife Propagation-Trout Fishery (Put and Take) Subcategory"
"OKDEQ","Oklahoma","State","LEAD","Public and Private Water Supply"
"OKDEQ","Oklahoma","State","DISSOLVED OXYGEN","Fish and Wildlife Propagation-Habitat Limited Aquatic Community Subcategory"
"OKDEQ","Oklahoma","State","CADMIUM","Fish and Wildlife Propagation-Habitat Limited Aquatic Community Subcategory"
"OKDEQ","Oklahoma","State","DIELDRIN","Fish Consumption"
"OKDEQ","Oklahoma","State","OIL AND GREASE","Fish and Wildlife Propagation-Habitat Limited Aquatic Community Subcategory"
"OKDEQ","Oklahoma","State","CHLORPYRIFOS","Fish and Wildlife Propagation-Warm Water Aquatic Community Subcategory"
"OKDEQ","Oklahoma","State","ARSENIC","Fish and Wildlife Propagation-Warm Water Aquatic Community Subcategory"
"OKDEQ","Oklahoma","State","AMMONIA, UN-IONIZED","Fish and Wildlife Propagation-Habitat Limited Aquatic Community Subcategory"
"OKDEQ","Oklahoma","State","BARIUM","Public and Private Water Supply"
"DELAWARENATION","Delaware Nation, Oklahoma","Tribe","NITROGEN, TOTAL","Warm Water Aquatic Community"
"DELAWARENATION","Delaware Nation, Oklahoma","Tribe","PHOSPHORUS, TOTAL","Warm Water Aquatic Community"
"DELAWARENATION","Delaware Nation, Oklahoma","Tribe","NITRATE/NITRITE (NITRITE + NITRATE AS N)","Warm Water Aquatic Community"
"DELAWARENATION","Delaware Nation, Oklahoma","Tribe","TURBIDITY","Warm Water Aquatic Community"
"DELAWARENATION","Delaware Nation, Oklahoma","Tribe","TEMPERATURE","Warm Water Aquatic Community"
"DELAWARENATION","Delaware Nation, Oklahoma","Tribe","PH","Warm Water Aquatic Community"
"DELAWARENATION","Delaware Nation, Oklahoma","Tribe","DISSOLVED OXYGEN","Warm Water Aquatic Community"
"DELAWARENATION","Delaware Nation, Oklahoma","Tribe","TOTAL KJEHLDAHL NITROGEN (TKN)","Warm Water Aquatic Community"
"21IND","Indiana","State",NA,"Warm Water Aquatic Life"
"21IND","Indiana","State",NA,"Full Body Contact"
"21IND","Indiana","State","DIOXIN (INCLUDING 2,3,7,8-TCDD)","Human Health and Wildlife"
"21IND","Indiana","State","MERCURY IN FISH TISSUE","Human Health and Wildlife"
"21IND","Indiana","State","POLYCHLORINATED BIPHENYLS (PCBS)","Human Health and Wildlife"
"21IND","Indiana","State","MERCURY, TOTAL","Warm Water Aquatic Life"
"21IND","Indiana","State","ESCHERICHIA COLI (E. COLI)","Full Body Contact"
"21IND","Indiana","State","PH","Warm Water Aquatic Life"
"21IND","Indiana","State",NA,"Public Water Supply"
"21IND","Indiana","State",NA,"Human Health and Wildlife"
"21IND","Indiana","State","BIOLOGICAL INTEGRITY","Warm Water Aquatic Life"
"21IND","Indiana","State","TEMPERATURE","Warm Water Aquatic Life"
"21IND","Indiana","State","DISSOLVED OXYGEN","Warm Water Aquatic Life"
"21IND","Indiana","State","NUTRIENTS","Warm Water Aquatic Life"
"21IND","Indiana","State","LEAD, DISSOLVED","Great Lakes Warm Water Aquatic Life"
"21IND","Indiana","State","ZINC, DISSOLVED","Great Lakes Warm Water Aquatic Life"
"21IND","Indiana","State","COPPER, DISSOLVED","Great Lakes Warm Water Aquatic Life"
"21IND","Indiana","State","NICKEL, DISSOLVED","Great Lakes Warm Water Aquatic Life"
"21IND","Indiana","State","SILVER, DISSOLVED","Great Lakes Warm Water Aquatic Life"
"21IND","Indiana","State","CADMIUM, DISSOLVED","Great Lakes Warm Water Aquatic Life"
"21IND","Indiana","State","ARSENIC, TRIVALENT, DISSOLVED","Great Lakes Warm Water Aquatic Life"
"21IND","Indiana","State","CHROMIUM, TRIVALENT, DISSOLVED","Great Lakes Warm Water Aquatic Life"
"21IND","Indiana","State","IRON","Warm Water Aquatic Life"
"21IND","Indiana","State","CHROMIUM, HEXAVALENT, DISSOLVED","Great Lakes Warm Water Aquatic Life"
"21IND","Indiana","State","PCBS IN FISH TISSUE","Human Health and Wildlife"
"21IND","Indiana","State",NA,"Great Lakes Warm Water Aquatic Life"
"21IND","Indiana","State","LEAD","Warm Water Aquatic Life"
"21IND","Indiana","State","NITROGEN, AMMONIA","Warm Water Aquatic Life"
"21IND","Indiana","State","LEAD, DISSOLVED","Warm Water Aquatic Life"
"21IND","Indiana","State","ZINC, DISSOLVED","Warm Water Aquatic Life"
"21IND","Indiana","State","COPPER, DISSOLVED","Warm Water Aquatic Life"
"21IND","Indiana","State","NICKEL, DISSOLVED","Warm Water Aquatic Life"
"21IND","Indiana","State","CADMIUM, DISSOLVED","Warm Water Aquatic Life"
"21IND","Indiana","State","ARSENIC, TRIVALENT, DISSOLVED","Warm Water Aquatic Life"
"21IND","Indiana","State","CHROMIUM, TRIVALENT, DISSOLVED","Warm Water Aquatic Life"
"21IND","Indiana","State","SULFATE","Warm Water Aquatic Life"
"21IND","Indiana","State","CHLORIDE","Warm Water Aquatic Life"
"21IND","Indiana","State","SILVER, DISSOLVED","Warm Water Aquatic Life"
"21IND","Indiana","State","AMMONIA-NITROGEN","Warm Water Aquatic Life"
"21IND","Indiana","State","CHROMIUM, HEXAVALENT, DISSOLVED","Warm Water Aquatic Life"
"21IND","Indiana","State","ESCHERICHIA COLI (E. COLI)","Human Health and Wildlife"
"21IND","Indiana","State",NA,"Limited Use"
"21IND","Indiana","State","CYANIDE (AS FREE CYANIDE)","Warm Water Aquatic Life"
"21IND","Indiana","State","AMMONIA, UN-IONIZED","Warm Water Aquatic Life"
"21IND","Indiana","State",NA,"Outstanding State Resource Waters"
"21IND","Indiana","State","PCBS IN FISH TISSUE","Warm Water Aquatic Life"
"21IND","Indiana","State",NA,"Exceptional Use Waters"
"21IND","Indiana","State","NICKEL","Warm Water Aquatic Life"
"21IND","Indiana","State","SILVER","Warm Water Aquatic Life"
"21IND","Indiana","State","CADMIUM","Warm Water Aquatic Life"
"21IND","Indiana","State","ARSENIC, TRIVALENT","Warm Water Aquatic Life"
"21IND","Indiana","State","CHROMIUM, TRIVALENT","Warm Water Aquatic Life"
"21IND","Indiana","State","CHROMIUM, HEXAVALENT","Warm Water Aquatic Life"
"21IND","Indiana","State","AMMONIA","Warm Water Aquatic Life"
"21IND","Indiana","State","ESCHERICHIA COLI (E. COLI)","Warm Water Aquatic Life"
"21IND","Indiana","State","PESTICIDES","Warm Water Aquatic Life"
"21IND","Indiana","State","HABITAT ALTERATIONS","Warm Water Aquatic Life"
"21IND","Indiana","State","OIL AND GREASE","Warm Water Aquatic Life"
"21IND","Indiana","State","SEDIMENTATION/SILTATION","Warm Water Aquatic Life"
"21IND","Indiana","State","SELENIUM IN FISH TISSUE","Warm Water Aquatic Life"
"21IND","Indiana","State","PHOSPHORUS, TOTAL","Full Body Contact"
"21IND","Indiana","State","ALGAE","Warm Water Aquatic Life"
"21IND","Indiana","State","ZINC","Warm Water Aquatic Life"
"21IND","Indiana","State","COPPER","Warm Water Aquatic Life"
"21IND","Indiana","State","ALGAE","Public Water Supply"
"21IND","Indiana","State","TASTE","Public Water Supply"
"21VASWCB","Virginia","State",NA,"Public Water Supply"
"21VASWCB","Virginia","State",NA,"Fish Consumption"
"21VASWCB","Virginia","State","AMMONIA, TOTAL","Wildlife"
"21VASWCB","Virginia","State","ESCHERICHIA COLI (E. COLI)","Recreation"
"21VASWCB","Virginia","State","TEMPERATURE","Aquatic Life"
"21VASWCB","Virginia","State","CHLOROPHYLL-A","Aquatic Life"
"21VASWCB","Virginia","State","PH","Aquatic Life"
"21VASWCB","Virginia","State","DISSOLVED OXYGEN","Aquatic Life"
"21VASWCB","Virginia","State",NA,"Wildlife"
"21VASWCB","Virginia","State",NA,"Aquatic Life"
"21VASWCB","Virginia","State",NA,"Recreation"
"21VASWCB","Virginia","State","PHOSPHORUS, TOTAL","Aquatic Life"
"21VASWCB","Virginia","State","NITROGEN, NITRATE","Public Water Supply"
"21VASWCB","Virginia","State",NA,"Open-Water Aquatic Life"
"21VASWCB","Virginia","State",NA,"Shellfishing"
"21VASWCB","Virginia","State","AQUATIC PLANTS (MACROPHYTES)","Aquatic Life"
"21VASWCB","Virginia","State","AQUATIC PLANTS (MACROPHYTES)","Shallow-Water Submerged Aquatic Vegetation"
"21VASWCB","Virginia","State","PCBS IN FISH TISSUE","Fish Consumption"
"21VASWCB","Virginia","State","DISSOLVED OXYGEN","Open-Water Aquatic Life"
"21VASWCB","Virginia","State","ARSENIC IN FISH TISSUE","Fish Consumption"
"21VASWCB","Virginia","State","ESTUARINE BIOASSESSMENTS","Aquatic Life"
"21VASWCB","Virginia","State","DISSOLVED OXYGEN","Deep-Water Aquatic Life"
"21VASWCB","Virginia","State","DISSOLVED OXYGEN","Deep-Channel Seasonal Refuge"
"21VASWCB","Virginia","State","BENTHIC MACROINVERTEBRATES BIOASSESSMENTS","Aquatic Life"
"21VASWCB","Virginia","State","AMMONIA, TOTAL","Aquatic Life"
"21VASWCB","Virginia","State","CHLORIDE","Wildlife"
"21VASWCB","Virginia","State","CHLORIDE","Aquatic Life"
"21VASWCB","Virginia","State","SEDIMENT","Aquatic Life"
"21VASWCB","Virginia","State","MERCURY IN SEDIMENT","Aquatic Life"
"21VASWCB","Virginia","State","NITRATE","Public Water Supply"
"21VASWCB","Virginia","State","CHLORDANE IN SEDIMENT","Aquatic Life"
"21VASWCB","Virginia","State","MERCURY IN FISH TISSUE","Fish Consumption"
"21VASWCB","Virginia","State","FECAL COLIFORM","Recreation"
"21VASWCB","Virginia","State","HEPTACHLOR EPOXIDE IN FISH TISSUE","Fish Consumption"
"21VASWCB","Virginia","State","CHLORDANE IN FISH TISSUE","Fish Consumption"
"21VASWCB","Virginia","State","DISSOLVED OXYGEN","Migratory Fish Spawning and Nursery"
"21VASWCB","Virginia","State","CHLORDANE","Fish Consumption"
"21VASWCB","Virginia","State","POLYCHLORINATED BIPHENYLS (PCBS)","Fish Consumption"
"21VASWCB","Virginia","State","DIELDRIN IN FISH TISSUE","Fish Consumption"
"21VASWCB","Virginia","State","CADMIUM IN SEDIMENT","Aquatic Life"
"21VASWCB","Virginia","State","DDE IN FISH TISSUE","Fish Consumption"
"21VASWCB","Virginia","State","DDT IN FISH TISSUE","Fish Consumption"
"21VASWCB","Virginia","State","NICKEL IN SEDIMENT","Aquatic Life"
"21VASWCB","Virginia","State","BENZO[K]FLUORANTHENE","Fish Consumption"
"21VASWCB","Virginia","State","COPPER IN SEDIMENT","Aquatic Life"
"21VASWCB","Virginia","State","ZINC IN SEDIMENT","Aquatic Life"
"21VASWCB","Virginia","State","LEAD IN SEDIMENT","Aquatic Life"
"21VASWCB","Virginia","State","COPPER","Wildlife"
"21VASWCB","Virginia","State","COPPER","Aquatic Life"
"21VASWCB","Virginia","State","ENTEROCOCCUS","Recreation"
"21VASWCB","Virginia","State","HARMFUL ALGAL BLOOMS","Recreation"
"21VASWCB","Virginia","State","ARSENIC IN SEDIMENT","Aquatic Life"
"21VASWCB","Virginia","State","DDT IN SEDIMENT","Aquatic Life"
"21VASWCB","Virginia","State","THALLIUM IN FISH TISSUE","Fish Consumption"
"21VASWCB","Virginia","State","FECAL COLIFORM","Shellfishing"
"21VASWCB","Virginia","State","PCBS IN SEDIMENT","Aquatic Life"
"21VASWCB","Virginia","State","POLYCHLORINATED BIPHENYLS (PCBS)","Wildlife"
"21VASWCB","Virginia","State","POLYCHLORINATED BIPHENYLS (PCBS)","Aquatic Life"
"21VASWCB","Virginia","State","NAPHTHALENE","Aquatic Life"
"21VASWCB","Virginia","State","PYRENE","Aquatic Life"
"21VASWCB","Virginia","State","CHRYSENE","Aquatic Life"
"21VASWCB","Virginia","State","FLUORENE","Aquatic Life"
"21VASWCB","Virginia","State","ANTHRACENE","Aquatic Life"
"21VASWCB","Virginia","State","FLUORANTHENE","Aquatic Life"
"21VASWCB","Virginia","State","PHENANTHRENE","Aquatic Life"
"21VASWCB","Virginia","State","BENZO[A]ANTHRACENE","Aquatic Life"
"21VASWCB","Virginia","State","BENZO[A]PYRENE (PAHS)","Aquatic Life"
"21VASWCB","Virginia","State","POLYCYCLIC AROMATIC HYDROCARBONS (PAHS) (AQUATIC ECOSYSTEMS)","Aquatic Life"
"21VASWCB","Virginia","State","BENZO[A]PYRENE (PAHS)","Fish Consumption"
"21VASWCB","Virginia","State","POLYCYCLIC AROMATIC HYDROCARBONS (PAHS) (AQUATIC ECOSYSTEMS)","Fish Consumption"
"21VASWCB","Virginia","State","ZINC","Wildlife"
"21VASWCB","Virginia","State","ZINC","Aquatic Life"
"21VASWCB","Virginia","State","CADMIUM","Wildlife"
"21VASWCB","Virginia","State","CADMIUM","Aquatic Life"
"21VASWCB","Virginia","State","THALLIUM","Fish Consumption"
"21VASWCB","Virginia","State","SEDIMENT BIOASSAY","Aquatic Life"
"21VASWCB","Virginia","State","CHRYSENE IN FISH TISSUE","Fish Consumption"
"21VASWCB","Virginia","State","BENZO[A]ANTHRACENE IN FISH TISSUE","Fish Consumption"
"21VASWCB","Virginia","State","FISH KILL(S)","Aquatic Life"
"21VASWCB","Virginia","State","POLYCYCLIC AROMATIC HYDROCARBONS (PAHS) IN FISH TISSUE","Fish Consumption"
"21VASWCB","Virginia","State","AMMONIA, UN-IONIZED","Wildlife"
"21VASWCB","Virginia","State","AMMONIA, UN-IONIZED","Aquatic Life"
"21VASWCB","Virginia","State","COLOR","Aquatic Life"
"21VASWCB","Virginia","State","DISSOLVED OXYGEN SATURATION","Aquatic Life"
"21VASWCB","Virginia","State","CONTAMINATED SEDIMENTS (PAHS)","Aquatic Life"
"21VASWCB","Virginia","State","DIBENZ[A,H]ANTHRACENE IN SEDIMENT","Aquatic Life"
"21VASWCB","Virginia","State","CONTAMINATED SEDIMENTS (BENZO[A]PYRENE)","Aquatic Life"
"21VASWCB","Virginia","State","CONTAMINATED SEDIMENTS (BENZO[A]ANTHRACENE)","Aquatic Life"
"21VASWCB","Virginia","State","SELENIUM","Wildlife"
"21VASWCB","Virginia","State","SELENIUM","Aquatic Life"
"21VASWCB","Virginia","State","FOAM/FLOCS/SCUM/OIL SLICKS","Aquatic Life"
"21VASWCB","Virginia","State","CONTAMINATED SEDIMENTS (PYRENE)","Aquatic Life"
"21VASWCB","Virginia","State","CONTAMINATED SEDIMENTS (CHRYSENE)","Aquatic Life"
"21VASWCB","Virginia","State","CONTAMINATED SEDIMENTS (FLUORANTHENE)","Aquatic Life"
"21VASWCB","Virginia","State","CONTAMINATED SEDIMENTS (PHENANTHRENE)","Aquatic Life"
"21VASWCB","Virginia","State",NA,"Deep-Water Aquatic Life"
"21VASWCB","Virginia","State",NA,"Deep-Channel Seasonal Refuge"
"21VASWCB","Virginia","State","LINDANE IN SEDIMENT","Aquatic Life"
"21VASWCB","Virginia","State","KEPONE IN FISH TISSUE","Fish Consumption"
"21VASWCB","Virginia","State","CHLOROPHYLL-A","Open-Water Aquatic Life"
"21VASWCB","Virginia","State","NICKEL","Wildlife"
"21VASWCB","Virginia","State","NICKEL","Aquatic Life"
"21VASWCB","Virginia","State","POLYCHLORINATED BIPHENYLS (PCBS)","Public Water Supply"
"21VASWCB","Virginia","State","OIL AND GREASE","Aquatic Life"
"21VASWCB","Virginia","State","TASTE AND ODOR","Aquatic Life"
"21VASWCB","Virginia","State","ALGAE","Aquatic Life"
"21VASWCB","Virginia","State","DDD IN FISH TISSUE","Fish Consumption"
"21VASWCB","Virginia","State","KEPONE","Fish Consumption"
"21VASWCB","Virginia","State","ALDRIN IN FISH TISSUE","Fish Consumption"
"21VASWCB","Virginia","State","DIELDRIN IN SEDIMENT","Aquatic Life"
"21VASWCB","Virginia","State","MIREX","Wildlife"
"21VASWCB","Virginia","State","MIREX","Aquatic Life"
"21VASWCB","Virginia","State",NA,"Migratory Fish Spawning and Nursery"
"21VASWCB","Virginia","State","ORGANIC ENRICHMENT (SEWAGE) BIOLOGICAL INDICATORS","Aquatic Life"
"21VASWCB","Virginia","State","ARSENIC IN FISH TISSUE","Aquatic Life"
"21VASWCB","Virginia","State","BIOCHEMICAL OXYGEN DEMAND (BOD)","Aquatic Life"
"21VASWCB","Virginia","State","DDD (DICHLORODIPHENYLDICHLOROETHANE)","Fish Consumption"
"21VASWCB","Virginia","State","DDE (DICHLORODIPHENYLDICHLOROETHYLENE)","Fish Consumption"
"21VASWCB","Virginia","State","NITRATE","Wildlife"
"21VASWCB","Virginia","State","NITRATE","Aquatic Life"
"21VASWCB","Virginia","State","CAUSE UNKNOWN","Aquatic Life"
"21VASWCB","Virginia","State","MANGANESE","Aquatic Life"
"21VASWCB","Virginia","State","ALKALINITY","Aquatic Life"
"21VASWCB","Virginia","State","TOTAL DISSOLVED SOLIDS (TDS)","Aquatic Life"
"21VASWCB","Virginia","State","NAPHTHALENE IN SEDIMENT","Aquatic Life"
"21VASWCB","Virginia","State","ARSENIC","Fish Consumption"
"21VASWCB","Virginia","State","LEAD","Fish Consumption"
"21VASWCB","Virginia","State","DDT (DICHLORODIPHENYLTRICHLOROETHANE)","Fish Consumption"
"21VASWCB","Virginia","State","MERCURY","Fish Consumption"
"21VASWCB","Virginia","State",NA,"Shallow-Water Submerged Aquatic Vegetation"
"21VASWCB","Virginia","State","HEPTACHLOR EPOXIDE","Aquatic Life"
"21VASWCB","Virginia","State","DDD (DICHLORODIPHENYLDICHLOROETHANE)","Aquatic Life"
"21VASWCB","Virginia","State","DDE (DICHLORODIPHENYLDICHLOROETHYLENE)","Aquatic Life"
"21VASWCB","Virginia","State","MERCURY","Aquatic Life"
"21VASWCB","Virginia","State","DDT (DICHLORODIPHENYLTRICHLOROETHANE)","Aquatic Life"
"21VASWCB","Virginia","State","DIOXIN (INCLUDING 2,3,7,8-TCDD)","Fish Consumption"
"21VASWCB","Virginia","State","ZINC IN FISH TISSUE","Fish Consumption"
"21VASWCB","Virginia","State","CHLORDANE","Aquatic Life"
"21VASWCB","Virginia","State","LEAD","Wildlife"
"21VASWCB","Virginia","State","LEAD","Aquatic Life"
"21VASWCB","Virginia","State","ALGAE","Recreation"
"21VASWCB","Virginia","State","METHYLMERCURY","Aquatic Life"
"21VASWCB","Virginia","State","ABNORMAL FISH DEFORMITIES, EROSIONS, LESIONS, TUMORS (DELTS)","Aquatic Life"
"21VASWCB","Virginia","State","CHLOROPHYLL-A","Recreation"
"21VASWCB","Virginia","State","CHLORINE","Aquatic Life"
"21VASWCB","Virginia","State","BENZO[B]FLUORANTHENE","Fish Consumption"
"21VASWCB","Virginia","State","NITROGEN, TOTAL","Aquatic Life"
"21VASWCB","Virginia","State","METHYLMERCURY","Fish Consumption"
"21VASWCB","Virginia","State","IRON","Public Water Supply"
"21VASWCB","Virginia","State","MANGANESE","Public Water Supply"
"21VASWCB","Virginia","State","CONTAMINATED SEDIMENTS (PAHS)","Wildlife"
"21VASWCB","Virginia","State","CONTAMINATED SEDIMENTS (PYRENE)","Wildlife"
"21VASWCB","Virginia","State","CONTAMINATED SEDIMENTS (CHRYSENE)","Wildlife"
"21VASWCB","Virginia","State","CONTAMINATED SEDIMENTS (FLUORANTHENE)","Wildlife"
"21VASWCB","Virginia","State","CONTAMINATED SEDIMENTS (PHENANTHRENE)","Wildlife"
"21VASWCB","Virginia","State","CONTAMINATED SEDIMENTS (BENZO[A]PYRENE)","Wildlife"
"21VASWCB","Virginia","State","CONTAMINATED SEDIMENTS (BENZO[A]ANTHRACENE)","Wildlife"
"21VASWCB","Virginia","State","ARSENIC","Public Water Supply"
"21VASWCB","Virginia","State","ARSENIC","Wildlife"
"21VASWCB","Virginia","State","MIREX","Fish Consumption"
"21VASWCB","Virginia","State","MIREX","Public Water Supply"
"21VASWCB","Virginia","State","PETROLEUM HYDROCARBONS","Aquatic Life"
"21VASWCB","Virginia","State","PETROLEUM HYDROCARBONS","Wildlife"
"21VASWCB","Virginia","State","ACENAPHTHENE","Aquatic Life"
"21VASWCB","Virginia","State","TOTAL KJEHLDAHL NITROGEN (TKN)","Aquatic Life"
"21VASWCB","Virginia","State","MERCURY IN FISH TISSUE","Aquatic Life"
"21VASWCB","Virginia","State","ARSENIC","Aquatic Life"
"21VASWCB","Virginia","State","CHRYSENE","Wildlife"
"21VASWCB","Virginia","State","CHRYSENE","Fish Consumption"
"21VASWCB","Virginia","State","SULFATE","Public Water Supply"
"21VASWCB","Virginia","State","CHLORIDE","Public Water Supply"
"21VASWCB","Virginia","State","MERCURY IN SEDIMENT","Wildlife"
"21VASWCB","Virginia","State","MERCURY IN SEDIMENT","Fish Consumption"
"21VASWCB","Virginia","State","PCBS IN SEDIMENT","Fish Consumption"
"21VASWCB","Virginia","State","FLUORENE IN SEDIMENT","Aquatic Life"
"TCEQMAIN","Texas","State","MERCURY IN WATER COLUMN","Fish Consumption Use"
"TCEQMAIN","Texas","State","ESCHERICHIA COLI (E. COLI)","Recreation Use"
"TCEQMAIN","Texas","State","TEMPERATURE","General Use"
"TCEQMAIN","Texas","State","NICKEL","Fish Consumption Use"
"TCEQMAIN","Texas","State","PH, LOW","General Use"
"TCEQMAIN","Texas","State","PH, HIGH","General Use"
"TCEQMAIN","Texas","State","DISSOLVED OXYGEN","Aquatic Life Use"
"TCEQMAIN","Texas","State","SULFATE","General Use"
"TCEQMAIN","Texas","State","TOTAL DISSOLVED SOLIDS (TDS)","General Use"
"TCEQMAIN","Texas","State","SALINITY/TOTAL DISSOLVED SOLIDS/CHLORIDES","General Use"
"TCEQMAIN","Texas","State","MERCURY IN WATER COLUMN","Aquatic Life Use"
"TCEQMAIN","Texas","State","LEAD","Aquatic Life Use"
"TCEQMAIN","Texas","State","NICKEL","Aquatic Life Use"
"TCEQMAIN","Texas","State","ARSENIC","Aquatic Life Use"
"TCEQMAIN","Texas","State","CADMIUM","Aquatic Life Use"
"TCEQMAIN","Texas","State","SELENIUM, TOTAL","Aquatic Life Use"
"TCEQMAIN","Texas","State","ZINC, DISSOLVED","Aquatic Life Use"
"TCEQMAIN","Texas","State","ALUMINUM, DISSOLVED","Aquatic Life Use"
"TCEQMAIN","Texas","State","CHROMIUM, TRIVALENT","Aquatic Life Use"
"TCEQMAIN","Texas","State","MERCURY - FISH CONSUMPTION ADVISORY","Fish Consumption Use"
"TCEQMAIN","Texas","State","NITROGEN, AMMONIA","General Use"
"TCEQMAIN","Texas","State","NITROGEN, NITRATE","General Use"
"TCEQMAIN","Texas","State","NITROGEN, NITRATE","DOMESTIC WATER SUPPLY - PUBLIC WATER SUPPLY"
"TCEQMAIN","Texas","State","PHOSPHORUS, TOTAL","General Use"
"TCEQMAIN","Texas","State","CHLOROPHYLL-A","General Use"
"TCEQMAIN","Texas","State","FLUORIDE","DOMESTIC WATER SUPPLY - PUBLIC WATER SUPPLY"
"TCEQMAIN","Texas","State",NA,"Recreation Use"
"TCEQMAIN","Texas","State","ENTEROCOCCUS","Recreation Use"
"TCEQMAIN","Texas","State","ALGAE","General Use"
"TCEQMAIN","Texas","State",NA,"Aquatic Life Use"
"TCEQMAIN","Texas","State",NA,"General Use"
"TCEQMAIN","Texas","State",NA,NA
"TCEQMAIN","Texas","State",NA,"Public Water Supply Use"
"TCEQMAIN","Texas","State",NA,"Fish Consumption Use"
"TCEQMAIN","Texas","State","FISH BIOASSESSMENTS","Aquatic Life Use"
"TCEQMAIN","Texas","State","LEAD","Fish Consumption Use"
"TCEQMAIN","Texas","State","COPPER, DISSOLVED","Aquatic Life Use"
"TCEQMAIN","Texas","State","PCBS - FISH CONSUMPTION ADVISORY","Fish Consumption Use"
"TCEQMAIN","Texas","State","LEAD","DOMESTIC WATER SUPPLY - PUBLIC WATER SUPPLY"
"TCEQMAIN","Texas","State","NICKEL","DOMESTIC WATER SUPPLY - PUBLIC WATER SUPPLY"
"TCEQMAIN","Texas","State","ARSENIC","DOMESTIC WATER SUPPLY - PUBLIC WATER SUPPLY"
"TCEQMAIN","Texas","State","CADMIUM","DOMESTIC WATER SUPPLY - PUBLIC WATER SUPPLY"
"TCEQMAIN","Texas","State","SELENIUM, TOTAL","DOMESTIC WATER SUPPLY - PUBLIC WATER SUPPLY"
"TCEQMAIN","Texas","State","DIOXIN - FISH CONSUMPTION ADVISORY","Fish Consumption Use"
"TCEQMAIN","Texas","State","BENTHIC MACROINVERTEBRATES BIOASSESSMENTS","Aquatic Life Use"
"TCEQMAIN","Texas","State","MERCURY IN FISH TISSUE","Fish Consumption Use"
"TCEQMAIN","Texas","State","MIREX","Aquatic Life Use"
"TCEQMAIN","Texas","State","ALDRIN","Fish Consumption Use"
"TCEQMAIN","Texas","State","ENDRIN","Fish Consumption Use"
"TCEQMAIN","Texas","State","LINDANE","Fish Consumption Use"
"TCEQMAIN","Texas","State","TOXAPHENE","Fish Consumption Use"
"TCEQMAIN","Texas","State","HEPTACHLOR","Fish Consumption Use"
"TCEQMAIN","Texas","State","METHOXYCHLOR","Fish Consumption Use"
"TCEQMAIN","Texas","State","DDD IN FISH TISSUE","Fish Consumption Use"
"TCEQMAIN","Texas","State","DDE IN FISH TISSUE","Fish Consumption Use"
"TCEQMAIN","Texas","State","DDT IN FISH TISSUE","Fish Consumption Use"
"TCEQMAIN","Texas","State","ENDOSULFAN SULFATE","Fish Consumption Use"
"TCEQMAIN","Texas","State","ARSENIC IN FISH TISSUE","Fish Consumption Use"
"TCEQMAIN","Texas","State","DIELDRIN IN FISH TISSUE","Fish Consumption Use"
"TCEQMAIN","Texas","State","CHLORDANE IN FISH TISSUE","Fish Consumption Use"
"TCEQMAIN","Texas","State","BETA-ENDOSULFAN (ENDOSULFAN 2)","Fish Consumption Use"
"TCEQMAIN","Texas","State","ALPHA-ENDOSULFAN (ENDOSULFAN 1)","Fish Consumption Use"
"TCEQMAIN","Texas","State","HEPTACHLOR EPOXIDE IN FISH TISSUE","Fish Consumption Use"
"TCEQMAIN","Texas","State","COPPER","Fish Consumption Use"
"TCEQMAIN","Texas","State","CADMIUM","Fish Consumption Use"
"TCEQMAIN","Texas","State","CHROMIUM","Fish Consumption Use"
"TCEQMAIN","Texas","State","SELENIUM IN FISH TISSUE","Fish Consumption Use"
"TCEQMAIN","Texas","State","PCBS IN FISH TISSUE","Fish Consumption Use"
"TCEQMAIN","Texas","State","MERCURY IN SEDIMENT","Aquatic Life Use"
"TCEQMAIN","Texas","State","IRON","Aquatic Life Use"
"TCEQMAIN","Texas","State","MANGANESE","Aquatic Life Use"
"TCEQMAIN","Texas","State","LEAD IN SEDIMENT","Aquatic Life Use"
"TCEQMAIN","Texas","State","ZINC IN SEDIMENT","Aquatic Life Use"
"TCEQMAIN","Texas","State","COPPER IN SEDIMENT","Aquatic Life Use"
"TCEQMAIN","Texas","State","NICKEL IN SEDIMENT","Aquatic Life Use"
"TCEQMAIN","Texas","State","SILVER IN SEDIMENT","Aquatic Life Use"
"TCEQMAIN","Texas","State","ARSENIC IN SEDIMENT","Aquatic Life Use"
"TCEQMAIN","Texas","State","CADMIUM IN SEDIMENT","Aquatic Life Use"
"TCEQMAIN","Texas","State","CHROMIUM IN SEDIMENT","Aquatic Life Use"
"TCEQMAIN","Texas","State","BARIUM","DOMESTIC WATER SUPPLY - PUBLIC WATER SUPPLY"
"TCEQMAIN","Texas","State","ALDRIN","Aquatic Life Use"
"TCEQMAIN","Texas","State","LINDANE","Aquatic Life Use"
"TCEQMAIN","Texas","State","BETA-BHC","Aquatic Life Use"
"TCEQMAIN","Texas","State","DIAZINON","Aquatic Life Use"
"TCEQMAIN","Texas","State","ALPHA-BHC","Aquatic Life Use"
"TCEQMAIN","Texas","State","DELTA-BHC","Aquatic Life Use"
"TCEQMAIN","Texas","State","MALATHION","Aquatic Life Use"
"TCEQMAIN","Texas","State","PARATHION","Aquatic Life Use"
"TCEQMAIN","Texas","State","TOXAPHENE","Aquatic Life Use"
"TCEQMAIN","Texas","State","HEPTACHLOR","Aquatic Life Use"
"TCEQMAIN","Texas","State","NAPHTHALENE","Aquatic Life Use"
"TCEQMAIN","Texas","State","METHOXYCHLOR","Aquatic Life Use"
"TCEQMAIN","Texas","State","DDT IN SEDIMENT","Aquatic Life Use"
"TCEQMAIN","Texas","State","HEXACHLOROBENZENE","Aquatic Life Use"
"TCEQMAIN","Texas","State","DIMETHYL PHTHALATE","Aquatic Life Use"
"TCEQMAIN","Texas","State","ENDRIN IN SEDIMENT","Aquatic Life Use"
"TCEQMAIN","Texas","State","HEPTACHLOR EPOXIDE","Aquatic Life Use"
"TCEQMAIN","Texas","State","2-METHYLNAPHTHALENE","Aquatic Life Use"
"TCEQMAIN","Texas","State","DIELDRIN IN SEDIMENT","Aquatic Life Use"
"TCEQMAIN","Texas","State","CHLORDANE IN SEDIMENT","Aquatic Life Use"
"TCEQMAIN","Texas","State","BETA-ENDOSULFAN (ENDOSULFAN 2)","Aquatic Life Use"
"TCEQMAIN","Texas","State","ALPHA-ENDOSULFAN (ENDOSULFAN 1)","Aquatic Life Use"
"TCEQMAIN","Texas","State","DDD (DICHLORODIPHENYLDICHLOROETHANE)","Aquatic Life Use"
"TCEQMAIN","Texas","State","DDE (DICHLORODIPHENYLDICHLOROETHYLENE)","Aquatic Life Use"
"TCEQMAIN","Texas","State","PHENOL","Aquatic Life Use"
"TCEQMAIN","Texas","State","FLUORENE","Aquatic Life Use"
"TCEQMAIN","Texas","State","ANTHRACENE","Aquatic Life Use"
"TCEQMAIN","Texas","State","ACENAPHTHENE","Aquatic Life Use"
"TCEQMAIN","Texas","State","NITROBENZENE","Aquatic Life Use"
"TCEQMAIN","Texas","State","ACENAPHTHYLENE","Aquatic Life Use"
"TCEQMAIN","Texas","State","HEXACHLOROETHANE","Aquatic Life Use"
"TCEQMAIN","Texas","State","DIETHYL PHTHALATE","Aquatic Life Use"
"TCEQMAIN","Texas","State","2,4-DINITROTOLUENE","Aquatic Life Use"
"TCEQMAIN","Texas","State","1,2-DICHLOROBENZENE","Aquatic Life Use"
"TCEQMAIN","Texas","State","1,3-DICHLOROBENZENE","Aquatic Life Use"
"TCEQMAIN","Texas","State","1,4-DICHLOROBENZENE","Aquatic Life Use"
"TCEQMAIN","Texas","State","HEXACHLOROBUTADIENE","Aquatic Life Use"
"TCEQMAIN","Texas","State","DI-N-BUTYL PHTHALATE","Aquatic Life Use"
"TCEQMAIN","Texas","State","DI-N-OCTYL PHTHALATE","Aquatic Life Use"
"TCEQMAIN","Texas","State","DIBENZ[A,H]ANTHRACENE","Aquatic Life Use"
"TCEQMAIN","Texas","State","1,2,4-TRICHLOROBENZENE","Aquatic Life Use"
"TCEQMAIN","Texas","State","N-BUTYLBENZYLPHTHALATE","Aquatic Life Use"
"TCEQMAIN","Texas","State","PENTACHLOROPHENOL (PCP)","Aquatic Life Use"
"TCEQMAIN","Texas","State","HEXACHLOROCYCLOPENTADIENE","Aquatic Life Use"
"TCEQMAIN","Texas","State","BIS(2 ETHYLHEXYL)PHTHALATE","Aquatic Life Use"
"TCEQMAIN","Texas","State","CONTAMINATED SEDIMENTS (PYRENE)","Aquatic Life Use"
"TCEQMAIN","Texas","State","CONTAMINATED SEDIMENTS (CHRYSENE)","Aquatic Life Use"
"TCEQMAIN","Texas","State","CONTAMINATED SEDIMENTS (FLUORANTHENE)","Aquatic Life Use"
"TCEQMAIN","Texas","State","CONTAMINATED SEDIMENTS (PHENANTHRENE)","Aquatic Life Use"
"TCEQMAIN","Texas","State","CONTAMINATED SEDIMENTS (BENZO[A]PYRENE)","Aquatic Life Use"
"TCEQMAIN","Texas","State","CONTAMINATED SEDIMENTS (BENZO[A]ANTHRACENE)","Aquatic Life Use"
"TCEQMAIN","Texas","State","4-CHLORO-3-METHYLPHENOL (3-METHYL-4-CHLOROPHENOL)","Aquatic Life Use"
"TCEQMAIN","Texas","State","PCBS IN SEDIMENT","Aquatic Life Use"
"TCEQMAIN","Texas","State","BENZOIC ACID","Aquatic Life Use"
"TCEQMAIN","Texas","State","BENZYL ALCOHOL","Aquatic Life Use"
"TCEQMAIN","Texas","State","2,4-DIMETHYLPHENOL","Aquatic Life Use"
"TCEQMAIN","Texas","State","PENTACHLOROBENZENE","Aquatic Life Use"
"TCEQMAIN","Texas","State","O-CRESOL (2-METHYLPHENOL)","Aquatic Life Use"
"TCEQMAIN","Texas","State","1,2,4,5-TETRACHLOROBENZENE","Aquatic Life Use"
"TCEQMAIN","Texas","State","ENTEROCOCCUS","General Use"
"TCEQMAIN","Texas","State","XYLENE","Aquatic Life Use"
"TCEQMAIN","Texas","State","ACRYLONITRILE","Aquatic Life Use"
"TCEQMAIN","Texas","State","1,2-DICHLOROETHANE","Aquatic Life Use"
"TCEQMAIN","Texas","State","1,2-DICHLOROPROPANE","Aquatic Life Use"
"TCEQMAIN","Texas","State","SEDIMENT BIOASSAY","Aquatic Life Use"
"TCEQMAIN","Texas","State","ACETONE","Aquatic Life Use"
"TCEQMAIN","Texas","State","BENZENE","Aquatic Life Use"
"TCEQMAIN","Texas","State","STYRENE","Aquatic Life Use"
"TCEQMAIN","Texas","State","TOLUENE","Aquatic Life Use"
"TCEQMAIN","Texas","State","BROMOFORM","Aquatic Life Use"
"TCEQMAIN","Texas","State","CHLOROFORM","Aquatic Life Use"
"TCEQMAIN","Texas","State","ETHYLBENZENE","Aquatic Life Use"
"TCEQMAIN","Texas","State","CHLOROMETHANE","Aquatic Life Use"
"TCEQMAIN","Texas","State","METHYLENE CHLORIDE","Aquatic Life Use"
"TCEQMAIN","Texas","State","TETRACHLOROETHYLENE","Aquatic Life Use"
"TCEQMAIN","Texas","State","1,1-DICHLOROETHYLENE","Aquatic Life Use"
"TCEQMAIN","Texas","State","CARBON TETRACHLORIDE","Aquatic Life Use"
"TCEQMAIN","Texas","State","CHLOROBENZENE (MONO)","Aquatic Life Use"
"TCEQMAIN","Texas","State","1,1,1-TRICHLOROETHANE","Aquatic Life Use"
"TCEQMAIN","Texas","State","1,1,2-TRICHLOROETHANE","Aquatic Life Use"
"TCEQMAIN","Texas","State","TRICHLOROETHYLENE (TCE)","Aquatic Life Use"
"TCEQMAIN","Texas","State","1,1,2,2-TETRACHLOROETHANE","Aquatic Life Use"
"TCEQMAIN","Texas","State","4-METHYL-2-PENTANONE (MIBK)","Aquatic Life Use"
"TCEQMAIN","Texas","State","MERCURY IN WATER COLUMN","DOMESTIC WATER SUPPLY - PUBLIC WATER SUPPLY"
"TCEQMAIN","Texas","State","METHYL BROMIDE","Aquatic Life Use"
"TCEQMAIN","Texas","State","CARBON DISULFIDE","Aquatic Life Use"
"TCEQMAIN","Texas","State","CUMENE","Aquatic Life Use"
"TCEQMAIN","Texas","State","P-CYMENE","Aquatic Life Use"
"TCEQMAIN","Texas","State","2-HEXANONE","Aquatic Life Use"
"TCEQMAIN","Texas","State","BUTYLBENZENE","Aquatic Life Use"
"TCEQMAIN","Texas","State","VINYL CHLORIDE","Aquatic Life Use"
"TCEQMAIN","Texas","State","SEC-BUTYLBENZENE","Aquatic Life Use"
"TCEQMAIN","Texas","State","TERT-BUTYLBENZENE","Aquatic Life Use"
"TCEQMAIN","Texas","State","1,1-DICHLOROETHANE","Aquatic Life Use"
"TCEQMAIN","Texas","State","METHYL ETHYL KETONE","Aquatic Life Use"
"TCEQMAIN","Texas","State","METHYL METHACRYLATE","Aquatic Life Use"
"TCEQMAIN","Texas","State","BROMODICHLOROMETHANE","Aquatic Life Use"
"TCEQMAIN","Texas","State","DIBROMOCHLOROMETHANE","Aquatic Life Use"
"TCEQMAIN","Texas","State","DICHLORODIFLUOROMETHANE","Aquatic Life Use"
"TCEQMAIN","Texas","State","TRANS-1,2-DICHLOROETHENE","Aquatic Life Use"
"TCEQMAIN","Texas","State","HEXACHLOROBENZENE","Fish Consumption Use"
"TCEQMAIN","Texas","State","ENDRIN","Aquatic Life Use"
"TCEQMAIN","Texas","State","DIELDRIN","Aquatic Life Use"
"TCEQMAIN","Texas","State","PFAS IN FISH TISSUE","Fish Consumption Use"
"TCEQMAIN","Texas","State","ANTIMONY","DOMESTIC WATER SUPPLY - PUBLIC WATER SUPPLY"
"TCEQMAIN","Texas","State","ANTIMONY","Fish Consumption Use"
"TCEQMAIN","Texas","State","THALLIUM","DOMESTIC WATER SUPPLY - PUBLIC WATER SUPPLY"
"TCEQMAIN","Texas","State","THALLIUM","Fish Consumption Use"
"TCEQMAIN","Texas","State","HABITAT ASSESSMENT","Aquatic Life Use"
"TCEQMAIN","Texas","State","DIBENZOFURAN","Aquatic Life Use"
"TCEQMAIN","Texas","State","ACRYLONITRILE","Fish Consumption Use"
"TCEQMAIN","Texas","State","1,2-DICHLOROETHANE","Fish Consumption Use"
"TCEQMAIN","Texas","State","1,2-DICHLOROPROPANE","Fish Consumption Use"
"TCEQMAIN","Texas","State","BENZENE","Fish Consumption Use"
"TCEQMAIN","Texas","State","BROMOFORM","Fish Consumption Use"
"TCEQMAIN","Texas","State","CHLOROFORM","Fish Consumption Use"
"TCEQMAIN","Texas","State","ETHYLBENZENE","Fish Consumption Use"
"TCEQMAIN","Texas","State","VINYL CHLORIDE","Fish Consumption Use"
"TCEQMAIN","Texas","State","DICHLOROMETHANE","Fish Consumption Use"
"TCEQMAIN","Texas","State","1,2-DIBROMOETHANE","Fish Consumption Use"
"TCEQMAIN","Texas","State","1,2-DICHLOROBENZENE","Fish Consumption Use"
"TCEQMAIN","Texas","State","1,3-DICHLOROBENZENE","Fish Consumption Use"
"TCEQMAIN","Texas","State","METHYL ETHYL KETONE","Fish Consumption Use"
"TCEQMAIN","Texas","State","TETRACHLOROETHYLENE","Fish Consumption Use"
"TCEQMAIN","Texas","State","1,1-DICHLOROETHYLENE","Fish Consumption Use"
"TCEQMAIN","Texas","State","BROMODICHLOROMETHANE","Fish Consumption Use"
"TCEQMAIN","Texas","State","CARBON TETRACHLORIDE","Fish Consumption Use"
"TCEQMAIN","Texas","State","CHLOROBENZENE (MONO)","Fish Consumption Use"
"TCEQMAIN","Texas","State","DIBROMOCHLOROMETHANE","Fish Consumption Use"
"TCEQMAIN","Texas","State","1,1,1-TRICHLOROETHANE","Fish Consumption Use"
"TCEQMAIN","Texas","State","1,1,2-TRICHLOROETHANE","Fish Consumption Use"
"TCEQMAIN","Texas","State","TRICHLOROETHYLENE (TCE)","Fish Consumption Use"
"TCEQMAIN","Texas","State","1,1,2,2-TETRACHLOROETHANE","Fish Consumption Use"
"TCEQMAIN","Texas","State","AMBIENT BIOASSAYS - CHRONIC AQUATIC TOXICITY","Aquatic Life Use"
"TCEQMAIN","Texas","State","AMBIENT BIOASSAYS - ACUTE AQUATIC TOXICITY","Aquatic Life Use"
"TCEQMAIN","Texas","State","ALACHLOR","DOMESTIC WATER SUPPLY - PUBLIC WATER SUPPLY"
"TCEQMAIN","Texas","State","ATRAZINE","DOMESTIC WATER SUPPLY - PUBLIC WATER SUPPLY"
"TCEQMAIN","Texas","State","2,4,5-TRICHLOROPHENOL","Aquatic Life Use"
"TCEQMAIN","Texas","State","2,4,5-TRICHLOROPHENOL","Fish Consumption Use"
"TCEQMAIN","Texas","State","CHRYSENE","Fish Consumption Use"
"TCEQMAIN","Texas","State","PYRIDINE","Fish Consumption Use"
"TCEQMAIN","Texas","State","BENZIDINE","Fish Consumption Use"
"TCEQMAIN","Texas","State","NITROBENZENE","Fish Consumption Use"
"TCEQMAIN","Texas","State","PHENANTHRENE","Aquatic Life Use"
"TCEQMAIN","Texas","State","BENZO[A]PYRENE","Fish Consumption Use"
"TCEQMAIN","Texas","State","HEXACHLOROETHANE","Fish Consumption Use"
"TCEQMAIN","Texas","State","2,4-DIMETHYLPHENOL","Fish Consumption Use"
"TCEQMAIN","Texas","State","BENZO[A]ANTHRACENE","Fish Consumption Use"
"TCEQMAIN","Texas","State","PENTACHLOROBENZENE","Fish Consumption Use"
"TCEQMAIN","Texas","State","HEXACHLOROBUTADIENE","Fish Consumption Use"
"TCEQMAIN","Texas","State","DI-N-BUTYL PHTHALATE","Fish Consumption Use"
"TCEQMAIN","Texas","State","N-NITROSODIETHYLAMINE","Fish Consumption Use"
"TCEQMAIN","Texas","State","3,3'-DICHLOROBENZIDINE","Fish Consumption Use"
"TCEQMAIN","Texas","State","CRESOL (MIXED ISOMERS)","Fish Consumption Use"
"TCEQMAIN","Texas","State","BIS-2-CHLOROETHYL ETHER","Fish Consumption Use"
"TCEQMAIN","Texas","State","PENTACHLOROPHENOL (PCP)","Fish Consumption Use"
"TCEQMAIN","Texas","State","N-NITROSO-DI-N-BUTYLAMINE","Fish Consumption Use"
"TCEQMAIN","Texas","State","1,2,4,5-TETRACHLOROBENZENE","Fish Consumption Use"
"TCEQMAIN","Texas","State","BIS(2 ETHYLHEXYL)PHTHALATE","Fish Consumption Use"
"TCEQMAIN","Texas","State","SHELLFISHING BAN","Oyster Waters Use"
"TCEQMAIN","Texas","State","ENTEROCOCCUS","Recreational Beaches"
"TCEQMAIN","Texas","State","BACTERIA (OYSTER WATERS)","Oyster Waters Use"
"TCEQMAIN","Texas","State",NA,"Recreational Beaches"
"TCEQMAIN","Texas","State","ZINC IN SHELLFISH","Oyster Waters Use"
"11113300","New Hampshire","State","AMMONIA, TOTAL","Aquatic Life Integrity"
"11113300","New Hampshire","State","AMMONIA, UN-IONIZED","Aquatic Life Integrity"
"11113300","New Hampshire","State","DIOXIN - FISH CONSUMPTION ADVISORY","Shellfish Consumption"
"11113300","New Hampshire","State","MERCURY","Aquatic Life Integrity"
"11113300","New Hampshire","State","MERCURY - FISH CONSUMPTION ADVISORY","Fish Consumption"
"11113300","New Hampshire","State","MERCURY - FISH CONSUMPTION ADVISORY","Shellfish Consumption"
"11113300","New Hampshire","State","NITROGEN, TOTAL","Aquatic Life Integrity"
"11113300","New Hampshire","State","NITROGEN, TOTAL","Primary Contact Recreation"
"11113300","New Hampshire","State","ENTEROCOCCUS","Primary Contact Recreation"
"11113300","New Hampshire","State","ENTEROCOCCUS","Secondary Contact Recreation"
"11113300","New Hampshire","State","FECAL COLIFORM","Potential Drinking Water Supply"
"11113300","New Hampshire","State","FECAL COLIFORM","Shellfish Consumption"
"11113300","New Hampshire","State","ESCHERICHIA COLI (E. COLI)","Potential Drinking Water Supply"
"11113300","New Hampshire","State","TOTAL SUSPENDED SOLIDS (TSS)","Aquatic Life Integrity"
"11113300","New Hampshire","State","ENDRIN","Aquatic Life Integrity"
"11113300","New Hampshire","State","LINDANE","Aquatic Life Integrity"
"11113300","New Hampshire","State","4,4'-DDD","Aquatic Life Integrity"
"11113300","New Hampshire","State","4,4'-DDE","Aquatic Life Integrity"
"11113300","New Hampshire","State","4,4'-DDT","Aquatic Life Integrity"
"11113300","New Hampshire","State","DIELDRIN","Aquatic Life Integrity"
"11113300","New Hampshire","State","TOXAPHENE","Aquatic Life Integrity"
"11113300","New Hampshire","State","NAPHTHALENE","Aquatic Life Integrity"
"11113300","New Hampshire","State","CIS-CHLORDANE","Aquatic Life Integrity"
"11113300","New Hampshire","State","TRANS-NONACHLOR","Aquatic Life Integrity"
"11113300","New Hampshire","State","HEXACHLOROBENZENE","Aquatic Life Integrity"
"11113300","New Hampshire","State","ENDOSULFAN SULFATE","Aquatic Life Integrity"
"11113300","New Hampshire","State","2-METHYLNAPHTHALENE","Aquatic Life Integrity"
"11113300","New Hampshire","State","BETA-ENDOSULFAN (ENDOSULFAN 2)","Aquatic Life Integrity"
"11113300","New Hampshire","State","ALPHA-ENDOSULFAN (ENDOSULFAN 1)","Aquatic Life Integrity"
"11113300","New Hampshire","State","TEMPERATURE","Aquatic Life Integrity"
"11113300","New Hampshire","State","CHLOROPHYLL-A","Aquatic Life Integrity"
"11113300","New Hampshire","State","CHLOROPHYLL-A","Primary Contact Recreation"
"11113300","New Hampshire","State","PYRENE","Aquatic Life Integrity"
"11113300","New Hampshire","State","BIPHENYL","Aquatic Life Integrity"
"11113300","New Hampshire","State","CHRYSENE","Aquatic Life Integrity"
"11113300","New Hampshire","State","FLUORENE","Aquatic Life Integrity"
"11113300","New Hampshire","State","ANTHRACENE","Aquatic Life Integrity"
"11113300","New Hampshire","State","ACENAPHTHENE","Aquatic Life Integrity"
"11113300","New Hampshire","State","FLUORANTHENE","Aquatic Life Integrity"
"11113300","New Hampshire","State","PHENANTHRENE","Aquatic Life Integrity"
"11113300","New Hampshire","State","ACENAPHTHYLENE","Aquatic Life Integrity"
"11113300","New Hampshire","State","BENZO[A]ANTHRACENE","Aquatic Life Integrity"
"11113300","New Hampshire","State","BENZO[B]FLUORANTHENE","Aquatic Life Integrity"
"11113300","New Hampshire","State","BENZO[G,H,I]PERYLENE","Aquatic Life Integrity"
"11113300","New Hampshire","State","BENZO[K]FLUORANTHENE","Aquatic Life Integrity"
"11113300","New Hampshire","State","BENZO[A]PYRENE (PAHS)","Aquatic Life Integrity"
"11113300","New Hampshire","State","DIBENZ[A,H]ANTHRACENE","Aquatic Life Integrity"
"11113300","New Hampshire","State","INDENO[1,2,3-CD]PYRENE","Aquatic Life Integrity"
"11113300","New Hampshire","State","ANTIMONY","Aquatic Life Integrity"
"11113300","New Hampshire","State","COLORED DISSOLVED ORGANIC MATTER (CDOM)","Aquatic Life Integrity"
"11113300","New Hampshire","State","IRON","Aquatic Life Integrity"
"11113300","New Hampshire","State","LEAD","Aquatic Life Integrity"
"11113300","New Hampshire","State","ZINC","Aquatic Life Integrity"
"11113300","New Hampshire","State","COPPER","Aquatic Life Integrity"
"11113300","New Hampshire","State","NICKEL","Aquatic Life Integrity"
"11113300","New Hampshire","State","SILVER","Aquatic Life Integrity"
"11113300","New Hampshire","State","ARSENIC","Aquatic Life Integrity"
"11113300","New Hampshire","State","CADMIUM","Aquatic Life Integrity"
"11113300","New Hampshire","State","ALUMINUM","Aquatic Life Integrity"
"11113300","New Hampshire","State","PH","Aquatic Life Integrity"
"11113300","New Hampshire","State","PCBS - FISH CONSUMPTION ADVISORY","Fish Consumption"
"11113300","New Hampshire","State","PCBS - FISH CONSUMPTION ADVISORY","Shellfish Consumption"
"11113300","New Hampshire","State","POLYCHLORINATED BIPHENYLS (PCBS)","Aquatic Life Integrity"
"11113300","New Hampshire","State","DISSOLVED OXYGEN","Aquatic Life Integrity"
"11113300","New Hampshire","State","DISSOLVED OXYGEN SATURATION","Aquatic Life Integrity"
"11113300","New Hampshire","State","DISSOLVED ORGANIC CARBON (DOC)","Aquatic Life Integrity"
"11113300","New Hampshire","State","SALINITY","Aquatic Life Integrity"
"11113300","New Hampshire","State","LIGHT ATTENUATION COEFFICIENT","Aquatic Life Integrity"
"11113300","New Hampshire","State","ESTUARINE BIOASSESSMENTS","Aquatic Life Integrity"
"11113300","New Hampshire","State","CYANOBACTERIA HEPATOTOXIC MICROCYSTINS","Primary Contact Recreation"
"11113300","New Hampshire","State",NA,"Potential Drinking Water Supply"
"11113300","New Hampshire","State","ESCHERICHIA COLI (E. COLI)","Primary Contact Recreation"
"11113300","New Hampshire","State","ESCHERICHIA COLI (E. COLI)","Secondary Contact Recreation"
"11113300","New Hampshire","State","DIOXIN (INCLUDING 2,3,7,8-TCDD)","Fish Consumption"
"11113300","New Hampshire","State","TURBIDITY","Aquatic Life Integrity"
"11113300","New Hampshire","State","IRON","Potential Drinking Water Supply"
"11113300","New Hampshire","State","ZINC","Potential Drinking Water Supply"
"11113300","New Hampshire","State","ZINC","Fish Consumption"
"11113300","New Hampshire","State","COPPER","Potential Drinking Water Supply"
"11113300","New Hampshire","State","COPPER","Fish Consumption"
"11113300","New Hampshire","State","NICKEL","Potential Drinking Water Supply"
"11113300","New Hampshire","State","NICKEL","Fish Consumption"
"11113300","New Hampshire","State","ARSENIC","Potential Drinking Water Supply"
"11113300","New Hampshire","State","ARSENIC","Fish Consumption"
"11113300","New Hampshire","State","SELENIUM","Aquatic Life Integrity"
"11113300","New Hampshire","State","SELENIUM","Potential Drinking Water Supply"
"11113300","New Hampshire","State","SELENIUM","Fish Consumption"
"11113300","New Hampshire","State","MANGANESE","Potential Drinking Water Supply"
"11113300","New Hampshire","State","MANGANESE","Fish Consumption"
"11113300","New Hampshire","State","ALKALINITY","Aquatic Life Integrity"
"11113300","New Hampshire","State","SULFATE","Potential Drinking Water Supply"
"11113300","New Hampshire","State","CHLORIDE","Aquatic Life Integrity"
"11113300","New Hampshire","State","BIOCHEMICAL OXYGEN DEMAND (BOD)","Aquatic Life Integrity"
"11113300","New Hampshire","State","MERCURY","Potential Drinking Water Supply"
"11113300","New Hampshire","State","NON-NATIVE AQUATIC PLANTS","Aquatic Life Integrity"
"11113300","New Hampshire","State","PHOSPHORUS, TOTAL","Aquatic Life Integrity"
"11113300","New Hampshire","State","NAPHTHALENE","Potential Drinking Water Supply"
"11113300","New Hampshire","State","METHYL BROMIDE","Potential Drinking Water Supply"
"11113300","New Hampshire","State","METHYL BROMIDE","Fish Consumption"
"11113300","New Hampshire","State","CARBON DISULFIDE","Potential Drinking Water Supply"
"11113300","New Hampshire","State","1,2-DICHLOROETHANE","Aquatic Life Integrity"
"11113300","New Hampshire","State","1,2-DICHLOROETHANE","Potential Drinking Water Supply"
"11113300","New Hampshire","State","1,2-DICHLOROETHANE","Fish Consumption"
"11113300","New Hampshire","State","ETHELYNE DIBROMIDE","Potential Drinking Water Supply"
"11113300","New Hampshire","State","1,2-DICHLOROPROPANE","Potential Drinking Water Supply"
"11113300","New Hampshire","State","1,2-DICHLOROPROPANE","Fish Consumption"
"11113300","New Hampshire","State","1,2-DIBROMO-3-CHLOROPROPANE","Potential Drinking Water Supply"
"11113300","New Hampshire","State","CUMENE","Potential Drinking Water Supply"
"11113300","New Hampshire","State","ACETONE","Potential Drinking Water Supply"
"11113300","New Hampshire","State","BENZENE","Aquatic Life Integrity"
"11113300","New Hampshire","State","BENZENE","Potential Drinking Water Supply"
"11113300","New Hampshire","State","BENZENE","Fish Consumption"
"11113300","New Hampshire","State","STYRENE","Potential Drinking Water Supply"
"11113300","New Hampshire","State","TOLUENE","Aquatic Life Integrity"
"11113300","New Hampshire","State","TOLUENE","Potential Drinking Water Supply"
"11113300","New Hampshire","State","TOLUENE","Fish Consumption"
"11113300","New Hampshire","State","BROMOFORM","Potential Drinking Water Supply"
"11113300","New Hampshire","State","BROMOFORM","Fish Consumption"
"11113300","New Hampshire","State","CHLOROFORM","Aquatic Life Integrity"
"11113300","New Hampshire","State","CHLOROFORM","Potential Drinking Water Supply"
"11113300","New Hampshire","State","CHLOROFORM","Fish Consumption"
"11113300","New Hampshire","State","ETHYLBENZENE","Aquatic Life Integrity"
"11113300","New Hampshire","State","ETHYLBENZENE","Potential Drinking Water Supply"
"11113300","New Hampshire","State","ETHYLBENZENE","Fish Consumption"
"11113300","New Hampshire","State","VINYL CHLORIDE","Potential Drinking Water Supply"
"11113300","New Hampshire","State","VINYL CHLORIDE","Fish Consumption"
"11113300","New Hampshire","State","DICHLOROMETHANE","Potential Drinking Water Supply"
"11113300","New Hampshire","State","DICHLOROMETHANE","Fish Consumption"
"11113300","New Hampshire","State","METHYL CHLORIDE","Potential Drinking Water Supply"
"11113300","New Hampshire","State","M-DICHLOROBENZENE","Potential Drinking Water Supply"
"11113300","New Hampshire","State","M-DICHLOROBENZENE","Fish Consumption"
"11113300","New Hampshire","State","O-DICHLOROBENZENE","Potential Drinking Water Supply"
"11113300","New Hampshire","State","O-DICHLOROBENZENE","Fish Consumption"
"11113300","New Hampshire","State","P-DICHLOROBENZENE","Potential Drinking Water Supply"
"11113300","New Hampshire","State","P-DICHLOROBENZENE","Fish Consumption"
"11113300","New Hampshire","State","1,1-DICHLOROETHANE","Potential Drinking Water Supply"
"11113300","New Hampshire","State","TERT-BUTYL ALCOHOL","Potential Drinking Water Supply"
"11113300","New Hampshire","State","HEXACHLOROBUTADIENE","Aquatic Life Integrity"
"11113300","New Hampshire","State","HEXACHLOROBUTADIENE","Potential Drinking Water Supply"
"11113300","New Hampshire","State","HEXACHLOROBUTADIENE","Fish Consumption"
"11113300","New Hampshire","State","METHYL ETHYL KETONE","Potential Drinking Water Supply"
"11113300","New Hampshire","State","TETRACHLOROETHYLENE","Aquatic Life Integrity"
"11113300","New Hampshire","State","TETRACHLOROETHYLENE","Potential Drinking Water Supply"
"11113300","New Hampshire","State","TETRACHLOROETHYLENE","Fish Consumption"
"11113300","New Hampshire","State","VINYLIDENE CHLORIDE","Potential Drinking Water Supply"
"11113300","New Hampshire","State","VINYLIDENE CHLORIDE","Fish Consumption"
"11113300","New Hampshire","State","CARBON TETRACHLORIDE","Aquatic Life Integrity"
"11113300","New Hampshire","State","CARBON TETRACHLORIDE","Potential Drinking Water Supply"
"11113300","New Hampshire","State","CARBON TETRACHLORIDE","Fish Consumption"
"11113300","New Hampshire","State","CHLOROBENZENE (MONO)","Potential Drinking Water Supply"
"11113300","New Hampshire","State","CHLOROBENZENE (MONO)","Fish Consumption"
"11113300","New Hampshire","State","CHLORODIBROMOMETHANE","Potential Drinking Water Supply"
"11113300","New Hampshire","State","CHLORODIBROMOMETHANE","Fish Consumption"
"11113300","New Hampshire","State","DICHLOROBROMOMETHANE","Potential Drinking Water Supply"
"11113300","New Hampshire","State","DICHLOROBROMOMETHANE","Fish Consumption"
"11113300","New Hampshire","State","1,1,1-TRICHLOROETHANE","Potential Drinking Water Supply"
"11113300","New Hampshire","State","1,1,2-TRICHLOROETHANE","Aquatic Life Integrity"
"11113300","New Hampshire","State","1,1,2-TRICHLOROETHANE","Potential Drinking Water Supply"
"11113300","New Hampshire","State","1,1,2-TRICHLOROETHANE","Fish Consumption"
"11113300","New Hampshire","State","1,2,4-TRICHLOROBENZENE","Potential Drinking Water Supply"
"11113300","New Hampshire","State","1,2,4-TRICHLOROBENZENE","Fish Consumption"
"11113300","New Hampshire","State","1,2,4-TRIMETHYLBENZENE","Potential Drinking Water Supply"
"11113300","New Hampshire","State","METHYL ISOBUTYL KETONE","Potential Drinking Water Supply"
"11113300","New Hampshire","State","DICHLORODIFLUOROMETHANE","Potential Drinking Water Supply"
"11113300","New Hampshire","State","DICHLORODIFLUOROMETHANE","Fish Consumption"
"11113300","New Hampshire","State","TRICHLOROETHYLENE (TCE)","Aquatic Life Integrity"
"11113300","New Hampshire","State","TRICHLOROETHYLENE (TCE)","Potential Drinking Water Supply"
"11113300","New Hampshire","State","TRICHLOROETHYLENE (TCE)","Fish Consumption"
"11113300","New Hampshire","State","CIS-1,2-DICHLOROETHYLENE","Potential Drinking Water Supply"
"11113300","New Hampshire","State","1,1,1,2-TETRACHLOROETHANE","Potential Drinking Water Supply"
"11113300","New Hampshire","State","1,1,2,2-TETRACHLOROETHANE","Aquatic Life Integrity"
"11113300","New Hampshire","State","1,1,2,2-TETRACHLOROETHANE","Potential Drinking Water Supply"
"11113300","New Hampshire","State","1,1,2,2-TETRACHLOROETHANE","Fish Consumption"
"11113300","New Hampshire","State","TRANS-1,2-DICHLOROETHYLENE","Potential Drinking Water Supply"
"11113300","New Hampshire","State","TRANS-1,2-DICHLOROETHYLENE","Fish Consumption"
"11113300","New Hampshire","State","TRICHLOROFLUOROMETHANE (CFC-11)","Potential Drinking Water Supply"
"11113300","New Hampshire","State","TRICHLOROFLUOROMETHANE (CFC-11)","Fish Consumption"
"11113300","New Hampshire","State","METHYL TERTIARY-BUTYL ETHER (MTBE)","Potential Drinking Water Supply"
"11113300","New Hampshire","State","BENTHIC MACROINVERTEBRATES BIOASSESSMENTS","Aquatic Life Integrity"
"11113300","New Hampshire","State","BARIUM","Aquatic Life Integrity"
"11113300","New Hampshire","State","SEDIMENTATION/SILTATION","Aquatic Life Integrity"
"11113300","New Hampshire","State","SEDIMENTATION/SILTATION","Secondary Contact Recreation"
"11113300","New Hampshire","State","BARIUM","Potential Drinking Water Supply"
"11113300","New Hampshire","State","ANTIMONY","Potential Drinking Water Supply"
"11113300","New Hampshire","State","ANTIMONY","Fish Consumption"
"11113300","New Hampshire","State","FLUORIDE","Potential Drinking Water Supply"
"11113300","New Hampshire","State","SILVER","Potential Drinking Water Supply"
"11113300","New Hampshire","State","SILVER","Fish Consumption"
"11113300","New Hampshire","State","BERYLLIUM","Aquatic Life Integrity"
"11113300","New Hampshire","State","BERYLLIUM","Potential Drinking Water Supply"
"11113300","New Hampshire","State","CHLOROPHENOXY HERBICIDES (2,4-D)","Potential Drinking Water Supply"
"11113300","New Hampshire","State","PHOSPHORUS, TOTAL","Primary Contact Recreation"
"11113300","New Hampshire","State","GLYPHOSATE","Potential Drinking Water Supply"
"11113300","New Hampshire","State","FISH BIOASSESSMENTS","Aquatic Life Integrity"
"11113300","New Hampshire","State","FLOW REGIME MODIFICATION","Aquatic Life Integrity"
"11113300","New Hampshire","State","NON-NATIVE FISH/SHELLFISH/ZOOPLANKTON","Aquatic Life Integrity"
"11113300","New Hampshire","State","ENDOTHALL","Potential Drinking Water Supply"
"11113300","New Hampshire","State","HEPTACHLOR","Aquatic Life Integrity"
"11113300","New Hampshire","State","MANGANESE","Aquatic Life Integrity"
"11113300","New Hampshire","State","MERCURY","Fish Consumption"
"11113300","New Hampshire","State","THALLIUM","Aquatic Life Integrity"
"11113300","New Hampshire","State","THALLIUM","Potential Drinking Water Supply"
"11113300","New Hampshire","State","THALLIUM","Fish Consumption"
"11113300","New Hampshire","State","TRASH","Primary Contact Recreation"
"11113300","New Hampshire","State","HABITAT ASSESSMENT","Aquatic Life Integrity"
"11113300","New Hampshire","State","DIBUTYL PHTHALATE","Potential Drinking Water Supply"
"11113300","New Hampshire","State","DIBUTYL PHTHALATE","Fish Consumption"
"11113300","New Hampshire","State","CHLORINE, RESIDUAL (CHLORINE DEMAND)","Aquatic Life Integrity"
"11113300","New Hampshire","State","CHEMICAL OXYGEN DEMAND (COD)","Aquatic Life Integrity"
"11113300","New Hampshire","State","1,4-DIOXANE","Potential Drinking Water Supply"
"11113300","New Hampshire","State","DICHLOROBENZENE (MIXED ISOMERS)","Aquatic Life Integrity"
"11113300","New Hampshire","State","DEHP (DI-SEC-OCTYL PHTHALATE)","Potential Drinking Water Supply"
"11113300","New Hampshire","State","DEHP (DI-SEC-OCTYL PHTHALATE)","Fish Consumption"
"11113300","New Hampshire","State","ALDRIN","Aquatic Life Integrity"
"11113300","New Hampshire","State","ALDRIN","Potential Drinking Water Supply"
"11113300","New Hampshire","State","ALDRIN","Fish Consumption"
"11113300","New Hampshire","State","ENDRIN","Potential Drinking Water Supply"
"11113300","New Hampshire","State","ENDRIN","Fish Consumption"
"11113300","New Hampshire","State","LINDANE","Potential Drinking Water Supply"
"11113300","New Hampshire","State","LINDANE","Fish Consumption"
"11113300","New Hampshire","State","4,4'-DDD","Potential Drinking Water Supply"
"11113300","New Hampshire","State","4,4'-DDD","Fish Consumption"
"11113300","New Hampshire","State","4,4'-DDE","Potential Drinking Water Supply"
"11113300","New Hampshire","State","4,4'-DDE","Fish Consumption"
"11113300","New Hampshire","State","4,4'-DDT","Potential Drinking Water Supply"
"11113300","New Hampshire","State","4,4'-DDT","Fish Consumption"
"11113300","New Hampshire","State","BETA-BHC","Potential Drinking Water Supply"
"11113300","New Hampshire","State","BETA-BHC","Fish Consumption"
"11113300","New Hampshire","State","DIELDRIN","Potential Drinking Water Supply"
"11113300","New Hampshire","State","DIELDRIN","Fish Consumption"
"11113300","New Hampshire","State","ALPHA-BHC","Potential Drinking Water Supply"
"11113300","New Hampshire","State","ALPHA-BHC","Fish Consumption"
"11113300","New Hampshire","State","CHLORDANE","Aquatic Life Integrity"
"11113300","New Hampshire","State","CHLORDANE","Potential Drinking Water Supply"
"11113300","New Hampshire","State","CHLORDANE","Fish Consumption"
"11113300","New Hampshire","State","DELTA-BHC","Potential Drinking Water Supply"
"11113300","New Hampshire","State","DELTA-BHC","Fish Consumption"
"11113300","New Hampshire","State","TOXAPHENE","Potential Drinking Water Supply"
"11113300","New Hampshire","State","TOXAPHENE","Fish Consumption"
"11113300","New Hampshire","State","HEPTACHLOR","Potential Drinking Water Supply"
"11113300","New Hampshire","State","HEPTACHLOR","Fish Consumption"
"11113300","New Hampshire","State","METHOXYCHLOR","Aquatic Life Integrity"
"11113300","New Hampshire","State","METHOXYCHLOR","Potential Drinking Water Supply"
"11113300","New Hampshire","State","ENDRIN ALDEHYDE","Potential Drinking Water Supply"
"11113300","New Hampshire","State","ENDRIN ALDEHYDE","Fish Consumption"
"11113300","New Hampshire","State","ENDOSULFAN SULFATE","Potential Drinking Water Supply"
"11113300","New Hampshire","State","ENDOSULFAN SULFATE","Fish Consumption"
"11113300","New Hampshire","State","HEPTACHLOR EPOXIDE","Aquatic Life Integrity"
"11113300","New Hampshire","State","HEPTACHLOR EPOXIDE","Potential Drinking Water Supply"
"11113300","New Hampshire","State","HEPTACHLOR EPOXIDE","Fish Consumption"
"11113300","New Hampshire","State","BETA-ENDOSULFAN (ENDOSULFAN 2)","Potential Drinking Water Supply"
"11113300","New Hampshire","State","BETA-ENDOSULFAN (ENDOSULFAN 2)","Fish Consumption"
"11113300","New Hampshire","State","ALPHA-ENDOSULFAN (ENDOSULFAN 1)","Potential Drinking Water Supply"
"11113300","New Hampshire","State","ALPHA-ENDOSULFAN (ENDOSULFAN 1)","Fish Consumption"
"11113300","New Hampshire","State","CHLORPYRIFOS","Aquatic Life Integrity"
"11113300","New Hampshire","State","METOLACHLOR","Potential Drinking Water Supply"
"11113300","New Hampshire","State","CHROMIUM, TOTAL","Aquatic Life Integrity"
"11113300","New Hampshire","State","2-METHYLNAPHTHALENE","Potential Drinking Water Supply"
"11113300","New Hampshire","State","PYRENE","Potential Drinking Water Supply"
"11113300","New Hampshire","State","PYRENE","Fish Consumption"
"11113300","New Hampshire","State","CHRYSENE","Potential Drinking Water Supply"
"11113300","New Hampshire","State","CHRYSENE","Fish Consumption"
"11113300","New Hampshire","State","FLUORENE","Potential Drinking Water Supply"
"11113300","New Hampshire","State","FLUORENE","Fish Consumption"
"11113300","New Hampshire","State","ANTHRACENE","Potential Drinking Water Supply"
"11113300","New Hampshire","State","ANTHRACENE","Fish Consumption"
"11113300","New Hampshire","State","ACENAPHTHENE","Potential Drinking Water Supply"
"11113300","New Hampshire","State","ACENAPHTHENE","Fish Consumption"
"11113300","New Hampshire","State","FLUORANTHENE","Potential Drinking Water Supply"
"11113300","New Hampshire","State","PHENANTHRENE","Potential Drinking Water Supply"
"11113300","New Hampshire","State","ACENAPHTHYLENE","Potential Drinking Water Supply"
"11113300","New Hampshire","State","BENZO[A]ANTHRACENE","Potential Drinking Water Supply"
"11113300","New Hampshire","State","BENZO[A]ANTHRACENE","Fish Consumption"
"11113300","New Hampshire","State","BENZO[B]FLUORANTHENE","Potential Drinking Water Supply"
"11113300","New Hampshire","State","BENZO[B]FLUORANTHENE","Fish Consumption"
"11113300","New Hampshire","State","BENZO[G,H,I]PERYLENE","Potential Drinking Water Supply"
"11113300","New Hampshire","State","BENZO[K]FLUORANTHENE","Potential Drinking Water Supply"
"11113300","New Hampshire","State","BENZO[K]FLUORANTHENE","Fish Consumption"
"11113300","New Hampshire","State","BENZO[A]PYRENE (PAHS)","Potential Drinking Water Supply"
"11113300","New Hampshire","State","BENZO[A]PYRENE (PAHS)","Fish Consumption"
"11113300","New Hampshire","State","DIBENZ[A,H]ANTHRACENE","Potential Drinking Water Supply"
"11113300","New Hampshire","State","DIBENZ[A,H]ANTHRACENE","Fish Consumption"
"11113300","New Hampshire","State","INDENO[1,2,3-CD]PYRENE","Potential Drinking Water Supply"
"11113300","New Hampshire","State","INDENO[1,2,3-CD]PYRENE","Fish Consumption"
"11113300","New Hampshire","State","SEDIMENTATION/SILTATION","Primary Contact Recreation"
"11113300","New Hampshire","State",NA,"Wildlife"
"11113300","New Hampshire","State",NA,"Aquatic Life"
"11113300","New Hampshire","State",NA,"DRINKING WATER AFTER ADEQUATE TREATMENT"
"11113300","New Hampshire","State","ACROLEIN","Aquatic Life Integrity"
"11113300","New Hampshire","State","ACROLEIN","Potential Drinking Water Supply"
"11113300","New Hampshire","State","ACROLEIN","Fish Consumption"
"11113300","New Hampshire","State","ACRYLONITRILE","Aquatic Life Integrity"
"11113300","New Hampshire","State","ACRYLONITRILE","Potential Drinking Water Supply"
"11113300","New Hampshire","State","ACRYLONITRILE","Fish Consumption"
"11113300","New Hampshire","State","DINITRO-O-CRESOL","Potential Drinking Water Supply"
"11113300","New Hampshire","State","DINITRO-O-CRESOL","Fish Consumption"
"11113300","New Hampshire","State","2,4-DINITROPHENOL","Potential Drinking Water Supply"
"11113300","New Hampshire","State","2,4-DINITROPHENOL","Fish Consumption"
"11113300","New Hampshire","State","HEXACHLOROBENZENE","Potential Drinking Water Supply"
"11113300","New Hampshire","State","HEXACHLOROBENZENE","Fish Consumption"
"11113300","New Hampshire","State","DIMETHYL PHTHALATE","Potential Drinking Water Supply"
"11113300","New Hampshire","State","DIMETHYL PHTHALATE","Fish Consumption"
"11113300","New Hampshire","State","2,4,5-TRICHLOROPHENOL","Potential Drinking Water Supply"
"11113300","New Hampshire","State","2,4,5-TRICHLOROPHENOL","Fish Consumption"
"11113300","New Hampshire","State","PHENOL","Aquatic Life Integrity"
"11113300","New Hampshire","State","PHENOL","Potential Drinking Water Supply"
"11113300","New Hampshire","State","PHENOL","Fish Consumption"
"11113300","New Hampshire","State","BENZIDINE","Aquatic Life Integrity"
"11113300","New Hampshire","State","BENZIDINE","Potential Drinking Water Supply"
"11113300","New Hampshire","State","BENZIDINE","Fish Consumption"
"11113300","New Hampshire","State","ISOPHORONE","Aquatic Life Integrity"
"11113300","New Hampshire","State","ISOPHORONE","Potential Drinking Water Supply"
"11113300","New Hampshire","State","ISOPHORONE","Fish Consumption"
"11113300","New Hampshire","State","BENZOIC ACID","Potential Drinking Water Supply"
"11113300","New Hampshire","State","NITROBENZENE","Aquatic Life Integrity"
"11113300","New Hampshire","State","NITROBENZENE","Potential Drinking Water Supply"
"11113300","New Hampshire","State","NITROBENZENE","Fish Consumption"
"11113300","New Hampshire","State","2-CHLOROPHENOL","Aquatic Life Integrity"
"11113300","New Hampshire","State","2-CHLOROPHENOL","Potential Drinking Water Supply"
"11113300","New Hampshire","State","2-CHLOROPHENOL","Fish Consumption"
"11113300","New Hampshire","State","HEXACHLOROETHANE","Aquatic Life Integrity"
"11113300","New Hampshire","State","HEXACHLOROETHANE","Potential Drinking Water Supply"
"11113300","New Hampshire","State","HEXACHLOROETHANE","Fish Consumption"
"11113300","New Hampshire","State","DIETHYL PHTHALATE","Potential Drinking Water Supply"
"11113300","New Hampshire","State","DIETHYL PHTHALATE","Fish Consumption"
"11113300","New Hampshire","State","2,4-DICHLOROPHENOL","Aquatic Life Integrity"
"11113300","New Hampshire","State","2,4-DICHLOROPHENOL","Potential Drinking Water Supply"
"11113300","New Hampshire","State","2,4-DICHLOROPHENOL","Fish Consumption"
"11113300","New Hampshire","State","2,4-DIMETHYLPHENOL","Aquatic Life Integrity"
"11113300","New Hampshire","State","2,4-DIMETHYLPHENOL","Potential Drinking Water Supply"
"11113300","New Hampshire","State","2,4-DIMETHYLPHENOL","Fish Consumption"
"11113300","New Hampshire","State","2,4-DINITROTOLUENE","Potential Drinking Water Supply"
"11113300","New Hampshire","State","2,4-DINITROTOLUENE","Fish Consumption"
"11113300","New Hampshire","State","2-CHLORONAPHTHALENE","Potential Drinking Water Supply"
"11113300","New Hampshire","State","2-CHLORONAPHTHALENE","Fish Consumption"
"11113300","New Hampshire","State","2,4,6-TRICHLOROPHENOL","Aquatic Life Integrity"
"11113300","New Hampshire","State","2,4,6-TRICHLOROPHENOL","Potential Drinking Water Supply"
"11113300","New Hampshire","State","2,4,6-TRICHLOROPHENOL","Fish Consumption"
"11113300","New Hampshire","State","3,3'-DICHLOROBENZIDINE","Potential Drinking Water Supply"
"11113300","New Hampshire","State","3,3'-DICHLOROBENZIDINE","Fish Consumption"
"11113300","New Hampshire","State","BUTYL BENZYL PHTHALATE","Potential Drinking Water Supply"
"11113300","New Hampshire","State","BUTYL BENZYL PHTHALATE","Fish Consumption"
"11113300","New Hampshire","State","N-NITROSODIMETHYLAMINE","Potential Drinking Water Supply"
"11113300","New Hampshire","State","N-NITROSODIMETHYLAMINE","Fish Consumption"
"11113300","New Hampshire","State","N-NITROSODIPHENYLAMINE","Potential Drinking Water Supply"
"11113300","New Hampshire","State","N-NITROSODIPHENYLAMINE","Fish Consumption"
"11113300","New Hampshire","State","N-NITROSODIPROPYLAMINE","Potential Drinking Water Supply"
"11113300","New Hampshire","State","N-NITROSODIPROPYLAMINE","Fish Consumption"
"11113300","New Hampshire","State","PENTACHLOROPHENOL (PCP)","Aquatic Life Integrity"
"11113300","New Hampshire","State","PENTACHLOROPHENOL (PCP)","Potential Drinking Water Supply"
"11113300","New Hampshire","State","PENTACHLOROPHENOL (PCP)","Fish Consumption"
"11113300","New Hampshire","State","HEXACHLOROCYCLOPENTADIENE","Aquatic Life Integrity"
"11113300","New Hampshire","State","HEXACHLOROCYCLOPENTADIENE","Potential Drinking Water Supply"
"11113300","New Hampshire","State","HEXACHLOROCYCLOPENTADIENE","Fish Consumption"
"11113300","New Hampshire","State","O-CRESOL (2-METHYLPHENOL)","Potential Drinking Water Supply"
"11113300","New Hampshire","State","2,2'-DICHLORODIETHYL ETHER","Potential Drinking Water Supply"
"11113300","New Hampshire","State","2,2'-DICHLORODIETHYL ETHER","Fish Consumption"
"11113300","New Hampshire","State","2,2'-DICHLORODIISOPROPYL ETHER","Potential Drinking Water Supply"
"11113300","New Hampshire","State","4-CHLORO-3-METHYLPHENOL (3-METHYL-4-CHLOROPHENOL)","Aquatic Life Integrity"
"11113300","New Hampshire","State","4-CHLORO-3-METHYLPHENOL (3-METHYL-4-CHLOROPHENOL)","Potential Drinking Water Supply"
"11113300","New Hampshire","State","4-CHLORO-3-METHYLPHENOL (3-METHYL-4-CHLOROPHENOL)","Fish Consumption"
"11113300","New Hampshire","State","CYANIDE","Aquatic Life Integrity"
"11113300","New Hampshire","State","CYANIDE","Potential Drinking Water Supply"
"11113300","New Hampshire","State","CYANIDE","Fish Consumption"
"11113300","New Hampshire","State","ATRAZINE","Potential Drinking Water Supply"
"11113300","New Hampshire","State","PHYSICAL SUBSTRATE HABITAT ALTERATIONS","Aquatic Life Integrity"
"11113300","New Hampshire","State","SCUM/FOAM","Primary Contact Recreation"
"11113300","New Hampshire","State","SCUM/FOAM","Secondary Contact Recreation"
"11113300","New Hampshire","State","ODOR","Primary Contact Recreation"
"11113300","New Hampshire","State","ODOR","Secondary Contact Recreation"
"11113300","New Hampshire","State","GUTHION","Aquatic Life Integrity"
"11113300","New Hampshire","State","DIAZINON","Aquatic Life Integrity"
"11113300","New Hampshire","State","CREOSOTE","Primary Contact Recreation"
"11113300","New Hampshire","State","XYLENE","Potential Drinking Water Supply"
"11113300","New Hampshire","State","INVASIVE AQUATIC ALGAE","Aquatic Life Integrity"
"11113300","New Hampshire","State","MALATHION","Aquatic Life Integrity"
"11113300","New Hampshire","State","PARATHION","Aquatic Life Integrity"
"11113300","New Hampshire","State","ZINC","Shellfish Consumption"
"11113300","New Hampshire","State","COPPER","Shellfish Consumption"
"11113300","New Hampshire","State","NICKEL","Shellfish Consumption"
"11113300","New Hampshire","State","TOTAL ORGANIC CARBON (TOC)","Aquatic Life Integrity"
"11113300","New Hampshire","State","ALGAE","Primary Contact Recreation"
"USVIST","US Virgin Islands","State",NA,"Aquatic Life Use"
"USVIST","US Virgin Islands","State",NA,"Primary Contact Recreation"
"USVIST","US Virgin Islands","State","NITROGEN","Aquatic Life Use"
"USVIST","US Virgin Islands","State","ENTEROCOCCUS","Primary Contact Recreation"
"USVIST","US Virgin Islands","State","TURBIDITY","Aquatic Life Use"
"USVIST","US Virgin Islands","State","PH","Aquatic Life Use"
"USVIST","US Virgin Islands","State","DISSOLVED OXYGEN","Aquatic Life Use"
"USVIST","US Virgin Islands","State","DISSOLVED OXYGEN","Primary Contact Recreation"
"USVIST","US Virgin Islands","State","PHOSPHORUS","Aquatic Life Use"
"USVIST","US Virgin Islands","State","FECAL COLIFORM","Primary Contact Recreation"
"USVIST","US Virgin Islands","State","TRANSPARENCY / CLARITY","Aquatic Life Use"
"USVIST","US Virgin Islands","State","ENTEROCOCCUS","Aquatic Life Use"
"USVIST","US Virgin Islands","State","FECAL COLIFORM","Aquatic Life Use"
"USVIST","US Virgin Islands","State","TEMPERATURE","Aquatic Life Use"
"USVIST","US Virgin Islands","State","CHRONIC TOXICITY","Aquatic Life Use"
"USVIST","US Virgin Islands","State","OIL AND GREASE","Aquatic Life Use"
"USVIST","US Virgin Islands","State","OIL AND GREASE","Primary Contact Recreation"
"21ARIZ","Arizona","State","AMMONIA-NITROGEN","Aquatic and Wildlife (Coldwater Fishery)"
"21ARIZ","Arizona","State","MERCURY","Agricultural Livestock Watering"
"21ARIZ","Arizona","State","MERCURY","Aquatic and Wildlife (Coldwater Fishery)"
"21ARIZ","Arizona","State","MERCURY","Full Body Contact"
"21ARIZ","Arizona","State","MERCURY","Domestic Water Source"
"21ARIZ","Arizona","State","SEDIMENTATION/SILTATION","Aquatic and Wildlife (Coldwater Fishery)"
"21ARIZ","Arizona","State","NITRATE/NITRITE (NITRITE + NITRATE AS N)","Domestic Water Source"
"21ARIZ","Arizona","State","ESCHERICHIA COLI (E. COLI)","Full Body Contact"
"21ARIZ","Arizona","State","BARIUM","Full Body Contact"
"21ARIZ","Arizona","State","BARIUM","Domestic Water Source"
"21ARIZ","Arizona","State","URANIUM","Full Body Contact"
"21ARIZ","Arizona","State","URANIUM","Domestic Water Source"
"21ARIZ","Arizona","State","BORON","Agricultural Irrigation"
"21ARIZ","Arizona","State","BORON","Full Body Contact"
"21ARIZ","Arizona","State","BORON","Domestic Water Source"
"21ARIZ","Arizona","State","ANTIMONY","Agricultural Irrigation"
"21ARIZ","Arizona","State","ANTIMONY","Agricultural Livestock Watering"
"21ARIZ","Arizona","State","ANTIMONY","Aquatic and Wildlife (Coldwater Fishery)"
"21ARIZ","Arizona","State","ANTIMONY","Full Body Contact"
"21ARIZ","Arizona","State","ANTIMONY","Domestic Water Source"
"21ARIZ","Arizona","State","ANTIMONY","Fish Consumption"
"21ARIZ","Arizona","State","FLUORIDE","Full Body Contact"
"21ARIZ","Arizona","State","FLUORIDE","Domestic Water Source"
"21ARIZ","Arizona","State","IRON","Aquatic and Wildlife (Coldwater Fishery)"
"21ARIZ","Arizona","State","LEAD","Agricultural Irrigation"
"21ARIZ","Arizona","State","LEAD","Agricultural Livestock Watering"
"21ARIZ","Arizona","State","LEAD","Aquatic and Wildlife (Coldwater Fishery)"
"21ARIZ","Arizona","State","LEAD","Full Body Contact"
"21ARIZ","Arizona","State","LEAD","Domestic Water Source"
"21ARIZ","Arizona","State","ZINC","Agricultural Irrigation"
"21ARIZ","Arizona","State","ZINC","Agricultural Livestock Watering"
"21ARIZ","Arizona","State","ZINC","Aquatic and Wildlife (Coldwater Fishery)"
"21ARIZ","Arizona","State","ZINC","Full Body Contact"
"21ARIZ","Arizona","State","ZINC","Domestic Water Source"
"21ARIZ","Arizona","State","ZINC","Fish Consumption"
"21ARIZ","Arizona","State","COPPER","Agricultural Irrigation"
"21ARIZ","Arizona","State","COPPER","Agricultural Livestock Watering"
"21ARIZ","Arizona","State","COPPER","Aquatic and Wildlife (Coldwater Fishery)"
"21ARIZ","Arizona","State","COPPER","Full Body Contact"
"21ARIZ","Arizona","State","COPPER","Domestic Water Source"
"21ARIZ","Arizona","State","NICKEL","Aquatic and Wildlife (Coldwater Fishery)"
"21ARIZ","Arizona","State","NICKEL","Full Body Contact"
"21ARIZ","Arizona","State","NICKEL","Domestic Water Source"
"21ARIZ","Arizona","State","NICKEL","Fish Consumption"
"21ARIZ","Arizona","State","SILVER","Aquatic and Wildlife (Coldwater Fishery)"
"21ARIZ","Arizona","State","SILVER","Full Body Contact"
"21ARIZ","Arizona","State","SILVER","Domestic Water Source"
"21ARIZ","Arizona","State","SILVER","Fish Consumption"
"21ARIZ","Arizona","State","ARSENIC","Agricultural Irrigation"
"21ARIZ","Arizona","State","ARSENIC","Agricultural Livestock Watering"
"21ARIZ","Arizona","State","ARSENIC","Aquatic and Wildlife (Coldwater Fishery)"
"21ARIZ","Arizona","State","ARSENIC","Full Body Contact"
"21ARIZ","Arizona","State","ARSENIC","Domestic Water Source"
"21ARIZ","Arizona","State","ARSENIC","Fish Consumption"
"21ARIZ","Arizona","State","CADMIUM","Agricultural Irrigation"
"21ARIZ","Arizona","State","CADMIUM","Agricultural Livestock Watering"
"21ARIZ","Arizona","State","CADMIUM","Aquatic and Wildlife (Coldwater Fishery)"
"21ARIZ","Arizona","State","CADMIUM","Full Body Contact"
"21ARIZ","Arizona","State","CADMIUM","Domestic Water Source"
"21ARIZ","Arizona","State","CADMIUM","Fish Consumption"
"21ARIZ","Arizona","State","CHROMIUM","Agricultural Irrigation"
"21ARIZ","Arizona","State","CHROMIUM","Agricultural Livestock Watering"
"21ARIZ","Arizona","State","CHROMIUM","Aquatic and Wildlife (Coldwater Fishery)"
"21ARIZ","Arizona","State","CHROMIUM","Full Body Contact"
"21ARIZ","Arizona","State","CHROMIUM","Domestic Water Source"
"21ARIZ","Arizona","State","SELENIUM","Agricultural Irrigation"
"21ARIZ","Arizona","State","SELENIUM","Agricultural Livestock Watering"
"21ARIZ","Arizona","State","SELENIUM","Aquatic and Wildlife (Coldwater Fishery)"
"21ARIZ","Arizona","State","SELENIUM","Full Body Contact"
"21ARIZ","Arizona","State","SELENIUM","Domestic Water Source"
"21ARIZ","Arizona","State","SELENIUM","Fish Consumption"
"21ARIZ","Arizona","State","THALLIUM","Aquatic and Wildlife (Coldwater Fishery)"
"21ARIZ","Arizona","State","THALLIUM","Full Body Contact"
"21ARIZ","Arizona","State","THALLIUM","Domestic Water Source"
"21ARIZ","Arizona","State","THALLIUM","Fish Consumption"
"21ARIZ","Arizona","State","BERYLLIUM","Aquatic and Wildlife (Coldwater Fishery)"
"21ARIZ","Arizona","State","BERYLLIUM","Full Body Contact"
"21ARIZ","Arizona","State","BERYLLIUM","Domestic Water Source"
"21ARIZ","Arizona","State","BERYLLIUM","Fish Consumption"
"21ARIZ","Arizona","State","MANGANESE","Agricultural Irrigation"
"21ARIZ","Arizona","State","MANGANESE","Full Body Contact"
"21ARIZ","Arizona","State","MANGANESE","Domestic Water Source"
"21ARIZ","Arizona","State","PH","Agricultural Irrigation"
"21ARIZ","Arizona","State","PH","Agricultural Livestock Watering"
"21ARIZ","Arizona","State","PH","Aquatic and Wildlife (Coldwater Fishery)"
"21ARIZ","Arizona","State","PH","Full Body Contact"
"21ARIZ","Arizona","State","PH","Domestic Water Source"
"21ARIZ","Arizona","State","DISSOLVED OXYGEN","Aquatic and Wildlife (Coldwater Fishery)"
"21ARIZ","Arizona","State","AMMONIA-NITROGEN","Aquatic and Wildlife (Warmwater Fishery)"
"21ARIZ","Arizona","State","MERCURY","Aquatic and Wildlife (Warmwater Fishery)"
"21ARIZ","Arizona","State","SEDIMENTATION/SILTATION","Aquatic and Wildlife (Warmwater Fishery)"
"21ARIZ","Arizona","State","ANTIMONY","Aquatic and Wildlife (Warmwater Fishery)"
"21ARIZ","Arizona","State","IRON","Aquatic and Wildlife (Warmwater Fishery)"
"21ARIZ","Arizona","State","LEAD","Aquatic and Wildlife (Warmwater Fishery)"
"21ARIZ","Arizona","State","ZINC","Aquatic and Wildlife (Warmwater Fishery)"
"21ARIZ","Arizona","State","COPPER","Aquatic and Wildlife (Warmwater Fishery)"
"21ARIZ","Arizona","State","NICKEL","Aquatic and Wildlife (Warmwater Fishery)"
"21ARIZ","Arizona","State","SILVER","Aquatic and Wildlife (Warmwater Fishery)"
"21ARIZ","Arizona","State","ARSENIC","Aquatic and Wildlife (Warmwater Fishery)"
"21ARIZ","Arizona","State","CADMIUM","Aquatic and Wildlife (Warmwater Fishery)"
"21ARIZ","Arizona","State","CHROMIUM","Aquatic and Wildlife (Warmwater Fishery)"
"21ARIZ","Arizona","State","SELENIUM","Aquatic and Wildlife (Warmwater Fishery)"
"21ARIZ","Arizona","State","THALLIUM","Aquatic and Wildlife (Warmwater Fishery)"
"21ARIZ","Arizona","State","BERYLLIUM","Aquatic and Wildlife (Warmwater Fishery)"
"21ARIZ","Arizona","State","PH","Aquatic and Wildlife (Warmwater Fishery)"
"21ARIZ","Arizona","State","DISSOLVED OXYGEN","Aquatic and Wildlife (Warmwater Fishery)"
"21ARIZ","Arizona","State","NAPHTHALENE","Aquatic and Wildlife (Warmwater Fishery)"
"21ARIZ","Arizona","State","NAPHTHALENE","Full Body Contact"
"21ARIZ","Arizona","State","NAPHTHALENE","Fish Consumption"
"21ARIZ","Arizona","State","PHENOL","Aquatic and Wildlife (Warmwater Fishery)"
"21ARIZ","Arizona","State","PHENOL","Full Body Contact"
"21ARIZ","Arizona","State","PHENOL","Fish Consumption"
"21ARIZ","Arizona","State","PYRENE","Full Body Contact"
"21ARIZ","Arizona","State","PYRENE","Fish Consumption"
"21ARIZ","Arizona","State","ISOPHORONE","Aquatic and Wildlife (Warmwater Fishery)"
"21ARIZ","Arizona","State","ISOPHORONE","Full Body Contact"
"21ARIZ","Arizona","State","ISOPHORONE","Fish Consumption"
"21ARIZ","Arizona","State","FLUORANTHENE","Aquatic and Wildlife (Warmwater Fishery)"
"21ARIZ","Arizona","State","FLUORANTHENE","Full Body Contact"
"21ARIZ","Arizona","State","FLUORANTHENE","Fish Consumption"
"21ARIZ","Arizona","State","PHENANTHRENE","Aquatic and Wildlife (Warmwater Fishery)"
"21ARIZ","Arizona","State","CHLOROBENZENE (MONO)","Aquatic and Wildlife (Warmwater Fishery)"
"21ARIZ","Arizona","State","CHLOROBENZENE (MONO)","Full Body Contact"
"21ARIZ","Arizona","State","CHLOROBENZENE (MONO)","Fish Consumption"
"21ARIZ","Arizona","State",NA,"Agricultural Livestock Watering"
"21ARIZ","Arizona","State",NA,"Aquatic and Wildlife (Warmwater Fishery)"
"21ARIZ","Arizona","State",NA,"Full Body Contact"
"21ARIZ","Arizona","State",NA,"Domestic Water Source"
"21ARIZ","Arizona","State",NA,"Fish Consumption"
"21ARIZ","Arizona","State","DIELDRIN","Agricultural Irrigation"
"21ARIZ","Arizona","State","DIELDRIN","Aquatic and Wildlife (Warmwater Fishery)"
"21ARIZ","Arizona","State","DIELDRIN","Full Body Contact"
"21ARIZ","Arizona","State","DIELDRIN","Fish Consumption"
"21ARIZ","Arizona","State","ENDOSULFAN","Aquatic and Wildlife (Warmwater Fishery)"
"21ARIZ","Arizona","State","ENDOSULFAN","Full Body Contact"
"21ARIZ","Arizona","State","ENDOSULFAN","Fish Consumption"
"21ARIZ","Arizona","State","ENDOSULFAN SULFATE","Aquatic and Wildlife (Warmwater Fishery)"
"21ARIZ","Arizona","State","ENDOSULFAN SULFATE","Full Body Contact"
"21ARIZ","Arizona","State","ENDOSULFAN SULFATE","Fish Consumption"
"21ARIZ","Arizona","State",NA,"Agricultural Irrigation"
"21ARIZ","Arizona","State","NITROGEN","Aquatic and Wildlife (Coldwater Fishery)"
"21ARIZ","Arizona","State","PHOSPHORUS","Aquatic and Wildlife (Coldwater Fishery)"
"21ARIZ","Arizona","State",NA,"Aquatic and Wildlife (Coldwater Fishery)"
"21ARIZ","Arizona","State","MERCURY","Fish Consumption"
"21ARIZ","Arizona","State","DIELDRIN","Aquatic and Wildlife (Coldwater Fishery)"
"21ARIZ","Arizona","State","DIELDRIN","Domestic Water Source"
"21ARIZ","Arizona","State","ZINC","Partial Body Contact"
"21ARIZ","Arizona","State","PH","Partial Body Contact"
"21ARIZ","Arizona","State","ALDRIN","Aquatic and Wildlife (Warmwater Fishery)"
"21ARIZ","Arizona","State","ALDRIN","Full Body Contact"
"21ARIZ","Arizona","State","ENDRIN","Aquatic and Wildlife (Warmwater Fishery)"
"21ARIZ","Arizona","State","ENDRIN","Full Body Contact"
"21ARIZ","Arizona","State","ENDRIN","Domestic Water Source"
"21ARIZ","Arizona","State","ENDRIN","Fish Consumption"
"21ARIZ","Arizona","State","XYLENE","Full Body Contact"
"21ARIZ","Arizona","State","XYLENE","Domestic Water Source"
"21ARIZ","Arizona","State","TOXAPHENE","Aquatic and Wildlife (Warmwater Fishery)"
"21ARIZ","Arizona","State","TOXAPHENE","Full Body Contact"
"21ARIZ","Arizona","State","TOXAPHENE","Domestic Water Source"
"21ARIZ","Arizona","State","ENDOSULFAN","Domestic Water Source"
"21ARIZ","Arizona","State","HEPTACHLOR","Aquatic and Wildlife (Warmwater Fishery)"
"21ARIZ","Arizona","State","HEPTACHLOR","Full Body Contact"
"21ARIZ","Arizona","State","HEPTACHLOR","Domestic Water Source"
"21ARIZ","Arizona","State","NAPHTHALENE","Domestic Water Source"
"21ARIZ","Arizona","State","METHOXYCHLOR","Aquatic and Wildlife (Warmwater Fishery)"
"21ARIZ","Arizona","State","METHOXYCHLOR","Full Body Contact"
"21ARIZ","Arizona","State","METHOXYCHLOR","Domestic Water Source"
"21ARIZ","Arizona","State","METHYL BROMIDE","Aquatic and Wildlife (Warmwater Fishery)"
"21ARIZ","Arizona","State","METHYL BROMIDE","Full Body Contact"
"21ARIZ","Arizona","State","METHYL BROMIDE","Domestic Water Source"
"21ARIZ","Arizona","State","METHYL BROMIDE","Fish Consumption"
"21ARIZ","Arizona","State","ENDRIN ALDEHYDE","Aquatic and Wildlife (Warmwater Fishery)"
"21ARIZ","Arizona","State","1,2-DICHLOROETHANE","Aquatic and Wildlife (Warmwater Fishery)"
"21ARIZ","Arizona","State","1,2-DICHLOROETHANE","Full Body Contact"
"21ARIZ","Arizona","State","1,2-DICHLOROETHANE","Domestic Water Source"
"21ARIZ","Arizona","State","1,2-DICHLOROETHANE","Fish Consumption"
"21ARIZ","Arizona","State","ENDOSULFAN SULFATE","Domestic Water Source"
"21ARIZ","Arizona","State","HEPTACHLOR EPOXIDE","Aquatic and Wildlife (Warmwater Fishery)"
"21ARIZ","Arizona","State","HEPTACHLOR EPOXIDE","Full Body Contact"
"21ARIZ","Arizona","State","HEPTACHLOR EPOXIDE","Domestic Water Source"
"21ARIZ","Arizona","State","1,2-DICHLOROPROPANE","Aquatic and Wildlife (Warmwater Fishery)"
"21ARIZ","Arizona","State","1,2-DICHLOROPROPANE","Full Body Contact"
"21ARIZ","Arizona","State","1,2-DICHLOROPROPANE","Domestic Water Source"
"21ARIZ","Arizona","State","1,2-DICHLOROPROPANE","Fish Consumption"
"21ARIZ","Arizona","State","1,3-DICHLOROPROPENE","Aquatic and Wildlife (Warmwater Fishery)"
"21ARIZ","Arizona","State","1,3-DICHLOROPROPENE","Full Body Contact"
"21ARIZ","Arizona","State","1,3-DICHLOROPROPENE","Domestic Water Source"
"21ARIZ","Arizona","State","1,3-DICHLOROPROPENE","Fish Consumption"
"21ARIZ","Arizona","State","HEXACHLOROCYCLOHEXANE","Aquatic and Wildlife (Warmwater Fishery)"
"21ARIZ","Arizona","State","HEXACHLOROCYCLOHEXANE","Full Body Contact"
"21ARIZ","Arizona","State","HEXACHLOROCYCLOHEXANE","Domestic Water Source"
"21ARIZ","Arizona","State","HEXACHLOROCYCLOHEXANE","Fish Consumption"
"21ARIZ","Arizona","State","DDD (DICHLORODIPHENYLDICHLOROETHANE)","Aquatic and Wildlife (Warmwater Fishery)"
"21ARIZ","Arizona","State","DDD (DICHLORODIPHENYLDICHLOROETHANE)","Full Body Contact"
"21ARIZ","Arizona","State","DDD (DICHLORODIPHENYLDICHLOROETHANE)","Domestic Water Source"
"21ARIZ","Arizona","State","DDT (DICHLORODIPHENYLTRICHLOROETHANE)","Aquatic and Wildlife (Warmwater Fishery)"
"21ARIZ","Arizona","State","DDT (DICHLORODIPHENYLTRICHLOROETHANE)","Full Body Contact"
"21ARIZ","Arizona","State","DDT (DICHLORODIPHENYLTRICHLOROETHANE)","Domestic Water Source"
"21ARIZ","Arizona","State","DDE (DICHLORODIPHENYLDICHLOROETHYLENE)","Aquatic and Wildlife (Warmwater Fishery)"
"21ARIZ","Arizona","State","DDE (DICHLORODIPHENYLDICHLOROETHYLENE)","Full Body Contact"
"21ARIZ","Arizona","State","DDE (DICHLORODIPHENYLDICHLOROETHYLENE)","Domestic Water Source"
"21ARIZ","Arizona","State","BENZENE","Aquatic and Wildlife (Warmwater Fishery)"
"21ARIZ","Arizona","State","BENZENE","Full Body Contact"
"21ARIZ","Arizona","State","BENZENE","Domestic Water Source"
"21ARIZ","Arizona","State","BENZENE","Fish Consumption"
"21ARIZ","Arizona","State","STYRENE","Aquatic and Wildlife (Warmwater Fishery)"
"21ARIZ","Arizona","State","STYRENE","Full Body Contact"
"21ARIZ","Arizona","State","STYRENE","Domestic Water Source"
"21ARIZ","Arizona","State","TOLUENE","Aquatic and Wildlife (Warmwater Fishery)"
"21ARIZ","Arizona","State","TOLUENE","Full Body Contact"
"21ARIZ","Arizona","State","TOLUENE","Domestic Water Source"
"21ARIZ","Arizona","State","TOLUENE","Fish Consumption"
"21ARIZ","Arizona","State","CHLOROFORM","Aquatic and Wildlife (Warmwater Fishery)"
"21ARIZ","Arizona","State","CHLOROFORM","Full Body Contact"
"21ARIZ","Arizona","State","CHLOROFORM","Fish Consumption"
"21ARIZ","Arizona","State","ETHYLBENZENE","Aquatic and Wildlife (Warmwater Fishery)"
"21ARIZ","Arizona","State","ETHYLBENZENE","Full Body Contact"
"21ARIZ","Arizona","State","ETHYLBENZENE","Domestic Water Source"
"21ARIZ","Arizona","State","ETHYLBENZENE","Fish Consumption"
"21ARIZ","Arizona","State","CHLOROMETHANE","Aquatic and Wildlife (Warmwater Fishery)"
"21ARIZ","Arizona","State","BENZO[A]PYRENE","Full Body Contact"
"21ARIZ","Arizona","State","BENZO[A]PYRENE","Domestic Water Source"
"21ARIZ","Arizona","State","VINYL CHLORIDE","Full Body Contact"
"21ARIZ","Arizona","State","VINYL CHLORIDE","Domestic Water Source"
"21ARIZ","Arizona","State","VINYL CHLORIDE","Fish Consumption"
"21ARIZ","Arizona","State","1,2-DIBROMOETHANE","Full Body Contact"
"21ARIZ","Arizona","State","1,2-DIBROMOETHANE","Domestic Water Source"
"21ARIZ","Arizona","State","METHYLENE CHLORIDE","Aquatic and Wildlife (Warmwater Fishery)"
"21ARIZ","Arizona","State","METHYLENE CHLORIDE","Full Body Contact"
"21ARIZ","Arizona","State","METHYLENE CHLORIDE","Domestic Water Source"
"21ARIZ","Arizona","State","METHYLENE CHLORIDE","Fish Consumption"
"21ARIZ","Arizona","State","HEXACHLOROBUTADIENE","Aquatic and Wildlife (Warmwater Fishery)"
"21ARIZ","Arizona","State","HEXACHLOROBUTADIENE","Full Body Contact"
"21ARIZ","Arizona","State","HEXACHLOROBUTADIENE","Domestic Water Source"
"21ARIZ","Arizona","State","HEXACHLOROBUTADIENE","Fish Consumption"
"21ARIZ","Arizona","State","TETRACHLOROETHYLENE","Aquatic and Wildlife (Warmwater Fishery)"
"21ARIZ","Arizona","State","TETRACHLOROETHYLENE","Full Body Contact"
"21ARIZ","Arizona","State","TETRACHLOROETHYLENE","Domestic Water Source"
"21ARIZ","Arizona","State","TETRACHLOROETHYLENE","Fish Consumption"
"21ARIZ","Arizona","State","CARBON TETRACHLORIDE","Aquatic and Wildlife (Warmwater Fishery)"
"21ARIZ","Arizona","State","CARBON TETRACHLORIDE","Full Body Contact"
"21ARIZ","Arizona","State","CARBON TETRACHLORIDE","Domestic Water Source"
"21ARIZ","Arizona","State","CARBON TETRACHLORIDE","Fish Consumption"
"21ARIZ","Arizona","State","CHLOROBENZENE (MONO)","Domestic Water Source"
"21ARIZ","Arizona","State","CHLORODIBROMOMETHANE","Full Body Contact"
"21ARIZ","Arizona","State","CHLORODIBROMOMETHANE","Fish Consumption"
"21ARIZ","Arizona","State","DICHLOROBROMOMETHANE","Fish Consumption"
"21ARIZ","Arizona","State","TRICHLOROETHYLENE (TCE)","Aquatic and Wildlife (Warmwater Fishery)"
"21ARIZ","Arizona","State","TRICHLOROETHYLENE (TCE)","Full Body Contact"
"21ARIZ","Arizona","State","TRICHLOROETHYLENE (TCE)","Domestic Water Source"
"21ARIZ","Arizona","State","TRICHLOROETHYLENE (TCE)","Fish Consumption"
"21ARIZ","Arizona","State","CIS-1,2-DICHLOROETHYLENE","Full Body Contact"
"21ARIZ","Arizona","State","CIS-1,2-DICHLOROETHYLENE","Domestic Water Source"
"21ARIZ","Arizona","State","2-CHLOROETHYL VINYL ETHER","Aquatic and Wildlife (Warmwater Fishery)"
"21ARIZ","Arizona","State","HEXACHLOROCYCLOPENTADIENE","Aquatic and Wildlife (Warmwater Fishery)"
"21ARIZ","Arizona","State","HEXACHLOROCYCLOPENTADIENE","Full Body Contact"
"21ARIZ","Arizona","State","HEXACHLOROCYCLOPENTADIENE","Domestic Water Source"
"21ARIZ","Arizona","State","HEXACHLOROCYCLOPENTADIENE","Fish Consumption"
"21ARIZ","Arizona","State","TRANS-1,2-DICHLOROETHYLENE","Aquatic and Wildlife (Warmwater Fishery)"
"21ARIZ","Arizona","State","TRANS-1,2-DICHLOROETHYLENE","Full Body Contact"
"21ARIZ","Arizona","State","TRANS-1,2-DICHLOROETHYLENE","Domestic Water Source"
"21ARIZ","Arizona","State","TRANS-1,2-DICHLOROETHYLENE","Fish Consumption"
"21ARIZ","Arizona","State","CYANIDE","Agricultural Livestock Watering"
"21ARIZ","Arizona","State","CYANIDE","Aquatic and Wildlife (Warmwater Fishery)"
"21ARIZ","Arizona","State","CYANIDE","Full Body Contact"
"21ARIZ","Arizona","State","CYANIDE","Domestic Water Source"
"21ARIZ","Arizona","State","CYANIDE","Fish Consumption"
"21ARIZ","Arizona","State","ZINC","Aquatic and Wildlife (Effluent Dependent Water)"
"21ARIZ","Arizona","State","PH","Aquatic and Wildlife (Effluent Dependent Water)"
"21ARIZ","Arizona","State","DISSOLVED OXYGEN","Aquatic and Wildlife (Effluent Dependent Water)"
"21ARIZ","Arizona","State","MERCURY","Partial Body Contact"
"21ARIZ","Arizona","State","BORON","Partial Body Contact"
"21ARIZ","Arizona","State","ANTIMONY","Partial Body Contact"
"21ARIZ","Arizona","State","FLUORIDE","Partial Body Contact"
"21ARIZ","Arizona","State","LEAD","Partial Body Contact"
"21ARIZ","Arizona","State","COPPER","Partial Body Contact"
"21ARIZ","Arizona","State","ARSENIC","Partial Body Contact"
"21ARIZ","Arizona","State","CADMIUM","Partial Body Contact"
"21ARIZ","Arizona","State","SELENIUM","Partial Body Contact"
"21ARIZ","Arizona","State","BERYLLIUM","Partial Body Contact"
"21ARIZ","Arizona","State","MANGANESE","Partial Body Contact"
"21ARIZ","Arizona","State","CHROMIUM, HEXAVALENT","Full Body Contact"
"21ARIZ","Arizona","State","CHROMIUM, HEXAVALENT","Fish Consumption"
"21ARIZ","Arizona","State","ESCHERICHIA COLI (E. COLI)","Partial Body Contact"
"21ARIZ","Arizona","State","MERCURY","Aquatic and Wildlife (Ephemeral)"
"21ARIZ","Arizona","State","BARIUM","Partial Body Contact"
"21ARIZ","Arizona","State","URANIUM","Partial Body Contact"
"21ARIZ","Arizona","State","LEAD","Aquatic and Wildlife (Ephemeral)"
"21ARIZ","Arizona","State","ZINC","Aquatic and Wildlife (Ephemeral)"
"21ARIZ","Arizona","State","COPPER","Aquatic and Wildlife (Ephemeral)"
"21ARIZ","Arizona","State","NICKEL","Aquatic and Wildlife (Ephemeral)"
"21ARIZ","Arizona","State","NICKEL","Partial Body Contact"
"21ARIZ","Arizona","State","SILVER","Aquatic and Wildlife (Ephemeral)"
"21ARIZ","Arizona","State","SILVER","Partial Body Contact"
"21ARIZ","Arizona","State","ARSENIC","Aquatic and Wildlife (Ephemeral)"
"21ARIZ","Arizona","State","CADMIUM","Aquatic and Wildlife (Ephemeral)"
"21ARIZ","Arizona","State","CHROMIUM","Aquatic and Wildlife (Ephemeral)"
"21ARIZ","Arizona","State","SELENIUM","Aquatic and Wildlife (Ephemeral)"
"21ARIZ","Arizona","State","THALLIUM","Partial Body Contact"
"21ARIZ","Arizona","State","PH","Aquatic and Wildlife (Ephemeral)"
"21ARIZ","Arizona","State",NA,"Aquatic and Wildlife (Ephemeral)"
"21ARIZ","Arizona","State",NA,"Partial Body Contact"
"21ARIZ","Arizona","State","AMMONIA-NITROGEN","Aquatic and Wildlife (Effluent Dependent Water)"
"21ARIZ","Arizona","State","MERCURY","Aquatic and Wildlife (Effluent Dependent Water)"
"21ARIZ","Arizona","State","CHLORINE","Aquatic and Wildlife (Effluent Dependent Water)"
"21ARIZ","Arizona","State","CHLORINE","Partial Body Contact"
"21ARIZ","Arizona","State","ALDRIN","Aquatic and Wildlife (Effluent Dependent Water)"
"21ARIZ","Arizona","State","ALDRIN","Partial Body Contact"
"21ARIZ","Arizona","State","ENDRIN","Partial Body Contact"
"21ARIZ","Arizona","State","XYLENE","Partial Body Contact"
"21ARIZ","Arizona","State","ACROLEIN","Aquatic and Wildlife (Effluent Dependent Water)"
"21ARIZ","Arizona","State","ACROLEIN","Partial Body Contact"
"21ARIZ","Arizona","State","DIELDRIN","Aquatic and Wildlife (Effluent Dependent Water)"
"21ARIZ","Arizona","State","DIELDRIN","Partial Body Contact"
"21ARIZ","Arizona","State","TOXAPHENE","Aquatic and Wildlife (Effluent Dependent Water)"
"21ARIZ","Arizona","State","TOXAPHENE","Partial Body Contact"
"21ARIZ","Arizona","State","ENDOSULFAN","Aquatic and Wildlife (Effluent Dependent Water)"
"21ARIZ","Arizona","State","ENDOSULFAN","Partial Body Contact"
"21ARIZ","Arizona","State","HEPTACHLOR","Aquatic and Wildlife (Effluent Dependent Water)"
"21ARIZ","Arizona","State","HEPTACHLOR","Partial Body Contact"
"21ARIZ","Arizona","State","NAPHTHALENE","Aquatic and Wildlife (Effluent Dependent Water)"
"21ARIZ","Arizona","State","NAPHTHALENE","Partial Body Contact"
"21ARIZ","Arizona","State","METHOXYCHLOR","Partial Body Contact"
"21ARIZ","Arizona","State","ACRYLONITRILE","Aquatic and Wildlife (Effluent Dependent Water)"
"21ARIZ","Arizona","State","ACRYLONITRILE","Partial Body Contact"
"21ARIZ","Arizona","State","METHYL BROMIDE","Aquatic and Wildlife (Effluent Dependent Water)"
"21ARIZ","Arizona","State","METHYL BROMIDE","Partial Body Contact"
"21ARIZ","Arizona","State","ENDRIN ALDEHYDE","Aquatic and Wildlife (Effluent Dependent Water)"
"21ARIZ","Arizona","State","DINITRO-O-CRESOL","Aquatic and Wildlife (Effluent Dependent Water)"
"21ARIZ","Arizona","State","DINITRO-O-CRESOL","Partial Body Contact"
"21ARIZ","Arizona","State","2,4-DINITROPHENOL","Aquatic and Wildlife (Effluent Dependent Water)"
"21ARIZ","Arizona","State","2,4-DINITROPHENOL","Partial Body Contact"
"21ARIZ","Arizona","State","DIBUTYL PHTHALATE","Aquatic and Wildlife (Effluent Dependent Water)"
"21ARIZ","Arizona","State","DIBUTYL PHTHALATE","Partial Body Contact"
"21ARIZ","Arizona","State","1,2-DICHLOROETHANE","Aquatic and Wildlife (Effluent Dependent Water)"
"21ARIZ","Arizona","State","1,2-DICHLOROETHANE","Partial Body Contact"
"21ARIZ","Arizona","State","DIMETHYL PHTHALATE","Aquatic and Wildlife (Effluent Dependent Water)"
"21ARIZ","Arizona","State","ENDOSULFAN SULFATE","Aquatic and Wildlife (Effluent Dependent Water)"
"21ARIZ","Arizona","State","ENDOSULFAN SULFATE","Partial Body Contact"
"21ARIZ","Arizona","State","HEPTACHLOR EPOXIDE","Aquatic and Wildlife (Effluent Dependent Water)"
"21ARIZ","Arizona","State","HEPTACHLOR EPOXIDE","Partial Body Contact"
"21ARIZ","Arizona","State","1,2-DICHLOROPROPANE","Aquatic and Wildlife (Effluent Dependent Water)"
"21ARIZ","Arizona","State","1,2-DICHLOROPROPANE","Partial Body Contact"
"21ARIZ","Arizona","State","1,3-DICHLOROPROPENE","Aquatic and Wildlife (Effluent Dependent Water)"
"21ARIZ","Arizona","State","1,3-DICHLOROPROPENE","Partial Body Contact"
"21ARIZ","Arizona","State","DDD (DICHLORODIPHENYLDICHLOROETHANE)","Aquatic and Wildlife (Effluent Dependent Water)"
"21ARIZ","Arizona","State","DDD (DICHLORODIPHENYLDICHLOROETHANE)","Partial Body Contact"
"21ARIZ","Arizona","State","DDT (DICHLORODIPHENYLTRICHLOROETHANE)","Aquatic and Wildlife (Effluent Dependent Water)"
"21ARIZ","Arizona","State","DDT (DICHLORODIPHENYLTRICHLOROETHANE)","Partial Body Contact"
"21ARIZ","Arizona","State","DDE (DICHLORODIPHENYLDICHLOROETHYLENE)","Aquatic and Wildlife (Effluent Dependent Water)"
"21ARIZ","Arizona","State","DDE (DICHLORODIPHENYLDICHLOROETHYLENE)","Partial Body Contact"
"21ARIZ","Arizona","State","PHENOL","Aquatic and Wildlife (Effluent Dependent Water)"
"21ARIZ","Arizona","State","PHENOL","Partial Body Contact"
"21ARIZ","Arizona","State","PYRENE","Partial Body Contact"
"21ARIZ","Arizona","State","BENZENE","Aquatic and Wildlife (Effluent Dependent Water)"
"21ARIZ","Arizona","State","BENZENE","Partial Body Contact"
"21ARIZ","Arizona","State","STYRENE","Aquatic and Wildlife (Effluent Dependent Water)"
"21ARIZ","Arizona","State","STYRENE","Partial Body Contact"
"21ARIZ","Arizona","State","TOLUENE","Aquatic and Wildlife (Effluent Dependent Water)"
"21ARIZ","Arizona","State","TOLUENE","Partial Body Contact"
"21ARIZ","Arizona","State","FLUORENE","Partial Body Contact"
"21ARIZ","Arizona","State","M-CRESOL","Aquatic and Wildlife (Effluent Dependent Water)"
"21ARIZ","Arizona","State","ANTHRACENE","Partial Body Contact"
"21ARIZ","Arizona","State","CHLOROFORM","Aquatic and Wildlife (Effluent Dependent Water)"
"21ARIZ","Arizona","State","CHLOROFORM","Partial Body Contact"
"21ARIZ","Arizona","State","ISOPHORONE","Aquatic and Wildlife (Effluent Dependent Water)"
"21ARIZ","Arizona","State","ISOPHORONE","Partial Body Contact"
"21ARIZ","Arizona","State","ACENAPHTHENE","Aquatic and Wildlife (Effluent Dependent Water)"
"21ARIZ","Arizona","State","ACENAPHTHENE","Partial Body Contact"
"21ARIZ","Arizona","State","ETHYLBENZENE","Aquatic and Wildlife (Effluent Dependent Water)"
"21ARIZ","Arizona","State","ETHYLBENZENE","Partial Body Contact"
"21ARIZ","Arizona","State","FLUORANTHENE","Aquatic and Wildlife (Effluent Dependent Water)"
"21ARIZ","Arizona","State","FLUORANTHENE","Partial Body Contact"
"21ARIZ","Arizona","State","NITROBENZENE","Aquatic and Wildlife (Effluent Dependent Water)"
"21ARIZ","Arizona","State","NITROBENZENE","Partial Body Contact"
"21ARIZ","Arizona","State","PHENANTHRENE","Aquatic and Wildlife (Effluent Dependent Water)"
"21ARIZ","Arizona","State","4-NITROPHENOL","Aquatic and Wildlife (Effluent Dependent Water)"
"21ARIZ","Arizona","State","CHLOROMETHANE","Aquatic and Wildlife (Effluent Dependent Water)"
"21ARIZ","Arizona","State","2-CHLOROPHENOL","Aquatic and Wildlife (Effluent Dependent Water)"
"21ARIZ","Arizona","State","2-CHLOROPHENOL","Partial Body Contact"
"21ARIZ","Arizona","State","BENZO[A]PYRENE","Partial Body Contact"
"21ARIZ","Arizona","State","VINYL CHLORIDE","Partial Body Contact"
"21ARIZ","Arizona","State","HEXACHLOROETHANE","Aquatic and Wildlife (Effluent Dependent Water)"
"21ARIZ","Arizona","State","HEXACHLOROETHANE","Partial Body Contact"
"21ARIZ","Arizona","State","1,2-DIBROMOETHANE","Partial Body Contact"
"21ARIZ","Arizona","State","DIETHYL PHTHALATE","Aquatic and Wildlife (Effluent Dependent Water)"
"21ARIZ","Arizona","State","DIETHYL PHTHALATE","Partial Body Contact"
"21ARIZ","Arizona","State","2,4-DICHLOROPHENOL","Aquatic and Wildlife (Effluent Dependent Water)"
"21ARIZ","Arizona","State","2,4-DICHLOROPHENOL","Partial Body Contact"
"21ARIZ","Arizona","State","2,4-DIMETHYLPHENOL","Aquatic and Wildlife (Effluent Dependent Water)"
"21ARIZ","Arizona","State","2,4-DIMETHYLPHENOL","Partial Body Contact"
"21ARIZ","Arizona","State","2,4-DINITROTOLUENE","Aquatic and Wildlife (Effluent Dependent Water)"
"21ARIZ","Arizona","State","2,4-DINITROTOLUENE","Partial Body Contact"
"21ARIZ","Arizona","State","2,6-DINITROTOLUENE","Partial Body Contact"
"21ARIZ","Arizona","State","METHYLENE CHLORIDE","Aquatic and Wildlife (Effluent Dependent Water)"
"21ARIZ","Arizona","State","METHYLENE CHLORIDE","Partial Body Contact"
"21ARIZ","Arizona","State","2-CHLORONAPHTHALENE","Partial Body Contact"
"21ARIZ","Arizona","State","HEXACHLOROBUTADIENE","Aquatic and Wildlife (Effluent Dependent Water)"
"21ARIZ","Arizona","State","HEXACHLOROBUTADIENE","Partial Body Contact"
"21ARIZ","Arizona","State","TETRACHLOROETHYLENE","Aquatic and Wildlife (Effluent Dependent Water)"
"21ARIZ","Arizona","State","TETRACHLOROETHYLENE","Partial Body Contact"
"21ARIZ","Arizona","State","BENZO[K]FLUORANTHENE","Partial Body Contact"
"21ARIZ","Arizona","State","CARBON TETRACHLORIDE","Aquatic and Wildlife (Effluent Dependent Water)"
"21ARIZ","Arizona","State","CARBON TETRACHLORIDE","Partial Body Contact"
"21ARIZ","Arizona","State","CHLOROBENZENE (MONO)","Aquatic and Wildlife (Effluent Dependent Water)"
"21ARIZ","Arizona","State","CHLOROBENZENE (MONO)","Partial Body Contact"
"21ARIZ","Arizona","State","DI-N-OCTYL PHTHALATE","Partial Body Contact"
"21ARIZ","Arizona","State","1,1,1-TRICHLOROETHANE","Aquatic and Wildlife (Effluent Dependent Water)"
"21ARIZ","Arizona","State","1,1,1-TRICHLOROETHANE","Partial Body Contact"
"21ARIZ","Arizona","State","1,1,2-TRICHLOROETHANE","Aquatic and Wildlife (Effluent Dependent Water)"
"21ARIZ","Arizona","State","1,1,2-TRICHLOROETHANE","Partial Body Contact"
"21ARIZ","Arizona","State","1,2-DIPHENYLHYDRAZINE","Aquatic and Wildlife (Effluent Dependent Water)"
"21ARIZ","Arizona","State","1,2-DIPHENYLHYDRAZINE","Partial Body Contact"
"21ARIZ","Arizona","State","2,4,6-TRICHLOROPHENOL","Aquatic and Wildlife (Effluent Dependent Water)"
"21ARIZ","Arizona","State","2,4,6-TRICHLOROPHENOL","Partial Body Contact"
"21ARIZ","Arizona","State","DIBENZ[A,H]ANTHRACENE","Partial Body Contact"
"21ARIZ","Arizona","State","3,3'-DICHLOROBENZIDINE","Partial Body Contact"
"21ARIZ","Arizona","State","INDENO[1,2,3-CD]PYRENE","Partial Body Contact"
"21ARIZ","Arizona","State","N-NITROSODIPHENYLAMINE","Aquatic and Wildlife (Effluent Dependent Water)"
"21ARIZ","Arizona","State","N-NITROSODIPHENYLAMINE","Partial Body Contact"
"21ARIZ","Arizona","State","N-NITROSODIPROPYLAMINE","Partial Body Contact"
"21ARIZ","Arizona","State","TRICHLOROETHYLENE (TCE)","Aquatic and Wildlife (Effluent Dependent Water)"
"21ARIZ","Arizona","State","TRICHLOROETHYLENE (TCE)","Partial Body Contact"
"21ARIZ","Arizona","State","CIS-1,2-DICHLOROETHYLENE","Partial Body Contact"
"21ARIZ","Arizona","State","1,1,2,2-TETRACHLOROETHANE","Aquatic and Wildlife (Effluent Dependent Water)"
"21ARIZ","Arizona","State","1,1,2,2-TETRACHLOROETHANE","Partial Body Contact"
"21ARIZ","Arizona","State","2-CHLOROETHYL VINYL ETHER","Aquatic and Wildlife (Effluent Dependent Water)"
"21ARIZ","Arizona","State","HEXACHLOROCYCLOPENTADIENE","Aquatic and Wildlife (Effluent Dependent Water)"
"21ARIZ","Arizona","State","HEXACHLOROCYCLOPENTADIENE","Partial Body Contact"
"21ARIZ","Arizona","State","TRANS-1,2-DICHLOROETHYLENE","Aquatic and Wildlife (Effluent Dependent Water)"
"21ARIZ","Arizona","State","TRANS-1,2-DICHLOROETHYLENE","Partial Body Contact"
"21ARIZ","Arizona","State","CYANIDE","Aquatic and Wildlife (Effluent Dependent Water)"
"21ARIZ","Arizona","State","CYANIDE","Partial Body Contact"
"21ARIZ","Arizona","State","ANTIMONY","Aquatic and Wildlife (Effluent Dependent Water)"
"21ARIZ","Arizona","State","IRON","Aquatic and Wildlife (Effluent Dependent Water)"
"21ARIZ","Arizona","State","LEAD","Aquatic and Wildlife (Effluent Dependent Water)"
"21ARIZ","Arizona","State","COPPER","Aquatic and Wildlife (Effluent Dependent Water)"
"21ARIZ","Arizona","State","NICKEL","Aquatic and Wildlife (Effluent Dependent Water)"
"21ARIZ","Arizona","State","SILVER","Aquatic and Wildlife (Effluent Dependent Water)"
"21ARIZ","Arizona","State","ARSENIC","Aquatic and Wildlife (Effluent Dependent Water)"
"21ARIZ","Arizona","State","CADMIUM","Aquatic and Wildlife (Effluent Dependent Water)"
"21ARIZ","Arizona","State","CHROMIUM","Aquatic and Wildlife (Effluent Dependent Water)"
"21ARIZ","Arizona","State","CHROMIUM","Partial Body Contact"
"21ARIZ","Arizona","State","SELENIUM","Aquatic and Wildlife (Effluent Dependent Water)"
"21ARIZ","Arizona","State","THALLIUM","Aquatic and Wildlife (Effluent Dependent Water)"
"21ARIZ","Arizona","State","BERYLLIUM","Aquatic and Wildlife (Effluent Dependent Water)"
"21ARIZ","Arizona","State","CHROMIUM, HEXAVALENT","Partial Body Contact"
"21ARIZ","Arizona","State","CHLORINE","Aquatic and Wildlife (Warmwater Fishery)"
"21ARIZ","Arizona","State","NITROGEN","Aquatic and Wildlife (Warmwater Fishery)"
"21ARIZ","Arizona","State","PHOSPHORUS","Aquatic and Wildlife (Warmwater Fishery)"
"21ARIZ","Arizona","State","PHOSPHORUS, TOTAL","Aquatic and Wildlife (Warmwater Fishery)"
"21ARIZ","Arizona","State","MERCURY IN FISH TISSUE","Fish Consumption"
"21ARIZ","Arizona","State","CHLORINE","Full Body Contact"
"21ARIZ","Arizona","State","NITROGEN, TOTAL","Aquatic and Wildlife (Warmwater Fishery)"
"21ARIZ","Arizona","State","CHROMIUM, HEXAVALENT","Domestic Water Source"
"21ARIZ","Arizona","State","HEXACHLOROCYCLOHEXANE","Partial Body Contact"
"21ARIZ","Arizona","State","BROMOFORM","Partial Body Contact"
"21ARIZ","Arizona","State","BENZ[A]ANTHRACENE","Partial Body Contact"
"21ARIZ","Arizona","State","CHLORODIBROMOMETHANE","Partial Body Contact"
"21ARIZ","Arizona","State","DICHLOROBROMOMETHANE","Partial Body Contact"
"21ARIZ","Arizona","State","DISSOLVED OXYGEN","Agricultural Livestock Watering"
"21ARIZ","Arizona","State","ENDRIN","Aquatic and Wildlife (Effluent Dependent Water)"
"21ARIZ","Arizona","State",NA,"Aquatic and Wildlife (Effluent Dependent Water)"
"21ARIZ","Arizona","State","NUTRIENTS","Aquatic and Wildlife (Coldwater Fishery)"
"21ARIZ","Arizona","State","NAPHTHALENE","Aquatic and Wildlife (Coldwater Fishery)"
"21ARIZ","Arizona","State","METHYL BROMIDE","Aquatic and Wildlife (Coldwater Fishery)"
"21ARIZ","Arizona","State","1,2-DICHLOROETHANE","Aquatic and Wildlife (Coldwater Fishery)"
"21ARIZ","Arizona","State","1,2-DICHLOROPROPANE","Aquatic and Wildlife (Coldwater Fishery)"
"21ARIZ","Arizona","State","1,3-DICHLOROPROPENE","Aquatic and Wildlife (Coldwater Fishery)"
"21ARIZ","Arizona","State","TOLUENE","Aquatic and Wildlife (Coldwater Fishery)"
"21ARIZ","Arizona","State","BROMOFORM","Aquatic and Wildlife (Coldwater Fishery)"
"21ARIZ","Arizona","State","BROMOFORM","Full Body Contact"
"21ARIZ","Arizona","State","BROMOFORM","Fish Consumption"
"21ARIZ","Arizona","State","CHLOROFORM","Aquatic and Wildlife (Coldwater Fishery)"
"21ARIZ","Arizona","State","ETHYLBENZENE","Aquatic and Wildlife (Coldwater Fishery)"
"21ARIZ","Arizona","State","METHYLENE CHLORIDE","Aquatic and Wildlife (Coldwater Fishery)"
"21ARIZ","Arizona","State","CARBON TETRACHLORIDE","Aquatic and Wildlife (Coldwater Fishery)"
"21ARIZ","Arizona","State","CHLOROBENZENE (MONO)","Aquatic and Wildlife (Coldwater Fishery)"
"21ARIZ","Arizona","State","TRANS-1,2-DICHLOROETHYLENE","Aquatic and Wildlife (Coldwater Fishery)"
"21ARIZ","Arizona","State","BENZENE","Aquatic and Wildlife (Coldwater Fishery)"
"21ARIZ","Arizona","State","CHLOROPHYLL-A","Partial Body Contact"
"21ARIZ","Arizona","State","AQUATIC PLANTS (MACROPHYTES)","Aquatic and Wildlife (Warmwater Fishery)"
"21ARIZ","Arizona","State","NITROGEN, TOTAL","Full Body Contact"
"WNENVDPT","Wyandotte Nation","Tribe","MERCURY","Cold Water Aquatic Life"
"WNENVDPT","Wyandotte Nation","Tribe","PHOSPHORUS, TOTAL","Cold Water Aquatic Life"
"WNENVDPT","Wyandotte Nation","Tribe","ESCHERICHIA COLI (E. COLI)","Primary Body Contact Recreation"
"WNENVDPT","Wyandotte Nation","Tribe","TURBIDITY","Cold Water Aquatic Life"
"WNENVDPT","Wyandotte Nation","Tribe","TEMPERATURE","Cold Water Aquatic Life"
"WNENVDPT","Wyandotte Nation","Tribe","LEAD","Cold Water Aquatic Life"
"WNENVDPT","Wyandotte Nation","Tribe","ZINC","Cold Water Aquatic Life"
"WNENVDPT","Wyandotte Nation","Tribe","ARSENIC","Cold Water Aquatic Life"
"WNENVDPT","Wyandotte Nation","Tribe","CADMIUM","Cold Water Aquatic Life"
"WNENVDPT","Wyandotte Nation","Tribe","PH","Cold Water Aquatic Life"
"WNENVDPT","Wyandotte Nation","Tribe","DISSOLVED OXYGEN","Cold Water Aquatic Life"
"WNENVDPT","Wyandotte Nation","Tribe","MERCURY","Warm Water Aquatic Life"
"WNENVDPT","Wyandotte Nation","Tribe","PHOSPHORUS","Primary Body Contact Recreation"
"WNENVDPT","Wyandotte Nation","Tribe","TURBIDITY","Warm Water Aquatic Life"
"WNENVDPT","Wyandotte Nation","Tribe","TEMPERATURE","Warm Water Aquatic Life"
"WNENVDPT","Wyandotte Nation","Tribe","LEAD","Warm Water Aquatic Life"
"WNENVDPT","Wyandotte Nation","Tribe","ZINC","Warm Water Aquatic Life"
"WNENVDPT","Wyandotte Nation","Tribe","ARSENIC","Warm Water Aquatic Life"
"WNENVDPT","Wyandotte Nation","Tribe","CADMIUM","Warm Water Aquatic Life"
"WNENVDPT","Wyandotte Nation","Tribe","PH","Warm Water Aquatic Life"
"WNENVDPT","Wyandotte Nation","Tribe","DISSOLVED OXYGEN","Warm Water Aquatic Life"
"WNENVDPT","Wyandotte Nation","Tribe","PHOSPHORUS, TOTAL","Primary Body Contact Recreation"
"WNENVDPT","Wyandotte Nation","Tribe","NITRATE/NITRITE (NITRITE + NITRATE AS N)","Primary Body Contact Recreation"
"WNENVDPT","Wyandotte Nation","Tribe",NA,"Primary Body Contact Recreation"
"WNENVDPT","Wyandotte Nation","Tribe","PHOSPHORUS","Cold Water Aquatic Life"
"WNENVDPT","Wyandotte Nation","Tribe","ESCHERICHIA COLI (E. COLI)","Cold Water Aquatic Life"
"UTAHDWQ","Utah","State","SELENIUM","Aquatic Wildlife (Warm Water)"
"UTAHDWQ","Utah","State",NA,"Agricultural"
"UTAHDWQ","Utah","State",NA,"Aquatic Wildlife (Warm Water)"
"UTAHDWQ","Utah","State",NA,"Recreation and Aesthetics (Frequent Primary Contact)"
"UTAHDWQ","Utah","State",NA,"Domestic Source"
"UTAHDWQ","Utah","State","TEMPERATURE","Aquatic Wildlife (Warm Water)"
"UTAHDWQ","Utah","State","TOTAL DISSOLVED SOLIDS (TDS)","Agricultural"
"UTAHDWQ","Utah","State",NA,"Aquatic Wildlife (Non-game Fish and Other)"
"UTAHDWQ","Utah","State",NA,"Recreation and Aesthetics (Infrequent Primary Contact)"
"UTAHDWQ","Utah","State","NUTRIENT/EUTROPHICATION BIOLOGICAL INDICATORS","Aquatic Wildlife (Cold Water)"
"UTAHDWQ","Utah","State","TEMPERATURE","Aquatic Wildlife (Cold Water)"
"UTAHDWQ","Utah","State","PH","Agricultural"
"UTAHDWQ","Utah","State","PH","Aquatic Wildlife (Cold Water)"
"UTAHDWQ","Utah","State","PH","Recreation and Aesthetics (Infrequent Primary Contact)"
"UTAHDWQ","Utah","State",NA,"Aquatic Wildlife (Cold Water)"
"UTAHDWQ","Utah","State","TEMPERATURE","Aquatic Wildlife (Non-game Fish and Other)"
"UTAHDWQ","Utah","State","BENTHIC MACROINVERTEBRATES BIOASSESSMENTS","Aquatic Wildlife (Non-game Fish and Other)"
"UTAHDWQ","Utah","State","ESCHERICHIA COLI (E. COLI)","Recreation and Aesthetics (Frequent Primary Contact)"
"UTAHDWQ","Utah","State","ESCHERICHIA COLI (E. COLI)","Recreation and Aesthetics (Infrequent Primary Contact)"
"UTAHDWQ","Utah","State","ESCHERICHIA COLI (E. COLI)","Domestic Source"
"UTAHDWQ","Utah","State","DISSOLVED OXYGEN","Aquatic Wildlife (Cold Water)"
"UTAHDWQ","Utah","State","DISSOLVED OXYGEN","Aquatic Wildlife (Warm Water)"
"UTAHDWQ","Utah","State","BENTHIC MACROINVERTEBRATES BIOASSESSMENTS","Aquatic Wildlife (Warm Water)"
"UTAHDWQ","Utah","State","SELENIUM","Aquatic Wildlife (Cold Water)"
"UTAHDWQ","Utah","State","ALUMINUM","Aquatic Wildlife (Cold Water)"
"UTAHDWQ","Utah","State","CADMIUM","Aquatic Wildlife (Non-game Fish and Other)"
"UTAHDWQ","Utah","State","SELENIUM","Agricultural"
"UTAHDWQ","Utah","State","SELENIUM","Aquatic Wildlife (Non-game Fish and Other)"
"UTAHDWQ","Utah","State",NA,"Aquatic Wildlife (Waterfowl, Shorebirds, and Other)"
"UTAHDWQ","Utah","State","IRON","Aquatic Wildlife (Cold Water)"
"UTAHDWQ","Utah","State","ZINC","Aquatic Wildlife (Cold Water)"
"UTAHDWQ","Utah","State","BORON","Agricultural"
"UTAHDWQ","Utah","State","ARSENIC","Domestic Source"
"UTAHDWQ","Utah","State","BENTHIC MACROINVERTEBRATES BIOASSESSMENTS","Aquatic Wildlife (Severely Habitat-Limited)"
"UTAHDWQ","Utah","State","BENTHIC MACROINVERTEBRATES BIOASSESSMENTS","Aquatic Wildlife (Cold Water)"
"UTAHDWQ","Utah","State","PH","Domestic Source"
"UTAHDWQ","Utah","State","SELENIUM","Aquatic Wildlife (Waterfowl, Shorebirds, and Other)"
"UTAHDWQ","Utah","State","DISSOLVED OXYGEN","Aquatic Wildlife (Waterfowl, Shorebirds, and Other)"
"UTAHDWQ","Utah","State","PH","Aquatic Wildlife (Warm Water)"
"UTAHDWQ","Utah","State","PH","Recreation and Aesthetics (Frequent Primary Contact)"
"UTAHDWQ","Utah","State","AMMONIA, TOTAL","Aquatic Wildlife (Non-game Fish and Other)"
"UTAHDWQ","Utah","State","BENTHIC MACROINVERTEBRATES BIOASSESSMENTS","Aquatic Wildlife (Waterfowl, Shorebirds, and Other)"
"UTAHDWQ","Utah","State","TOTAL DISSOLVED SOLIDS (TDS)","Aquatic Wildlife (Non-game Fish and Other)"
"UTAHDWQ","Utah","State","PH","Aquatic Wildlife (Non-game Fish and Other)"
"UTAHDWQ","Utah","State","ALUMINUM","Aquatic Wildlife (Warm Water)"
"UTAHDWQ","Utah","State","PHOSPHORUS, TOTAL","Aquatic Wildlife (Cold Water)"
"UTAHDWQ","Utah","State","DISSOLVED OXYGEN","Aquatic Wildlife (Non-game Fish and Other)"
"UTAHDWQ","Utah","State","RADIUM","Domestic Source"
"UTAHDWQ","Utah","State","ALPHA PARTICLES","Domestic Source"
"UTAHDWQ","Utah","State","RADIUM","Agricultural"
"UTAHDWQ","Utah","State","ALPHA PARTICLES","Agricultural"
"UTAHDWQ","Utah","State","IRON","Aquatic Wildlife (Warm Water)"
"UTAHDWQ","Utah","State","LEAD","Aquatic Wildlife (Warm Water)"
"UTAHDWQ","Utah","State","CADMIUM","Aquatic Wildlife (Warm Water)"
"UTAHDWQ","Utah","State","THALLIUM","Domestic Source"
"UTAHDWQ","Utah","State","MERCURY","Aquatic Wildlife (Warm Water)"
"UTAHDWQ","Utah","State","LEAD","Domestic Source"
"UTAHDWQ","Utah","State","COPPER","Aquatic Wildlife (Warm Water)"
"UTAHDWQ","Utah","State","THALLIUM","Aquatic Wildlife (Warm Water)"
"UTAHDWQ","Utah","State","LEAD","Agricultural"
"UTAHDWQ","Utah","State","LEAD","Aquatic Wildlife (Cold Water)"
"UTAHDWQ","Utah","State","COPPER","Agricultural"
"UTAHDWQ","Utah","State","COPPER","Aquatic Wildlife (Cold Water)"
"UTAHDWQ","Utah","State","NUTRIENT/EUTROPHICATION BIOLOGICAL INDICATORS","Aquatic Wildlife (Non-game Fish and Other)"
"UTAHDWQ","Utah","State","SEDIMENT","Aquatic Wildlife (Warm Water)"
"UTAHDWQ","Utah","State","SEDIMENT","Aquatic Wildlife (Waterfowl, Shorebirds, and Other)"
"UTAHDWQ","Utah","State","PHOSPHORUS, TOTAL","Aquatic Wildlife (Warm Water)"
"UTAHDWQ","Utah","State","PHOSPHORUS, TOTAL","Aquatic Wildlife (Waterfowl, Shorebirds, and Other)"
"UTAHDWQ","Utah","State","PH","Aquatic Wildlife (Waterfowl, Shorebirds, and Other)"
"UTAHDWQ","Utah","State","AMMONIA, TOTAL","Aquatic Wildlife (Cold Water)"
"UTAHDWQ","Utah","State","AMMONIA, TOTAL","Aquatic Wildlife (Waterfowl, Shorebirds, and Other)"
"UTAHDWQ","Utah","State","TOTAL DISSOLVED SOLIDS (TDS)","Aquatic Wildlife (Waterfowl, Shorebirds, and Other)"
"UTAHDWQ","Utah","State","THALLIUM","Aquatic Wildlife (Non-game Fish and Other)"
"UTAHDWQ","Utah","State","SEDIMENT","Aquatic Wildlife (Cold Water)"
"UTAHDWQ","Utah","State","HABITAT ALTERATIONS","Aquatic Wildlife (Cold Water)"
"UTAHDWQ","Utah","State","NITRATE","Domestic Source"
"UTAHDWQ","Utah","State","NITRATE/NITRITE (NITRITE + NITRATE AS N)","Domestic Source"
"UTAHDWQ","Utah","State","CADMIUM","Agricultural"
"UTAHDWQ","Utah","State","CADMIUM","Aquatic Wildlife (Cold Water)"
"UTAHDWQ","Utah","State","CADMIUM","Domestic Source"
"UTAHDWQ","Utah","State","COPPER","Aquatic Wildlife (Non-game Fish and Other)"
"UTAHDWQ","Utah","State","AMMONIA, TOTAL","Aquatic Wildlife (Warm Water)"
"UTAHDWQ","Utah","State",NA,"Aquatic Wildlife (Severely Habitat-Limited)"
"UTAHDWQ","Utah","State","CHROMIUM","Aquatic Wildlife (Cold Water)"
"UTAHDWQ","Utah","State","COPPER","Aquatic Wildlife (Waterfowl, Shorebirds, and Other)"
"UTAHDWQ","Utah","State","TEMPERATURE","Aquatic Wildlife (Waterfowl, Shorebirds, and Other)"
"UTAHDWQ","Utah","State","BENTHIC MACROINVERTEBRATES BIOASSESSMENTS","Agricultural"
"UTAHDWQ","Utah","State","BENTHIC MACROINVERTEBRATES BIOASSESSMENTS","Recreation and Aesthetics (Infrequent Primary Contact)"
"UTAHDWQ","Utah","State","ALUMINUM","Aquatic Wildlife (Waterfowl, Shorebirds, and Other)"
"UTAHDWQ","Utah","State","EUTROPHICATION","Aquatic Wildlife (Cold Water)"
"UTAHDWQ","Utah","State","HARMFUL ALGAL BLOOMS","Recreation and Aesthetics (Infrequent Primary Contact)"
"UTAHDWQ","Utah","State","MERCURY IN FISH TISSUE","Aquatic Wildlife (Cold Water)"
"UTAHDWQ","Utah","State","EUTROPHICATION","Aquatic Wildlife (Warm Water)"
"UTAHDWQ","Utah","State","HARMFUL ALGAL BLOOMS","Recreation and Aesthetics (Frequent Primary Contact)"
"UTAHDWQ","Utah","State","PCBS IN FISH TISSUE","Aquatic Wildlife (Warm Water)"
"UTAHDWQ","Utah","State",NA,"Great Salt Lake - Gilbert Bay"
"UTAHDWQ","Utah","State",NA,"Great Salt Lake - Gunnison Bay"
"UTAHDWQ","Utah","State",NA,"Great Salt Lake - Bear River Bay"
"UTAHDWQ","Utah","State",NA,"Great Salt Lake - Farmington Bay"
"REDLAKE","Red Lake Band of Chippewa Indians, Minnesota","Tribe","PHOSPHORUS, TOTAL","Warm water fisheries"
"REDLAKE","Red Lake Band of Chippewa Indians, Minnesota","Tribe","ESCHERICHIA COLI (E. COLI)","Secondary Contact"
"REDLAKE","Red Lake Band of Chippewa Indians, Minnesota","Tribe","SECCHI DISK TRANSPARENCY","Warm water fisheries"
"REDLAKE","Red Lake Band of Chippewa Indians, Minnesota","Tribe","CHLOROPHYLL-A","Warm water fisheries"
"REDLAKE","Red Lake Band of Chippewa Indians, Minnesota","Tribe","PH","General"
"REDLAKE","Red Lake Band of Chippewa Indians, Minnesota","Tribe","PH","Secondary Contact"
"REDLAKE","Red Lake Band of Chippewa Indians, Minnesota","Tribe","AMMONIA, UN-IONIZED","Warm water fisheries"
"REDLAKE","Red Lake Band of Chippewa Indians, Minnesota","Tribe","TOTAL SUSPENDED SOLIDS (TSS)","Warm water fisheries"
"REDLAKE","Red Lake Band of Chippewa Indians, Minnesota","Tribe","TEMPERATURE","Warm water fisheries"
"REDLAKE","Red Lake Band of Chippewa Indians, Minnesota","Tribe","PH","Warm water fisheries"
"REDLAKE","Red Lake Band of Chippewa Indians, Minnesota","Tribe","DISSOLVED OXYGEN","Warm water fisheries"
"REDLAKE","Red Lake Band of Chippewa Indians, Minnesota","Tribe","SULFATE","Warm water fisheries"
"REDLAKE","Red Lake Band of Chippewa Indians, Minnesota","Tribe","CHLORIDE","Warm water fisheries"
"REDLAKE","Red Lake Band of Chippewa Indians, Minnesota","Tribe","CONDUCTIVITY","Warm water fisheries"
"REDLAKE","Red Lake Band of Chippewa Indians, Minnesota","Tribe","ESCHERICHIA COLI (E. COLI)","Primary Contact"
"REDLAKE","Red Lake Band of Chippewa Indians, Minnesota","Tribe","PH","Primary Contact"
"REDLAKE","Red Lake Band of Chippewa Indians, Minnesota","Tribe","PHOSPHORUS, TOTAL","Cold water fisheries"
"REDLAKE","Red Lake Band of Chippewa Indians, Minnesota","Tribe","SECCHI DISK TRANSPARENCY","Cold water fisheries"
"REDLAKE","Red Lake Band of Chippewa Indians, Minnesota","Tribe","CHLOROPHYLL-A","Cold water fisheries"
"REDLAKE","Red Lake Band of Chippewa Indians, Minnesota","Tribe","ESCHERICHIA COLI (E. COLI)","Cultural"
"IL_EPA","Illinois","State",NA,"Aesthetic Quality"
"IL_EPA","Illinois","State",NA,"Aquatic Life"
"IL_EPA","Illinois","State",NA,"Primary Contact"
"IL_EPA","Illinois","State",NA,"Public and Food Processing Water Supply"
"IL_EPA","Illinois","State","MERCURY","Fish Consumption"
"IL_EPA","Illinois","State","POLYCHLORINATED BIPHENYLS (PCBS)","Fish Consumption"
"IL_EPA","Illinois","State",NA,"Fish Consumption"
"IL_EPA","Illinois","State","ALTERATION IN STREAM-SIDE OR LITTORAL VEGETATIVE COVERS","Aquatic Life"
"IL_EPA","Illinois","State","DISSOLVED OXYGEN","Aquatic Life"
"IL_EPA","Illinois","State","FLOW ALTERATION-CHANGES IN DEPTH AND FLOW VELOCITY","Aquatic Life"
"IL_EPA","Illinois","State","CAUSE UNKNOWN","Aquatic Life"
"IL_EPA","Illinois","State","LOSS OF INSTREAM COVER","Aquatic Life"
"IL_EPA","Illinois","State","HABITAT ALTERATIONS","Aquatic Life"
"IL_EPA","Illinois","State","PHOSPHORUS, TOTAL","Aesthetic Quality"
"IL_EPA","Illinois","State","ALGAE","Aesthetic Quality"
"IL_EPA","Illinois","State","FECAL COLIFORM","Primary Contact"
"IL_EPA","Illinois","State","SEDIMENTATION/SILTATION","Aquatic Life"
"IL_EPA","Illinois","State","PHOSPHORUS, TOTAL","Aquatic Life"
"IL_EPA","Illinois","State","ALGAE","Aquatic Life"
"IL_EPA","Illinois","State","FLOW REGIME MODIFICATION","Aquatic Life"
"IL_EPA","Illinois","State","CHLORIDE","Aquatic Life"
"IL_EPA","Illinois","State","ALDRIN","Aquatic Life"
"IL_EPA","Illinois","State","ENDRIN","Aquatic Life"
"IL_EPA","Illinois","State","ESCHERICHIA COLI (E. COLI)","Primary Contact"
"IL_EPA","Illinois","State","MANGANESE","Aquatic Life"
"IL_EPA","Illinois","State","IRON","Aquatic Life"
"IL_EPA","Illinois","State","PH","Aquatic Life"
"IL_EPA","Illinois","State","NITROGEN, TOTAL","Aquatic Life"
"IL_EPA","Illinois","State","SEDIMENT OXYGEN DEMAND","Aquatic Life"
"IL_EPA","Illinois","State","NITROGEN","Aquatic Life"
"IL_EPA","Illinois","State","AQUATIC PLANTS (MACROPHYTES)","Aquatic Life"
"IL_EPA","Illinois","State","ZINC","Aquatic Life"
"IL_EPA","Illinois","State","TOTAL SUSPENDED SOLIDS (TSS)","Aquatic Life"
"IL_EPA","Illinois","State","ARSENIC","Aquatic Life"
"IL_EPA","Illinois","State","NON-NATIVE FISH/SHELLFISH/ZOOPLANKTON","Aquatic Life"
"IL_EPA","Illinois","State","BOTTOM DEPOSITS","Aesthetic Quality"
"IL_EPA","Illinois","State","TURBIDITY","Aesthetic Quality"
"IL_EPA","Illinois","State","COLOR","Aesthetic Quality"
"IL_EPA","Illinois","State","AMMONIA, TOTAL","Aquatic Life"
"IL_EPA","Illinois","State","SLUDGE","Aesthetic Quality"
"IL_EPA","Illinois","State","AQUATIC PLANTS (MACROPHYTES)","Aesthetic Quality"
"IL_EPA","Illinois","State","ODOR","Aesthetic Quality"
"IL_EPA","Illinois","State","SLUDGE","Aquatic Life"
"IL_EPA","Illinois","State","BOTTOM DEPOSITS","Aquatic Life"
"IL_EPA","Illinois","State","TOTAL SUSPENDED SOLIDS (TSS)","Aesthetic Quality"
"IL_EPA","Illinois","State","TEMPERATURE","Aquatic Life"
"IL_EPA","Illinois","State","LEAD","Aquatic Life"
"IL_EPA","Illinois","State","COPPER","Aquatic Life"
"IL_EPA","Illinois","State","CADMIUM","Aquatic Life"
"IL_EPA","Illinois","State","CHROMIUM, TOTAL","Aquatic Life"
"IL_EPA","Illinois","State","CAUSE UNKNOWN","Aesthetic Quality"
"IL_EPA","Illinois","State","MIREX","Fish Consumption"
"IL_EPA","Illinois","State","ALDRIN","Fish Consumption"
"IL_EPA","Illinois","State","ENDRIN","Fish Consumption"
"IL_EPA","Illinois","State","DIELDRIN","Fish Consumption"
"IL_EPA","Illinois","State","TOXAPHENE","Fish Consumption"
"IL_EPA","Illinois","State","HEPTACHLOR","Fish Consumption"
"IL_EPA","Illinois","State","MANGANESE","Public and Food Processing Water Supply"
"IL_EPA","Illinois","State","ATRAZINE","Public and Food Processing Water Supply"
"IL_EPA","Illinois","State","SIMAZINE","Public and Food Processing Water Supply"
"IL_EPA","Illinois","State","TURBIDITY","Aquatic Life"
"IL_EPA","Illinois","State","IRON","Public and Food Processing Water Supply"
"IL_EPA","Illinois","State","SILVER","Aquatic Life"
"IL_EPA","Illinois","State","NITROGEN, NITRATE","Public and Food Processing Water Supply"
"IL_EPA","Illinois","State","CHLORDANE","Fish Consumption"
"IL_EPA","Illinois","State","NICKEL","Aquatic Life"
"IL_EPA","Illinois","State","POLYCHLORINATED BIPHENYLS (PCBS)","Aquatic Life"
"IL_EPA","Illinois","State",NA,"Indigenous Aquatic Life"
"IL_EPA","Illinois","State","TERBUFOS","Aquatic Life"
"IL_EPA","Illinois","State","HEXACHLOROBENZENE","Aquatic Life"
"IL_EPA","Illinois","State","FLUORIDE","Aquatic Life"
"IL_EPA","Illinois","State","NON-NATIVE AQUATIC PLANTS","Aquatic Life"
"IL_EPA","Illinois","State","FISH PASSAGE BARRIER","Aquatic Life"
"IL_EPA","Illinois","State","LOW FLOW ALTERATIONS","Aquatic Life"
"IL_EPA","Illinois","State","ATRAZINE","Aquatic Life"
"IL_EPA","Illinois","State","CYANIDE","Aquatic Life"
"IL_EPA","Illinois","State","TOTAL DISSOLVED SOLIDS (TDS)","Public and Food Processing Water Supply"
"IL_EPA","Illinois","State","CHLORINE","Aquatic Life"
"IL_EPA","Illinois","State","METHOXYCHLOR","Aquatic Life"
"IL_EPA","Illinois","State","DISSOLVED OXYGEN","Indigenous Aquatic Life"
"IL_EPA","Illinois","State","LINDANE","Aquatic Life"
"IL_EPA","Illinois","State","PHOSPHORUS, TOTAL","Indigenous Aquatic Life"
"IL_EPA","Illinois","State","TOTAL SUSPENDED SOLIDS (TSS)","Indigenous Aquatic Life"
"IL_EPA","Illinois","State","PH","Indigenous Aquatic Life"
"IL_EPA","Illinois","State","BORON","Aquatic Life"
"IL_EPA","Illinois","State","OIL","Aesthetic Quality"
"IL_EPA","Illinois","State","BERYLLIUM","Public and Food Processing Water Supply"
"IL_EPA","Illinois","State","ETHANOL","Aesthetic Quality"
"IL_EPA","Illinois","State","ETHANOL","Aquatic Life"
"IL_EPA","Illinois","State","DEBRIS/FLOATABLES/TRASH","Aesthetic Quality"
"IL_EPA","Illinois","State","PETROLEUM HYDROCARBONS","Aesthetic Quality"
"IL_EPA","Illinois","State","FECAL COLIFORM","Public and Food Processing Water Supply"
"IL_EPA","Illinois","State","NICKEL","Indigenous Aquatic Life"
"IL_EPA","Illinois","State","CHLORIDE","Indigenous Aquatic Life"
"IL_EPA","Illinois","State","TOTAL DISSOLVED SOLIDS (TDS)","Indigenous Aquatic Life"
"IL_EPA","Illinois","State","DDT (DICHLORODIPHENYLTRICHLOROETHANE)","Aquatic Life"
"IL_EPA","Illinois","State","HEPTACHLOR","Aquatic Life"
"IL_EPA","Illinois","State","CHLORDANE","Aquatic Life"
"IL_EPA","Illinois","State","DIOXIN (INCLUDING 2,3,7,8-TCDD)","Fish Consumption"
"IL_EPA","Illinois","State","MERCURY","Aquatic Life"
"IL_EPA","Illinois","State","DIELDRIN","Aquatic Life"
"IL_EPA","Illinois","State","ALPHA-BHC","Aquatic Life"
"IL_EPA","Illinois","State","SULFATE","Aquatic Life"
"IL_EPA","Illinois","State","2,4-DINITROPHENOL","Public and Food Processing Water Supply"
"IL_EPA","Illinois","State","CHLOROPHENOXY HERBICIDES (2,4-D)","Aquatic Life"
"IL_EPA","Illinois","State","AMMONIA, UN-IONIZED","Indigenous Aquatic Life"
"IL_EPA","Illinois","State","SEDIMENTATION/SILTATION","Indigenous Aquatic Life"
"IL_EPA","Illinois","State","BARIUM","Indigenous Aquatic Life"
"IL_EPA","Illinois","State","DDT (DICHLORODIPHENYLTRICHLOROETHANE)","Indigenous Aquatic Life"
"IL_EPA","Illinois","State","ALGAE","Indigenous Aquatic Life"
"IL_EPA","Illinois","State","IRON","Indigenous Aquatic Life"
"IL_EPA","Illinois","State","LEAD","Indigenous Aquatic Life"
"IL_EPA","Illinois","State","ZINC","Indigenous Aquatic Life"
"IL_EPA","Illinois","State","COPPER","Indigenous Aquatic Life"
"IL_EPA","Illinois","State","SILVER","Indigenous Aquatic Life"
"IL_EPA","Illinois","State","ARSENIC","Indigenous Aquatic Life"
"IL_EPA","Illinois","State","CADMIUM","Indigenous Aquatic Life"
"IL_EPA","Illinois","State","CHROMIUM, TOTAL","Indigenous Aquatic Life"
"IL_EPA","Illinois","State","POLYCHLORINATED BIPHENYLS (PCBS)","Indigenous Aquatic Life"
"IL_EPA","Illinois","State","FLOW REGIME MODIFICATION","Indigenous Aquatic Life"
"IL_EPA","Illinois","State","BARIUM","Aquatic Life"
"IL_EPA","Illinois","State","FISH KILL(S)","Aquatic Life"
"IL_EPA","Illinois","State","OIL AND GREASE","Aquatic Life"
"1VTDECWQ","Vermont","State",NA,"The use of waters for the enjoyment of aesthetic conditions"
"1VTDECWQ","Vermont","State",NA,"The use of water for irrigation of crops and other agricultural uses"
"1VTDECWQ","Vermont","State",NA,"Aquatic habitat to support aquatic biota, wildlife, or plant life"
"1VTDECWQ","Vermont","State",NA,"Aquatic biota and wildlife that may utilize or are present in the waters"
"1VTDECWQ","Vermont","State",NA,"The use of waters for boating and related recreational uses"
"1VTDECWQ","Vermont","State",NA,"The use of waters for fishing and related recreational uses"
"1VTDECWQ","Vermont","State",NA,"The use of waters for swimming and other primary contact recreation"
"1VTDECWQ","Vermont","State",NA,"The use of the water for public water source"
"1VTDECWQ","Vermont","State","MERCURY IN FISH TISSUE","Fish Consumption"
"1VTDECWQ","Vermont","State","SEDIMENTATION/SILTATION","The use of waters for the enjoyment of aesthetic conditions"
"1VTDECWQ","Vermont","State","SEDIMENTATION/SILTATION","Aquatic biota and wildlife that may utilize or are present in the waters"
"1VTDECWQ","Vermont","State","TOXICITY","Aquatic biota and wildlife that may utilize or are present in the waters"
"1VTDECWQ","Vermont","State","TOXICITY","The use of waters for swimming and other primary contact recreation"
"1VTDECWQ","Vermont","State","TOXICITY","The use of the water for public water source"
"1VTDECWQ","Vermont","State","METALS","Aquatic biota and wildlife that may utilize or are present in the waters"
"1VTDECWQ","Vermont","State","METALS","The use of the water for public water source"
"1VTDECWQ","Vermont","State","ORGANIC ENRICHMENT","The use of waters for the enjoyment of aesthetic conditions"
"1VTDECWQ","Vermont","State","ORGANIC ENRICHMENT","Aquatic biota and wildlife that may utilize or are present in the waters"
"1VTDECWQ","Vermont","State","ORGANIC ENRICHMENT","The use of waters for swimming and other primary contact recreation"
"1VTDECWQ","Vermont","State","NUTRIENTS","The use of waters for the enjoyment of aesthetic conditions"
"1VTDECWQ","Vermont","State","NUTRIENTS","Aquatic biota and wildlife that may utilize or are present in the waters"
"1VTDECWQ","Vermont","State","TURBIDITY","The use of waters for the enjoyment of aesthetic conditions"
"1VTDECWQ","Vermont","State","TURBIDITY","Aquatic biota and wildlife that may utilize or are present in the waters"
"1VTDECWQ","Vermont","State","TEMPERATURE","The use of waters for the enjoyment of aesthetic conditions"
"1VTDECWQ","Vermont","State","TEMPERATURE","Aquatic biota and wildlife that may utilize or are present in the waters"
"1VTDECWQ","Vermont","State","TEMPERATURE","Aquatic habitat to support aquatic biota, wildlife, or plant life"
"1VTDECWQ","Vermont","State","FLOW REGIME MODIFICATION","Aquatic habitat to support aquatic biota, wildlife, or plant life"
"1VTDECWQ","Vermont","State","FLOW REGIME MODIFICATION","The use of waters for boating and related recreational uses"
"1VTDECWQ","Vermont","State","FLOW REGIME MODIFICATION","Aquatic biota and wildlife that may utilize or are present in the waters"
"1VTDECWQ","Vermont","State","TRITIUM","The use of the water for public water source"
"1VTDECWQ","Vermont","State","TOXICITY","The use of waters for fishing and related recreational uses"
"1VTDECWQ","Vermont","State","METALS","The use of waters for fishing and related recreational uses"
"1VTDECWQ","Vermont","State","METALS","The use of waters for swimming and other primary contact recreation"
"1VTDECWQ","Vermont","State","PCBS IN FISH TISSUE","Fish Consumption"
"1VTDECWQ","Vermont","State","IRON","The use of waters for the enjoyment of aesthetic conditions"
"1VTDECWQ","Vermont","State","IRON","Aquatic biota and wildlife that may utilize or are present in the waters"
"1VTDECWQ","Vermont","State","LOSS OF INSTREAM COVER","Aquatic biota and wildlife that may utilize or are present in the waters"
"1VTDECWQ","Vermont","State","PH, LOW","Aquatic biota and wildlife that may utilize or are present in the waters"
"1VTDECWQ","Vermont","State","PH, LOW","The use of waters for fishing and related recreational uses"
"1VTDECWQ","Vermont","State","CAUSE UNKNOWN","Aquatic biota and wildlife that may utilize or are present in the waters"
"1VTDECWQ","Vermont","State","WATER CHESTNUT","The use of waters for the enjoyment of aesthetic conditions"
"1VTDECWQ","Vermont","State","WATER CHESTNUT","Aquatic habitat to support aquatic biota, wildlife, or plant life"
"1VTDECWQ","Vermont","State","WATER CHESTNUT","Aquatic biota and wildlife that may utilize or are present in the waters"
"1VTDECWQ","Vermont","State","WATER CHESTNUT","The use of waters for boating and related recreational uses"
"1VTDECWQ","Vermont","State","WATER CHESTNUT","The use of waters for swimming and other primary contact recreation"
"1VTDECWQ","Vermont","State","SEDIMENTATION/SILTATION","Aquatic habitat to support aquatic biota, wildlife, or plant life"
"1VTDECWQ","Vermont","State","SEDIMENTATION/SILTATION","The use of waters for boating and related recreational uses"
"1VTDECWQ","Vermont","State","SEDIMENTATION/SILTATION","The use of waters for swimming and other primary contact recreation"
"1VTDECWQ","Vermont","State","CURLY-LEAF PONDWEED","The use of waters for the enjoyment of aesthetic conditions"
"1VTDECWQ","Vermont","State","CURLY-LEAF PONDWEED","Aquatic habitat to support aquatic biota, wildlife, or plant life"
"1VTDECWQ","Vermont","State","CURLY-LEAF PONDWEED","Aquatic biota and wildlife that may utilize or are present in the waters"
"1VTDECWQ","Vermont","State","CURLY-LEAF PONDWEED","The use of waters for boating and related recreational uses"
"1VTDECWQ","Vermont","State","CURLY-LEAF PONDWEED","The use of waters for swimming and other primary contact recreation"
"1VTDECWQ","Vermont","State","EURASIAN WATER MILFOIL, MYRIOPHYLLUM SPICATUM","The use of waters for the enjoyment of aesthetic conditions"
"1VTDECWQ","Vermont","State","EURASIAN WATER MILFOIL, MYRIOPHYLLUM SPICATUM","Aquatic habitat to support aquatic biota, wildlife, or plant life"
"1VTDECWQ","Vermont","State","EURASIAN WATER MILFOIL, MYRIOPHYLLUM SPICATUM","Aquatic biota and wildlife that may utilize or are present in the waters"
"1VTDECWQ","Vermont","State","EURASIAN WATER MILFOIL, MYRIOPHYLLUM SPICATUM","The use of waters for boating and related recreational uses"
"1VTDECWQ","Vermont","State","EURASIAN WATER MILFOIL, MYRIOPHYLLUM SPICATUM","The use of waters for swimming and other primary contact recreation"
"1VTDECWQ","Vermont","State","SEDIMENT","Aquatic habitat to support aquatic biota, wildlife, or plant life"
"1VTDECWQ","Vermont","State","SEDIMENT","The use of waters for fishing and related recreational uses"
"1VTDECWQ","Vermont","State","TEMPERATURE","The use of waters for fishing and related recreational uses"
"1VTDECWQ","Vermont","State","HABITAT ALTERATIONS","Aquatic habitat to support aquatic biota, wildlife, or plant life"
"1VTDECWQ","Vermont","State","HABITAT ALTERATIONS","The use of waters for fishing and related recreational uses"
"1VTDECWQ","Vermont","State","ALUMINUM, TOTAL","Aquatic habitat to support aquatic biota, wildlife, or plant life"
"1VTDECWQ","Vermont","State","PH","Aquatic habitat to support aquatic biota, wildlife, or plant life"
"1VTDECWQ","Vermont","State","PH, LOW","Aquatic habitat to support aquatic biota, wildlife, or plant life"
"1VTDECWQ","Vermont","State","PHOSPHORUS","The use of waters for the enjoyment of aesthetic conditions"
"1VTDECWQ","Vermont","State","ESCHERICHIA COLI (E. COLI)","The use of waters for swimming and other primary contact recreation"
"1VTDECWQ","Vermont","State","TRASH","The use of waters for the enjoyment of aesthetic conditions"
"1VTDECWQ","Vermont","State","TRASH","The use of waters for fishing and related recreational uses"
"1VTDECWQ","Vermont","State","TRASH","The use of waters for swimming and other primary contact recreation"
"1VTDECWQ","Vermont","State","PH, HIGH","The use of waters for fishing and related recreational uses"
"1VTDECWQ","Vermont","State","IRON","Aquatic habitat to support aquatic biota, wildlife, or plant life"
"1VTDECWQ","Vermont","State","ZINC","Aquatic habitat to support aquatic biota, wildlife, or plant life"
"1VTDECWQ","Vermont","State","NUTRIENTS","The use of waters for fishing and related recreational uses"
"1VTDECWQ","Vermont","State","TEMPERATURE","The use of waters for swimming and other primary contact recreation"
"1VTDECWQ","Vermont","State","DISSOLVED OXYGEN","Aquatic biota and wildlife that may utilize or are present in the waters"
"1VTDECWQ","Vermont","State","NUTRIENTS","Aquatic habitat to support aquatic biota, wildlife, or plant life"
"1VTDECWQ","Vermont","State","TURBIDITY","Aquatic habitat to support aquatic biota, wildlife, or plant life"
"1VTDECWQ","Vermont","State","FLOW REGIME MODIFICATION","The use of waters for the enjoyment of aesthetic conditions"
"1VTDECWQ","Vermont","State","FLOW REGIME MODIFICATION","The use of waters for fishing and related recreational uses"
"1VTDECWQ","Vermont","State","FLOW REGIME MODIFICATION","The use of waters for swimming and other primary contact recreation"
"1VTDECWQ","Vermont","State","SEDIMENT","The use of waters for the enjoyment of aesthetic conditions"
"1VTDECWQ","Vermont","State","HABITAT ALTERATIONS","The use of waters for the enjoyment of aesthetic conditions"
"1VTDECWQ","Vermont","State","PH","Aquatic biota and wildlife that may utilize or are present in the waters"
"1VTDECWQ","Vermont","State","ORGANIC ENRICHMENT (SEWAGE) BIOLOGICAL INDICATORS","The use of waters for the enjoyment of aesthetic conditions"
"1VTDECWQ","Vermont","State","POLLUTANTS IN URBAN STORMWATER","Aquatic biota and wildlife that may utilize or are present in the waters"
"1VTDECWQ","Vermont","State","PHOSPHORUS","Aquatic biota and wildlife that may utilize or are present in the waters"
"1VTDECWQ","Vermont","State","PHOSPHORUS, TOTAL","Aquatic biota and wildlife that may utilize or are present in the waters"
"1VTDECWQ","Vermont","State","NUTRIENTS","The use of waters for swimming and other primary contact recreation"
"1VTDECWQ","Vermont","State","TURBIDITY","The use of waters for swimming and other primary contact recreation"
"1VTDECWQ","Vermont","State","TOTAL SUSPENDED SOLIDS (TSS)","The use of waters for the enjoyment of aesthetic conditions"
"1VTDECWQ","Vermont","State","TOTAL SUSPENDED SOLIDS (TSS)","Aquatic habitat to support aquatic biota, wildlife, or plant life"
"1VTDECWQ","Vermont","State","TOTAL SUSPENDED SOLIDS (TSS)","The use of waters for swimming and other primary contact recreation"
"1VTDECWQ","Vermont","State","PHOSPHORUS, TOTAL","The use of waters for the enjoyment of aesthetic conditions"
"1VTDECWQ","Vermont","State","TEMPERATURE","The use of waters for boating and related recreational uses"
"1VTDECWQ","Vermont","State","SEDIMENTATION/SILTATION","The use of waters for fishing and related recreational uses"
"1VTDECWQ","Vermont","State","HABITAT ALTERATIONS","Aquatic biota and wildlife that may utilize or are present in the waters"
"1VTDECWQ","Vermont","State","ORGANIC ENRICHMENT","Aquatic habitat to support aquatic biota, wildlife, or plant life"
"1VTDECWQ","Vermont","State","NON-NATIVE AQUATIC PLANTS","The use of waters for the enjoyment of aesthetic conditions"
"1VTDECWQ","Vermont","State","NON-NATIVE AQUATIC PLANTS","Aquatic habitat to support aquatic biota, wildlife, or plant life"
"1VTDECWQ","Vermont","State","NON-NATIVE AQUATIC PLANTS","Aquatic biota and wildlife that may utilize or are present in the waters"
"1VTDECWQ","Vermont","State","NON-NATIVE AQUATIC PLANTS","The use of waters for boating and related recreational uses"
"1VTDECWQ","Vermont","State","NON-NATIVE AQUATIC PLANTS","The use of waters for swimming and other primary contact recreation"
"1VTDECWQ","Vermont","State","POLLUTANTS IN URBAN STORMWATER","The use of waters for the enjoyment of aesthetic conditions"
"1VTDECWQ","Vermont","State","SEDIMENT","Aquatic biota and wildlife that may utilize or are present in the waters"
"1VTDECWQ","Vermont","State","CHLORIDE","Aquatic biota and wildlife that may utilize or are present in the waters"
"1VTDECWQ","Vermont","State","MERCURY IN FISH TISSUE","Aquatic biota and wildlife that may utilize or are present in the waters"
"1VTDECWQ","Vermont","State","POLLUTANTS IN URBAN STORMWATER","The use of waters for boating and related recreational uses"
"1VTDECWQ","Vermont","State","TURBIDITY","The use of waters for fishing and related recreational uses"
"1VTDECWQ","Vermont","State","TOXICITY","Aquatic habitat to support aquatic biota, wildlife, or plant life"
"1VTDECWQ","Vermont","State","ASBESTOS","The use of waters for swimming and other primary contact recreation"
"1VTDECWQ","Vermont","State","BRITTLE NAIAD, NAJAS MINOR","The use of waters for the enjoyment of aesthetic conditions"
"1VTDECWQ","Vermont","State","BRITTLE NAIAD, NAJAS MINOR","Aquatic habitat to support aquatic biota, wildlife, or plant life"
"1VTDECWQ","Vermont","State","BRITTLE NAIAD, NAJAS MINOR","Aquatic biota and wildlife that may utilize or are present in the waters"
"1VTDECWQ","Vermont","State","BRITTLE NAIAD, NAJAS MINOR","The use of waters for boating and related recreational uses"
"1VTDECWQ","Vermont","State","BRITTLE NAIAD, NAJAS MINOR","The use of waters for swimming and other primary contact recreation"
"1VTDECWQ","Vermont","State","ASBESTOS","The use of waters for the enjoyment of aesthetic conditions"
"1VTDECWQ","Vermont","State","ASBESTOS","Aquatic biota and wildlife that may utilize or are present in the waters"
"1VTDECWQ","Vermont","State","POLLUTANTS IN URBAN STORMWATER","The use of waters for fishing and related recreational uses"
"1VTDECWQ","Vermont","State","POLLUTANTS IN URBAN STORMWATER","The use of waters for swimming and other primary contact recreation"
"1VTDECWQ","Vermont","State","TOXICITY","The use of waters for the enjoyment of aesthetic conditions"
"1VTDECWQ","Vermont","State","CHLORIDE","Aquatic habitat to support aquatic biota, wildlife, or plant life"
"1VTDECWQ","Vermont","State","SEDIMENTATION","Aquatic biota and wildlife that may utilize or are present in the waters"
"1VTDECWQ","Vermont","State","ARSENIC","Aquatic habitat to support aquatic biota, wildlife, or plant life"
"1VTDECWQ","Vermont","State","PHOSPHORUS","The use of waters for fishing and related recreational uses"
"1VTDECWQ","Vermont","State","PHOSPHORUS","The use of waters for swimming and other primary contact recreation"
"1VTDECWQ","Vermont","State","NUTRIENTS","The use of waters for boating and related recreational uses"
"1VTDECWQ","Vermont","State","TURBIDITY","The use of waters for boating and related recreational uses"
"1VTDECWQ","Vermont","State","HABITAT ALTERATIONS","The use of waters for boating and related recreational uses"
"1VTDECWQ","Vermont","State","HABITAT ALTERATIONS","The use of waters for swimming and other primary contact recreation"
"1VTDECWQ","Vermont","State","CADMIUM","Aquatic habitat to support aquatic biota, wildlife, or plant life"
"1VTDECWQ","Vermont","State","ESCHERICHIA COLI (E. COLI)","Aquatic biota and wildlife that may utilize or are present in the waters"
"1VTDECWQ","Vermont","State",NA,"Fish Consumption"
"1VTDECWQ","Vermont","State","ORGANIC ENRICHMENT","The use of waters for fishing and related recreational uses"
"1VTDECWQ","Vermont","State","HABITAT ALTERATIONS","Fish Consumption"
"1VTDECWQ","Vermont","State","TEMPERATURE","Fish Consumption"
"1VTDECWQ","Vermont","State","PAPER SLUDGE","Aquatic biota and wildlife that may utilize or are present in the waters"
"1VTDECWQ","Vermont","State","METALS","The use of waters for the enjoyment of aesthetic conditions"
"1VTDECWQ","Vermont","State","METALS","The use of waters for boating and related recreational uses"
"1VTDECWQ","Vermont","State","METALS","Fish Consumption"
"1VTDECWQ","Vermont","State","PHOSPHORUS","Aquatic habitat to support aquatic biota, wildlife, or plant life"
"1VTDECWQ","Vermont","State","PHOSPHORUS","The use of waters for boating and related recreational uses"
"1VTDECWQ","Vermont","State","OIL","Aquatic biota and wildlife that may utilize or are present in the waters"
"1VTDECWQ","Vermont","State","OIL","The use of waters for fishing and related recreational uses"
"1VTDECWQ","Vermont","State","OIL","The use of waters for swimming and other primary contact recreation"
"1VTDECWQ","Vermont","State","NITROGEN","The use of waters for the enjoyment of aesthetic conditions"
"1VTDECWQ","Vermont","State","NITROGEN","Aquatic habitat to support aquatic biota, wildlife, or plant life"
"1VTDECWQ","Vermont","State","SPECIFIC CONDUCTIVITY","The use of waters for the enjoyment of aesthetic conditions"
"1VTDECWQ","Vermont","State","SPECIFIC CONDUCTIVITY","Aquatic habitat to support aquatic biota, wildlife, or plant life"
"1VTDECWQ","Vermont","State","ZEBRA MUSSEL, DREISSENA POLYMORPH","The use of waters for the enjoyment of aesthetic conditions"
"1VTDECWQ","Vermont","State","ZEBRA MUSSEL, DREISSENA POLYMORPH","Aquatic habitat to support aquatic biota, wildlife, or plant life"
"1VTDECWQ","Vermont","State","ZEBRA MUSSEL, DREISSENA POLYMORPH","Aquatic biota and wildlife that may utilize or are present in the waters"
"1VTDECWQ","Vermont","State","ZEBRA MUSSEL, DREISSENA POLYMORPH","The use of waters for boating and related recreational uses"
"1VTDECWQ","Vermont","State","ZEBRA MUSSEL, DREISSENA POLYMORPH","The use of waters for swimming and other primary contact recreation"
"1VTDECWQ","Vermont","State","ZEBRA MUSSEL, DREISSENA POLYMORPH","The use of the water for public water source"
"1VTDECWQ","Vermont","State","EURASIAN WATER MILFOIL, MYRIOPHYLLUM SPICATUM","The use of the water for public water source"
"1VTDECWQ","Vermont","State","ESCHERICHIA COLI (E. COLI)","The use of the water for public water source"
"1VTDECWQ","Vermont","State","NON-NATIVE AQUATIC PLANTS","The use of the water for public water source"
"1VTDECWQ","Vermont","State","VARIABLE-LEAVED WATERMILFOIL, MYRIOPHYLLUM HETEROPHYLLUM","The use of waters for the enjoyment of aesthetic conditions"
"1VTDECWQ","Vermont","State","VARIABLE-LEAVED WATERMILFOIL, MYRIOPHYLLUM HETEROPHYLLUM","Aquatic habitat to support aquatic biota, wildlife, or plant life"
"1VTDECWQ","Vermont","State","VARIABLE-LEAVED WATERMILFOIL, MYRIOPHYLLUM HETEROPHYLLUM","Aquatic biota and wildlife that may utilize or are present in the waters"
"1VTDECWQ","Vermont","State","VARIABLE-LEAVED WATERMILFOIL, MYRIOPHYLLUM HETEROPHYLLUM","The use of waters for boating and related recreational uses"
"1VTDECWQ","Vermont","State","VARIABLE-LEAVED WATERMILFOIL, MYRIOPHYLLUM HETEROPHYLLUM","The use of waters for swimming and other primary contact recreation"
"1VTDECWQ","Vermont","State","XYLENE","Aquatic habitat to support aquatic biota, wildlife, or plant life"
"1VTDECWQ","Vermont","State","XYLENE","Aquatic biota and wildlife that may utilize or are present in the waters"
"1VTDECWQ","Vermont","State","XYLENE","The use of waters for boating and related recreational uses"
"1VTDECWQ","Vermont","State","XYLENE","The use of waters for swimming and other primary contact recreation"
"1VTDECWQ","Vermont","State","TOLUENE","Aquatic habitat to support aquatic biota, wildlife, or plant life"
"1VTDECWQ","Vermont","State","TOLUENE","Aquatic biota and wildlife that may utilize or are present in the waters"
"1VTDECWQ","Vermont","State","TOLUENE","The use of waters for boating and related recreational uses"
"1VTDECWQ","Vermont","State","TOLUENE","The use of waters for swimming and other primary contact recreation"
"1VTDECWQ","Vermont","State","FLOW REGIME MODIFICATION","Fish Consumption"
"MTDEQ","Montana","State",NA,"Aquatic Life"
"MTDEQ","Montana","State",NA,"Primary Contact Recreation"
"MTDEQ","Montana","State","IRON","Aquatic Life"
"MTDEQ","Montana","State","ZINC","Aquatic Life"
"MTDEQ","Montana","State","COPPER","Aquatic Life"
"MTDEQ","Montana","State","CADMIUM","Aquatic Life"
"MTDEQ","Montana","State","NITROGEN, TOTAL","Aquatic Life"
"MTDEQ","Montana","State","PHOSPHORUS, TOTAL","Aquatic Life"
"MTDEQ","Montana","State","LEAD","Aquatic Life"
"MTDEQ","Montana","State","CAUSE UNKNOWN","Aquatic Life"
"MTDEQ","Montana","State",NA,"Agricultural"
"MTDEQ","Montana","State",NA,"Drinking Water"
"MTDEQ","Montana","State","SEDIMENTATION/SILTATION","Aquatic Life"
"MTDEQ","Montana","State","ESCHERICHIA COLI (E. COLI)","Primary Contact Recreation"
"MTDEQ","Montana","State","HABITAT ALTERATIONS","Aquatic Life"
"MTDEQ","Montana","State","PHYSICAL SUBSTRATE HABITAT ALTERATIONS","Aquatic Life"
"MTDEQ","Montana","State","ALTERATION IN STREAM-SIDE OR LITTORAL VEGETATIVE COVERS","Aquatic Life"
"MTDEQ","Montana","State","FLOW REGIME MODIFICATION","Aquatic Life"
"MTDEQ","Montana","State","SEDIMENT","Aquatic Life"
"MTDEQ","Montana","State","CHLOROPHYLL-A","Aquatic Life"
"MTDEQ","Montana","State","CHLOROPHYLL-A","Primary Contact Recreation"
"MTDEQ","Montana","State","PHOSPHORUS, TOTAL","Primary Contact Recreation"
"MTDEQ","Montana","State","NITRATE/NITRITE (NITRITE + NITRATE AS N)","Aquatic Life"
"MTDEQ","Montana","State","SULFATE","Aquatic Life"
"MTDEQ","Montana","State","SALINITY","Agricultural"
"MTDEQ","Montana","State","SALINITY","Aquatic Life"
"MTDEQ","Montana","State","SELENIUM","Aquatic Life"
"MTDEQ","Montana","State","IRON","Agricultural"
"MTDEQ","Montana","State","LEAD","Drinking Water"
"MTDEQ","Montana","State","COPPER","Drinking Water"
"MTDEQ","Montana","State","MERCURY","Aquatic Life"
"MTDEQ","Montana","State","ARSENIC","Drinking Water"
"MTDEQ","Montana","State","PH","Aquatic Life"
"MTDEQ","Montana","State","ALUMINUM","Aquatic Life"
"MTDEQ","Montana","State","MERCURY","Drinking Water"
"MTDEQ","Montana","State","CYANIDE","Aquatic Life"
"MTDEQ","Montana","State","ANTIMONY","Drinking Water"
"MTDEQ","Montana","State","AMMONIA, UN-IONIZED","Aquatic Life"
"MTDEQ","Montana","State","NITROGEN, TOTAL","Primary Contact Recreation"
"MTDEQ","Montana","State","NITRATE/NITRITE (NITRITE + NITRATE AS N)","Primary Contact Recreation"
"MTDEQ","Montana","State","ARSENIC","Aquatic Life"
"MTDEQ","Montana","State","NICKEL","Aquatic Life"
"MTDEQ","Montana","State","ZINC","Drinking Water"
"MTDEQ","Montana","State","CADMIUM","Drinking Water"
"MTDEQ","Montana","State","CHROMIUM, TOTAL","Drinking Water"
"MTDEQ","Montana","State","SELENIUM","Drinking Water"
"MTDEQ","Montana","State","PH","Agricultural"
"MTDEQ","Montana","State","PH","Primary Contact Recreation"
"MTDEQ","Montana","State","FISH PASSAGE BARRIER","Aquatic Life"
"MTDEQ","Montana","State","NICKEL","Drinking Water"
"MTDEQ","Montana","State","TOTAL KJEHLDAHL NITROGEN (TKN)","Aquatic Life"
"MTDEQ","Montana","State","NITRATE","Aquatic Life"
"MTDEQ","Montana","State","TOTAL DISSOLVED SOLIDS (TDS)","Aquatic Life"
"MTDEQ","Montana","State","SULFATE","Agricultural"
"MTDEQ","Montana","State","SULFATE","Drinking Water"
"MTDEQ","Montana","State","SALINITY","Drinking Water"
"MTDEQ","Montana","State","TOTAL DISSOLVED SOLIDS (TDS)","Agricultural"
"MTDEQ","Montana","State","TOTAL DISSOLVED SOLIDS (TDS)","Drinking Water"
"MTDEQ","Montana","State","TEMPERATURE","Aquatic Life"
"MTDEQ","Montana","State","THALLIUM","Drinking Water"
"MTDEQ","Montana","State","FLOW REGIME MODIFICATION","Agricultural"
"MTDEQ","Montana","State","DISSOLVED OXYGEN","Aquatic Life"
"MTDEQ","Montana","State","URANIUM","Drinking Water"
"MTDEQ","Montana","State","ARSENIC","Agricultural"
"MTDEQ","Montana","State","TOTAL KJEHLDAHL NITROGEN (TKN)","Primary Contact Recreation"
"MTDEQ","Montana","State","SPECIFIC CONDUCTIVITY","Aquatic Life"
"MTDEQ","Montana","State","SODIUM","Agricultural"
"MTDEQ","Montana","State","SODIUM","Aquatic Life"
"MTDEQ","Montana","State","ORGANIC ENRICHMENT","Aquatic Life"
"MTDEQ","Montana","State","OTHER ANTHROPOGENIC SUBSTRATE ALTERATIONS","Aquatic Life"
"MTDEQ","Montana","State","SILVER","Aquatic Life"
"MTDEQ","Montana","State","SILVER","Drinking Water"
"MTDEQ","Montana","State","ALUMINUM","Drinking Water"
"MTDEQ","Montana","State","CHROMIUM","Drinking Water"
"MTDEQ","Montana","State","ALGAE","Primary Contact Recreation"
"MTDEQ","Montana","State","IRON","Drinking Water"
"MTDEQ","Montana","State","MANGANESE","Aquatic Life"
"MTDEQ","Montana","State","SEDIMENTATION/SILTATION","Primary Contact Recreation"
"MTDEQ","Montana","State","TURBIDITY","Aquatic Life"
"MTDEQ","Montana","State","ALGAE","Aquatic Life"
"MTDEQ","Montana","State","NITROGEN, NITRATE","Aquatic Life"
"MTDEQ","Montana","State","NITROGEN, NITRATE","Primary Contact Recreation"
"MTDEQ","Montana","State","TOTAL SUSPENDED SOLIDS (TSS)","Aquatic Life"
"MTDEQ","Montana","State","CAUSE UNKNOWN","Primary Contact Recreation"
"MTDEQ","Montana","State","EXCESS ALGAL GROWTH","Aquatic Life"
"MTDEQ","Montana","State","EXCESS ALGAL GROWTH","Primary Contact Recreation"
"MTDEQ","Montana","State","NITRATE","Primary Contact Recreation"
"MTDEQ","Montana","State","FECAL COLIFORM","Primary Contact Recreation"
"MTDEQ","Montana","State","ALGAE","Agricultural"
"MTDEQ","Montana","State","EUTROPHICATION","Aquatic Life"
"MTDEQ","Montana","State","DDE (DICHLORODIPHENYLDICHLOROETHYLENE)","Aquatic Life"
"MTDEQ","Montana","State","ENDRIN ALDEHYDE","Aquatic Life"
"MTDEQ","Montana","State","ENDOSULFAN SULFATE","Aquatic Life"
"MTDEQ","Montana","State","DDT (DICHLORODIPHENYLTRICHLOROETHANE)","Aquatic Life"
"MTDEQ","Montana","State","AQUATIC PLANTS (MACROPHYTES)","Aquatic Life"
"MTDEQ","Montana","State","AMMONIA, TOTAL","Aquatic Life"
"MTDEQ","Montana","State","CHLORIDE","Agricultural"
"MTDEQ","Montana","State","CHLORIDE","Aquatic Life"
"MTDEQ","Montana","State","SPECIFIC CONDUCTIVITY","Agricultural"
"MTDEQ","Montana","State","CHROMIUM, TOTAL","Aquatic Life"
"MTDEQ","Montana","State","POLYCHLORINATED BIPHENYLS (PCBS)","Aquatic Life"
"MTDEQ","Montana","State","NITRATE/NITRITE (NITRITE + NITRATE AS N)","Drinking Water"
"MTDEQ","Montana","State","BIOCHEMICAL OXYGEN DEMAND (BOD)","Aquatic Life"
"MTDEQ","Montana","State","THALLIUM","Aquatic Life"
"MTDEQ","Montana","State","POLYCHLORINATED BIPHENYLS (PCBS)","Primary Contact Recreation"
"MTDEQ","Montana","State","SODIUM ABSORPTION RATIO","Agricultural"
"MTDEQ","Montana","State","MANGANESE","Drinking Water"
"MTDEQ","Montana","State","COMBINED BIOTA/HABITAT BIOASSESSMENTS","Aquatic Life"
"MTDEQ","Montana","State","BENTHIC MACROINVERTEBRATES","Aquatic Life"
"MTDEQ","Montana","State","PH","Drinking Water"
"MTDEQ","Montana","State","POLYCYCLIC AROMATIC HYDROCARBONS (PAHS) (AQUATIC ECOSYSTEMS)","Drinking Water"
"MTDEQ","Montana","State","OIL AND GREASE","Aquatic Life"
"MTDEQ","Montana","State","OIL AND GREASE","Primary Contact Recreation"
"MTDEQ","Montana","State","PERIPHYTON (AUFWUCHS) INDICATOR BIOASSESSMENTS","Aquatic Life"
"MTDEQ","Montana","State","ZINC","Agricultural"
"MTDEQ","Montana","State","BERYLLIUM","Drinking Water"
"MTDEQ","Montana","State","SEDIMENT OXYGEN DEMAND","Aquatic Life"
"MTDEQ","Montana","State","DISSOLVED GAS SUPERSATURATION","Aquatic Life"
"21MSWQ","Mississippi","State","SEDIMENTATION/SILTATION","AQUATIC LIFE SUPPORT"
"21MSWQ","Mississippi","State",NA,"AQUATIC LIFE SUPPORT"
"21MSWQ","Mississippi","State","BIOLOGICAL INTEGRITY","AQUATIC LIFE SUPPORT"
"21MSWQ","Mississippi","State","SEDIMENT","AQUATIC LIFE SUPPORT"
"21MSWQ","Mississippi","State","NITROGEN, TOTAL","AQUATIC LIFE SUPPORT"
"21MSWQ","Mississippi","State","PHOSPHORUS, TOTAL","AQUATIC LIFE SUPPORT"
"21MSWQ","Mississippi","State","TOXICITY","AQUATIC LIFE SUPPORT"
"21MSWQ","Mississippi","State","ORGANIC ENRICHMENT","AQUATIC LIFE SUPPORT"
"21MSWQ","Mississippi","State","NITROGEN","AQUATIC LIFE SUPPORT"
"21MSWQ","Mississippi","State","PHOSPHORUS","AQUATIC LIFE SUPPORT"
"21MSWQ","Mississippi","State","FECAL COLIFORM","SECONDARY CONTACT"
"21MSWQ","Mississippi","State","BIOCHEMICAL OXYGEN DEMAND (BOD)","AQUATIC LIFE SUPPORT"
"21MSWQ","Mississippi","State","AMMONIA, UN-IONIZED","AQUATIC LIFE SUPPORT"
"21MSWQ","Mississippi","State","PHENOL","AQUATIC LIFE SUPPORT"
"21MSWQ","Mississippi","State","FECAL COLIFORM","PRIMARY CONTACT (RECR)"
"21MSWQ","Mississippi","State","ESCHERICHIA COLI (E. COLI)","PRIMARY CONTACT (RECR)"
"21MSWQ","Mississippi","State","ENTEROCOCCUS","PRIMARY CONTACT (RECR)"
"21MSWQ","Mississippi","State",NA,"SECONDARY CONTACT"
"21MSWQ","Mississippi","State",NA,"PRIMARY CONTACT (RECR)"
"21MSWQ","Mississippi","State","PH","AQUATIC LIFE SUPPORT"
"21MSWQ","Mississippi","State","SEDIMENTATION","AQUATIC LIFE SUPPORT"
"21MSWQ","Mississippi","State","MERCURY IN FISH TISSUE","FISH CONSUMPTION"
"21MSWQ","Mississippi","State","AMMONIA","AQUATIC LIFE SUPPORT"
"21MSWQ","Mississippi","State","PCBS IN FISH TISSUE","FISH CONSUMPTION"
"21MSWQ","Mississippi","State","POLYCHLORINATED BIPHENYLS (PCBS)","FISH CONSUMPTION"
"21MSWQ","Mississippi","State","NUTRIENTS","AQUATIC LIFE SUPPORT"
"21MSWQ","Mississippi","State","TOXAPHENE","AQUATIC LIFE SUPPORT"
"21MSWQ","Mississippi","State","DDT (DICHLORODIPHENYLTRICHLOROETHANE)","AQUATIC LIFE SUPPORT"
"21MSWQ","Mississippi","State","CHEMICAL OXYGEN DEMAND (COD)","AQUATIC LIFE SUPPORT"
"21MSWQ","Mississippi","State","LEAD","AQUATIC LIFE SUPPORT"
"21MSWQ","Mississippi","State","CADMIUM","AQUATIC LIFE SUPPORT"
"21MSWQ","Mississippi","State","ESCHERICHIA COLI (E. COLI)","SECONDARY CONTACT"
"21MSWQ","Mississippi","State","BIOCHEMICAL OXYGEN DEMAND (BOD), CARBONACEOUS","AQUATIC LIFE SUPPORT"
"21MSWQ","Mississippi","State","CHLOROPHYLL-A","AQUATIC LIFE SUPPORT"
"21MSWQ","Mississippi","State",NA,"AQUATIC LIFE USE SUPPORT"
"21MSWQ","Mississippi","State","TOXAPHENE","FISH CONSUMPTION"
"21MSWQ","Mississippi","State","DDT IN FISH TISSUE","FISH CONSUMPTION"
"21MSWQ","Mississippi","State","SPECIFIC CONDUCTIVITY","AQUATIC LIFE SUPPORT"
"21MSWQ","Mississippi","State","CHLORIDE","AQUATIC LIFE SUPPORT"
"SDDENR","South Dakota","State","AMMONIA-NITROGEN","Warmwater Marginal Fish Life Propagation Waters"
"SDDENR","South Dakota","State","NITRATE","Fish and Wildlife Propagation, Recreation, and Stock Watering Waters"
"SDDENR","South Dakota","State","ESCHERICHIA COLI (E. COLI)","Limited Contact Recreation Waters"
"SDDENR","South Dakota","State","TOTAL SUSPENDED SOLIDS (TSS)","Warmwater Marginal Fish Life Propagation Waters"
"SDDENR","South Dakota","State","TEMPERATURE","Warmwater Marginal Fish Life Propagation Waters"
"SDDENR","South Dakota","State","SELENIUM, DISSOLVED","Warmwater Marginal Fish Life Propagation Waters"
"SDDENR","South Dakota","State","SELENIUM, DISSOLVED","Fish and Wildlife Propagation, Recreation, and Stock Watering Waters"
"SDDENR","South Dakota","State","PH","Warmwater Marginal Fish Life Propagation Waters"
"SDDENR","South Dakota","State","PH","Fish and Wildlife Propagation, Recreation, and Stock Watering Waters"
"SDDENR","South Dakota","State","DISSOLVED OXYGEN","Warmwater Marginal Fish Life Propagation Waters"
"SDDENR","South Dakota","State","DISSOLVED OXYGEN","Limited Contact Recreation Waters"
"SDDENR","South Dakota","State","SALINITY","Irrigation Waters"
"SDDENR","South Dakota","State","SPECIFIC CONDUCTIVITY","Irrigation Waters"
"SDDENR","South Dakota","State","TOTAL DISSOLVED SOLIDS (TDS)","Fish and Wildlife Propagation, Recreation, and Stock Watering Waters"
"SDDENR","South Dakota","State",NA,"Domestic Water Supply Waters"
"SDDENR","South Dakota","State","AMMONIA-NITROGEN","Coldwater Permanent Fish Life Propagation Waters"
"SDDENR","South Dakota","State","ESCHERICHIA COLI (E. COLI)","Immersion Recreation Waters"
"SDDENR","South Dakota","State","TOTAL SUSPENDED SOLIDS (TSS)","Coldwater Permanent Fish Life Propagation Waters"
"SDDENR","South Dakota","State","TEMPERATURE","Coldwater Permanent Fish Life Propagation Waters"
"SDDENR","South Dakota","State","CHLOROPHYLL-A","Coldwater Permanent Fish Life Propagation Waters"
"SDDENR","South Dakota","State","CHLOROPHYLL-A","Immersion Recreation Waters"
"SDDENR","South Dakota","State","CHLOROPHYLL-A","Limited Contact Recreation Waters"
"SDDENR","South Dakota","State","ALKALINITY","Fish and Wildlife Propagation, Recreation, and Stock Watering Waters"
"SDDENR","South Dakota","State","DISSOLVED OXYGEN","Coldwater Permanent Fish Life Propagation Waters"
"SDDENR","South Dakota","State","DISSOLVED OXYGEN","Immersion Recreation Waters"
"SDDENR","South Dakota","State","SPECIFIC CONDUCTIVITY","Fish and Wildlife Propagation, Recreation, and Stock Watering Waters"
"SDDENR","South Dakota","State","MERCURY IN FISH TISSUE","Warmwater Marginal Fish Life Propagation Waters"
"SDDENR","South Dakota","State","MERCURY IN FISH TISSUE","Fish and Wildlife Propagation, Recreation, and Stock Watering Waters"
"SDDENR","South Dakota","State","AMMONIA-NITROGEN","Warmwater Permanent Fish Life Propagation Waters"
"SDDENR","South Dakota","State","MERCURY IN FISH TISSUE","Warmwater Permanent Fish Life Propagation Waters"
"SDDENR","South Dakota","State","TOTAL SUSPENDED SOLIDS (TSS)","Warmwater Permanent Fish Life Propagation Waters"
"SDDENR","South Dakota","State","DISSOLVED OXYGEN","Warmwater Permanent Fish Life Propagation Waters"
"SDDENR","South Dakota","State","CHLOROPHYLL-A","Warmwater Permanent Fish Life Propagation Waters"
"SDDENR","South Dakota","State","PH","Warmwater Permanent Fish Life Propagation Waters"
"SDDENR","South Dakota","State","AMMONIA-NITROGEN","Warmwater Semipermanent Fish Life Propagation Waters"
"SDDENR","South Dakota","State","NITRATE","Domestic Water Supply Waters"
"SDDENR","South Dakota","State","TOTAL SUSPENDED SOLIDS (TSS)","Warmwater Semipermanent Fish Life Propagation Waters"
"SDDENR","South Dakota","State","TEMPERATURE","Warmwater Semipermanent Fish Life Propagation Waters"
"SDDENR","South Dakota","State","SELENIUM, DISSOLVED","Warmwater Semipermanent Fish Life Propagation Waters"
"SDDENR","South Dakota","State","PH","Warmwater Semipermanent Fish Life Propagation Waters"
"SDDENR","South Dakota","State","PH","Domestic Water Supply Waters"
"SDDENR","South Dakota","State","DISSOLVED OXYGEN","Warmwater Semipermanent Fish Life Propagation Waters"
"SDDENR","South Dakota","State","TOTAL DISSOLVED SOLIDS (TDS)","Domestic Water Supply Waters"
"SDDENR","South Dakota","State","CHLOROPHYLL-A","Warmwater Marginal Fish Life Propagation Waters"
"SDDENR","South Dakota","State",NA,"Immersion Recreation Waters"
"SDDENR","South Dakota","State",NA,"Limited Contact Recreation Waters"
"SDDENR","South Dakota","State","TEMPERATURE","Warmwater Permanent Fish Life Propagation Waters"
"SDDENR","South Dakota","State","MERCURY IN FISH TISSUE","Warmwater Semipermanent Fish Life Propagation Waters"
"SDDENR","South Dakota","State","CHLOROPHYLL-A","Warmwater Semipermanent Fish Life Propagation Waters"
"SDDENR","South Dakota","State","SELENIUM, DISSOLVED","Warmwater Permanent Fish Life Propagation Waters"
"SDDENR","South Dakota","State","SELENIUM, DISSOLVED","Coldwater Permanent Fish Life Propagation Waters"
"SDDENR","South Dakota","State","PH","Coldwater Permanent Fish Life Propagation Waters"
"SDDENR","South Dakota","State","RADIUM","Fish and Wildlife Propagation, Recreation, and Stock Watering Waters"
"SDDENR","South Dakota","State","URANIUM","Fish and Wildlife Propagation, Recreation, and Stock Watering Waters"
"SDDENR","South Dakota","State","ARSENIC","Warmwater Marginal Fish Life Propagation Waters"
"SDDENR","South Dakota","State","ARSENIC","Fish and Wildlife Propagation, Recreation, and Stock Watering Waters"
"SDDENR","South Dakota","State",NA,"Warmwater Marginal Fish Life Propagation Waters"
"SDDENR","South Dakota","State","MERCURY IN FISH TISSUE","Coldwater Permanent Fish Life Propagation Waters"
"SDDENR","South Dakota","State","PH","Commerce and Industry Waters"
"SDDENR","South Dakota","State","TOTAL DISSOLVED SOLIDS (TDS)","Commerce and Industry Waters"
"SDDENR","South Dakota","State","AMMONIA-NITROGEN","Coldwater Marginal Fish Life Propagation Waters"
"SDDENR","South Dakota","State","MERCURY, TOTAL","Coldwater Marginal Fish Life Propagation Waters"
"SDDENR","South Dakota","State","MERCURY, TOTAL","Fish and Wildlife Propagation, Recreation, and Stock Watering Waters"
"SDDENR","South Dakota","State","TOTAL SUSPENDED SOLIDS (TSS)","Coldwater Marginal Fish Life Propagation Waters"
"SDDENR","South Dakota","State","TEMPERATURE","Coldwater Marginal Fish Life Propagation Waters"
"SDDENR","South Dakota","State","CYANIDE","Coldwater Marginal Fish Life Propagation Waters"
"SDDENR","South Dakota","State","CYANIDE","Fish and Wildlife Propagation, Recreation, and Stock Watering Waters"
"SDDENR","South Dakota","State","LEAD","Coldwater Marginal Fish Life Propagation Waters"
"SDDENR","South Dakota","State","LEAD","Fish and Wildlife Propagation, Recreation, and Stock Watering Waters"
"SDDENR","South Dakota","State","ZINC","Coldwater Marginal Fish Life Propagation Waters"
"SDDENR","South Dakota","State","ZINC","Fish and Wildlife Propagation, Recreation, and Stock Watering Waters"
"SDDENR","South Dakota","State","COPPER","Coldwater Marginal Fish Life Propagation Waters"
"SDDENR","South Dakota","State","COPPER","Fish and Wildlife Propagation, Recreation, and Stock Watering Waters"
"SDDENR","South Dakota","State","NICKEL","Coldwater Marginal Fish Life Propagation Waters"
"SDDENR","South Dakota","State","NICKEL","Fish and Wildlife Propagation, Recreation, and Stock Watering Waters"
"SDDENR","South Dakota","State","SILVER","Coldwater Marginal Fish Life Propagation Waters"
"SDDENR","South Dakota","State","SILVER","Fish and Wildlife Propagation, Recreation, and Stock Watering Waters"
"SDDENR","South Dakota","State","ARSENIC","Coldwater Marginal Fish Life Propagation Waters"
"SDDENR","South Dakota","State","CADMIUM","Coldwater Marginal Fish Life Propagation Waters"
"SDDENR","South Dakota","State","CADMIUM","Fish and Wildlife Propagation, Recreation, and Stock Watering Waters"
"SDDENR","South Dakota","State","CHROMIUM","Coldwater Marginal Fish Life Propagation Waters"
"SDDENR","South Dakota","State","CHROMIUM","Fish and Wildlife Propagation, Recreation, and Stock Watering Waters"
"SDDENR","South Dakota","State","SELENIUM, DISSOLVED","Coldwater Marginal Fish Life Propagation Waters"
"SDDENR","South Dakota","State","PH","Coldwater Marginal Fish Life Propagation Waters"
"SDDENR","South Dakota","State","DISSOLVED OXYGEN","Coldwater Marginal Fish Life Propagation Waters"
"SDDENR","South Dakota","State","SODIUM ADSORPTION RATIO","Irrigation Waters"
"SDDENR","South Dakota","State","SULFATE","Domestic Water Supply Waters"
"SDDENR","South Dakota","State","CHLORIDE","Coldwater Permanent Fish Life Propagation Waters"
"SDDENR","South Dakota","State","CHLORIDE","Domestic Water Supply Waters"
"SDDENR","South Dakota","State",NA,"Fish and Wildlife Propagation, Recreation, and Stock Watering Waters"
"SDDENR","South Dakota","State","PH, HIGH","Warmwater Marginal Fish Life Propagation Waters"
"SDDENR","South Dakota","State","PH, HIGH","Fish and Wildlife Propagation, Recreation, and Stock Watering Waters"
"SDDENR","South Dakota","State","CHLOROPHYLL-A","Coldwater Marginal Fish Life Propagation Waters"
"SDDENR","South Dakota","State","ARSENIC","Warmwater Semipermanent Fish Life Propagation Waters"
"SDDENR","South Dakota","State","SELENIUM","Warmwater Permanent Fish Life Propagation Waters"
"SDDENR","South Dakota","State","MERCURY, TOTAL","Coldwater Permanent Fish Life Propagation Waters"
"SDDENR","South Dakota","State","LEAD","Coldwater Permanent Fish Life Propagation Waters"
"SDDENR","South Dakota","State","ZINC","Coldwater Permanent Fish Life Propagation Waters"
"SDDENR","South Dakota","State","COPPER","Coldwater Permanent Fish Life Propagation Waters"
"SDDENR","South Dakota","State","NICKEL","Coldwater Permanent Fish Life Propagation Waters"
"SDDENR","South Dakota","State","SILVER","Coldwater Permanent Fish Life Propagation Waters"
"SDDENR","South Dakota","State","ARSENIC","Coldwater Permanent Fish Life Propagation Waters"
"SDDENR","South Dakota","State","CADMIUM","Coldwater Permanent Fish Life Propagation Waters"
"SDDENR","South Dakota","State","CHROMIUM","Coldwater Permanent Fish Life Propagation Waters"
"SDDENR","South Dakota","State","CHLOROPHYLL-A","Domestic Water Supply Waters"
"SDDENR","South Dakota","State","MERCURY IN FISH TISSUE","Coldwater Marginal Fish Life Propagation Waters"
"SDDENR","South Dakota","State",NA,"Irrigation Waters"
"SDDENR","South Dakota","State","CYANIDE","Coldwater Permanent Fish Life Propagation Waters"
"SDDENR","South Dakota","State","MERCURY, TOTAL","Warmwater Permanent Fish Life Propagation Waters"
"SDDENR","South Dakota","State","LEAD","Warmwater Permanent Fish Life Propagation Waters"
"SDDENR","South Dakota","State","ZINC","Warmwater Permanent Fish Life Propagation Waters"
"SDDENR","South Dakota","State","COPPER","Warmwater Permanent Fish Life Propagation Waters"
"SDDENR","South Dakota","State","NICKEL","Warmwater Permanent Fish Life Propagation Waters"
"SDDENR","South Dakota","State","SILVER","Warmwater Permanent Fish Life Propagation Waters"
"SDDENR","South Dakota","State","ARSENIC","Warmwater Permanent Fish Life Propagation Waters"
"SDDENR","South Dakota","State","CADMIUM","Warmwater Permanent Fish Life Propagation Waters"
"SDDENR","South Dakota","State","CHROMIUM","Warmwater Permanent Fish Life Propagation Waters"
"SDDENR","South Dakota","State","CHLOROPHYLL-A","Irrigation Waters"
"SDDENR","South Dakota","State","SELENIUM, TOTAL","Coldwater Marginal Fish Life Propagation Waters"
"SDDENR","South Dakota","State","SELENIUM, TOTAL","Fish and Wildlife Propagation, Recreation, and Stock Watering Waters"
"PUEBLO_SANTAANA","Pueblo of Santa Ana, New Mexico","Tribe","ESCHERICHIA COLI (E. COLI)","Primary Contact Ceremonial"
"PUEBLO_SANTAANA","Pueblo of Santa Ana, New Mexico","Tribe","ESCHERICHIA COLI (E. COLI)","Primary Contact Recreation"
"PUEBLO_SANTAANA","Pueblo of Santa Ana, New Mexico","Tribe","TEMPERATURE","Warm Water Aquatic Life"
"PUEBLO_SANTAANA","Pueblo of Santa Ana, New Mexico","Tribe","TEMPERATURE","Cool Water Aquatic Life Community"
"PUEBLO_SANTAANA","Pueblo of Santa Ana, New Mexico","Tribe","PH","Primary Contact Ceremonial"
"PUEBLO_SANTAANA","Pueblo of Santa Ana, New Mexico","Tribe","PH","Warm Water Aquatic Life"
"PUEBLO_SANTAANA","Pueblo of Santa Ana, New Mexico","Tribe","PH","Cool Water Aquatic Life Community"
"PUEBLO_SANTAANA","Pueblo of Santa Ana, New Mexico","Tribe","PH","Primary Contact Recreation"
"PUEBLO_SANTAANA","Pueblo of Santa Ana, New Mexico","Tribe","DISSOLVED OXYGEN","Warm Water Aquatic Life"
"PUEBLO_SANTAANA","Pueblo of Santa Ana, New Mexico","Tribe","DISSOLVED OXYGEN","Cool Water Aquatic Life Community"
"PUEBLO_SANTAANA","Pueblo of Santa Ana, New Mexico","Tribe","SPECIFIC CONDUCTIVITY","Warm Water Aquatic Life"
"PUEBLO_SANTAANA","Pueblo of Santa Ana, New Mexico","Tribe","SPECIFIC CONDUCTIVITY","Cool Water Aquatic Life Community"
"PUEBLO_SANTAANA","Pueblo of Santa Ana, New Mexico","Tribe",NA,NA
"21NYDECA","New York","State","DIOXIN","Fishing"
"21NYDECA","New York","State","DIOXIN","Secondary Contact Recreation"
"21NYDECA","New York","State","PH","Fishing"
"21NYDECA","New York","State","DISSOLVED OXYGEN","Fishing"
"21NYDECA","New York","State","NITROGEN, NITRITE","Fishing"
"21NYDECA","New York","State","UNKNOWN (BIOLOGICAL IMPACTS)","Fishing"
"21NYDECA","New York","State","UNKNOWN (BIOLOGICAL IMPACTS)","Secondary Contact Recreation"
"21NYDECA","New York","State","PHOSPHORUS","Fishing"
"21NYDECA","New York","State","PHOSPHORUS","Secondary Contact Recreation"
"21NYDECA","New York","State","FECAL COLIFORM","Fishing"
"21NYDECA","New York","State","FECAL COLIFORM","Secondary Contact Recreation"
"21NYDECA","New York","State","FECAL COLIFORM","Primary Contact Recreation"
"21NYDECA","New York","State","OIL AND FLOATING SUBSTANCES","Fishing"
"21NYDECA","New York","State","OIL AND FLOATING SUBSTANCES","Primary Contact Recreation"
"21NYDECA","New York","State","OIL AND FLOATING SUBSTANCES","Secondary Contact Recreation"
"21NYDECA","New York","State","DISSOLVED OXYGEN","Primary Contact Recreation"
"21NYDECA","New York","State","DISSOLVED OXYGEN","Secondary Contact Recreation"
"21NYDECA","New York","State","AMMONIA","Water Supply"
"21NYDECA","New York","State","NITRATE","Water Supply"
"21NYDECA","New York","State","NITROGEN, NITRITE","Water Supply"
"21NYDECA","New York","State","NITRATE/NITRITE (NITRITE + NITRATE AS N)","Water Supply"
"21NYDECA","New York","State","PESTICIDES","Fishing"
"21NYDECA","New York","State","POLYCYCLIC AROMATIC HYDROCARBONS (PAHS) (AQUATIC ECOSYSTEMS)","Fishing"
"21NYDECA","New York","State","POLYCYCLIC AROMATIC HYDROCARBONS (PAHS) (AQUATIC ECOSYSTEMS)","Primary Contact Recreation"
"21NYDECA","New York","State","POLYCYCLIC AROMATIC HYDROCARBONS (PAHS) (AQUATIC ECOSYSTEMS)","Secondary Contact Recreation"
"21NYDECA","New York","State","POLYCYCLIC AROMATIC HYDROCARBONS (PAHS) (AQUATIC ECOSYSTEMS)","Water Supply"
"21NYDECA","New York","State","CADMIUM","Water Supply"
"21NYDECA","New York","State","MAGNESIUM","Water Supply"
"21NYDECA","New York","State","LEAD, TOTAL","Water Supply"
"21NYDECA","New York","State","SILVER, TOTAL","Water Supply"
"21NYDECA","New York","State","ARSENIC, DISSOLVED","Water Supply"
"21NYDECA","New York","State","POLYCHLORINATED BIPHENYLS (PCBS)","Fishing"
"21NYDECA","New York","State","POLYCHLORINATED BIPHENYLS (PCBS)","Primary Contact Recreation"
"21NYDECA","New York","State","POLYCHLORINATED BIPHENYLS (PCBS)","Secondary Contact Recreation"
"21NYDECA","New York","State","POLYCHLORINATED BIPHENYLS (PCBS)","Water Supply"
"21NYDECA","New York","State","CHLORIDE","Water Supply"
"21NYDECA","New York","State",NA,"Secondary Contact Recreation"
"21NYDECA","New York","State","SEDIMENTATION/SILTATION","Fishing"
"21NYDECA","New York","State","NUTRIENTS","Fishing"
"21NYDECA","New York","State",NA,"Primary Contact Recreation"
"21NYDECA","New York","State","PHOSPHORUS","Primary Contact Recreation"
"21NYDECA","New York","State","AMMONIA","Fishing"
"21NYDECA","New York","State","DIOXIN","Primary Contact Recreation"
"21NYDECA","New York","State","DIOXIN","Water Supply"
"21NYDECA","New York","State","MERCURY","Water Supply"
"21NYDECA","New York","State","MIREX","Fishing"
"21NYDECA","New York","State","MIREX","Primary Contact Recreation"
"21NYDECA","New York","State","MIREX","Secondary Contact Recreation"
"21NYDECA","New York","State","MIREX","Water Supply"
"21NYDECA","New York","State","PHENOL","Water Supply"
"21NYDECA","New York","State","CHLOROFORM","Water Supply"
"21NYDECA","New York","State","BROMODICHLOROMETHANE","Water Supply"
"21NYDECA","New York","State","DIBROMOCHLOROMETHANE","Water Supply"
"21NYDECA","New York","State","FLUORIDE","Fishing"
"21NYDECA","New York","State","FLUORIDE","Water Supply"
"21NYDECA","New York","State","COPPER","Fishing"
"21NYDECA","New York","State","COPPER","Water Supply"
"21NYDECA","New York","State","CADMIUM","Fishing"
"21NYDECA","New York","State","IRON, TOTAL","Water Supply"
"21NYDECA","New York","State","NICKEL, TOTAL","Water Supply"
"21NYDECA","New York","State","LEAD, DISSOLVED","Fishing"
"21NYDECA","New York","State","ZINC, DISSOLVED","Fishing"
"21NYDECA","New York","State","MANGANESE, TOTAL","Water Supply"
"21NYDECA","New York","State","NICKEL, DISSOLVED","Fishing"
"21NYDECA","New York","State","ALUMINUM, DISSOLVED","Fishing"
"21NYDECA","New York","State","SULFATE","Water Supply"
"21NYDECA","New York","State","TOTAL DISSOLVED SOLIDS (TDS)","Fishing"
"21NYDECA","New York","State","TOTAL DISSOLVED SOLIDS (TDS)","Primary Contact Recreation"
"21NYDECA","New York","State","TOTAL DISSOLVED SOLIDS (TDS)","Secondary Contact Recreation"
"21NYDECA","New York","State","TOTAL DISSOLVED SOLIDS (TDS)","Water Supply"
"21NYDECA","New York","State",NA,"Fishing"
"21NYDECA","New York","State","SEDIMENTATION/SILTATION","Secondary Contact Recreation"
"21NYDECA","New York","State",NA,"Water Supply"
"21NYDECA","New York","State","FLOW ALTERATION-CHANGES IN DEPTH AND FLOW VELOCITY","Fishing"
"21NYDECA","New York","State","FLOW ALTERATION-CHANGES IN DEPTH AND FLOW VELOCITY","Primary Contact Recreation"
"21NYDECA","New York","State","FLOW ALTERATION-CHANGES IN DEPTH AND FLOW VELOCITY","Secondary Contact Recreation"
"21NYDECA","New York","State","FLOW ALTERATION-CHANGES IN DEPTH AND FLOW VELOCITY","Water Supply"
"21NYDECA","New York","State","SEDIMENTATION/SILTATION","Primary Contact Recreation"
"21NYDECA","New York","State","ALGAL/WEED GROWTH","Primary Contact Recreation"
"21NYDECA","New York","State","ALGAL/WEED GROWTH","Secondary Contact Recreation"
"21NYDECA","New York","State","FECAL COLIFORM","Water Supply"
"21NYDECA","New York","State","NUTRIENTS","Primary Contact Recreation"
"21NYDECA","New York","State","ALGAL/WEED GROWTH","Fishing"
"21NYDECA","New York","State","NON-NATIVE AQUATIC PLANTS","Fishing"
"21NYDECA","New York","State","NON-NATIVE AQUATIC PLANTS","Primary Contact Recreation"
"21NYDECA","New York","State","NON-NATIVE AQUATIC PLANTS","Secondary Contact Recreation"
"21NYDECA","New York","State","PHOSPHORUS","Water Supply"
"21NYDECA","New York","State","ALGAL/WEED GROWTH","Water Supply"
"21NYDECA","New York","State","THERMAL MODIFICATIONS","Fishing"
"21NYDECA","New York","State","TOXICITY","Fishing"
"21NYDECA","New York","State","ALGAE","Fishing"
"21NYDECA","New York","State","ALGAE","Water Supply"
"21NYDECA","New York","State","NUTRIENTS","Secondary Contact Recreation"
"21NYDECA","New York","State","MERCURY","Fishing"
"21NYDECA","New York","State","MERCURY","Secondary Contact Recreation"
"21NYDECA","New York","State","NON-NATIVE AQUATIC PLANTS","Water Supply"
"21NYDECA","New York","State","DISSOLVED OXYGEN","Water Supply"
"21NYDECA","New York","State","MERCURY","Primary Contact Recreation"
"21NYDECA","New York","State",NA,"Fish Consumption"
"21NYDECA","New York","State","FISH PASSAGE BARRIER","Fishing"
"21NYDECA","New York","State","CYANIDE","Fishing"
"21NYDECA","New York","State","CYANIDE","Primary Contact Recreation"
"21NYDECA","New York","State","CYANIDE","Secondary Contact Recreation"
"21NYDECA","New York","State","HABITAT ALTERATIONS","Secondary Contact Recreation"
"21NYDECA","New York","State","TURBIDITY","Fishing"
"21NYDECA","New York","State","TURBIDITY","Primary Contact Recreation"
"21NYDECA","New York","State","TURBIDITY","Secondary Contact Recreation"
"21NYDECA","New York","State","NITRATE/NITRITE (NITRITE + NITRATE AS N)","Fishing"
"21NYDECA","New York","State","NITRATE/NITRITE (NITRITE + NITRATE AS N)","Secondary Contact Recreation"
"21NYDECA","New York","State","HABITAT ALTERATIONS","Fishing"
"21NYDECA","New York","State","ODOR","Fishing"
"21NYDECA","New York","State","ODOR","Secondary Contact Recreation"
"21NYDECA","New York","State","HARMFUL ALGAL BLOOMS","Primary Contact Recreation"
"21NYDECA","New York","State","HARMFUL ALGAL BLOOMS","Secondary Contact Recreation"
"21NYDECA","New York","State","HARMFUL ALGAL BLOOMS","Water Supply"
"21NYDECA","New York","State","PESTICIDES","Secondary Contact Recreation"
"21NYDECA","New York","State","SALINITY","Fishing"
"21NYDECA","New York","State","SALINITY","Secondary Contact Recreation"
"21NYDECA","New York","State","SEDIMENTATION/SILTATION","Water Supply"
"21NYDECA","New York","State","HARMFUL ALGAL BLOOMS","Fishing"
"21NYDECA","New York","State","PH","Secondary Contact Recreation"
"21NYDECA","New York","State","SULFATE","Fishing"
"21NYDECA","New York","State","PH","Primary Contact Recreation"
"21NYDECA","New York","State","PH","Water Supply"
"21NYDECA","New York","State","DDT (DICHLORODIPHENYLTRICHLOROETHANE)","Fishing"
"21NYDECA","New York","State","DDT (DICHLORODIPHENYLTRICHLOROETHANE)","Primary Contact Recreation"
"21NYDECA","New York","State","DDT (DICHLORODIPHENYLTRICHLOROETHANE)","Secondary Contact Recreation"
"21NYDECA","New York","State","DDT (DICHLORODIPHENYLTRICHLOROETHANE)","Water Supply"
"21NYDECA","New York","State","PRIORITY ORGANICS","Secondary Contact Recreation"
"21NYDECA","New York","State","BROMOFORM","Water Supply"
"21NYDECA","New York","State","COPPER","Secondary Contact Recreation"
"21NYDECA","New York","State","PATHOGENS","Fishing"
"21NYDECA","New York","State","PATHOGENS","Secondary Contact Recreation"
"21NYDECA","New York","State","CHLORDANE","Fishing"
"21NYDECA","New York","State","CHLORDANE","Water Supply"
"21NYDECA","New York","State","CHLORDANE","Primary Contact Recreation"
"21NYDECA","New York","State","CHLORDANE","Secondary Contact Recreation"
"21NYDECA","New York","State","NOXIOUS AQUATIC PLANTS","Fishing"
"21NYDECA","New York","State","NOXIOUS AQUATIC PLANTS","Primary Contact Recreation"
"21NYDECA","New York","State","UNKNOWN (BIOLOGICAL IMPACTS)","Primary Contact Recreation"
"21NYDECA","New York","State","UNKNOWN (BIOLOGICAL IMPACTS)","Water Supply"
"21NYDECA","New York","State","NUTRIENTS","Water Supply"
"21NYDECA","New York","State","NITROGEN","Fishing"
"21NYDECA","New York","State","NITROGEN","Secondary Contact Recreation"
"21NYDECA","New York","State","FECAL COLIFORM","Shellfishing"
"21NYDECA","New York","State","DEBRIS/FLOATABLES/TRASH","Fishing"
"21NYDECA","New York","State","DEBRIS/FLOATABLES/TRASH","Primary Contact Recreation"
"21NYDECA","New York","State","DEBRIS/FLOATABLES/TRASH","Secondary Contact Recreation"
"21NYDECA","New York","State","NITROGEN","Primary Contact Recreation"
"21NYDECA","New York","State","ENTEROCOCCUS","Primary Contact Recreation"
"21NYDECA","New York","State","ENTEROCOCCUS","Fishing"
"21NYDECA","New York","State","THERMAL MODIFICATIONS","Secondary Contact Recreation"
"21NYDECA","New York","State","NITROGEN","Shellfishing"
"21NYDECA","New York","State",NA,"Shellfishing"
"21NYDECA","New York","State","DISSOLVED OXYGEN","Shellfishing"
"21NYDECA","New York","State","AMMONIA","Secondary Contact Recreation"
"21NYDECA","New York","State","CADMIUM","Secondary Contact Recreation"
"21NYDECA","New York","State","ENTEROCOCCUS","Secondary Contact Recreation"
"21NYDECA","New York","State","NUTRIENTS","Shellfishing"
"21NYDECA","New York","State","ODOR","Primary Contact Recreation"
"21NYDECA","New York","State","DIELDRIN","Fishing"
"21NYDECA","New York","State","DIELDRIN","Secondary Contact Recreation"
"ARDEQH2O","Arkansas","State",NA,"Industrial Water Supply"
"ARDEQH2O","Arkansas","State",NA,"Agricultural Water Supply"
"ARDEQH2O","Arkansas","State",NA,"AQUATIC LIFE"
"ARDEQH2O","Arkansas","State",NA,"Primary Contact Recreation"
"ARDEQH2O","Arkansas","State",NA,"Secondary Contact Recreation"
"ARDEQH2O","Arkansas","State",NA,"Domestic Water Supply"
"ARDEQH2O","Arkansas","State",NA,"Fish Consumption"
"ARDEQH2O","Arkansas","State","AMMONIA-NITROGEN - ACUTE","AQUATIC LIFE"
"ARDEQH2O","Arkansas","State","AMMONIA-NITROGEN - CHRONIC EARLY LIFE STAGE","AQUATIC LIFE"
"ARDEQH2O","Arkansas","State","AMMONIA-NITROGEN - CHRONIC NO EARLY LIFE STAGE","AQUATIC LIFE"
"ARDEQH2O","Arkansas","State","DIOXIN","Fish Consumption"
"ARDEQH2O","Arkansas","State","MERCURY IN FISH TISSUE","Fish Consumption"
"ARDEQH2O","Arkansas","State","PHOSPHORUS, TOTAL","AQUATIC LIFE"
"ARDEQH2O","Arkansas","State","ESCHERICHIA COLI (E. COLI)","Primary Contact Recreation"
"ARDEQH2O","Arkansas","State","TURBIDITY - BASE FLOWS","Other Uses"
"ARDEQH2O","Arkansas","State","TURBIDITY - STORM FLOWS","Other Uses"
"ARDEQH2O","Arkansas","State","TEMPERATURE","AQUATIC LIFE"
"ARDEQH2O","Arkansas","State","TOXICITY","AQUATIC LIFE"
"ARDEQH2O","Arkansas","State","ALUMINUM","AQUATIC LIFE"
"ARDEQH2O","Arkansas","State","BERYLLIUM","Domestic Water Supply"
"ARDEQH2O","Arkansas","State","LEAD, DISSOLVED - ACUTE","AQUATIC LIFE"
"ARDEQH2O","Arkansas","State","ZINC, DISSOLVED - ACUTE","AQUATIC LIFE"
"ARDEQH2O","Arkansas","State","COPPER, DISSOLVED - ACUTE","AQUATIC LIFE"
"ARDEQH2O","Arkansas","State","LEAD, DISSOLVED - CHRONIC","AQUATIC LIFE"
"ARDEQH2O","Arkansas","State","ZINC, DISSOLVED - CHRONIC","AQUATIC LIFE"
"ARDEQH2O","Arkansas","State","COPPER, DISSOLVED - CHRONIC","AQUATIC LIFE"
"ARDEQH2O","Arkansas","State","PH","Other Uses"
"ARDEQH2O","Arkansas","State","DISSOLVED OXYGEN - PRIMARY","AQUATIC LIFE"
"ARDEQH2O","Arkansas","State","DISSOLVED OXYGEN - CRITICAL","AQUATIC LIFE"
"ARDEQH2O","Arkansas","State","SULFATE","Industrial Water Supply"
"ARDEQH2O","Arkansas","State","SULFATE","Agricultural Water Supply"
"ARDEQH2O","Arkansas","State","SULFATE","Domestic Water Supply"
"ARDEQH2O","Arkansas","State","CHLORIDE","Industrial Water Supply"
"ARDEQH2O","Arkansas","State","CHLORIDE","Agricultural Water Supply"
"ARDEQH2O","Arkansas","State","CHLORIDE","Domestic Water Supply"
"ARDEQH2O","Arkansas","State","TOTAL DISSOLVED SOLIDS (TDS)","Industrial Water Supply"
"ARDEQH2O","Arkansas","State","TOTAL DISSOLVED SOLIDS (TDS)","Agricultural Water Supply"
"ARDEQH2O","Arkansas","State","TOTAL DISSOLVED SOLIDS (TDS)","Domestic Water Supply"
"ARDEQH2O","Arkansas","State","NITROGEN, NITRATE","AQUATIC LIFE"
"ARDEQH2O","Arkansas","State","SULFATE","AQUATIC LIFE"
"ARDEQH2O","Arkansas","State","CHLORIDE","AQUATIC LIFE"
"ARDEQH2O","Arkansas","State","TOTAL DISSOLVED SOLIDS (TDS)","AQUATIC LIFE"
"ARDEQH2O","Arkansas","State","AMMONIA-NITROGEN - ACUTE","Outstanding Resource Waters"
"ARDEQH2O","Arkansas","State","AMMONIA-NITROGEN - CHRONIC EARLY LIFE STAGE","Outstanding Resource Waters"
"ARDEQH2O","Arkansas","State","AMMONIA-NITROGEN - CHRONIC NO EARLY LIFE STAGE","Outstanding Resource Waters"
"ARDEQH2O","Arkansas","State","DIOXIN","Outstanding Resource Waters"
"ARDEQH2O","Arkansas","State","MERCURY IN FISH TISSUE","Outstanding Resource Waters"
"ARDEQH2O","Arkansas","State","NITROGEN, NITRATE","Outstanding Resource Waters"
"ARDEQH2O","Arkansas","State","PHOSPHORUS, TOTAL","Outstanding Resource Waters"
"ARDEQH2O","Arkansas","State","ESCHERICHIA COLI (E. COLI)","Outstanding Resource Waters"
"ARDEQH2O","Arkansas","State","TURBIDITY - BASE FLOWS","Outstanding Resource Waters"
"ARDEQH2O","Arkansas","State","TURBIDITY - STORM FLOWS","Outstanding Resource Waters"
"ARDEQH2O","Arkansas","State","TEMPERATURE","Outstanding Resource Waters"
"ARDEQH2O","Arkansas","State","TOXICITY","Outstanding Resource Waters"
"ARDEQH2O","Arkansas","State","BERYLLIUM","Outstanding Resource Waters"
"ARDEQH2O","Arkansas","State","CHROMIUM - ACUTE","Outstanding Resource Waters"
"ARDEQH2O","Arkansas","State","CHROMIUM - ACUTE","AQUATIC LIFE"
"ARDEQH2O","Arkansas","State","SELENIUM - ACUTE","Outstanding Resource Waters"
"ARDEQH2O","Arkansas","State","SELENIUM - ACUTE","AQUATIC LIFE"
"ARDEQH2O","Arkansas","State","SILVER, DISSOLVED","Outstanding Resource Waters"
"ARDEQH2O","Arkansas","State","SILVER, DISSOLVED","AQUATIC LIFE"
"ARDEQH2O","Arkansas","State","CHROMIUM - CHRONIC","Outstanding Resource Waters"
"ARDEQH2O","Arkansas","State","CHROMIUM - CHRONIC","AQUATIC LIFE"
"ARDEQH2O","Arkansas","State","SELENIUM - CHRONIC","Outstanding Resource Waters"
"ARDEQH2O","Arkansas","State","SELENIUM - CHRONIC","AQUATIC LIFE"
"ARDEQH2O","Arkansas","State","LEAD, DISSOLVED - ACUTE","Outstanding Resource Waters"
"ARDEQH2O","Arkansas","State","ZINC, DISSOLVED - ACUTE","Outstanding Resource Waters"
"ARDEQH2O","Arkansas","State","COPPER, DISSOLVED - ACUTE","Outstanding Resource Waters"
"ARDEQH2O","Arkansas","State","LEAD, DISSOLVED - CHRONIC","Outstanding Resource Waters"
"ARDEQH2O","Arkansas","State","NICKEL, DISSOLVED - ACUTE","Outstanding Resource Waters"
"ARDEQH2O","Arkansas","State","NICKEL, DISSOLVED - ACUTE","AQUATIC LIFE"
"ARDEQH2O","Arkansas","State","ZINC, DISSOLVED - CHRONIC","Outstanding Resource Waters"
"ARDEQH2O","Arkansas","State","CADMIUM, DISSOLVED - ACUTE","Outstanding Resource Waters"
"ARDEQH2O","Arkansas","State","CADMIUM, DISSOLVED - ACUTE","AQUATIC LIFE"
"ARDEQH2O","Arkansas","State","COPPER, DISSOLVED - CHRONIC","Outstanding Resource Waters"
"ARDEQH2O","Arkansas","State","NICKEL, DISSOLVED - CHRONIC","Outstanding Resource Waters"
"ARDEQH2O","Arkansas","State","NICKEL, DISSOLVED - CHRONIC","AQUATIC LIFE"
"ARDEQH2O","Arkansas","State","CADMIUM, DISSOLVED - CHRONIC","Outstanding Resource Waters"
"ARDEQH2O","Arkansas","State","CADMIUM, DISSOLVED - CHRONIC","AQUATIC LIFE"
"ARDEQH2O","Arkansas","State","PH","Outstanding Resource Waters"
"ARDEQH2O","Arkansas","State","DISSOLVED OXYGEN - PRIMARY","Outstanding Resource Waters"
"ARDEQH2O","Arkansas","State","DISSOLVED OXYGEN - CRITICAL","Outstanding Resource Waters"
"ARDEQH2O","Arkansas","State","SULFATE","Outstanding Resource Waters"
"ARDEQH2O","Arkansas","State","CHLORIDE","Outstanding Resource Waters"
"ARDEQH2O","Arkansas","State","TOTAL DISSOLVED SOLIDS (TDS)","Outstanding Resource Waters"
"ARDEQH2O","Arkansas","State","NUTRIENTS","AQUATIC LIFE"
"ARDEQH2O","Arkansas","State","ALUMINUM","Outstanding Resource Waters"
"ARDEQH2O","Arkansas","State","AMMONIA-NITROGEN - ACUTE","Aquatic Life - Seasonal"
"ARDEQH2O","Arkansas","State","AMMONIA-NITROGEN - CHRONIC NO EARLY LIFE STAGE","Aquatic Life - Seasonal"
"ARDEQH2O","Arkansas","State","NITROGEN, NITRATE","Aquatic Life - Seasonal"
"ARDEQH2O","Arkansas","State","PHOSPHORUS, TOTAL","Aquatic Life - Seasonal"
"ARDEQH2O","Arkansas","State","TEMPERATURE","Aquatic Life - Seasonal"
"ARDEQH2O","Arkansas","State","TOXICITY","Aquatic Life - Seasonal"
"ARDEQH2O","Arkansas","State","ALUMINUM","Aquatic Life - Seasonal"
"ARDEQH2O","Arkansas","State","LEAD, DISSOLVED - ACUTE","Aquatic Life - Seasonal"
"ARDEQH2O","Arkansas","State","ZINC, DISSOLVED - ACUTE","Aquatic Life - Seasonal"
"ARDEQH2O","Arkansas","State","COPPER, DISSOLVED - ACUTE","Aquatic Life - Seasonal"
"ARDEQH2O","Arkansas","State","LEAD, DISSOLVED - CHRONIC","Aquatic Life - Seasonal"
"ARDEQH2O","Arkansas","State","ZINC, DISSOLVED - CHRONIC","Aquatic Life - Seasonal"
"ARDEQH2O","Arkansas","State","COPPER, DISSOLVED - CHRONIC","Aquatic Life - Seasonal"
"ARDEQH2O","Arkansas","State","DISSOLVED OXYGEN - PRIMARY","Aquatic Life - Seasonal"
"ARDEQH2O","Arkansas","State","DISSOLVED OXYGEN - CRITICAL","Aquatic Life - Seasonal"
"ARDEQH2O","Arkansas","State","SULFATE","Aquatic Life - Seasonal"
"ARDEQH2O","Arkansas","State","CHLORIDE","Aquatic Life - Seasonal"
"ARDEQH2O","Arkansas","State","TOTAL DISSOLVED SOLIDS (TDS)","Aquatic Life - Seasonal"
"ARDEQH2O","Arkansas","State","ESCHERICHIA COLI (E. COLI)","Secondary Contact Recreation"
"ARDEQH2O","Arkansas","State",NA,"Other Uses"
"ARDEQH2O","Arkansas","State",NA,"Outstanding Resource Waters"
"ARDEQH2O","Arkansas","State","NUTRIENTS","Aquatic Life - Seasonal"
"ARDEQH2O","Arkansas","State","NUTRIENTS","Outstanding Resource Waters"
"ARDEQH2O","Arkansas","State","FISH BIOASSESSMENTS","AQUATIC LIFE"
"ARDEQH2O","Arkansas","State","BENTHIC MACROINVERTEBRATES BIOASSESSMENTS","AQUATIC LIFE"
"ARDEQH2O","Arkansas","State","FISH BIOASSESSMENTS","Outstanding Resource Waters"
"ARDEQH2O","Arkansas","State","BENTHIC MACROINVERTEBRATES BIOASSESSMENTS","Aquatic Life - Seasonal"
"ARDEQH2O","Arkansas","State","CHROMIUM - ACUTE","Aquatic Life - Seasonal"
"ARDEQH2O","Arkansas","State","SELENIUM - ACUTE","Aquatic Life - Seasonal"
"ARDEQH2O","Arkansas","State","SILVER, DISSOLVED","Aquatic Life - Seasonal"
"ARDEQH2O","Arkansas","State","CHROMIUM - CHRONIC","Aquatic Life - Seasonal"
"ARDEQH2O","Arkansas","State","SELENIUM - CHRONIC","Aquatic Life - Seasonal"
"ARDEQH2O","Arkansas","State","CADMIUM, DISSOLVED - ACUTE","Aquatic Life - Seasonal"
"ARDEQH2O","Arkansas","State","CADMIUM, DISSOLVED - CHRONIC","Aquatic Life - Seasonal"
"ARDEQH2O","Arkansas","State","BENTHIC MACROINVERTEBRATES BIOASSESSMENTS","Outstanding Resource Waters"
"ARDEQH2O","Arkansas","State","NICKEL, DISSOLVED - ACUTE","Aquatic Life - Seasonal"
"ARDEQH2O","Arkansas","State","NICKEL, DISSOLVED - CHRONIC","Aquatic Life - Seasonal"
"ARDEQH2O","Arkansas","State","DISSOLVED OXYGEN","AQUATIC LIFE"
"ARDEQH2O","Arkansas","State","DISSOLVED OXYGEN","Outstanding Resource Waters"
"ARDEQH2O","Arkansas","State","CHLOROPHYLL-A","Domestic Water Supply"
"ARDEQH2O","Arkansas","State","POLYCHLORINATED BIPHENYLS (PCBS)","Fish Consumption"
"WA_ECOLOGY","Washington","State","SEDIMENT BIOASSAY","Aquatic Life - Benthic Sediment"
"WA_ECOLOGY","Washington","State",NA,"Aquatic Life - Benthic Sediment"
"WA_ECOLOGY","Washington","State","MERCURY IN SEDIMENT","Aquatic Life - Benthic Sediment"
"WA_ECOLOGY","Washington","State","PHENOL IN SEDIMENT","Aquatic Life - Benthic Sediment"
"WA_ECOLOGY","Washington","State","LEAD IN SEDIMENT","Aquatic Life - Benthic Sediment"
"WA_ECOLOGY","Washington","State","ZINC IN SEDIMENT","Aquatic Life - Benthic Sediment"
"WA_ECOLOGY","Washington","State","COPPER IN SEDIMENT","Aquatic Life - Benthic Sediment"
"WA_ECOLOGY","Washington","State","SILVER IN SEDIMENT","Aquatic Life - Benthic Sediment"
"WA_ECOLOGY","Washington","State","ARSENIC IN SEDIMENT","Aquatic Life - Benthic Sediment"
"WA_ECOLOGY","Washington","State","CADMIUM IN SEDIMENT","Aquatic Life - Benthic Sediment"
"WA_ECOLOGY","Washington","State","CHROMIUM IN SEDIMENT","Aquatic Life - Benthic Sediment"
"WA_ECOLOGY","Washington","State","PCBS IN SEDIMENT","Aquatic Life - Benthic Sediment"
"WA_ECOLOGY","Washington","State","LOW MOLECULAR WEIGHT POLYCYCLIC AROMATIC HYDROCARBONS (LMW PAHS) IN SEDIMENT","Aquatic Life - Benthic Sediment"
"WA_ECOLOGY","Washington","State","HIGH MOLECULAR WEIGHT POLYCYCLIC AROMATIC HYDROCARBONS (HMW PAHS) IN SEDIMENT","Aquatic Life - Benthic Sediment"
"WA_ECOLOGY","Washington","State","DIBENZOFURAN IN SEDIMENT","Aquatic Life - Benthic Sediment"
"WA_ECOLOGY","Washington","State","NAPHTHALENE IN SEDIMENT","Aquatic Life - Benthic Sediment"
"WA_ECOLOGY","Washington","State","HEXACHLOROBENZENE IN SEDIMENT","Aquatic Life - Benthic Sediment"
"WA_ECOLOGY","Washington","State","DIMETHYL PHTHALATE IN SEDIMENT","Aquatic Life - Benthic Sediment"
"WA_ECOLOGY","Washington","State","2-METHYLNAPHTHALENE IN SEDIMENT","Aquatic Life - Benthic Sediment"
"WA_ECOLOGY","Washington","State","FLUORENE IN SEDIMENT","Aquatic Life - Benthic Sediment"
"WA_ECOLOGY","Washington","State","ANTHRACENE IN SEDIMENT","Aquatic Life - Benthic Sediment"
"WA_ECOLOGY","Washington","State","ACENAPHTHENE IN SEDIMENT","Aquatic Life - Benthic Sediment"
"WA_ECOLOGY","Washington","State","BENZOIC ACID IN SEDIMENT","Aquatic Life - Benthic Sediment"
"WA_ECOLOGY","Washington","State","2-METHYLPHENOL IN SEDIMENT","Aquatic Life - Benthic Sediment"
"WA_ECOLOGY","Washington","State","4-METHYLPHENOL IN SEDIMENT","Aquatic Life - Benthic Sediment"
"WA_ECOLOGY","Washington","State","ACENAPHTHYLENE IN SEDIMENT","Aquatic Life - Benthic Sediment"
"WA_ECOLOGY","Washington","State","BENZYL ALCOHOL IN SEDIMENT","Aquatic Life - Benthic Sediment"
"WA_ECOLOGY","Washington","State","DIETHYL PHTHALATE IN SEDIMENT","Aquatic Life - Benthic Sediment"
"WA_ECOLOGY","Washington","State","2,4-DIMETHYLPHENOL IN SEDIMENT","Aquatic Life - Benthic Sediment"
"WA_ECOLOGY","Washington","State","1,2-DICHLOROBENZENE IN SEDIMENT","Aquatic Life - Benthic Sediment"
"WA_ECOLOGY","Washington","State","1,4-DICHLOROBENZENE IN SEDIMENT","Aquatic Life - Benthic Sediment"
"WA_ECOLOGY","Washington","State","CONTAMINATED SEDIMENTS (PYRENE)","Aquatic Life - Benthic Sediment"
"WA_ECOLOGY","Washington","State","HEXACHLOROBUTADIENE IN SEDIMENT","Aquatic Life - Benthic Sediment"
"WA_ECOLOGY","Washington","State","BENZO[G,H,I]PERYLENE IN SEDIMENT","Aquatic Life - Benthic Sediment"
"WA_ECOLOGY","Washington","State","DI-N-BUTYL PHTHALATE IN SEDIMENT","Aquatic Life - Benthic Sediment"
"WA_ECOLOGY","Washington","State","DI-N-OCTYL PHTHALATE IN SEDIMENT","Aquatic Life - Benthic Sediment"
"WA_ECOLOGY","Washington","State","CONTAMINATED SEDIMENTS (CHRYSENE)","Aquatic Life - Benthic Sediment"
"WA_ECOLOGY","Washington","State","DIBENZ[A,H]ANTHRACENE IN SEDIMENT","Aquatic Life - Benthic Sediment"
"WA_ECOLOGY","Washington","State","1,2,4-TRICHLOROBENZENE IN SEDIMENT","Aquatic Life - Benthic Sediment"
"WA_ECOLOGY","Washington","State","BUTYL BENZYL PHTHALATE IN SEDIMENT","Aquatic Life - Benthic Sediment"
"WA_ECOLOGY","Washington","State","INDENO[1,2,3-CD]PYRENE IN SEDIMENT","Aquatic Life - Benthic Sediment"
"WA_ECOLOGY","Washington","State","N-NITROSODIPHENYLAMINE IN SEDIMENT","Aquatic Life - Benthic Sediment"
"WA_ECOLOGY","Washington","State","PENTACHLOROPHENOL (PCP) IN SEDIMENT","Aquatic Life - Benthic Sediment"
"WA_ECOLOGY","Washington","State","CONTAMINATED SEDIMENTS (FLUORANTHENE)","Aquatic Life - Benthic Sediment"
"WA_ECOLOGY","Washington","State","CONTAMINATED SEDIMENTS (PHENANTHRENE)","Aquatic Life - Benthic Sediment"
"WA_ECOLOGY","Washington","State","BIS(2-ETHYLHEXYL) PHTHALATE IN SEDIMENT","Aquatic Life - Benthic Sediment"
"WA_ECOLOGY","Washington","State","CONTAMINATED SEDIMENTS (BENZO[A]PYRENE)","Aquatic Life - Benthic Sediment"
"WA_ECOLOGY","Washington","State","CONTAMINATED SEDIMENTS (BENZO[A]ANTHRACENE)","Aquatic Life - Benthic Sediment"
"WA_ECOLOGY","Washington","State","BENZOFLUORANTHENES TOTAL (B+K+J) IN SEDIMENT","Aquatic Life - Benthic Sediment"
"WA_ECOLOGY","Washington","State","COPPER","Aquatic Life - Toxics"
"WA_ECOLOGY","Washington","State","PH","Aquatic Life - Salmonid spawning, rearing and migration"
"WA_ECOLOGY","Washington","State","FECAL COLIFORM","Recreation - Primary Contact"
"WA_ECOLOGY","Washington","State","TEMPERATURE","Aquatic Life - Salmonid spawning, rearing and migration"
"WA_ECOLOGY","Washington","State","FECAL COLIFORM","Shellfish Harvesting"
"WA_ECOLOGY","Washington","State","ESCHERICHIA COLI (E. COLI)","Recreation - Primary Contact"
"WA_ECOLOGY","Washington","State","TEMPERATURE","Aquatic Life - Core summer salmonid habitat"
"WA_ECOLOGY","Washington","State","DISSOLVED OXYGEN","Aquatic Life - Core summer salmonid habitat"
"WA_ECOLOGY","Washington","State","BENTHIC MACROINVERTEBRATES BIOASSESSMENTS","Aquatic Life - General"
"WA_ECOLOGY","Washington","State","DISSOLVED OXYGEN","Aquatic Life - Salmonid spawning, rearing and migration"
"WA_ECOLOGY","Washington","State","AMMONIA-NITROGEN","Aquatic Life - Toxics"
"WA_ECOLOGY","Washington","State","PH","Aquatic Life - Core summer salmonid habitat"
"WA_ECOLOGY","Washington","State","MERCURY","Aquatic Life - Toxics"
"WA_ECOLOGY","Washington","State","PYRENE","Water Supply - Domestic Water"
"WA_ECOLOGY","Washington","State","CHRYSENE","Water Supply - Domestic Water"
"WA_ECOLOGY","Washington","State","FLUORENE","Water Supply - Domestic Water"
"WA_ECOLOGY","Washington","State","ANTHRACENE","Water Supply - Domestic Water"
"WA_ECOLOGY","Washington","State","ACENAPHTHENE","Water Supply - Domestic Water"
"WA_ECOLOGY","Washington","State","FLUORANTHENE","Water Supply - Domestic Water"
"WA_ECOLOGY","Washington","State","2-CHLORONAPHTHALENE","Water Supply - Domestic Water"
"WA_ECOLOGY","Washington","State","BENZO[K]FLUORANTHENE","Water Supply - Domestic Water"
"WA_ECOLOGY","Washington","State","ARSENIC, INORGANIC","Water Supply - Domestic Water"
"WA_ECOLOGY","Washington","State","LEAD","Aquatic Life - Toxics"
"WA_ECOLOGY","Washington","State","ZINC","Aquatic Life - Toxics"
"WA_ECOLOGY","Washington","State","NICKEL","Aquatic Life - Toxics"
"WA_ECOLOGY","Washington","State","SILVER","Aquatic Life - Toxics"
"WA_ECOLOGY","Washington","State","ARSENIC","Aquatic Life - Toxics"
"WA_ECOLOGY","Washington","State","CADMIUM","Aquatic Life - Toxics"
"WA_ECOLOGY","Washington","State","TEMPERATURE","Aquatic Life - Excellent quality"
"WA_ECOLOGY","Washington","State","PH","Aquatic Life - Excellent quality"
"WA_ECOLOGY","Washington","State","DISSOLVED OXYGEN","Aquatic Life - Excellent quality"
"WA_ECOLOGY","Washington","State","TEMPERATURE","Aquatic Life - Char spawning and rearing"
"WA_ECOLOGY","Washington","State","PHOSPHORUS, TOTAL","Aquatic Life - General"
"WA_ECOLOGY","Washington","State","DIOXIN IN FISH TISSUE","Water Supply - Domestic Water"
"WA_ECOLOGY","Washington","State","DIOXIN IN FISH TISSUE","Harvesting"
"WA_ECOLOGY","Washington","State","DIOXIN (INCLUDING 2,3,7,8-TCDD) IN FISH TISSUE","Water Supply - Domestic Water"
"WA_ECOLOGY","Washington","State","DIOXIN (INCLUDING 2,3,7,8-TCDD) IN FISH TISSUE","Harvesting"
"WA_ECOLOGY","Washington","State","METHYLMERCURY IN FISH TISSUE","Harvesting"
"WA_ECOLOGY","Washington","State","DDD IN FISH TISSUE","Harvesting"
"WA_ECOLOGY","Washington","State","DDE IN FISH TISSUE","Harvesting"
"WA_ECOLOGY","Washington","State","DDT IN FISH TISSUE","Harvesting"
"WA_ECOLOGY","Washington","State","ALDRIN IN FISH TISSUE","Water Supply - Domestic Water"
"WA_ECOLOGY","Washington","State","ALDRIN IN FISH TISSUE","Harvesting"
"WA_ECOLOGY","Washington","State","ENDRIN IN FISH TISSUE","Water Supply - Domestic Water"
"WA_ECOLOGY","Washington","State","ENDRIN IN FISH TISSUE","Harvesting"
"WA_ECOLOGY","Washington","State","BETA-BHC IN FISH TISSUE","Water Supply - Domestic Water"
"WA_ECOLOGY","Washington","State","BETA-BHC IN FISH TISSUE","Harvesting"
"WA_ECOLOGY","Washington","State","DIELDRIN IN FISH TISSUE","Harvesting"
"WA_ECOLOGY","Washington","State","ALPHA-BHC IN FISH TISSUE","Water Supply - Domestic Water"
"WA_ECOLOGY","Washington","State","ALPHA-BHC IN FISH TISSUE","Harvesting"
"WA_ECOLOGY","Washington","State","CHLORDANE IN FISH TISSUE","Harvesting"
"WA_ECOLOGY","Washington","State","TOXAPHENE IN FISH TISSUE","Harvesting"
"WA_ECOLOGY","Washington","State","ENDOSULFAN IN FISH TISSUE","Water Supply - Domestic Water"
"WA_ECOLOGY","Washington","State","ENDOSULFAN IN FISH TISSUE","Harvesting"
"WA_ECOLOGY","Washington","State","HEPTACHLOR IN FISH TISSUE","Water Supply - Domestic Water"
"WA_ECOLOGY","Washington","State","HEPTACHLOR IN FISH TISSUE","Harvesting"
"WA_ECOLOGY","Washington","State","ENDRIN ALDEHYDE IN FISH TISSUE","Water Supply - Domestic Water"
"WA_ECOLOGY","Washington","State","ENDRIN ALDEHYDE IN FISH TISSUE","Harvesting"
"WA_ECOLOGY","Washington","State","HEXACHLOROBENZENE IN FISH TISSUE","Harvesting"
"WA_ECOLOGY","Washington","State","HEPTACHLOR EPOXIDE IN FISH TISSUE","Water Supply - Domestic Water"
"WA_ECOLOGY","Washington","State","HEPTACHLOR EPOXIDE IN FISH TISSUE","Harvesting"
"WA_ECOLOGY","Washington","State","HEXACHLOROCYCLOHEXANE IN FISH TISSUE","Water Supply - Domestic Water"
"WA_ECOLOGY","Washington","State","HEXACHLOROCYCLOHEXANE IN FISH TISSUE","Harvesting"
"WA_ECOLOGY","Washington","State","PCBS IN FISH TISSUE","Harvesting"
"WA_ECOLOGY","Washington","State","MERCURY IN FISH TISSUE","Water Supply - Domestic Water"
"WA_ECOLOGY","Washington","State","MERCURY IN FISH TISSUE","Harvesting"
"WA_ECOLOGY","Washington","State","DDD IN FISH TISSUE","Water Supply - Domestic Water"
"WA_ECOLOGY","Washington","State","DDT IN FISH TISSUE","Water Supply - Domestic Water"
"WA_ECOLOGY","Washington","State","CHLORDANE IN FISH TISSUE","Water Supply - Domestic Water"
"WA_ECOLOGY","Washington","State","TOXAPHENE IN FISH TISSUE","Water Supply - Domestic Water"
"WA_ECOLOGY","Washington","State","HEXACHLOROBENZENE IN FISH TISSUE","Water Supply - Domestic Water"
"WA_ECOLOGY","Washington","State","NON-NATIVE AQUATIC PLANTS","Aquatic Life - General"
"WA_ECOLOGY","Washington","State","PCBS IN FISH TISSUE","Water Supply - Domestic Water"
"WA_ECOLOGY","Washington","State","TOTAL DISSOLVED GAS","Aquatic Life - Core summer salmonid habitat"
"WA_ECOLOGY","Washington","State","DDE IN FISH TISSUE","Water Supply - Domestic Water"
"WA_ECOLOGY","Washington","State","DIELDRIN IN FISH TISSUE","Water Supply - Domestic Water"
"WA_ECOLOGY","Washington","State","HARMFUL ALGAL BLOOMS","Recreation - Primary Contact"
"WA_ECOLOGY","Washington","State","DIMETHYL PHTHALATE","Water Supply - Domestic Water"
"WA_ECOLOGY","Washington","State","DIETHYL PHTHALATE","Water Supply - Domestic Water"
"WA_ECOLOGY","Washington","State","DI-N-BUTYL PHTHALATE","Water Supply - Domestic Water"
"WA_ECOLOGY","Washington","State","BUTYL BENZYL PHTHALATE","Water Supply - Domestic Water"
"WA_ECOLOGY","Washington","State","BIS(2-ETHYLHEXYL) PHTHALATE","Water Supply - Domestic Water"
"WA_ECOLOGY","Washington","State","2,4-DINITROPHENOL IN FISH TISSUE","Water Supply - Domestic Water"
"WA_ECOLOGY","Washington","State","2,4-DINITROPHENOL IN FISH TISSUE","Harvesting"
"WA_ECOLOGY","Washington","State","DIMETHYL PHTHALATE IN FISH TISSUE","Water Supply - Domestic Water"
"WA_ECOLOGY","Washington","State","DIMETHYL PHTHALATE IN FISH TISSUE","Harvesting"
"WA_ECOLOGY","Washington","State","PHENOL IN FISH TISSUE","Water Supply - Domestic Water"
"WA_ECOLOGY","Washington","State","PHENOL IN FISH TISSUE","Harvesting"
"WA_ECOLOGY","Washington","State","PYRENE IN FISH TISSUE","Water Supply - Domestic Water"
"WA_ECOLOGY","Washington","State","PYRENE IN FISH TISSUE","Harvesting"
"WA_ECOLOGY","Washington","State","FLUORENE IN FISH TISSUE","Water Supply - Domestic Water"
"WA_ECOLOGY","Washington","State","FLUORENE IN FISH TISSUE","Harvesting"
"WA_ECOLOGY","Washington","State","ANTHRACENE IN FISH TISSUE","Water Supply - Domestic Water"
"WA_ECOLOGY","Washington","State","ANTHRACENE IN FISH TISSUE","Harvesting"
"WA_ECOLOGY","Washington","State","ISOPHORONE IN FISH TISSUE","Water Supply - Domestic Water"
"WA_ECOLOGY","Washington","State","ISOPHORONE IN FISH TISSUE","Harvesting"
"WA_ECOLOGY","Washington","State","FLUORANTHENE IN FISH TISSUE","Water Supply - Domestic Water"
"WA_ECOLOGY","Washington","State","FLUORANTHENE IN FISH TISSUE","Harvesting"
"WA_ECOLOGY","Washington","State","NITROBENZENE IN FISH TISSUE","Water Supply - Domestic Water"
"WA_ECOLOGY","Washington","State","NITROBENZENE IN FISH TISSUE","Harvesting"
"WA_ECOLOGY","Washington","State","HEXACHLOROETHANE IN FISH TISSUE","Water Supply - Domestic Water"
"WA_ECOLOGY","Washington","State","HEXACHLOROETHANE IN FISH TISSUE","Harvesting"
"WA_ECOLOGY","Washington","State","DIETHYL PHTHALATE IN FISH TISSUE","Water Supply - Domestic Water"
"WA_ECOLOGY","Washington","State","DIETHYL PHTHALATE IN FISH TISSUE","Harvesting"
"WA_ECOLOGY","Washington","State","2,4-DICHLOROPHENOL IN FISH TISSUE","Water Supply - Domestic Water"
"WA_ECOLOGY","Washington","State","2,4-DICHLOROPHENOL IN FISH TISSUE","Harvesting"
"WA_ECOLOGY","Washington","State","1,2-DICHLOROBENZENE IN FISH TISSUE","Water Supply - Domestic Water"
"WA_ECOLOGY","Washington","State","1,2-DICHLOROBENZENE IN FISH TISSUE","Harvesting"
"WA_ECOLOGY","Washington","State","1,3-DICHLOROBENZENE IN FISH TISSUE","Water Supply - Domestic Water"
"WA_ECOLOGY","Washington","State","1,3-DICHLOROBENZENE IN FISH TISSUE","Harvesting"
"WA_ECOLOGY","Washington","State","1,4-DICHLOROBENZENE IN FISH TISSUE","Water Supply - Domestic Water"
"WA_ECOLOGY","Washington","State","1,4-DICHLOROBENZENE IN FISH TISSUE","Harvesting"
"WA_ECOLOGY","Washington","State","DI-N-BUTYL PHTHALATE IN FISH TISSUE","Harvesting"
"WA_ECOLOGY","Washington","State","2,4,6-TRICHLOROPHENOL IN FISH TISSUE","Water Supply - Domestic Water"
"WA_ECOLOGY","Washington","State","2,4,6-TRICHLOROPHENOL IN FISH TISSUE","Harvesting"
"WA_ECOLOGY","Washington","State","N-NITROSODIPHENYLAMINE IN FISH TISSUE","Water Supply - Domestic Water"
"WA_ECOLOGY","Washington","State","N-NITROSODIPHENYLAMINE IN FISH TISSUE","Harvesting"
"WA_ECOLOGY","Washington","State","HEXACHLOROCYCLOPENTADIENE IN FISH TISSUE","Water Supply - Domestic Water"
"WA_ECOLOGY","Washington","State","HEXACHLOROCYCLOPENTADIENE IN FISH TISSUE","Harvesting"
"WA_ECOLOGY","Washington","State","BIS(2-CHLOROISOPROPYL) ETHER IN FISH TISSUE","Water Supply - Domestic Water"
"WA_ECOLOGY","Washington","State","BIS(2-CHLOROISOPROPYL) ETHER IN FISH TISSUE","Harvesting"
"WA_ECOLOGY","Washington","State","DI-N-BUTYL PHTHALATE IN FISH TISSUE","Water Supply - Domestic Water"
"WA_ECOLOGY","Washington","State","BIS(2-ETHYLHEXYL) PHTHALATE IN FISH TISSUE","Water Supply - Domestic Water"
"WA_ECOLOGY","Washington","State","BIS(2-ETHYLHEXYL) PHTHALATE IN FISH TISSUE","Harvesting"
"WA_ECOLOGY","Washington","State","NON-NATIVE FISH/SHELLFISH/ZOOPLANKTON","Aquatic Life - General"
"WA_ECOLOGY","Washington","State","CARBARYL","Aquatic Life - Toxics"
"WA_ECOLOGY","Washington","State","ALDRIN","Aquatic Life - Toxics"
"WA_ECOLOGY","Washington","State","DDT METABOLITES","Aquatic Life - Toxics"
"WA_ECOLOGY","Washington","State","HEXACHLOROCYCLOHEXANE","Aquatic Life - Toxics"
"WA_ECOLOGY","Washington","State","PENTACHLOROPHENOL (PCP)","Aquatic Life - Toxics"
"WA_ECOLOGY","Washington","State","TEMPERATURE","Aquatic Life - Good quality"
"WA_ECOLOGY","Washington","State","PH","Aquatic Life - Good quality"
"WA_ECOLOGY","Washington","State","DISSOLVED OXYGEN","Aquatic Life - Good quality"
"WA_ECOLOGY","Washington","State","WATER COLUMN BIOASSAY","Aquatic Life - Toxics"
"WA_ECOLOGY","Washington","State","ENTEROCOCCUS","Recreation - Primary Contact"
"WA_ECOLOGY","Washington","State","CHRYSENE IN FISH TISSUE","Harvesting"
"WA_ECOLOGY","Washington","State","ACENAPHTHENE IN FISH TISSUE","Harvesting"
"WA_ECOLOGY","Washington","State","BENZO[A]PYRENE IN FISH TISSUE","Harvesting"
"WA_ECOLOGY","Washington","State","BENZO[A]ANTHRACENE IN FISH TISSUE","Harvesting"
"WA_ECOLOGY","Washington","State","BENZO[B]FLUORANTHENE IN FISH TISSUE","Harvesting"
"WA_ECOLOGY","Washington","State","BENZO[K]FLUORANTHENE IN FISH TISSUE","Harvesting"
"WA_ECOLOGY","Washington","State","DIBENZ[A,H]ANTHRACENE IN FISH TISSUE","Harvesting"
"WA_ECOLOGY","Washington","State","INDENO[1,2,3-CD]PYRENE IN FISH TISSUE","Harvesting"
"WA_ECOLOGY","Washington","State","NICKEL IN FISH TISSUE","Harvesting"
"WA_ECOLOGY","Washington","State","TEMPERATURE","Aquatic Life - Extraordinary quality"
"WA_ECOLOGY","Washington","State","DISSOLVED OXYGEN","Aquatic Life - Extraordinary quality"
"WA_ECOLOGY","Washington","State","TOXAPHENE","Aquatic Life - Toxics"
"WA_ECOLOGY","Washington","State","CHLORIDE","Aquatic Life - Toxics"
"WA_ECOLOGY","Washington","State","DIELDRIN","Water Supply - Domestic Water"
"WA_ECOLOGY","Washington","State","DIELDRIN","Harvesting"
"WA_ECOLOGY","Washington","State","4,4'-DDD","Water Supply - Domestic Water"
"WA_ECOLOGY","Washington","State","4,4'-DDE","Water Supply - Domestic Water"
"WA_ECOLOGY","Washington","State","4,4'-DDT","Water Supply - Domestic Water"
"WA_ECOLOGY","Washington","State","ENDOSULFAN","Aquatic Life - Toxics"
"WA_ECOLOGY","Washington","State","ENDOSULFAN","Water Supply - Domestic Water"
"WA_ECOLOGY","Washington","State","CHLORPYRIFOS","Aquatic Life - Toxics"
"WA_ECOLOGY","Washington","State","PENTACHLOROPHENOL (PCP)","Water Supply - Domestic Water"
"WA_ECOLOGY","Washington","State","2,4-DINITROTOLUENE IN FISH TISSUE","Water Supply - Domestic Water"
"WA_ECOLOGY","Washington","State","2,4-DINITROTOLUENE IN FISH TISSUE","Harvesting"
"WA_ECOLOGY","Washington","State","HEXACHLOROBUTADIENE IN FISH TISSUE","Water Supply - Domestic Water"
"WA_ECOLOGY","Washington","State","HEXACHLOROBUTADIENE IN FISH TISSUE","Harvesting"
"WA_ECOLOGY","Washington","State","1,2-DIPHENYLHYDRAZINE IN FISH TISSUE","Water Supply - Domestic Water"
"WA_ECOLOGY","Washington","State","1,2-DIPHENYLHYDRAZINE IN FISH TISSUE","Harvesting"
"WA_ECOLOGY","Washington","State","3,3'-DICHLOROBENZIDINE IN FISH TISSUE","Water Supply - Domestic Water"
"WA_ECOLOGY","Washington","State","3,3'-DICHLOROBENZIDINE IN FISH TISSUE","Harvesting"
"WA_ECOLOGY","Washington","State","BIS-2-CHLOROETHYL ETHER IN FISH TISSUE","Water Supply - Domestic Water"
"WA_ECOLOGY","Washington","State","BIS-2-CHLOROETHYL ETHER IN FISH TISSUE","Harvesting"
"WA_ECOLOGY","Washington","State","PENTACHLOROPHENOL (PCP) IN FISH TISSUE","Water Supply - Domestic Water"
"WA_ECOLOGY","Washington","State","PENTACHLOROPHENOL (PCP) IN FISH TISSUE","Harvesting"
"WA_ECOLOGY","Washington","State","PH","Aquatic Life - Char spawning and rearing"
"WA_ECOLOGY","Washington","State","ZINC IN FISH TISSUE","Harvesting"
"WA_ECOLOGY","Washington","State","SELENIUM","Aquatic Life - Toxics"
"WA_ECOLOGY","Washington","State","PH","Aquatic Life - Extraordinary quality"
"WA_ECOLOGY","Washington","State","SELENIUM IN FISH TISSUE","Harvesting"
"WA_ECOLOGY","Washington","State","ENDRIN","Aquatic Life - Toxics"
"WA_ECOLOGY","Washington","State","CHLORDANE","Aquatic Life - Toxics"
"WA_ECOLOGY","Washington","State","HEPTACHLOR","Aquatic Life - Toxics"
"WA_ECOLOGY","Washington","State","POLYCHLORINATED BIPHENYLS (PCBS)","Aquatic Life - Toxics"
"WA_ECOLOGY","Washington","State","ARSENIC, INORGANIC IN FISH TISSUE","Harvesting"
"WA_ECOLOGY","Washington","State","PHENOL","Water Supply - Domestic Water"
"WA_ECOLOGY","Washington","State","BROMOFORM","Water Supply - Domestic Water"
"WA_ECOLOGY","Washington","State","ISOPHORONE","Water Supply - Domestic Water"
"WA_ECOLOGY","Washington","State","1,4-DICHLOROBENZENE","Water Supply - Domestic Water"
"WA_ECOLOGY","Washington","State","TETRACHLOROETHYLENE","Water Supply - Domestic Water"
"WA_ECOLOGY","Washington","State","DDT IN FISH TISSUE","Aquatic Life - General"
"WA_ECOLOGY","Washington","State","CHLORINATED PESTICIDES IN FISH TISSUE","Aquatic Life - General"
"WA_ECOLOGY","Washington","State","PAH2 - 4 RING POLYCYCLIC AROMATIC HYDROCARBONS IN FISH TISSUE","Aquatic Life - General"
"WA_ECOLOGY","Washington","State","PCBS IN FISH TISSUE","Aquatic Life - General"
"WA_ECOLOGY","Washington","State","BENZENE","Water Supply - Domestic Water"
"WA_ECOLOGY","Washington","State","BENZENE","Harvesting"
"WA_ECOLOGY","Washington","State","TETRACHLOROETHYLENE","Harvesting"
"WA_ECOLOGY","Washington","State","TRICHLOROETHYLENE (TCE)","Water Supply - Domestic Water"
"WA_ECOLOGY","Washington","State","TRICHLOROETHYLENE (TCE)","Harvesting"
"WA_ECOLOGY","Washington","State","2,4-DIMETHYLPHENOL IN FISH TISSUE","Harvesting"
"WA_ECOLOGY","Washington","State","1,2,4-TRICHLOROBENZENE IN FISH TISSUE","Harvesting"
"WA_ECOLOGY","Washington","State","BUTYL BENZYL PHTHALATE IN FISH TISSUE","Harvesting"
"WA_ECOLOGY","Washington","State","ANTIMONY IN FISH TISSUE","Harvesting"
"WA_ECOLOGY","Washington","State","THALLIUM IN FISH TISSUE","Harvesting"
"WA_ECOLOGY","Washington","State","HABITAT ASSESSMENT","Aquatic Life - General"
"WA_ECOLOGY","Washington","State","ANTIMONY","Water Supply - Domestic Water"
"WA_ECOLOGY","Washington","State","ZINC","Water Supply - Domestic Water"
"WA_ECOLOGY","Washington","State","NICKEL","Water Supply - Domestic Water"
"WA_ECOLOGY","Washington","State","CHROMIUM","Aquatic Life - Toxics"
"WA_ECOLOGY","Washington","State","SELENIUM","Water Supply - Domestic Water"
"WA_ECOLOGY","Washington","State","THALLIUM","Water Supply - Domestic Water"
"WA_ECOLOGY","Washington","State","ENDOSULFAN","Harvesting"
"WA_ECOLOGY","Washington","State","PERFLUOROOCTANE SULFONATE (PFOS) IN FISH TISSUE","Harvesting"
"WA_ECOLOGY","Washington","State","TEMPERATURE","Aquatic Life - Salmonid rearing and migration only"
"WA_ECOLOGY","Washington","State","PH","Aquatic Life - Fair quality"
"WA_ECOLOGY","Washington","State","DISSOLVED OXYGEN","Aquatic Life - Salmonid rearing and migration only"
"WA_ECOLOGY","Washington","State","POLYCHLORINATED BIPHENYLS (PCBS)","Water Supply - Domestic Water"
"WA_ECOLOGY","Washington","State","POLYCHLORINATED BIPHENYLS (PCBS)","Harvesting"
"WA_ECOLOGY","Washington","State","BIS(2-ETHYLHEXYL) PHTHALATE","Harvesting"
"WA_ECOLOGY","Washington","State","DIOXIN IN FISH TISSUE","Wildlife Habitat"
"WA_ECOLOGY","Washington","State","FURAN COMPOUNDS IN FISH TISSUE","Wildlife Habitat"
"WA_ECOLOGY","Washington","State","PCBS IN FISH TISSUE","Wildlife Habitat"
"WA_ECOLOGY","Washington","State","ARSENIC IN FISH TISSUE","Harvesting"
"WA_ECOLOGY","Washington","State","HEXACHLOROBENZENE","Water Supply - Domestic Water"
"WA_ECOLOGY","Washington","State","HEXACHLOROETHANE","Water Supply - Domestic Water"
"WA_ECOLOGY","Washington","State","2,4-DIMETHYLPHENOL","Water Supply - Domestic Water"
"WA_ECOLOGY","Washington","State","1,2-DICHLOROBENZENE","Water Supply - Domestic Water"
"WA_ECOLOGY","Washington","State","1,3-DICHLOROBENZENE","Water Supply - Domestic Water"
"WA_ECOLOGY","Washington","State","HEXACHLOROBUTADIENE","Water Supply - Domestic Water"
"WA_ECOLOGY","Washington","State","1,2,4-TRICHLOROBENZENE","Water Supply - Domestic Water"
"WA_ECOLOGY","Washington","State","N-NITROSODIPHENYLAMINE","Water Supply - Domestic Water"
"WA_ECOLOGY","Washington","State",NA,"Shellfish Harvesting"
"WA_ECOLOGY","Washington","State","2-CHLOROPHENOL IN FISH TISSUE","Harvesting"
"WA_ECOLOGY","Washington","State","2-CHLORONAPHTHALENE IN FISH TISSUE","Harvesting"
"WA_ECOLOGY","Washington","State","4-CHLORO-3-METHYLPHENOL (3-METHYL-4-CHLOROPHENOL) IN FISH TISSUE","Harvesting"
"WA_ECOLOGY","Washington","State",NA,"Aquatic Life - Core summer salmonid habitat"
"WA_ECOLOGY","Washington","State","DIOXIN","Water Supply - Domestic Water"
"WA_ECOLOGY","Washington","State","DIOXIN","Harvesting"
"WA_ECOLOGY","Washington","State","NICKEL IN FISH TISSUE","Water Supply - Domestic Water"
"WA_ECOLOGY","Washington","State","4,4'-DDD","Harvesting"
"WA_ECOLOGY","Washington","State","4,4'-DDE","Harvesting"
"WA_ECOLOGY","Washington","State","HEPTACHLOR","Water Supply - Domestic Water"
"WA_ECOLOGY","Washington","State","HEPTACHLOR","Harvesting"
"WA_ECOLOGY","Washington","State","DDT METABOLITES","Water Supply - Domestic Water"
"WA_ECOLOGY","Washington","State","DDT METABOLITES","Harvesting"
"WA_ECOLOGY","Washington","State","HEPTACHLOR EPOXIDE","Water Supply - Domestic Water"
"WA_ECOLOGY","Washington","State","HEPTACHLOR EPOXIDE","Harvesting"
"WA_ECOLOGY","Washington","State",NA,"Aquatic Life - Toxics"
"WA_ECOLOGY","Washington","State",NA,"Aquatic Life - Extraordinary quality"
"WA_ECOLOGY","Washington","State","POLYBROMINATED DIPHENYL ETHERS IN FISH TISSUE","Harvesting"
"WA_ECOLOGY","Washington","State","CHLORDANE","Water Supply - Domestic Water"
"WA_ECOLOGY","Washington","State","CHLORDANE","Harvesting"
"WA_ECOLOGY","Washington","State","TOTAL DISSOLVED GAS","Aquatic Life - Salmonid spawning, rearing and migration"
"WA_ECOLOGY","Washington","State","ANTIMONY IN FISH TISSUE","Water Supply - Domestic Water"
"WA_ECOLOGY","Washington","State","THALLIUM IN FISH TISSUE","Water Supply - Domestic Water"
"WA_ECOLOGY","Washington","State","BENZO[A]PYRENE","Water Supply - Domestic Water"
"WA_ECOLOGY","Washington","State","BENZO[A]PYRENE","Harvesting"
"WA_ECOLOGY","Washington","State","3,3'-DICHLOROBENZIDINE","Water Supply - Domestic Water"
"WA_ECOLOGY","Washington","State","3,3'-DICHLOROBENZIDINE","Harvesting"
"WA_ECOLOGY","Washington","State","ARSENIC","Water Supply - Domestic Water"
"WA_ECOLOGY","Washington","State","ARSENIC","Harvesting"
"WA_ECOLOGY","Washington","State","METHYL BROMIDE","Water Supply - Domestic Water"
"WA_ECOLOGY","Washington","State","1,2-DICHLOROETHANE","Water Supply - Domestic Water"
"WA_ECOLOGY","Washington","State","1,2-DICHLOROPROPANE","Water Supply - Domestic Water"
"WA_ECOLOGY","Washington","State","TOLUENE","Water Supply - Domestic Water"
"WA_ECOLOGY","Washington","State","CHLOROFORM","Water Supply - Domestic Water"
"WA_ECOLOGY","Washington","State","ETHYLBENZENE","Water Supply - Domestic Water"
"WA_ECOLOGY","Washington","State","VINYL CHLORIDE","Water Supply - Domestic Water"
"WA_ECOLOGY","Washington","State","METHYLENE CHLORIDE","Water Supply - Domestic Water"
"WA_ECOLOGY","Washington","State","1,1-DICHLOROETHYLENE","Water Supply - Domestic Water"
"WA_ECOLOGY","Washington","State","CARBON TETRACHLORIDE","Water Supply - Domestic Water"
"WA_ECOLOGY","Washington","State","CHLOROBENZENE (MONO)","Water Supply - Domestic Water"
"WA_ECOLOGY","Washington","State","CHLORODIBROMOMETHANE","Water Supply - Domestic Water"
"WA_ECOLOGY","Washington","State","DICHLOROBROMOMETHANE","Water Supply - Domestic Water"
"WA_ECOLOGY","Washington","State","1,1,1-TRICHLOROETHANE","Water Supply - Domestic Water"
"WA_ECOLOGY","Washington","State","1,1,2-TRICHLOROETHANE","Water Supply - Domestic Water"
"WA_ECOLOGY","Washington","State","1,1,2,2-TETRACHLOROETHANE","Water Supply - Domestic Water"
"WA_ECOLOGY","Washington","State","TRANS-1,2-DICHLOROETHYLENE","Water Supply - Domestic Water"
"WA_ECOLOGY","Washington","State","MERCURY","Water Supply - Domestic Water"
"WA_ECOLOGY","Washington","State","MERCURY","Harvesting"
"WA_ECOLOGY","Washington","State","ARSENIC IN FISH TISSUE","Water Supply - Domestic Water"
"WA_ECOLOGY","Washington","State","ALDRIN","Water Supply - Domestic Water"
"WA_ECOLOGY","Washington","State","ALDRIN","Harvesting"
"WA_ECOLOGY","Washington","State","DISSOLVED OXYGEN","Aquatic Life - Char spawning and rearing"
"WA_ECOLOGY","Washington","State","TURBIDITY","Aquatic Life - Salmonid spawning, rearing and migration"
"WA_ECOLOGY","Washington","State","TURBIDITY","Aquatic Life - Core summer salmonid habitat"
"WA_ECOLOGY","Washington","State","CHLORINE","Aquatic Life - Toxics"
"WA_ECOLOGY","Washington","State","4,4'-DDT","Harvesting"
"WA_ECOLOGY","Washington","State","FLOW REGIME MODIFICATION","Aquatic Life - General"
"WA_ECOLOGY","Washington","State","ARSENIC, INORGANIC IN FISH TISSUE","Water Supply - Domestic Water"
"WA_ECOLOGY","Washington","State","ENDRIN","Water Supply - Domestic Water"
"WA_ECOLOGY","Washington","State","ALPHA-BHC","Water Supply - Domestic Water"
"WA_ECOLOGY","Washington","State","PARATHION","Aquatic Life - Toxics"
"WA_ECOLOGY","Washington","State","ENDRIN ALDEHYDE","Water Supply - Domestic Water"
"WA_ECOLOGY","Washington","State","HEXACHLOROCYCLOHEXANE","Water Supply - Domestic Water"
"WA_ECOLOGY","Washington","State","2,4,6-TRICHLOROPHENOL","Water Supply - Domestic Water"
"WA_ECOLOGY","Washington","State","BETA-BHC","Water Supply - Domestic Water"
"WA_ECOLOGY","Washington","State",NA,"Aquatic Life - General"
"WA_ECOLOGY","Washington","State",NA,"Aquatic Life - Char spawning and rearing"
"WA_ECOLOGY","Washington","State",NA,"Recreation - Primary Contact"
"WA_ECOLOGY","Washington","State","PH","Aquatic Life - Salmonid rearing and migration only"
"WA_ECOLOGY","Washington","State","TURBIDITY","Aquatic Life - Salmonid rearing and migration only"
"WA_ECOLOGY","Washington","State","ACROLEIN","Water Supply - Domestic Water"
"WA_ECOLOGY","Washington","State","TOXAPHENE","Water Supply - Domestic Water"
"WA_ECOLOGY","Washington","State","DIBENZ[A,H]ANTHRACENE","Water Supply - Domestic Water"
"WA_ECOLOGY","Washington","State","HEXACHLOROBENZENE","Harvesting"
"WA_ECOLOGY","Washington","State","2,4-DINITROPHENOL","Water Supply - Domestic Water"
"WA_ECOLOGY","Washington","State","4,6-DINITRO-O-CRESOL","Water Supply - Domestic Water"
"WA_ECOLOGY","Washington","State","NITROBENZENE","Water Supply - Domestic Water"
"WA_ECOLOGY","Washington","State","2-CHLOROPHENOL","Water Supply - Domestic Water"
"WA_ECOLOGY","Washington","State","2,4-DICHLOROPHENOL","Water Supply - Domestic Water"
"WA_ECOLOGY","Washington","State","2,4-DINITROTOLUENE","Water Supply - Domestic Water"
"WA_ECOLOGY","Washington","State","BENZO[A]ANTHRACENE","Water Supply - Domestic Water"
"WA_ECOLOGY","Washington","State","BENZO[B]FLUORANTHENE","Water Supply - Domestic Water"
"WA_ECOLOGY","Washington","State","INDENO[1,2,3-CD]PYRENE","Water Supply - Domestic Water"
"WA_ECOLOGY","Washington","State","HEXACHLOROCYCLOPENTADIENE","Water Supply - Domestic Water"
"WA_ECOLOGY","Washington","State","4-CHLORO-3-METHYLPHENOL (3-METHYL-4-CHLOROPHENOL)","Water Supply - Domestic Water"
"WA_ECOLOGY","Washington","State","DIAZINON","Aquatic Life - Toxics"
"WA_ECOLOGY","Washington","State","ALPHA-BHC","Harvesting"
"WA_ECOLOGY","Washington","State","FINE SEDIMENT","Aquatic Life - General"
"WA_ECOLOGY","Washington","State","HEXACHLOROCYCLOHEXANE","Harvesting"
"WA_ECOLOGY","Washington","State","BENZIDINE","Water Supply - Domestic Water"
"WA_ECOLOGY","Washington","State","CHRYSENE","Harvesting"
"WA_ECOLOGY","Washington","State","BENZO[B]FLUORANTHENE","Harvesting"
"WA_ECOLOGY","Washington","State","INDENO[1,2,3-CD]PYRENE","Harvesting"
"WA_ECOLOGY","Washington","State","CHLOROTHALONIL","Aquatic Life - Toxics"
"WA_ECOLOGY","Washington","State","DIOXIN (INCLUDING 2,3,7,8-TCDD)","Water Supply - Domestic Water"
"WA_ECOLOGY","Washington","State","2,3,7,8-TETRACHLORODIBENZO-P-DIOXIN","Water Supply - Domestic Water"
"WA_ECOLOGY","Washington","State","BIS(2-CHLOROISOPROPYL) ETHER","Water Supply - Domestic Water"
"WA_ECOLOGY","Washington","State","NITROGEN, TOTAL","Aquatic Life - General"
"WA_ECOLOGY","Washington","State","6PPD-QUINONE","Aquatic Life - General"
"WA_ECOLOGY","Washington","State","COARSE SEDIMENT","Aquatic Life - General"
"WA_ECOLOGY","Washington","State","HABITAT ALTERATIONS","Aquatic Life - General"
"WA_ECOLOGY","Washington","State",NA,"Water Supply - Domestic Water"
"WA_ECOLOGY","Washington","State","THALLIUM","Harvesting"
"WA_ECOLOGY","Washington","State",NA,"Aquatic Life - Excellent quality"
"21COL001","Colorado","State",NA,"Agriculture"
"21COL001","Colorado","State",NA,"Aquatic Life Warm Water-Class 2"
"21COL001","Colorado","State",NA,"Recreation"
"21COL001","Colorado","State",NA,"Aquatic Life Warm Water-Class 1"
"21COL001","Colorado","State","ESCHERICHIA COLI (E. COLI)","Recreation"
"21COL001","Colorado","State","TEMPERATURE","Aquatic Life Warm Water-Class 2"
"21COL001","Colorado","State","MANGANESE","Water Supply"
"21COL001","Colorado","State","BENTHIC MACROINVERTEBRATES","Aquatic Life Warm Water-Class 2"
"21COL001","Colorado","State","CYANIDE","Aquatic Life Warm Water-Class 2"
"21COL001","Colorado","State","LEAD, TOTAL","Water Supply"
"21COL001","Colorado","State",NA,"Aquatic Life Cold Water-Class 1"
"21COL001","Colorado","State",NA,"Water Supply"
"21COL001","Colorado","State","SEDIMENT","Aquatic Life Warm Water-Class 1"
"21COL001","Colorado","State","ARSENIC","Water Supply"
"21COL001","Colorado","State","SELENIUM","Aquatic Life Warm Water-Class 1"
"21COL001","Colorado","State","IRON TOTAL RECOVERABLE","Aquatic Life Warm Water-Class 1"
"21COL001","Colorado","State","MERCURY IN FISH TISSUE","Aquatic Life Cold Water-Class 1"
"21COL001","Colorado","State","DISSOLVED OXYGEN","Aquatic Life Cold Water-Class 1"
"21COL001","Colorado","State",NA,"Aquatic Life Cold Water-Class 2"
"21COL001","Colorado","State","TEMPERATURE","Aquatic Life Cold Water-Class 1"
"21COL001","Colorado","State","SELENIUM","Aquatic Life Cold Water-Class 1"
"21COL001","Colorado","State","SULFATE","Water Supply"
"21COL001","Colorado","State","SELENIUM","Aquatic Life Warm Water-Class 2"
"21COL001","Colorado","State","IRON TOTAL RECOVERABLE","Aquatic Life Warm Water-Class 2"
"21COL001","Colorado","State","CHROMIUM, HEXAVALENT, TOTAL","Water Supply"
"21COL001","Colorado","State","PH","Aquatic Life Cold Water-Class 1"
"21COL001","Colorado","State","TEMPERATURE","Water Supply"
"21COL001","Colorado","State","LEAD","Aquatic Life Cold Water-Class 1"
"21COL001","Colorado","State","ZINC","Aquatic Life Cold Water-Class 1"
"21COL001","Colorado","State","CADMIUM","Aquatic Life Cold Water-Class 1"
"21COL001","Colorado","State","COPPER","Aquatic Life Cold Water-Class 1"
"21COL001","Colorado","State","ALUMINUM","Aquatic Life Cold Water-Class 1"
"21COL001","Colorado","State","PHOSPHORUS, TOTAL","Aquatic Life Cold Water-Class 1"
"21COL001","Colorado","State","MERCURY","Aquatic Life Cold Water-Class 1"
"21COL001","Colorado","State","IRON TOTAL RECOVERABLE","Aquatic Life Cold Water-Class 1"
"21COL001","Colorado","State","MERCURY IN FISH TISSUE","Aquatic Life Warm Water-Class 1"
"21COL001","Colorado","State","TEMPERATURE","Aquatic Life Warm Water-Class 1"
"21COL001","Colorado","State","BENTHIC MACROINVERTEBRATES","Aquatic Life Warm Water-Class 1"
"21COL001","Colorado","State","CHLORIDE","Water Supply"
"21COL001","Colorado","State","BENTHIC MACROINVERTEBRATES","Aquatic Life Cold Water-Class 1"
"21COL001","Colorado","State","DISSOLVED OXYGEN","Aquatic Life Warm Water-Class 2"
"21COL001","Colorado","State","IRON","Water Supply"
"21COL001","Colorado","State","CADMIUM","Water Supply"
"21COL001","Colorado","State","URANIUM","Water Supply"
"21COL001","Colorado","State","ZINC","Aquatic Life Cold Water-Class 2"
"21COL001","Colorado","State","COPPER","Aquatic Life Cold Water-Class 2"
"21COL001","Colorado","State","SILVER","Aquatic Life Cold Water-Class 2"
"21COL001","Colorado","State","CADMIUM","Aquatic Life Cold Water-Class 2"
"21COL001","Colorado","State","MANGANESE","Aquatic Life Cold Water-Class 2"
"21COL001","Colorado","State","IRON TOTAL RECOVERABLE","Aquatic Life Cold Water-Class 2"
"21COL001","Colorado","State","PH","Aquatic Life Cold Water-Class 2"
"21COL001","Colorado","State","CADMIUM, TOTAL","Water Supply"
"21COL001","Colorado","State","LEAD","Aquatic Life Cold Water-Class 2"
"21COL001","Colorado","State","LEAD","Water Supply"
"21COL001","Colorado","State","BENTHIC MACROINVERTEBRATES","Aquatic Life Cold Water-Class 2"
"21COL001","Colorado","State","PHOSPHORUS, TOTAL","Aquatic Life Warm Water-Class 1"
"21COL001","Colorado","State","SELENIUM, TOTAL","Agriculture"
"21COL001","Colorado","State","SELENIUM, DISSOLVED","Agriculture"
"21COL001","Colorado","State","SELENIUM","Agriculture"
"21COL001","Colorado","State","SEDIMENT","Aquatic Life Cold Water-Class 1"
"21COL001","Colorado","State","SELENIUM, DISSOLVED","Aquatic Life Warm Water-Class 1"
"21COL001","Colorado","State","SEDIMENT","Aquatic Life Warm Water-Class 2"
"21COL001","Colorado","State","PH","Aquatic Life Warm Water-Class 1"
"21COL001","Colorado","State","NICKEL","Aquatic Life Cold Water-Class 2"
"21COL001","Colorado","State","IRON","Aquatic Life Cold Water-Class 2"
"21COL001","Colorado","State","COPPER","Aquatic Life Warm Water-Class 1"
"21COL001","Colorado","State","DISSOLVED OXYGEN","Aquatic Life Cold Water-Class 2"
"21COL001","Colorado","State","AMMONIA","Aquatic Life Cold Water-Class 1"
"21COL001","Colorado","State","SILVER","Aquatic Life Cold Water-Class 1"
"21COL001","Colorado","State","IRON","Not Applicable"
"21COL001","Colorado","State","LEAD","Not Applicable"
"21COL001","Colorado","State","COPPER","Not Applicable"
"21COL001","Colorado","State","CADMIUM","Not Applicable"
"21COL001","Colorado","State","ALUMINUM","Not Applicable"
"21COL001","Colorado","State","IRON","Aquatic Life Cold Water-Class 1"
"21COL001","Colorado","State","ALUMINUM","Aquatic Life Cold Water-Class 2"
"21COL001","Colorado","State","DISSOLVED OXYGEN","Aquatic Life Warm Water-Class 1"
"21COL001","Colorado","State","TEMPERATURE","Aquatic Life Cold Water-Class 2"
"21COL001","Colorado","State","AMMONIA","Aquatic Life Warm Water-Class 1"
"21COL001","Colorado","State","NITRATE","Water Supply"
"21COL001","Colorado","State","SELENIUM","Aquatic Life Cold Water-Class 2"
"21COL001","Colorado","State","MERCURY","Aquatic Life Warm Water-Class 1"
"21COL001","Colorado","State","MERCURY","Aquatic Life Warm Water-Class 2"
"21COL001","Colorado","State","COPPER","Aquatic Life Warm Water-Class 2"
"21COL001","Colorado","State","SELENIUM, DISSOLVED","Aquatic Life Warm Water-Class 2"
"21COL001","Colorado","State","CHLOROPHYLL-A","Aquatic Life Warm Water-Class 1"
"21COL001","Colorado","State","NICKEL","Aquatic Life Cold Water-Class 1"
"21COL001","Colorado","State","MANGANESE","Aquatic Life Cold Water-Class 1"
"21COL001","Colorado","State","PH","Water Supply"
"21COL001","Colorado","State","PH","Aquatic Life Warm Water-Class 2"
"21COL001","Colorado","State","AMMONIA","Aquatic Life Warm Water-Class 2"
"21COL001","Colorado","State","SELENIUM, DISSOLVED","Aquatic Life Cold Water-Class 2"
"21COL001","Colorado","State","CADMIUM","Aquatic Life Warm Water-Class 2"
"21COL001","Colorado","State","COPPER, DISSOLVED","Aquatic Life Cold Water-Class 1"
"21COL001","Colorado","State","ARSENIC","Agriculture"
"21COL001","Colorado","State","MERCURY","Water Supply"
"21COL001","Colorado","State","IRON","Recreation"
"21COL001","Colorado","State","ARSENIC, TOTAL","Water Supply"
"21COL001","Colorado","State","MANGANESE, DISSOLVED","Water Supply"
"21COL001","Colorado","State","IRON, DISSOLVED","Water Supply"
"21COL001","Colorado","State","ARSENIC, TOTAL","Aquatic Life Warm Water-Class 2"
"21COL001","Colorado","State","LEAD","Aquatic Life Warm Water-Class 1"
"21COL001","Colorado","State","ZINC","Aquatic Life Warm Water-Class 1"
"21COL001","Colorado","State","CADMIUM","Aquatic Life Warm Water-Class 1"
"21COL001","Colorado","State","PHOSPHORUS, TOTAL","Aquatic Life Cold Water-Class 2"
"21COL001","Colorado","State","SELENIUM","Water Supply"
"21COL001","Colorado","State","PHOSPHORUS, TOTAL","Aquatic Life Warm Water-Class 2"
"21COL001","Colorado","State","IRON","Aquatic Life Warm Water-Class 2"
"21COL001","Colorado","State","ZINC","Aquatic Life Warm Water-Class 2"
"21COL001","Colorado","State","COPPER, TOTAL","Agriculture"
"21COL001","Colorado","State","ZINC, DISSOLVED","Aquatic Life Cold Water-Class 1"
"21COL001","Colorado","State","CADMIUM, DISSOLVED","Aquatic Life Cold Water-Class 1"
"21COL001","Colorado","State","NITRITE","Aquatic Life Warm Water-Class 1"
"21COL001","Colorado","State","LEAD","Aquatic Life Warm Water-Class 2"
"21COL001","Colorado","State","NITRITE","Aquatic Life Warm Water-Class 2"
"21COL001","Colorado","State","SILVER","Not Applicable"
"21COL001","Colorado","State","SILVER","Water Supply"
"21COL001","Colorado","State","COPPER","Agriculture"
"21COL001","Colorado","State","NITRATE/NITRITE (NITRITE + NITRATE AS N)","Water Supply"
"21COL001","Colorado","State","CHLOROPHYLL-A","Aquatic Life Cold Water-Class 1"
"21COL001","Colorado","State","NICKEL","Water Supply"
"21COL001","Colorado","State","MANGANESE","Aquatic Life Warm Water-Class 2"
"21COL001","Colorado","State","SELENIUM, DISSOLVED","Aquatic Life Cold Water-Class 1"
"21COL001","Colorado","State","AMMONIA","Aquatic Life Cold Water-Class 2"
"21COL001","Colorado","State","ARSENIC","Aquatic Life Warm Water-Class 1"
"21COL001","Colorado","State","NITRITE","Aquatic Life Cold Water-Class 1"
"21COL001","Colorado","State","NITRITE","Aquatic Life Cold Water-Class 2"
"IDEQ","Idaho","State",NA,"Aesthetic"
"IDEQ","Idaho","State",NA,"Wildlife Habitat"
"IDEQ","Idaho","State",NA,"Industrial Water Supply"
"IDEQ","Idaho","State",NA,"Agricultural Water Supply"
"IDEQ","Idaho","State",NA,"Salmonid Spawning"
"IDEQ","Idaho","State",NA,"Cold Water Aquatic Life"
"IDEQ","Idaho","State",NA,"Primary Contact Recreation"
"IDEQ","Idaho","State","PHOSPHORUS, TOTAL","Cold Water Aquatic Life"
"IDEQ","Idaho","State","TOTAL SUSPENDED SOLIDS (TSS)","Cold Water Aquatic Life"
"IDEQ","Idaho","State","FLOW REGIME MODIFICATION","Cold Water Aquatic Life"
"IDEQ","Idaho","State",NA,"Secondary Contact Recreation"
"IDEQ","Idaho","State","SEDIMENTATION/SILTATION","Cold Water Aquatic Life"
"IDEQ","Idaho","State","PHYSICAL SUBSTRATE HABITAT ALTERATIONS","Cold Water Aquatic Life"
"IDEQ","Idaho","State","NITROGEN, TOTAL","Cold Water Aquatic Life"
"IDEQ","Idaho","State","ESCHERICHIA COLI (E. COLI)","Secondary Contact Recreation"
"IDEQ","Idaho","State","COMBINED BIOTA/HABITAT BIOASSESSMENTS","Cold Water Aquatic Life"
"IDEQ","Idaho","State","TEMPERATURE","Salmonid Spawning"
"IDEQ","Idaho","State","TEMPERATURE","Cold Water Aquatic Life"
"IDEQ","Idaho","State","PHOSPHORUS, TOTAL","Salmonid Spawning"
"IDEQ","Idaho","State","TOTAL SUSPENDED SOLIDS (TSS)","Salmonid Spawning"
"IDEQ","Idaho","State","SEDIMENTATION/SILTATION","Salmonid Spawning"
"IDEQ","Idaho","State","PHYSICAL SUBSTRATE HABITAT ALTERATIONS","Salmonid Spawning"
"IDEQ","Idaho","State","FLOW REGIME MODIFICATION","Salmonid Spawning"
"IDEQ","Idaho","State","FISH PASSAGE BARRIER","Cold Water Aquatic Life"
"IDEQ","Idaho","State",NA,"Domestic Water Supply"
"IDEQ","Idaho","State","COMBINED BIOTA/HABITAT BIOASSESSMENTS","Salmonid Spawning"
"IDEQ","Idaho","State","PHOSPHORUS, TOTAL","Undesignated Surface Waters"
"IDEQ","Idaho","State","TOTAL SUSPENDED SOLIDS (TSS)","Undesignated Surface Waters"
"IDEQ","Idaho","State","ESCHERICHIA COLI (E. COLI)","Primary Contact Recreation"
"IDEQ","Idaho","State","FISH KILL(S)","Cold Water Aquatic Life"
"IDEQ","Idaho","State","DISSOLVED OXYGEN","Cold Water Aquatic Life"
"IDEQ","Idaho","State",NA,"Seasonal Cold Water Aquatic Life"
"IDEQ","Idaho","State","FECAL COLIFORM","Primary Contact Recreation"
"IDEQ","Idaho","State","FECAL COLIFORM","Secondary Contact Recreation"
"IDEQ","Idaho","State","MERCURY","Salmonid Spawning"
"IDEQ","Idaho","State","MERCURY","Cold Water Aquatic Life"
"IDEQ","Idaho","State","MERCURY","Primary Contact Recreation"
"IDEQ","Idaho","State","LEAD","Cold Water Aquatic Life"
"IDEQ","Idaho","State","ZINC","Cold Water Aquatic Life"
"IDEQ","Idaho","State","ZINC","Primary Contact Recreation"
"IDEQ","Idaho","State","ZINC","Domestic Water Supply"
"IDEQ","Idaho","State","COPPER","Domestic Water Supply"
"IDEQ","Idaho","State","NICKEL","Cold Water Aquatic Life"
"IDEQ","Idaho","State","NICKEL","Primary Contact Recreation"
"IDEQ","Idaho","State","NICKEL","Domestic Water Supply"
"IDEQ","Idaho","State","ARSENIC","Cold Water Aquatic Life"
"IDEQ","Idaho","State","CADMIUM","Cold Water Aquatic Life"
"IDEQ","Idaho","State","SELENIUM","Cold Water Aquatic Life"
"IDEQ","Idaho","State","SELENIUM","Primary Contact Recreation"
"IDEQ","Idaho","State","SELENIUM","Domestic Water Supply"
"IDEQ","Idaho","State","PH","Cold Water Aquatic Life"
"IDEQ","Idaho","State","BENTHIC MACROINVERTEBRATES BIOASSESSMENTS","Salmonid Spawning"
"IDEQ","Idaho","State","BENTHIC MACROINVERTEBRATES BIOASSESSMENTS","Cold Water Aquatic Life"
"IDEQ","Idaho","State","MERCURY","Secondary Contact Recreation"
"IDEQ","Idaho","State","DISSOLVED GAS SUPERSATURATION","Cold Water Aquatic Life"
"IDEQ","Idaho","State","COPPER","Cold Water Aquatic Life"
"IDEQ","Idaho","State","COPPER","Primary Contact Recreation"
"IDEQ","Idaho","State","NUTRIENT/EUTROPHICATION BIOLOGICAL INDICATORS","Cold Water Aquatic Life"
"IDEQ","Idaho","State","AQUATIC PLANTS (MACROPHYTES)","Cold Water Aquatic Life"
"IDEQ","Idaho","State","ARSENIC","Primary Contact Recreation"
"IDEQ","Idaho","State","ARSENIC","Domestic Water Supply"
"IDEQ","Idaho","State","CADMIUM","Salmonid Spawning"
"IDEQ","Idaho","State","ZINC","Secondary Contact Recreation"
"IDEQ","Idaho","State","ARSENIC","Secondary Contact Recreation"
"IDEQ","Idaho","State","COPPER, DISSOLVED","Cold Water Aquatic Life"
"IDEQ","Idaho","State","LEAD","Salmonid Spawning"
"IDEQ","Idaho","State","ZINC","Salmonid Spawning"
"IDEQ","Idaho","State","ALGAE","Cold Water Aquatic Life"
"IDEQ","Idaho","State","SELENIUM","Agricultural Water Supply"
"IDEQ","Idaho","State","SELENIUM","Salmonid Spawning"
"IDEQ","Idaho","State","FISH KILL(S)","Salmonid Spawning"
"IDEQ","Idaho","State","NITROGEN, NITRATE","Cold Water Aquatic Life"
"IDEQ","Idaho","State",NA,"Undesignated Surface Waters"
"IDEQ","Idaho","State","NUTRIENT/EUTROPHICATION BIOLOGICAL INDICATORS","Salmonid Spawning"
"IDEQ","Idaho","State","OIL AND GREASE","Cold Water Aquatic Life"
"IDEQ","Idaho","State","NITROGEN, TOTAL","Salmonid Spawning"
"IDEQ","Idaho","State","OIL AND GREASE","Salmonid Spawning"
"IDEQ","Idaho","State","NITROGEN, TOTAL","Domestic Water Supply"
"IDEQ","Idaho","State","FECAL COLIFORM","Cold Water Aquatic Life"
"IDEQ","Idaho","State","FECAL COLIFORM","Domestic Water Supply"
"IDEQ","Idaho","State","FLOW REGIME MODIFICATION","Domestic Water Supply"
"IDEQ","Idaho","State",NA,"Warm Water Aquatic Life"
"IDEQ","Idaho","State","PHOSPHORUS, TOTAL","Warm Water Aquatic Life"
"IDEQ","Idaho","State","EUTROPHICATION, NUTRIENTS","Cold Water Aquatic Life"
"IDEQ","Idaho","State","COPPER","Salmonid Spawning"
"IDEQ","Idaho","State","PH","Salmonid Spawning"
"IDEQ","Idaho","State","DISSOLVED OXYGEN","Salmonid Spawning"
"IDEQ","Idaho","State","CAUSE UNKNOWN","Cold Water Aquatic Life"
"IDEQ","Idaho","State","PH, LOW","Cold Water Aquatic Life"
"IDEQ","Idaho","State","ESCHERICHIA COLI (E. COLI)","Domestic Water Supply"
"IDEQ","Idaho","State","FLOW REGIME MODIFICATION","Primary Contact Recreation"
"IDEQ","Idaho","State","PHYSICAL SUBSTRATE HABITAT ALTERATIONS","Primary Contact Recreation"
"IDEQ","Idaho","State","TEMPERATURE","Secondary Contact Recreation"
"IDEQ","Idaho","State","CAUSE UNKNOWN","Salmonid Spawning"
"IDEQ","Idaho","State","PH, HIGH","Cold Water Aquatic Life"
"IDEQ","Idaho","State","HABITAT ASSESSMENT","Cold Water Aquatic Life"
"IDEQ","Idaho","State","AQUATIC PLANT BIOASSESSMENTS","Cold Water Aquatic Life"
"IDEQ","Idaho","State","DEBRIS","Secondary Contact Recreation"
"IDEQ","Idaho","State","DISSOLVED OXYGEN","Warm Water Aquatic Life"
"IDEQ","Idaho","State","CHLORPYRIFOS","Cold Water Aquatic Life"
"IDEQ","Idaho","State",NA,"Modified Aquatic Life"
"IDEQ","Idaho","State","DIELDRIN","Cold Water Aquatic Life"
"IDEQ","Idaho","State","DDD (DICHLORODIPHENYLDICHLOROETHANE)","Cold Water Aquatic Life"
"IDEQ","Idaho","State","DDT (DICHLORODIPHENYLTRICHLOROETHANE)","Cold Water Aquatic Life"
"IDEQ","Idaho","State","DDE (DICHLORODIPHENYLDICHLOROETHYLENE)","Cold Water Aquatic Life"
"IDEQ","Idaho","State","DEBRIS","Agricultural Water Supply"
"IDEQ","Idaho","State","FISH PASSAGE BARRIER","Agricultural Water Supply"
"IDEQ","Idaho","State","TURBIDITY","Primary Contact Recreation"
"IDEQ","Idaho","State","DEBRIS","Primary Contact Recreation"
"IDEQ","Idaho","State","DEBRIS","Cold Water Aquatic Life"
"IDEQ","Idaho","State","COLOR","Cold Water Aquatic Life"
"IDEQ","Idaho","State","FISH BIOASSESSMENTS","Cold Water Aquatic Life"
"IDEQ","Idaho","State","AMMONIA, UN-IONIZED","Cold Water Aquatic Life"
"IDEQ","Idaho","State","FLOW REGIME MODIFICATION","Secondary Contact Recreation"
"IDEQ","Idaho","State","ANTIMONY","Domestic Water Supply"
"IDEQ","Idaho","State","COPPER, DISSOLVED","Domestic Water Supply"
"IDEQ","Idaho","State","NICKEL, DISSOLVED","Primary Contact Recreation"
"IDEQ","Idaho","State","NICKEL, DISSOLVED","Domestic Water Supply"
"IDEQ","Idaho","State","ARSENIC, DISSOLVED","Primary Contact Recreation"
"IDEQ","Idaho","State","ARSENIC, DISSOLVED","Domestic Water Supply"
"IDEQ","Idaho","State","SELENIUM, DISSOLVED","Primary Contact Recreation"
"IDEQ","Idaho","State","SELENIUM, DISSOLVED","Domestic Water Supply"
"IDEQ","Idaho","State","LEAD, DISSOLVED","Primary Contact Recreation"
"IDEQ","Idaho","State","COPPER, DISSOLVED","Primary Contact Recreation"
"IDEQ","Idaho","State","AMMONIA, UN-IONIZED","Salmonid Spawning"
"IDEQ","Idaho","State","OIL AND GREASE","Primary Contact Recreation"
"IDEQ","Idaho","State","CHLOROPHENOXY HERBICIDES (2,4-D)","Primary Contact Recreation"
"IDEQ","Idaho","State","PENTACHLOROPHENOL (PCP)","Cold Water Aquatic Life"
"IDEQ","Idaho","State","PENTACHLOROPHENOL (PCP)","Primary Contact Recreation"
"IDEQ","Idaho","State","FISH PASSAGE BARRIER","Salmonid Spawning"
"IDEQ","Idaho","State","AMMONIA-NITROGEN","Cold Water Aquatic Life"
"IDEQ","Idaho","State","NITROGEN, TOTAL","Primary Contact Recreation"
"IDEQ","Idaho","State","PHOSPHORUS, TOTAL","Primary Contact Recreation"
"IDEQ","Idaho","State","CHLOROPHYLL-A","Cold Water Aquatic Life"
"IDEQ","Idaho","State","ARSENIC","Salmonid Spawning"
"IDEQ","Idaho","State","ALGAE","Seasonal Cold Water Aquatic Life"
"IDEQ","Idaho","State","FLOW REGIME MODIFICATION","Seasonal Cold Water Aquatic Life"
"IDEQ","Idaho","State","DISSOLVED OXYGEN","Seasonal Cold Water Aquatic Life"
"21MICH","Michigan","State",NA,"Navigation"
"21MICH","Michigan","State",NA,"Agriculture"
"21MICH","Michigan","State",NA,"Industrial Water Supply"
"21MICH","Michigan","State",NA,"Cold Water Fishery"
"21MICH","Michigan","State",NA,"Warm Water Fishery"
"21MICH","Michigan","State",NA,"Other Indigenous Aquatic Life and Wildlife"
"21MICH","Michigan","State",NA,"Total Body Contact Recreation"
"21MICH","Michigan","State",NA,"Partial Body Contact Recreation"
"21MICH","Michigan","State",NA,"Fish Consumption"
"21MICH","Michigan","State","ESCHERICHIA COLI (E. COLI)","Total Body Contact Recreation"
"21MICH","Michigan","State","ESCHERICHIA COLI (E. COLI)","Partial Body Contact Recreation"
"21MICH","Michigan","State","MERCURY IN WATER COLUMN","Other Indigenous Aquatic Life and Wildlife"
"21MICH","Michigan","State","MERCURY IN WATER COLUMN","Fish Consumption"
"21MICH","Michigan","State","LEAD","Cold Water Fishery"
"21MICH","Michigan","State","LEAD","Other Indigenous Aquatic Life and Wildlife"
"21MICH","Michigan","State","ZINC","Cold Water Fishery"
"21MICH","Michigan","State","ZINC","Other Indigenous Aquatic Life and Wildlife"
"21MICH","Michigan","State","COPPER","Cold Water Fishery"
"21MICH","Michigan","State","COPPER","Other Indigenous Aquatic Life and Wildlife"
"21MICH","Michigan","State","NICKEL","Cold Water Fishery"
"21MICH","Michigan","State","NICKEL","Other Indigenous Aquatic Life and Wildlife"
"21MICH","Michigan","State","CADMIUM","Cold Water Fishery"
"21MICH","Michigan","State","CADMIUM","Other Indigenous Aquatic Life and Wildlife"
"21MICH","Michigan","State","CHROMIUM","Cold Water Fishery"
"21MICH","Michigan","State","CHROMIUM","Other Indigenous Aquatic Life and Wildlife"
"21MICH","Michigan","State","SULFATE","Cold Water Fishery"
"21MICH","Michigan","State","SULFATE","Other Indigenous Aquatic Life and Wildlife"
"21MICH","Michigan","State","CHLORIDE","Cold Water Fishery"
"21MICH","Michigan","State","CHLORIDE","Other Indigenous Aquatic Life and Wildlife"
"21MICH","Michigan","State","LEAD","Warm Water Fishery"
"21MICH","Michigan","State","ZINC","Warm Water Fishery"
"21MICH","Michigan","State","COPPER","Warm Water Fishery"
"21MICH","Michigan","State","NICKEL","Warm Water Fishery"
"21MICH","Michigan","State","CADMIUM","Warm Water Fishery"
"21MICH","Michigan","State","CHROMIUM","Warm Water Fishery"
"21MICH","Michigan","State","PERFLUOROOCTANOIC ACID (PFOA)","Warm Water Fishery"
"21MICH","Michigan","State","PERFLUOROOCTANOIC ACID (PFOA)","Other Indigenous Aquatic Life and Wildlife"
"21MICH","Michigan","State","PERFLUOROOCTANE SULFONATE (PFOS)","Fish Consumption"
"21MICH","Michigan","State","PER- AND POLYFLUOROALKYL SUBSTANCES (PFAS)","Warm Water Fishery"
"21MICH","Michigan","State","PER- AND POLYFLUOROALKYL SUBSTANCES (PFAS)","Other Indigenous Aquatic Life and Wildlife"
"21MICH","Michigan","State","SULFATE","Warm Water Fishery"
"21MICH","Michigan","State","CHLORIDE","Warm Water Fishery"
"21MICH","Michigan","State","BENTHIC MACROINVERTEBRATES BIOASSESSMENTS","Other Indigenous Aquatic Life and Wildlife"
"21MICH","Michigan","State","MERCURY IN FISH TISSUE","Fish Consumption"
"21MICH","Michigan","State","PERFLUOROOCTANOIC ACID (PFOA)","Cold Water Fishery"
"21MICH","Michigan","State","PER- AND POLYFLUOROALKYL SUBSTANCES (PFAS)","Cold Water Fishery"
"21MICH","Michigan","State","TROPHIC STATE INDEX (TSI)","Other Indigenous Aquatic Life and Wildlife"
"21MICH","Michigan","State","POLYCHLORINATED BIPHENYLS (PCBS)","Fish Consumption"
"21MICH","Michigan","State","POLYCHLORINATED BIPHENYLS (PCBS)","Other Indigenous Aquatic Life and Wildlife"
"21MICH","Michigan","State","PCBS IN FISH TISSUE","Fish Consumption"
"21MICH","Michigan","State","DDT IN FISH TISSUE","Fish Consumption"
"21MICH","Michigan","State","TOXAPHENE IN FISH TISSUE","Fish Consumption"
"21MICH","Michigan","State","PERFLUOROOCTANE SULFONATE (PFOS) IN FISH TISSUE","Fish Consumption"
"21MICH","Michigan","State","DISSOLVED OXYGEN","Cold Water Fishery"
"21MICH","Michigan","State","SEDIMENT SCREENING VALUE (EXCEEDANCE)","Other Indigenous Aquatic Life and Wildlife"
"21MICH","Michigan","State","SEDIMENT TOXICITY","Other Indigenous Aquatic Life and Wildlife"
"21MICH","Michigan","State","PHYSICAL SUBSTRATE HABITAT ALTERATIONS","Other Indigenous Aquatic Life and Wildlife"
"21MICH","Michigan","State","DIOXIN (INCLUDING 2,3,7,8-TCDD)","Fish Consumption"
"21MICH","Michigan","State","CHLORDANE","Fish Consumption"
"21MICH","Michigan","State",NA,"Public Water Supply"
"21MICH","Michigan","State","COPPER IN SEDIMENT","Other Indigenous Aquatic Life and Wildlife"
"21MICH","Michigan","State","SELENIUM","Fish Consumption"
"21MICH","Michigan","State","PHOSPHORUS, TOTAL","Other Indigenous Aquatic Life and Wildlife"
"21MICH","Michigan","State","SELENIUM","Cold Water Fishery"
"21MICH","Michigan","State","SELENIUM","Other Indigenous Aquatic Life and Wildlife"
"21MICH","Michigan","State","HABITAT ALTERATIONS","Other Indigenous Aquatic Life and Wildlife"
"21MICH","Michigan","State","OTHER ANTHROPOGENIC SUBSTRATE ALTERATIONS","Other Indigenous Aquatic Life and Wildlife"
"21MICH","Michigan","State","FLOW REGIME MODIFICATION","Other Indigenous Aquatic Life and Wildlife"
"21MICH","Michigan","State","SEDIMENTATION/SILTATION","Other Indigenous Aquatic Life and Wildlife"
"21MICH","Michigan","State","OTHER ANTHROPOGENIC SUBSTRATE ALTERATIONS","Warm Water Fishery"
"21MICH","Michigan","State","FLOW REGIME MODIFICATION","Warm Water Fishery"
"21MICH","Michigan","State","EUTROPHICATION, NUTRIENTS","Other Indigenous Aquatic Life and Wildlife"
"21MICH","Michigan","State","PHOSPHORUS, TOTAL","Cold Water Fishery"
"21MICH","Michigan","State","TEMPERATURE","Cold Water Fishery"
"21MICH","Michigan","State","OTHER ANTHROPOGENIC SUBSTRATE ALTERATIONS","Cold Water Fishery"
"21MICH","Michigan","State","FLOW REGIME MODIFICATION","Cold Water Fishery"
"21MICH","Michigan","State","TOTAL SUSPENDED SOLIDS (TSS)","Other Indigenous Aquatic Life and Wildlife"
"21MICH","Michigan","State","CONTAMINATED SEDIMENTS (PAHS)","Other Indigenous Aquatic Life and Wildlife"
"21MICH","Michigan","State","ZINC IN SEDIMENT","Other Indigenous Aquatic Life and Wildlife"
"21MICH","Michigan","State","PCBS IN SEDIMENT","Other Indigenous Aquatic Life and Wildlife"
"21MICH","Michigan","State","CAUSE UNKNOWN","Cold Water Fishery"
"21MICH","Michigan","State","SEDIMENTATION/SILTATION","Warm Water Fishery"
"21MICH","Michigan","State","CAUSE UNKNOWN","Other Indigenous Aquatic Life and Wildlife"
"21MICH","Michigan","State","DISSOLVED OXYGEN","Warm Water Fishery"
"21MICH","Michigan","State","PETROLEUM HYDROCARBONS","Warm Water Fishery"
"21MICH","Michigan","State","TEMPERATURE","Warm Water Fishery"
"21MICH","Michigan","State","ALGAE","Other Indigenous Aquatic Life and Wildlife"
"21MICH","Michigan","State","DISSOLVED OXYGEN","Other Indigenous Aquatic Life and Wildlife"
"21MICH","Michigan","State","TOTAL SUSPENDED SOLIDS (TSS)","Warm Water Fishery"
"21MICH","Michigan","State","UNSPECIFIED METALS IN SEDIMENT","Other Indigenous Aquatic Life and Wildlife"
"21MICH","Michigan","State","HABITAT ALTERATIONS","Warm Water Fishery"
"21MICH","Michigan","State","FISH BIOASSESSMENTS","Warm Water Fishery"
"21MICH","Michigan","State","ORGANIC ENRICHMENT (SEWAGE) BIOLOGICAL INDICATORS","Other Indigenous Aquatic Life and Wildlife"
"21MICH","Michigan","State","PHOSPHORUS","Other Indigenous Aquatic Life and Wildlife"
"21MICH","Michigan","State","AQUATIC PLANTS (MACROPHYTES)","Other Indigenous Aquatic Life and Wildlife"
"21MICH","Michigan","State","PHOSPHORUS, TOTAL","Warm Water Fishery"
"21MICH","Michigan","State","BACTERIAL SLIMES","Other Indigenous Aquatic Life and Wildlife"
"21MICH","Michigan","State","NUTRIENT/EUTROPHICATION BIOLOGICAL INDICATORS","Other Indigenous Aquatic Life and Wildlife"
"21MICH","Michigan","State","EXCESS ALGAL GROWTH","Other Indigenous Aquatic Life and Wildlife"
"21MICH","Michigan","State","SEDIMENTATION/SILTATION","Cold Water Fishery"
"21MICH","Michigan","State","SEDIMENTATION/SILTATION","Fish Consumption"
"21MICH","Michigan","State","WETLANDS DREDGED/FILLED","Cold Water Fishery"
"21MICH","Michigan","State","LOSS OF INSTREAM COVER","Other Indigenous Aquatic Life and Wildlife"
"21MICH","Michigan","State","HABITAT ALTERATIONS","Cold Water Fishery"
"21MICH","Michigan","State","LEAD IN SEDIMENT","Other Indigenous Aquatic Life and Wildlife"
"21MICH","Michigan","State","CADMIUM IN SEDIMENT","Other Indigenous Aquatic Life and Wildlife"
"21MICH","Michigan","State","CHROMIUM IN SEDIMENT","Other Indigenous Aquatic Life and Wildlife"
"21MICH","Michigan","State","CONTAMINATED SEDIMENTS (HYDROCARBONS)","Other Indigenous Aquatic Life and Wildlife"
"21MICH","Michigan","State","POLYCYCLIC AROMATIC HYDROCARBONS (PAHS) (AQUATIC ECOSYSTEMS)","Other Indigenous Aquatic Life and Wildlife"
"21MICH","Michigan","State","PETROLEUM HYDROCARBONS","Navigation"
"21MICH","Michigan","State","FISH BIOASSESSMENTS","Cold Water Fishery"
"21MICH","Michigan","State","DDT (DICHLORODIPHENYLTRICHLOROETHANE)","Fish Consumption"
"21MICH","Michigan","State","DIOXIN IN FISH TISSUE","Fish Consumption"
"21MICH","Michigan","State","PERFLUOROOCTANE SULFONATE (PFOS)","Other Indigenous Aquatic Life and Wildlife"
"21MICH","Michigan","State","SEDIMENT","Other Indigenous Aquatic Life and Wildlife"
"21MICH","Michigan","State","SELENIUM","Warm Water Fishery"
"21MICH","Michigan","State","PH, HIGH","Warm Water Fishery"
"21MICH","Michigan","State","PH, HIGH","Other Indigenous Aquatic Life and Wildlife"
"21MICH","Michigan","State","PH, HIGH","Total Body Contact Recreation"
"21MICH","Michigan","State","PH, HIGH","Partial Body Contact Recreation"
"21MICH","Michigan","State","CAUSE UNKNOWN","Warm Water Fishery"
"21MICH","Michigan","State","POLYBROMINATED BIPHENYLS","Fish Consumption"
"21MICH","Michigan","State","PH","Warm Water Fishery"
"21MICH","Michigan","State","PH","Other Indigenous Aquatic Life and Wildlife"
"21MICH","Michigan","State","AQUATIC PLANTS (MACROPHYTES)","Warm Water Fishery"
"21MICH","Michigan","State","ORGANIC ENRICHMENT","Warm Water Fishery"
"21MICH","Michigan","State","ORGANIC ENRICHMENT (SEWAGE) BIOLOGICAL INDICATORS","Warm Water Fishery"
"21MICH","Michigan","State","DIOXIN - FISH CONSUMPTION ADVISORY","Fish Consumption"
"21MICH","Michigan","State","TOTAL DISSOLVED SOLIDS (TDS)","Other Indigenous Aquatic Life and Wildlife"
"21MICH","Michigan","State","NITROGEN, TOTAL","Public Water Supply"
"21MICH","Michigan","State","CYANOBACTERIA HEPATOTOXIC MICROCYSTINS","Public Water Supply"
"MEDEP","Maine","State",NA,"Navigation"
"MEDEP","Maine","State",NA,"Agricultural Supply"
"MEDEP","Maine","State",NA,"Hydroelectric Power Generation"
"MEDEP","Maine","State",NA,"Industrial Process and Cooling Water Supply"
"MEDEP","Maine","State",NA,"Fish and Other Aquatic Life"
"MEDEP","Maine","State",NA,"Primary Contact Recreation"
"MEDEP","Maine","State",NA,"Secondary Contact Recreation"
"MEDEP","Maine","State",NA,"Drinking Water Supply After Disinfection"
"MEDEP","Maine","State",NA,"Fishing"
"MEDEP","Maine","State","PFAS IN FISH TISSUE","Fish Consumption"
"MEDEP","Maine","State",NA,"Fish Consumption"
"MEDEP","Maine","State","HABITAT ALTERATIONS","Fish and Other Aquatic Life"
"MEDEP","Maine","State","PHOSPHORUS, TOTAL","Primary Contact Recreation"
"MEDEP","Maine","State","SECCHI DISK TRANSPARENCY","Primary Contact Recreation"
"MEDEP","Maine","State",NA,"Drinking Water Supply After Treatment"
"MEDEP","Maine","State","ESCHERICHIA COLI (E. COLI)","Primary Contact Recreation"
"MEDEP","Maine","State","ESCHERICHIA COLI (E. COLI)","Secondary Contact Recreation"
"MEDEP","Maine","State","PHOSPHORUS, TOTAL","Fish and Other Aquatic Life"
"MEDEP","Maine","State","SECCHI DISK TRANSPARENCY","Fish and Other Aquatic Life"
"MEDEP","Maine","State","PH","Fish and Other Aquatic Life"
"MEDEP","Maine","State","DDT (DICHLORODIPHENYLTRICHLOROETHANE)","Fish Consumption"
"MEDEP","Maine","State","NUTRIENT/EUTROPHICATION BIOLOGICAL INDICATORS","Fish and Other Aquatic Life"
"MEDEP","Maine","State","DISSOLVED OXYGEN","Fish and Other Aquatic Life"
"MEDEP","Maine","State","DIOXIN (INCLUDING 2,3,7,8-TCDD)","Fish Consumption"
"MEDEP","Maine","State","POLYCHLORINATED BIPHENYLS (PCBS)","Fish Consumption"
"MEDEP","Maine","State","BENTHIC MACROINVERTEBRATES BIOASSESSMENTS","Fish and Other Aquatic Life"
"MEDEP","Maine","State","HABITAT ASSESSMENT","Fish and Other Aquatic Life"
"MEDEP","Maine","State","TURBIDITY","Fish and Other Aquatic Life"
"MEDEP","Maine","State","PERIPHYTON (AUFWUCHS) INDICATOR BIOASSESSMENTS","Fish and Other Aquatic Life"
"MEDEP","Maine","State","SEDIMENTATION/SILTATION","Fish and Other Aquatic Life"
"MEDEP","Maine","State","NITROGEN, TOTAL","Fish and Other Aquatic Life"
"MEDEP","Maine","State","FLOW REGIME MODIFICATION","Fish and Other Aquatic Life"
"MEDEP","Maine","State",NA,"Aquaculture"
"MEDEP","Maine","State",NA,"Shellfish Propagation"
"MEDEP","Maine","State",NA,"Fish and Other Estuarine and Marine Life"
"MEDEP","Maine","State","FISH PASSAGE BARRIER","Fish and Other Aquatic Life"
"MEDEP","Maine","State","AMMONIA, UN-IONIZED","Fish and Other Aquatic Life"
"MEDEP","Maine","State","CAUSE UNKNOWN","Fish and Other Aquatic Life"
"MEDEP","Maine","State","IRON","Fish and Other Aquatic Life"
"MEDEP","Maine","State","BIOCHEMICAL OXYGEN DEMAND (BOD)","Fish and Other Aquatic Life"
"MEDEP","Maine","State","LEAD","Fish and Other Aquatic Life"
"MEDEP","Maine","State","ZINC","Fish and Other Aquatic Life"
"MEDEP","Maine","State","COPPER","Fish and Other Aquatic Life"
"MEDEP","Maine","State","SILVER","Fish and Other Aquatic Life"
"MEDEP","Maine","State","ARSENIC","Fish and Other Aquatic Life"
"MEDEP","Maine","State","ALUMINUM","Fish and Other Aquatic Life"
"MEDEP","Maine","State","SELENIUM","Fish and Other Aquatic Life"
"MEDEP","Maine","State","1,2-DICHLOROETHANE","Drinking Water Supply After Treatment"
"MEDEP","Maine","State","1,1-DICHLOROETHANE","Drinking Water Supply After Treatment"
"MEDEP","Maine","State","FECAL COLIFORM","Shellfish Harvesting"
"MEDEP","Maine","State","FECAL COLIFORM","Restricted Shellfish Harvesting"
"MEDEP","Maine","State","TOTAL SUSPENDED SOLIDS (TSS)","Fish and Other Aquatic Life"
"MEDEP","Maine","State","CHLOROPHYLL-A","Primary Contact Recreation"
"MEDEP","Maine","State","DISSOLVED OXYGEN","Fish and Other Estuarine and Marine Life"
"MEDEP","Maine","State","TOXICITY","Fish and Other Estuarine and Marine Life"
"MEDEP","Maine","State","ESTUARINE BIOASSESSMENTS","Fish and Other Estuarine and Marine Life"
"MEDEP","Maine","State","TIDAL FLOW ALTERATION","Fish and Other Estuarine and Marine Life"
"MEDEP","Maine","State","COPPER","Fish and Other Estuarine and Marine Life"
"MEDEP","Maine","State","NUTRIENT/EUTROPHICATION BIOLOGICAL INDICATORS","Fish and Other Estuarine and Marine Life"
"MEDEP","Maine","State","CAUSE UNKNOWN","Fish and Other Estuarine and Marine Life"
"MEDEP","Maine","State","NICKEL","Fish and Other Aquatic Life"
"MEDEP","Maine","State","CADMIUM","Fish and Other Aquatic Life"
"MEDEP","Maine","State","CHROMIUM, TOTAL","Fish and Other Aquatic Life"
"MEDEP","Maine","State",NA,"Restricted Shellfish Harvesting"
"MEDEP","Maine","State",NA,"Shellfish Harvesting"
"MEDEP","Maine","State","ENTEROCOCCUS","Primary Contact Recreation"
"CPNWATER","Citizen Potawatomi Nation, Oklahoma","Tribe","NITROGEN, TOTAL","Aesthetics"
"CPNWATER","Citizen Potawatomi Nation, Oklahoma","Tribe","PHOSPHORUS, TOTAL","Aesthetics"
"CPNWATER","Citizen Potawatomi Nation, Oklahoma","Tribe","ESCHERICHIA COLI (E. COLI)","Primary Body Contact Recreation"
"CPNWATER","Citizen Potawatomi Nation, Oklahoma","Tribe","TURBIDITY","Warm Water Aquatic Community"
"CPNWATER","Citizen Potawatomi Nation, Oklahoma","Tribe","TEMPERATURE","Warm Water Aquatic Community"
"CPNWATER","Citizen Potawatomi Nation, Oklahoma","Tribe","PH","Warm Water Aquatic Community"
"CPNWATER","Citizen Potawatomi Nation, Oklahoma","Tribe","DISSOLVED OXYGEN","Warm Water Aquatic Community"
"CPNWATER","Citizen Potawatomi Nation, Oklahoma","Tribe","SALINITY","Warm Water Aquatic Community"
"CPNWATER","Citizen Potawatomi Nation, Oklahoma","Tribe","TOTAL DISSOLVED SOLIDS (TDS)","Agriculture"
"CPNWATER","Citizen Potawatomi Nation, Oklahoma","Tribe","BENTHIC MACROINVERTEBRATES","Warm Water Aquatic Community"
"CPNWATER","Citizen Potawatomi Nation, Oklahoma","Tribe",NA,NA
"KICKAPOO","Kickapoo Tribe of Oklahoma","Tribe",NA,"Primary Body Contact Recreation"
"KICKAPOO","Kickapoo Tribe of Oklahoma","Tribe","PHOSPHORUS","Aesthetics"
"KICKAPOO","Kickapoo Tribe of Oklahoma","Tribe","NITRATE/NITRITE (NITRITE + NITRATE AS N)","Aesthetics"
"KICKAPOO","Kickapoo Tribe of Oklahoma","Tribe","TURBIDITY","Warm Water Aquatic Community"
"KICKAPOO","Kickapoo Tribe of Oklahoma","Tribe","PH","Warm Water Aquatic Community"
"KICKAPOO","Kickapoo Tribe of Oklahoma","Tribe","DISSOLVED OXYGEN","Warm Water Aquatic Community"
"KICKAPOO","Kickapoo Tribe of Oklahoma","Tribe","ESCHERICHIA COLI (E. COLI)","Primary Body Contact Recreation"
"KICKAPOO","Kickapoo Tribe of Oklahoma","Tribe","PHOSPHORUS, TOTAL","Aesthetics"
"KICKAPOO","Kickapoo Tribe of Oklahoma","Tribe",NA,NA
"SANILDEFONSODECP","Pueblo of San Ildefonso, New Mexico","Tribe","TURBIDITY","Wildlife Habitat"
"SANILDEFONSODECP","Pueblo of San Ildefonso, New Mexico","Tribe","TURBIDITY","Primary Contact"
"SANILDEFONSODECP","Pueblo of San Ildefonso, New Mexico","Tribe","TEMPERATURE","Wildlife Habitat"
"SANILDEFONSODECP","Pueblo of San Ildefonso, New Mexico","Tribe","TEMPERATURE","Primary Contact"
"SANILDEFONSODECP","Pueblo of San Ildefonso, New Mexico","Tribe","PH","Wildlife Habitat"
"SANILDEFONSODECP","Pueblo of San Ildefonso, New Mexico","Tribe","PH","Primary Contact"
"SANILDEFONSODECP","Pueblo of San Ildefonso, New Mexico","Tribe","DISSOLVED OXYGEN","Wildlife Habitat"
"SANILDEFONSODECP","Pueblo of San Ildefonso, New Mexico","Tribe","DISSOLVED OXYGEN","Primary Contact"
"SANILDEFONSODECP","Pueblo of San Ildefonso, New Mexico","Tribe","SPECIFIC CONDUCTIVITY","Wildlife Habitat"
"SANILDEFONSODECP","Pueblo of San Ildefonso, New Mexico","Tribe","SPECIFIC CONDUCTIVITY","Primary Contact"
"SANILDEFONSODECP","Pueblo of San Ildefonso, New Mexico","Tribe","TURBIDITY","Irrigation"
"SANILDEFONSODECP","Pueblo of San Ildefonso, New Mexico","Tribe","TURBIDITY","Livestock Watering"
"SANILDEFONSODECP","Pueblo of San Ildefonso, New Mexico","Tribe","TURBIDITY","Aquatic Use: Marginal Coldwater"
"SANILDEFONSODECP","Pueblo of San Ildefonso, New Mexico","Tribe","TURBIDITY","Domestic Water Supply"
"SANILDEFONSODECP","Pueblo of San Ildefonso, New Mexico","Tribe","TEMPERATURE","Irrigation"
"SANILDEFONSODECP","Pueblo of San Ildefonso, New Mexico","Tribe","TEMPERATURE","Livestock Watering"
"SANILDEFONSODECP","Pueblo of San Ildefonso, New Mexico","Tribe","TEMPERATURE","Aquatic Use: Marginal Coldwater"
"SANILDEFONSODECP","Pueblo of San Ildefonso, New Mexico","Tribe","TEMPERATURE","Domestic Water Supply"
"SANILDEFONSODECP","Pueblo of San Ildefonso, New Mexico","Tribe","PH","Irrigation"
"SANILDEFONSODECP","Pueblo of San Ildefonso, New Mexico","Tribe","PH","Livestock Watering"
"SANILDEFONSODECP","Pueblo of San Ildefonso, New Mexico","Tribe","PH","Aquatic Use: Marginal Coldwater"
"SANILDEFONSODECP","Pueblo of San Ildefonso, New Mexico","Tribe","PH","Domestic Water Supply"
"SANILDEFONSODECP","Pueblo of San Ildefonso, New Mexico","Tribe","DISSOLVED OXYGEN","Irrigation"
"SANILDEFONSODECP","Pueblo of San Ildefonso, New Mexico","Tribe","DISSOLVED OXYGEN","Livestock Watering"
"SANILDEFONSODECP","Pueblo of San Ildefonso, New Mexico","Tribe","DISSOLVED OXYGEN","Aquatic Use: Marginal Coldwater"
"SANILDEFONSODECP","Pueblo of San Ildefonso, New Mexico","Tribe","DISSOLVED OXYGEN","Domestic Water Supply"
"SANILDEFONSODECP","Pueblo of San Ildefonso, New Mexico","Tribe","SPECIFIC CONDUCTIVITY","Irrigation"
"SANILDEFONSODECP","Pueblo of San Ildefonso, New Mexico","Tribe","SPECIFIC CONDUCTIVITY","Livestock Watering"
"SANILDEFONSODECP","Pueblo of San Ildefonso, New Mexico","Tribe","SPECIFIC CONDUCTIVITY","Aquatic Use: Marginal Coldwater"
"SANILDEFONSODECP","Pueblo of San Ildefonso, New Mexico","Tribe","SPECIFIC CONDUCTIVITY","Domestic Water Supply"
"SANILDEFONSODECP","Pueblo of San Ildefonso, New Mexico","Tribe","PH","Aquatic Use: Marginal Warmwater"
"SANILDEFONSODECP","Pueblo of San Ildefonso, New Mexico","Tribe","DISSOLVED OXYGEN","Aquatic Use: Marginal Warmwater"
"SANILDEFONSODECP","Pueblo of San Ildefonso, New Mexico","Tribe","SPECIFIC CONDUCTIVITY","Aquatic Use: Marginal Warmwater"
"SANILDEFONSODECP","Pueblo of San Ildefonso, New Mexico","Tribe","TURBIDITY","Aquatic Use: Coolwater"
"SANILDEFONSODECP","Pueblo of San Ildefonso, New Mexico","Tribe","TEMPERATURE","Aquatic Use: Coolwater"
"SANILDEFONSODECP","Pueblo of San Ildefonso, New Mexico","Tribe","PH","Aquatic Use: Coolwater"
"SANILDEFONSODECP","Pueblo of San Ildefonso, New Mexico","Tribe","DISSOLVED OXYGEN","Aquatic Use: Coolwater"
"SANILDEFONSODECP","Pueblo of San Ildefonso, New Mexico","Tribe","SPECIFIC CONDUCTIVITY","Aquatic Use: Coolwater"
"SANILDEFONSODECP","Pueblo of San Ildefonso, New Mexico","Tribe","TURBIDITY","Secondary Contact"
"SANILDEFONSODECP","Pueblo of San Ildefonso, New Mexico","Tribe","TEMPERATURE","Secondary Contact"
"SANILDEFONSODECP","Pueblo of San Ildefonso, New Mexico","Tribe","PH","Secondary Contact"
"SANILDEFONSODECP","Pueblo of San Ildefonso, New Mexico","Tribe","DISSOLVED OXYGEN","Secondary Contact"
"SANILDEFONSODECP","Pueblo of San Ildefonso, New Mexico","Tribe","SPECIFIC CONDUCTIVITY","Secondary Contact"
"SANILDEFONSODECP","Pueblo of San Ildefonso, New Mexico","Tribe","TURBIDITY","Aquatic Use: Marginal Warmwater"
"SANILDEFONSODECP","Pueblo of San Ildefonso, New Mexico","Tribe","TEMPERATURE","Aquatic Use: Marginal Warmwater"
"SANILDEFONSODECP","Pueblo of San Ildefonso, New Mexico","Tribe","DISSOLVED OXYGEN","Aquatic Use: Warmwater"
"21NEV1","Nevada","State",NA,"Irrigation"
"21NEV1","Nevada","State",NA,"Industrial Supply"
"21NEV1","Nevada","State",NA,"Watering of Livestock"
"21NEV1","Nevada","State",NA,"Propagation of Wildlife"
"21NEV1","Nevada","State",NA,"Aquatic Life"
"21NEV1","Nevada","State",NA,"Water and Organisms"
"21NEV1","Nevada","State",NA,"Recreation Involving Contact with the Water"
"21NEV1","Nevada","State",NA,"Recreation Not Involving Contact with the Water"
"21NEV1","Nevada","State",NA,"Municipal or Domestic Supply"
"21NEV1","Nevada","State","AMMONIA-NITROGEN","Aquatic Life"
"21NEV1","Nevada","State","MERCURY, TOTAL","Watering of Livestock"
"21NEV1","Nevada","State","MERCURY, TOTAL","Municipal or Domestic Supply"
"21NEV1","Nevada","State","MERCURY, DISSOLVED","Aquatic Life"
"21NEV1","Nevada","State","NITRITE","Propagation of Wildlife"
"21NEV1","Nevada","State","PHOSPHORUS","Aquatic Life"
"21NEV1","Nevada","State","PHOSPHORUS","Recreation Involving Contact with the Water"
"21NEV1","Nevada","State","NITRATE/NITRITE (NITRITE + NITRATE AS N)","Propagation of Wildlife"
"21NEV1","Nevada","State","FECAL COLIFORM","Irrigation"
"21NEV1","Nevada","State","FECAL COLIFORM","Recreation Not Involving Contact with the Water"
"21NEV1","Nevada","State","ESCHERICHIA COLI (E. COLI)","Recreation Involving Contact with the Water"
"21NEV1","Nevada","State","BARIUM","Municipal or Domestic Supply"
"21NEV1","Nevada","State","MIREX","Aquatic Life"
"21NEV1","Nevada","State","MIREX","Municipal or Domestic Supply"
"21NEV1","Nevada","State","ALDRIN","Aquatic Life"
"21NEV1","Nevada","State","ALDRIN","Municipal or Domestic Supply"
"21NEV1","Nevada","State","ENDRIN","Aquatic Life"
"21NEV1","Nevada","State","ENDRIN","Municipal or Domestic Supply"
"21NEV1","Nevada","State","DEMETON","Aquatic Life"
"21NEV1","Nevada","State","GUTHION","Aquatic Life"
"21NEV1","Nevada","State","LINDANE","Aquatic Life"
"21NEV1","Nevada","State","LINDANE","Municipal or Domestic Supply"
"21NEV1","Nevada","State","ACROLEIN","Aquatic Life"
"21NEV1","Nevada","State","ACROLEIN","Municipal or Domestic Supply"
"21NEV1","Nevada","State","DIAZINON","Aquatic Life"
"21NEV1","Nevada","State","DIELDRIN","Aquatic Life"
"21NEV1","Nevada","State","DIELDRIN","Municipal or Domestic Supply"
"21NEV1","Nevada","State","CHLORDANE","Aquatic Life"
"21NEV1","Nevada","State","CHLORDANE","Municipal or Domestic Supply"
"21NEV1","Nevada","State","MALATHION","Aquatic Life"
"21NEV1","Nevada","State","PARATHION","Aquatic Life"
"21NEV1","Nevada","State","TOXAPHENE","Aquatic Life"
"21NEV1","Nevada","State","TOXAPHENE","Municipal or Domestic Supply"
"21NEV1","Nevada","State","ENDOSULFAN","Municipal or Domestic Supply"
"21NEV1","Nevada","State","HEPTACHLOR","Aquatic Life"
"21NEV1","Nevada","State","TRIBUTYLTIN","Aquatic Life"
"21NEV1","Nevada","State","CHLORPYRIFOS","Aquatic Life"
"21NEV1","Nevada","State","METHOXYCHLOR","Aquatic Life"
"21NEV1","Nevada","State","METHOXYCHLOR","Municipal or Domestic Supply"
"21NEV1","Nevada","State","DDT METABOLITES","Municipal or Domestic Supply"
"21NEV1","Nevada","State","DINITRO-O-CRESOL","Municipal or Domestic Supply"
"21NEV1","Nevada","State","2,4,5-TP (SILVEX)","Municipal or Domestic Supply"
"21NEV1","Nevada","State","2,4-DINITROPHENOL","Municipal or Domestic Supply"
"21NEV1","Nevada","State","DIBUTYL PHTHALATE","Municipal or Domestic Supply"
"21NEV1","Nevada","State","1,2-DICHLOROETHANE","Municipal or Domestic Supply"
"21NEV1","Nevada","State","DIMETHYL PHTHALATE","Municipal or Domestic Supply"
"21NEV1","Nevada","State","HEPTACHLOR EPOXIDE","Aquatic Life"
"21NEV1","Nevada","State","1,3-DICHLOROPROPENE","Municipal or Domestic Supply"
"21NEV1","Nevada","State","BETA-ENDOSULFAN (ENDOSULFAN 2)","Aquatic Life"
"21NEV1","Nevada","State","ALPHA-ENDOSULFAN (ENDOSULFAN 1)","Aquatic Life"
"21NEV1","Nevada","State","CHLOROPHENOXY HERBICIDES (2,4-D)","Municipal or Domestic Supply"
"21NEV1","Nevada","State","DDT (DICHLORODIPHENYLTRICHLOROETHANE)","Aquatic Life"
"21NEV1","Nevada","State","TEMPERATURE","Aquatic Life"
"21NEV1","Nevada","State","PHENOL","Municipal or Domestic Supply"
"21NEV1","Nevada","State","BENZENE","Municipal or Domestic Supply"
"21NEV1","Nevada","State","TOLUENE","Municipal or Domestic Supply"
"21NEV1","Nevada","State","ISOPHORONE","Municipal or Domestic Supply"
"21NEV1","Nevada","State","NONYLPHENOL","Aquatic Life"
"21NEV1","Nevada","State","ETHYLBENZENE","Municipal or Domestic Supply"
"21NEV1","Nevada","State","FLUORANTHENE","Municipal or Domestic Supply"
"21NEV1","Nevada","State","NITROBENZENE","Municipal or Domestic Supply"
"21NEV1","Nevada","State","VINYL CHLORIDE","Municipal or Domestic Supply"
"21NEV1","Nevada","State","DIETHYL PHTHALATE","Municipal or Domestic Supply"
"21NEV1","Nevada","State","M-DICHLOROBENZENE","Municipal or Domestic Supply"
"21NEV1","Nevada","State","O-DICHLOROBENZENE","Municipal or Domestic Supply"
"21NEV1","Nevada","State","2,4-DICHLOROPHENOL","Municipal or Domestic Supply"
"21NEV1","Nevada","State","1,1-DICHLOROETHYLENE","Municipal or Domestic Supply"
"21NEV1","Nevada","State","CARBON TETRACHLORIDE","Municipal or Domestic Supply"
"21NEV1","Nevada","State","CHLOROBENZENE (MONO)","Municipal or Domestic Supply"
"21NEV1","Nevada","State","1,1,1-TRICHLOROETHANE","Municipal or Domestic Supply"
"21NEV1","Nevada","State","PENTACHLOROPHENOL (PCP)","Aquatic Life"
"21NEV1","Nevada","State","PENTACHLOROPHENOL (PCP)","Municipal or Domestic Supply"
"21NEV1","Nevada","State","TRICHLOROETHYLENE (TCE)","Municipal or Domestic Supply"
"21NEV1","Nevada","State","DI-2-ETHYLHEXYL PHTHALATE","Municipal or Domestic Supply"
"21NEV1","Nevada","State","HEXACHLOROCYCLOPENTADIENE","Municipal or Domestic Supply"
"21NEV1","Nevada","State","TOTAL TRIHALOMETHANE (TTHM)","Municipal or Domestic Supply"
"21NEV1","Nevada","State","BIS(2-CHLOROISOPROPYL) ETHER","Municipal or Domestic Supply"
"21NEV1","Nevada","State","BORON","Irrigation"
"21NEV1","Nevada","State","BORON","Watering of Livestock"
"21NEV1","Nevada","State","CYANIDE","Aquatic Life"
"21NEV1","Nevada","State","CYANIDE","Municipal or Domestic Supply"
"21NEV1","Nevada","State","ANTIMONY","Municipal or Domestic Supply"
"21NEV1","Nevada","State","FLUORIDE","Irrigation"
"21NEV1","Nevada","State","FLUORIDE","Watering of Livestock"
"21NEV1","Nevada","State","HYDROGEN SULFIDE","Aquatic Life"
"21NEV1","Nevada","State","IRON","Irrigation"
"21NEV1","Nevada","State","IRON","Aquatic Life"
"21NEV1","Nevada","State","LEAD","Irrigation"
"21NEV1","Nevada","State","LEAD","Watering of Livestock"
"21NEV1","Nevada","State","LEAD","Aquatic Life"
"21NEV1","Nevada","State","LEAD","Municipal or Domestic Supply"
"21NEV1","Nevada","State","ZINC","Irrigation"
"21NEV1","Nevada","State","ZINC","Watering of Livestock"
"21NEV1","Nevada","State","ZINC","Aquatic Life"
"21NEV1","Nevada","State","COPPER","Irrigation"
"21NEV1","Nevada","State","COPPER","Watering of Livestock"
"21NEV1","Nevada","State","COPPER","Aquatic Life"
"21NEV1","Nevada","State","NICKEL","Irrigation"
"21NEV1","Nevada","State","NICKEL","Aquatic Life"
"21NEV1","Nevada","State","NICKEL","Municipal or Domestic Supply"
"21NEV1","Nevada","State","SILVER","Aquatic Life"
"21NEV1","Nevada","State","ARSENIC","Irrigation"
"21NEV1","Nevada","State","ARSENIC","Watering of Livestock"
"21NEV1","Nevada","State","ARSENIC","Aquatic Life"
"21NEV1","Nevada","State","ARSENIC","Municipal or Domestic Supply"
"21NEV1","Nevada","State","CADMIUM","Irrigation"
"21NEV1","Nevada","State","CADMIUM","Watering of Livestock"
"21NEV1","Nevada","State","CADMIUM","Aquatic Life"
"21NEV1","Nevada","State","CADMIUM","Municipal or Domestic Supply"
"21NEV1","Nevada","State","CHROMIUM","Irrigation"
"21NEV1","Nevada","State","CHROMIUM","Watering of Livestock"
"21NEV1","Nevada","State","CHROMIUM","Municipal or Domestic Supply"
"21NEV1","Nevada","State","SELENIUM","Irrigation"
"21NEV1","Nevada","State","SELENIUM","Watering of Livestock"
"21NEV1","Nevada","State","SELENIUM","Aquatic Life"
"21NEV1","Nevada","State","SELENIUM","Municipal or Domestic Supply"
"21NEV1","Nevada","State","THALLIUM","Municipal or Domestic Supply"
"21NEV1","Nevada","State","BERYLLIUM","Irrigation"
"21NEV1","Nevada","State","BERYLLIUM","Municipal or Domestic Supply"
"21NEV1","Nevada","State","MANGANESE","Irrigation"
"21NEV1","Nevada","State","MOLYBDENUM","Aquatic Life"
"21NEV1","Nevada","State","CHROMIUM, TRIVALENT","Aquatic Life"
"21NEV1","Nevada","State","CHROMIUM, HEXAVALENT","Aquatic Life"
"21NEV1","Nevada","State","PH","Industrial Supply"
"21NEV1","Nevada","State","PH","Aquatic Life"
"21NEV1","Nevada","State","POLYCHLORINATED BIPHENYLS (PCBS)","Aquatic Life"
"21NEV1","Nevada","State","POLYCHLORINATED BIPHENYLS (PCBS)","Municipal or Domestic Supply"
"21NEV1","Nevada","State","DISSOLVED OXYGEN","Aquatic Life"
"21NEV1","Nevada","State","TOTAL DISSOLVED SOLIDS (TDS)","Municipal or Domestic Supply"
"21NEV1","Nevada","State",NA,"No Designated Beneficial Use"
"21NEV1","Nevada","State","DIOXIN","Fish Consumption"
"21NEV1","Nevada","State","MERCURY, TOTAL","Fish Consumption"
"21NEV1","Nevada","State","NITRITE","Aquatic Life"
"21NEV1","Nevada","State","NITRATE/NITRITE (NITRITE + NITRATE AS N)","Aquatic Life"
"21NEV1","Nevada","State","TURBIDITY","Aquatic Life"
"21NEV1","Nevada","State","ALDRIN","Fish Consumption"
"21NEV1","Nevada","State","ENDRIN","Fish Consumption"
"21NEV1","Nevada","State","LINDANE","Fish Consumption"
"21NEV1","Nevada","State","ACROLEIN","Fish Consumption"
"21NEV1","Nevada","State","BETA-BHC","Fish Consumption"
"21NEV1","Nevada","State","DIELDRIN","Fish Consumption"
"21NEV1","Nevada","State","ALPHA-BHC","Fish Consumption"
"21NEV1","Nevada","State","CHLORDANE","Fish Consumption"
"21NEV1","Nevada","State","TOXAPHENE","Fish Consumption"
"21NEV1","Nevada","State","HEPTACHLOR","Fish Consumption"
"21NEV1","Nevada","State","ACRYLONITRILE","Fish Consumption"
"21NEV1","Nevada","State","METHYL BROMIDE","Fish Consumption"
"21NEV1","Nevada","State","ENDRIN ALDEHYDE","Fish Consumption"
"21NEV1","Nevada","State","DINITRO-O-CRESOL","Fish Consumption"
"21NEV1","Nevada","State","2,4-DINITROPHENOL","Fish Consumption"
"21NEV1","Nevada","State","DIBUTYL PHTHALATE","Fish Consumption"
"21NEV1","Nevada","State","HEXACHLOROBENZENE","Fish Consumption"
"21NEV1","Nevada","State","1,2-DICHLOROETHANE","Fish Consumption"
"21NEV1","Nevada","State","DIMETHYL PHTHALATE","Fish Consumption"
"21NEV1","Nevada","State","ENDOSULFAN SULFATE","Fish Consumption"
"21NEV1","Nevada","State","HEPTACHLOR EPOXIDE","Fish Consumption"
"21NEV1","Nevada","State","1,3-DICHLOROPROPENE","Fish Consumption"
"21NEV1","Nevada","State","BETA-ENDOSULFAN (ENDOSULFAN 2)","Fish Consumption"
"21NEV1","Nevada","State","ALPHA-ENDOSULFAN (ENDOSULFAN 1)","Fish Consumption"
"21NEV1","Nevada","State","DDD (DICHLORODIPHENYLDICHLOROETHANE)","Fish Consumption"
"21NEV1","Nevada","State","DDT (DICHLORODIPHENYLTRICHLOROETHANE)","Fish Consumption"
"21NEV1","Nevada","State","DDE (DICHLORODIPHENYLDICHLOROETHYLENE)","Fish Consumption"
"21NEV1","Nevada","State","PHENOL","Fish Consumption"
"21NEV1","Nevada","State","PYRENE","Fish Consumption"
"21NEV1","Nevada","State","BENZENE","Fish Consumption"
"21NEV1","Nevada","State","TOLUENE","Fish Consumption"
"21NEV1","Nevada","State","CHRYSENE","Fish Consumption"
"21NEV1","Nevada","State","FLUORENE","Fish Consumption"
"21NEV1","Nevada","State","BENZIDINE","Fish Consumption"
"21NEV1","Nevada","State","BROMOFORM","Fish Consumption"
"21NEV1","Nevada","State","ANTHRACENE","Fish Consumption"
"21NEV1","Nevada","State","CHLOROFORM","Fish Consumption"
"21NEV1","Nevada","State","ISOPHORONE","Fish Consumption"
"21NEV1","Nevada","State","ETHYLBENZENE","Fish Consumption"
"21NEV1","Nevada","State","FLUORANTHENE","Fish Consumption"
"21NEV1","Nevada","State","NITROBENZENE","Fish Consumption"
"21NEV1","Nevada","State","BENZO[A]PYRENE","Fish Consumption"
"21NEV1","Nevada","State","VINYL CHLORIDE","Fish Consumption"
"21NEV1","Nevada","State","HEXACHLOROETHANE","Fish Consumption"
"21NEV1","Nevada","State","DIETHYL PHTHALATE","Fish Consumption"
"21NEV1","Nevada","State","M-DICHLOROBENZENE","Fish Consumption"
"21NEV1","Nevada","State","O-DICHLOROBENZENE","Fish Consumption"
"21NEV1","Nevada","State","2,4-DICHLOROPHENOL","Fish Consumption"
"21NEV1","Nevada","State","2,4-DINITROTOLUENE","Fish Consumption"
"21NEV1","Nevada","State","BENZO[A]ANTHRACENE","Fish Consumption"
"21NEV1","Nevada","State","METHYLENE CHLORIDE","Fish Consumption"
"21NEV1","Nevada","State","HEXACHLOROBUTADIENE","Fish Consumption"
"21NEV1","Nevada","State","TETRACHLOROETHYLENE","Fish Consumption"
"21NEV1","Nevada","State","1,1-DICHLOROETHYLENE","Fish Consumption"
"21NEV1","Nevada","State","BENZO[B]FLUORANTHENE","Fish Consumption"
"21NEV1","Nevada","State","BENZO[K]FLUORANTHENE","Fish Consumption"
"21NEV1","Nevada","State","CARBON TETRACHLORIDE","Fish Consumption"
"21NEV1","Nevada","State","CHLOROBENZENE (MONO)","Fish Consumption"
"21NEV1","Nevada","State","CHLORODIBROMOMETHANE","Fish Consumption"
"21NEV1","Nevada","State","1,1,2-TRICHLOROETHANE","Fish Consumption"
"21NEV1","Nevada","State","1,2-DIPHENYLHYDRAZINE","Fish Consumption"
"21NEV1","Nevada","State","2,4,6-TRICHLOROPHENOL","Fish Consumption"
"21NEV1","Nevada","State","DIBENZ[A,H]ANTHRACENE","Fish Consumption"
"21NEV1","Nevada","State","3,3'-DICHLOROBENZIDINE","Fish Consumption"
"21NEV1","Nevada","State","INDENO[1,2,3-CD]PYRENE","Fish Consumption"
"21NEV1","Nevada","State","N-NITROSODIMETHYLAMINE","Fish Consumption"
"21NEV1","Nevada","State","N-NITROSODIPHENYLAMINE","Fish Consumption"
"21NEV1","Nevada","State","BIS-2-CHLOROETHYL ETHER","Fish Consumption"
"21NEV1","Nevada","State","PENTACHLOROPHENOL (PCP)","Fish Consumption"
"21NEV1","Nevada","State","TRICHLOROETHYLENE (TCE)","Fish Consumption"
"21NEV1","Nevada","State","1,1,2,2-TETRACHLOROETHANE","Fish Consumption"
"21NEV1","Nevada","State","HEXACHLOROCYCLOPENTADIENE","Fish Consumption"
"21NEV1","Nevada","State","BIS(2-ETHYLHEXYL) PHTHALATE","Fish Consumption"
"21NEV1","Nevada","State","BIS(2-CHLOROISOPROPYL) ETHER","Fish Consumption"
"21NEV1","Nevada","State","CYANIDE","Fish Consumption"
"21NEV1","Nevada","State","ANTIMONY","Fish Consumption"
"21NEV1","Nevada","State","NICKEL","Fish Consumption"
"21NEV1","Nevada","State","THALLIUM","Fish Consumption"
"21NEV1","Nevada","State","POLYCHLORINATED BIPHENYLS (PCBS)","Fish Consumption"
"21NEV1","Nevada","State","CHLORIDE","Aquatic Life"
"21NEV1","Nevada","State","TOTAL DISSOLVED SOLIDS (TDS)","Irrigation"
"21NEV1","Nevada","State","DIOXIN","Water and Organisms"
"21NEV1","Nevada","State","LINDANE","Water and Organisms"
"21NEV1","Nevada","State","BETA-BHC","Water and Organisms"
"21NEV1","Nevada","State","ALPHA-BHC","Water and Organisms"
"21NEV1","Nevada","State","HEPTACHLOR","Water and Organisms"
"21NEV1","Nevada","State","ACRYLONITRILE","Water and Organisms"
"21NEV1","Nevada","State","METHYL BROMIDE","Water and Organisms"
"21NEV1","Nevada","State","ENDRIN ALDEHYDE","Water and Organisms"
"21NEV1","Nevada","State","HEXACHLOROBENZENE","Water and Organisms"
"21NEV1","Nevada","State","1,2-DICHLOROETHANE","Water and Organisms"
"21NEV1","Nevada","State","ENDOSULFAN SULFATE","Water and Organisms"
"21NEV1","Nevada","State","HEPTACHLOR EPOXIDE","Water and Organisms"
"21NEV1","Nevada","State","PYRENE","Water and Organisms"
"21NEV1","Nevada","State","BENZENE","Water and Organisms"
"21NEV1","Nevada","State","CHRYSENE","Water and Organisms"
"21NEV1","Nevada","State","FLUORENE","Water and Organisms"
"21NEV1","Nevada","State","BENZIDINE","Water and Organisms"
"21NEV1","Nevada","State","BROMOFORM","Water and Organisms"
"21NEV1","Nevada","State","ANTHRACENE","Water and Organisms"
"21NEV1","Nevada","State","CHLOROFORM","Water and Organisms"
"21NEV1","Nevada","State","BENZO[A]PYRENE","Water and Organisms"
"21NEV1","Nevada","State","HEXACHLOROETHANE","Water and Organisms"
"21NEV1","Nevada","State","2,4-DINITROTOLUENE","Water and Organisms"
"21NEV1","Nevada","State","BENZO[A]ANTHRACENE","Water and Organisms"
"21NEV1","Nevada","State","HEXACHLOROBUTADIENE","Water and Organisms"
"21NEV1","Nevada","State","TETRACHLOROETHYLENE","Water and Organisms"
"21NEV1","Nevada","State","1,1-DICHLOROETHYLENE","Water and Organisms"
"21NEV1","Nevada","State","BENZO[B]FLUORANTHENE","Water and Organisms"
"21NEV1","Nevada","State","BENZO[K]FLUORANTHENE","Water and Organisms"
"21NEV1","Nevada","State","CARBON TETRACHLORIDE","Water and Organisms"
"21NEV1","Nevada","State","CHLORODIBROMOMETHANE","Water and Organisms"
"21NEV1","Nevada","State","1,1,2-TRICHLOROETHANE","Water and Organisms"
"21NEV1","Nevada","State","1,2-DIPHENYLHYDRAZINE","Water and Organisms"
"21NEV1","Nevada","State","2,4,6-TRICHLOROPHENOL","Water and Organisms"
"21NEV1","Nevada","State","DIBENZ[A,H]ANTHRACENE","Water and Organisms"
"21NEV1","Nevada","State","3,3'-DICHLOROBENZIDINE","Water and Organisms"
"21NEV1","Nevada","State","INDENO[1,2,3-CD]PYRENE","Water and Organisms"
"21NEV1","Nevada","State","N-NITROSODIMETHYLAMINE","Water and Organisms"
"21NEV1","Nevada","State","N-NITROSODIPHENYLAMINE","Water and Organisms"
"21NEV1","Nevada","State","BIS-2-CHLOROETHYL ETHER","Water and Organisms"
"21NEV1","Nevada","State","TRICHLOROETHYLENE (TCE)","Water and Organisms"
"21NEV1","Nevada","State","1,1,2,2-TETRACHLOROETHANE","Water and Organisms"
"21NEV1","Nevada","State","ASBESTOS","Water and Organisms"
"21NEV1","Nevada","State","NITRATE/NITRITE (NITRITE + NITRATE AS N)","Municipal or Domestic Supply"
"21NEV1","Nevada","State","TOTAL SUSPENDED SOLIDS (TSS)","Aquatic Life"
"21NEV1","Nevada","State","COLOR","Municipal or Domestic Supply"
"21NEV1","Nevada","State","ALKALINITY","Aquatic Life"
"21NEV1","Nevada","State","SULFATE","Municipal or Domestic Supply"
"21NEV1","Nevada","State","CHLORIDE","Municipal or Domestic Supply"
"21NEV1","Nevada","State","MERCURY IN FISH TISSUE","Fish Consumption"
"21NEV1","Nevada","State","NITRITE","Municipal or Domestic Supply"
"21NEV1","Nevada","State","SODIUM ABSORPTION RATIO","Irrigation"
"21NEV1","Nevada","State",NA,"Fish Consumption"
"21NEV1","Nevada","State","NITROGEN","Aquatic Life"
"21NEV1","Nevada","State","NITROGEN","Recreation Involving Contact with the Water"
"21NEV1","Nevada","State","SECCHI DISK TRANSPARENCY","Recreation Involving Contact with the Water"
"21NEV1","Nevada","State","CHLOROPHYLL-A","Aquatic Life"
"21NEV1","Nevada","State","CHLOROPHYLL-A","Recreation Involving Contact with the Water"
"21NEV1","Nevada","State","AMMONIA","Aquatic Life"
"21NEV1","Nevada","State","NITROGEN","Waters of Extraordinary Ecological or Aesthetic Value"
"21NEV1","Nevada","State","PHOSPHORUS","Waters of Extraordinary Ecological or Aesthetic Value"
"21NEV1","Nevada","State","NITROGEN, TOTAL","Waters of Extraordinary Ecological or Aesthetic Value"
"21NEV1","Nevada","State","VERTICAL EXTINCTION COEFFICIENT","Waters of Extraordinary Ecological or Aesthetic Value"
"21NEV1","Nevada","State","NON-NATIVE FISH/SHELLFISH/ZOOPLANKTON","Waters of Extraordinary Ecological or Aesthetic Value"
"21NEV1","Nevada","State","PH","Waters of Extraordinary Ecological or Aesthetic Value"
"21NEV1","Nevada","State","SULFATE","Waters of Extraordinary Ecological or Aesthetic Value"
"21NEV1","Nevada","State","CHLORIDE","Waters of Extraordinary Ecological or Aesthetic Value"
"21NEV1","Nevada","State","SPECIFIC CONDUCTIVITY","Municipal or Domestic Supply"
"21NEV1","Nevada","State","TOTAL DISSOLVED SOLIDS (TDS)","Waters of Extraordinary Ecological or Aesthetic Value"
"21NEV1","Nevada","State",NA,"Enhancement of Water Quality"
"21NEV1","Nevada","State","COLOR","Enhancement of Water Quality"
"21NEV1","Nevada","State","PHOSPHATE","Aquatic Life"
"21NEV1","Nevada","State","PHOSPHATE","Recreation Involving Contact with the Water"
"21NEV1","Nevada","State","BIOCHEMICAL OXYGEN DEMAND (BOD)","Municipal or Domestic Supply"
"21NEV1","Nevada","State","MERCURY IN SEDIMENT","Aquatic Life"
"21NEV1","Nevada","State","PH","Recreation Involving Contact with the Water"
"21NEV1","Nevada","State","PH","Propagation of Wildlife"
"21NEV1","Nevada","State","FECAL COLIFORM","Recreation Involving Contact with the Water"
"21NEV1","Nevada","State","ESCHERICHIA COLI (E. COLI)","Recreation Not Involving Contact with the Water"
"21NEV1","Nevada","State","TOTAL DISSOLVED SOLIDS (TDS)","Watering of Livestock"
"21NEV1","Nevada","State",NA,"Freshwater Marsh"
"21AWIC","Alabama Department of Environmental Management","State",NA,"Industrial and Agriculture Uses"
"21AWIC","Alabama Department of Environmental Management","State",NA,"Propagation of Fish and Wildlife"
"21AWIC","Alabama Department of Environmental Management","State",NA,"Contact Recreation"
"21AWIC","Alabama Department of Environmental Management","State",NA,"Shellfishing"
"21AWIC","Alabama Department of Environmental Management","State","MERCURY","Fishing"
"21AWIC","Alabama Department of Environmental Management","State","ENTEROCOCCUS","Contact Recreation"
"21AWIC","Alabama Department of Environmental Management","State",NA,"Fishing"
"21AWIC","Alabama Department of Environmental Management","State","SEDIMENTATION/SILTATION","Propagation of Fish and Wildlife"
"21AWIC","Alabama Department of Environmental Management","State","SEDIMENTATION/SILTATION","Fishing"
"21AWIC","Alabama Department of Environmental Management","State","ESCHERICHIA COLI (E. COLI)","Contact Recreation"
"21AWIC","Alabama Department of Environmental Management","State",NA,"Drinking and Food Processing"
"21AWIC","Alabama Department of Environmental Management","State","ESCHERICHIA COLI (E. COLI)","Drinking and Food Processing"
"21AWIC","Alabama Department of Environmental Management","State","NUTRIENTS","Propagation of Fish and Wildlife"
"21AWIC","Alabama Department of Environmental Management","State","NUTRIENTS","Fishing"
"21AWIC","Alabama Department of Environmental Management","State","BIOCHEMICAL OXYGEN DEMAND (BOD)","Propagation of Fish and Wildlife"
"21AWIC","Alabama Department of Environmental Management","State","BIOCHEMICAL OXYGEN DEMAND (BOD)","Fishing"
"21AWIC","Alabama Department of Environmental Management","State","LEAD","Industrial and Agriculture Uses"
"21AWIC","Alabama Department of Environmental Management","State","LEAD","Propagation of Fish and Wildlife"
"21AWIC","Alabama Department of Environmental Management","State","LEAD","Contact Recreation"
"21AWIC","Alabama Department of Environmental Management","State","LEAD","Fishing"
"21AWIC","Alabama Department of Environmental Management","State","ENTEROCOCCUS","Shellfishing"
"21AWIC","Alabama Department of Environmental Management","State",NA,"Outstanding Alabama Water"
"21AWIC","Alabama Department of Environmental Management","State","FECAL COLIFORM","Contact Recreation"
"21AWIC","Alabama Department of Environmental Management","State","PHOSPHORUS, TOTAL","Propagation of Fish and Wildlife"
"21AWIC","Alabama Department of Environmental Management","State","PHOSPHORUS, TOTAL","Fishing"
"21AWIC","Alabama Department of Environmental Management","State","POLYCHLORINATED BIPHENYLS (PCBS)","Propagation of Fish and Wildlife"
"21AWIC","Alabama Department of Environmental Management","State","POLYCHLORINATED BIPHENYLS (PCBS)","Contact Recreation"
"21AWIC","Alabama Department of Environmental Management","State","POLYCHLORINATED BIPHENYLS (PCBS)","Fishing"
"21AWIC","Alabama Department of Environmental Management","State","PHOSPHORUS, TOTAL","Contact Recreation"
"21AWIC","Alabama Department of Environmental Management","State","POLYCHLORINATED BIPHENYLS (PCBS)","Industrial and Agriculture Uses"
"21AWIC","Alabama Department of Environmental Management","State","POLYCHLORINATED BIPHENYLS (PCBS)","Drinking and Food Processing"
"21AWIC","Alabama Department of Environmental Management","State","DISSOLVED OXYGEN","Propagation of Fish and Wildlife"
"21AWIC","Alabama Department of Environmental Management","State","DISSOLVED OXYGEN","Fishing"
"21AWIC","Alabama Department of Environmental Management","State","PH","Propagation of Fish and Wildlife"
"21AWIC","Alabama Department of Environmental Management","State","PH","Contact Recreation"
"21AWIC","Alabama Department of Environmental Management","State","FLOW ALTERATION-CHANGES IN DEPTH AND FLOW VELOCITY","Industrial and Agriculture Uses"
"21AWIC","Alabama Department of Environmental Management","State","FLOW ALTERATION-CHANGES IN DEPTH AND FLOW VELOCITY","Propagation of Fish and Wildlife"
"21AWIC","Alabama Department of Environmental Management","State","FLOW ALTERATION-CHANGES IN DEPTH AND FLOW VELOCITY","Contact Recreation"
"21AWIC","Alabama Department of Environmental Management","State","FLOW ALTERATION-CHANGES IN DEPTH AND FLOW VELOCITY","Fishing"
"21AWIC","Alabama Department of Environmental Management","State","TURBIDITY","Propagation of Fish and Wildlife"
"21AWIC","Alabama Department of Environmental Management","State","TURBIDITY","Contact Recreation"
"21AWIC","Alabama Department of Environmental Management","State","TURBIDITY","Fishing"
"21AWIC","Alabama Department of Environmental Management","State","TOTAL DISSOLVED SOLIDS (TDS)","Propagation of Fish and Wildlife"
"21AWIC","Alabama Department of Environmental Management","State","TOTAL DISSOLVED SOLIDS (TDS)","Fishing"
"21AWIC","Alabama Department of Environmental Management","State","ESCHERICHIA COLI (E. COLI)","Outstanding Alabama Water"
"21AWIC","Alabama Department of Environmental Management","State","DIELDRIN","Industrial and Agriculture Uses"
"21AWIC","Alabama Department of Environmental Management","State","DIELDRIN","Propagation of Fish and Wildlife"
"21AWIC","Alabama Department of Environmental Management","State","DIELDRIN","Contact Recreation"
"21AWIC","Alabama Department of Environmental Management","State","DIELDRIN","Fishing"
"21AWIC","Alabama Department of Environmental Management","State","SEDIMENTATION/SILTATION","Outstanding Alabama Water"
"21AWIC","Alabama Department of Environmental Management","State","PHOSPHORUS, TOTAL","Outstanding Alabama Water"
"21AWIC","Alabama Department of Environmental Management","State","MERCURY","Outstanding Alabama Water"
"21AWIC","Alabama Department of Environmental Management","State","NITROGEN, TOTAL","Propagation of Fish and Wildlife"
"21AWIC","Alabama Department of Environmental Management","State","NITROGEN, TOTAL","Fishing"
"21AWIC","Alabama Department of Environmental Management","State","AMMONIA, TOTAL","Industrial and Agriculture Uses"
"21AWIC","Alabama Department of Environmental Management","State","AMMONIA, TOTAL","Propagation of Fish and Wildlife"
"21AWIC","Alabama Department of Environmental Management","State","AMMONIA, TOTAL","Contact Recreation"
"21AWIC","Alabama Department of Environmental Management","State","AMMONIA, TOTAL","Fishing"
"21AWIC","Alabama Department of Environmental Management","State","ALUMINUM","Industrial and Agriculture Uses"
"21AWIC","Alabama Department of Environmental Management","State","ALUMINUM","Propagation of Fish and Wildlife"
"21AWIC","Alabama Department of Environmental Management","State","ALUMINUM","Contact Recreation"
"21AWIC","Alabama Department of Environmental Management","State","ALUMINUM","Fishing"
"21AWIC","Alabama Department of Environmental Management","State","PH","Industrial and Agriculture Uses"
"21AWIC","Alabama Department of Environmental Management","State","PH","Fishing"
"21AWIC","Alabama Department of Environmental Management","State","FECAL COLIFORM","Propagation of Fish and Wildlife"
"21AWIC","Alabama Department of Environmental Management","State","BENZO[A]PYRENE (PAHS)","Industrial and Agriculture Uses"
"21AWIC","Alabama Department of Environmental Management","State","BENZO[A]PYRENE (PAHS)","Propagation of Fish and Wildlife"
"21AWIC","Alabama Department of Environmental Management","State","BENZO[A]PYRENE (PAHS)","Contact Recreation"
"21AWIC","Alabama Department of Environmental Management","State","BENZO[A]PYRENE (PAHS)","Fishing"
"21AWIC","Alabama Department of Environmental Management","State","CYANIDE","Industrial and Agriculture Uses"
"21AWIC","Alabama Department of Environmental Management","State","CYANIDE","Propagation of Fish and Wildlife"
"21AWIC","Alabama Department of Environmental Management","State","CYANIDE","Contact Recreation"
"21AWIC","Alabama Department of Environmental Management","State","CYANIDE","Fishing"
"21AWIC","Alabama Department of Environmental Management","State","ZINC","Industrial and Agriculture Uses"
"21AWIC","Alabama Department of Environmental Management","State","ZINC","Propagation of Fish and Wildlife"
"21AWIC","Alabama Department of Environmental Management","State","ZINC","Contact Recreation"
"21AWIC","Alabama Department of Environmental Management","State","ZINC","Fishing"
"21AWIC","Alabama Department of Environmental Management","State","ESCHERICHIA COLI (E. COLI)","Propagation of Fish and Wildlife"
"21AWIC","Alabama Department of Environmental Management","State","CHROMIUM, TRIVALENT","Industrial and Agriculture Uses"
"21AWIC","Alabama Department of Environmental Management","State","CHROMIUM, TRIVALENT","Propagation of Fish and Wildlife"
"21AWIC","Alabama Department of Environmental Management","State","CHROMIUM, TRIVALENT","Contact Recreation"
"21AWIC","Alabama Department of Environmental Management","State","CHROMIUM, TRIVALENT","Fishing"
"21AWIC","Alabama Department of Environmental Management","State","IRON","Industrial and Agriculture Uses"
"21AWIC","Alabama Department of Environmental Management","State","IRON","Propagation of Fish and Wildlife"
"21AWIC","Alabama Department of Environmental Management","State","IRON","Contact Recreation"
"21AWIC","Alabama Department of Environmental Management","State","IRON","Fishing"
"21AWIC","Alabama Department of Environmental Management","State","COPPER","Industrial and Agriculture Uses"
"21AWIC","Alabama Department of Environmental Management","State","COPPER","Propagation of Fish and Wildlife"
"21AWIC","Alabama Department of Environmental Management","State","COPPER","Contact Recreation"
"21AWIC","Alabama Department of Environmental Management","State","COPPER","Fishing"
"21AWIC","Alabama Department of Environmental Management","State","DDT (DICHLORODIPHENYLTRICHLOROETHANE)","Industrial and Agriculture Uses"
"21AWIC","Alabama Department of Environmental Management","State","DDT (DICHLORODIPHENYLTRICHLOROETHANE)","Propagation of Fish and Wildlife"
"21AWIC","Alabama Department of Environmental Management","State","DDT (DICHLORODIPHENYLTRICHLOROETHANE)","Contact Recreation"
"21AWIC","Alabama Department of Environmental Management","State","DDT (DICHLORODIPHENYLTRICHLOROETHANE)","Fishing"
"21AWIC","Alabama Department of Environmental Management","State","ARSENIC","Industrial and Agriculture Uses"
"21AWIC","Alabama Department of Environmental Management","State","ARSENIC","Propagation of Fish and Wildlife"
"21AWIC","Alabama Department of Environmental Management","State","ARSENIC","Contact Recreation"
"21AWIC","Alabama Department of Environmental Management","State","ARSENIC","Fishing"
"21AWIC","Alabama Department of Environmental Management","State","THALLIUM","Industrial and Agriculture Uses"
"21AWIC","Alabama Department of Environmental Management","State","THALLIUM","Propagation of Fish and Wildlife"
"21AWIC","Alabama Department of Environmental Management","State","THALLIUM","Contact Recreation"
"21AWIC","Alabama Department of Environmental Management","State","THALLIUM","Fishing"
"21AWIC","Alabama Department of Environmental Management","State","ATRAZINE","Industrial and Agriculture Uses"
"21AWIC","Alabama Department of Environmental Management","State","ATRAZINE","Propagation of Fish and Wildlife"
"21AWIC","Alabama Department of Environmental Management","State","ATRAZINE","Contact Recreation"
"21AWIC","Alabama Department of Environmental Management","State","ATRAZINE","Fishing"
"21AWIC","Alabama Department of Environmental Management","State","ENDOSULFAN","Industrial and Agriculture Uses"
"21AWIC","Alabama Department of Environmental Management","State","ENDOSULFAN","Propagation of Fish and Wildlife"
"21AWIC","Alabama Department of Environmental Management","State","ENDOSULFAN","Contact Recreation"
"21AWIC","Alabama Department of Environmental Management","State","ENDOSULFAN","Fishing"
"21AWIC","Alabama Department of Environmental Management","State","CHLORPYRIFOS","Industrial and Agriculture Uses"
"21AWIC","Alabama Department of Environmental Management","State","CHLORPYRIFOS","Propagation of Fish and Wildlife"
"21AWIC","Alabama Department of Environmental Management","State","CHLORPYRIFOS","Contact Recreation"
"21AWIC","Alabama Department of Environmental Management","State","CHLORPYRIFOS","Fishing"
"21AWIC","Alabama Department of Environmental Management","State","METHYL PARATHION","Industrial and Agriculture Uses"
"21AWIC","Alabama Department of Environmental Management","State","METHYL PARATHION","Propagation of Fish and Wildlife"
"21AWIC","Alabama Department of Environmental Management","State","METHYL PARATHION","Contact Recreation"
"21AWIC","Alabama Department of Environmental Management","State","METHYL PARATHION","Fishing"
"21AWIC","Alabama Department of Environmental Management","State","BIOCHEMICAL OXYGEN DEMAND (BOD)","Industrial and Agriculture Uses"
"21AWIC","Alabama Department of Environmental Management","State","BIOCHEMICAL OXYGEN DEMAND (BOD)","Contact Recreation"
"21AWIC","Alabama Department of Environmental Management","State","FECAL COLIFORM","Drinking and Food Processing"
"21AWIC","Alabama Department of Environmental Management","State","PERFLUOROOCTANE SULFONATE (PFOS)","Fishing"
"21AWIC","Alabama Department of Environmental Management","State","MERCURY","Propagation of Fish and Wildlife"
"21AWIC","Alabama Department of Environmental Management","State","HABITAT ALTERATIONS","Propagation of Fish and Wildlife"
"21AWIC","Alabama Department of Environmental Management","State","HABITAT ALTERATIONS","Fishing"
"21AWIC","Alabama Department of Environmental Management","State","OIL AND GREASE","Industrial and Agriculture Uses"
"21AWIC","Alabama Department of Environmental Management","State","OIL AND GREASE","Propagation of Fish and Wildlife"
"21AWIC","Alabama Department of Environmental Management","State","OIL AND GREASE","Contact Recreation"
"21AWIC","Alabama Department of Environmental Management","State","OIL AND GREASE","Fishing"
"21DELAWQ","Delaware","State","AMMONIA, TOTAL","Fish, Aquatic Life, and Wildlife"
"21DELAWQ","Delaware","State","NITROGEN","Fish, Aquatic Life, and Wildlife"
"21DELAWQ","Delaware","State","NUTRIENTS","Fish, Aquatic Life, and Wildlife"
"21DELAWQ","Delaware","State","PHOSPHORUS","Fish, Aquatic Life, and Wildlife"
"21DELAWQ","Delaware","State","ENTEROCOCCUS","Primary Contact Recreation"
"21DELAWQ","Delaware","State","LEAD","Fish, Aquatic Life, and Wildlife"
"21DELAWQ","Delaware","State","ZINC","Fish, Aquatic Life, and Wildlife"
"21DELAWQ","Delaware","State","DISSOLVED OXYGEN","Fish, Aquatic Life, and Wildlife"
"21DELAWQ","Delaware","State","DIOXIN","Fish Consumption"
"21DELAWQ","Delaware","State","FURAN COMPOUNDS","Fish Consumption"
"21DELAWQ","Delaware","State","DIELDRIN","Fish Consumption"
"21DELAWQ","Delaware","State","DDT (DICHLORODIPHENYLTRICHLOROETHANE)","Fish Consumption"
"21DELAWQ","Delaware","State","POLYCHLORINATED BIPHENYLS (PCBS)","Fish Consumption"
"21DELAWQ","Delaware","State","COPPER","Fish, Aquatic Life, and Wildlife"
"21DELAWQ","Delaware","State","TOXAPHENE","Fish Consumption"
"21DELAWQ","Delaware","State","HABITAT ASSESSMENT","Fish, Aquatic Life, and Wildlife"
"21DELAWQ","Delaware","State","BIOLOGICAL INTEGRITY","Fish, Aquatic Life, and Wildlife"
"21DELAWQ","Delaware","State","MERCURY","Fish Consumption"
"21DELAWQ","Delaware","State","TOTAL SUSPENDED SOLIDS (TSS)","Fish, Aquatic Life, and Wildlife"
"21DELAWQ","Delaware","State","ARSENIC","Fish, Aquatic Life, and Wildlife"
"21DELAWQ","Delaware","State","CHLORDANE","Fish Consumption"
"21DELAWQ","Delaware","State","DDD (DICHLORODIPHENYLDICHLOROETHANE)","Fish Consumption"
"21DELAWQ","Delaware","State","DDE (DICHLORODIPHENYLDICHLOROETHYLENE)","Fish Consumption"
"21DELAWQ","Delaware","State","TEMPERATURE","Fish, Aquatic Life, and Wildlife"
"21DELAWQ","Delaware","State","CHRONIC TOXICITY","Fish, Aquatic Life, and Wildlife"
"21DELAWQ","Delaware","State","IRON","Fish, Aquatic Life, and Wildlife"
"21DELAWQ","Delaware","State","CHLORINATED PESTICIDES","Fish Consumption"
"21DELAWQ","Delaware","State","HEPTACHLOR EPOXIDE","Fish Consumption"
"21DELAWQ","Delaware","State","CHLORINATED BENZENES","Fish Consumption"
"21GAEPD","Georgia Environmental Protection Division","State","PH","Fishing"
"21GAEPD","Georgia Environmental Protection Division","State","FECAL COLIFORM","Fishing"
"21GAEPD","Georgia Environmental Protection Division","State","FECAL COLIFORM","Recreation"
"21GAEPD","Georgia Environmental Protection Division","State","ESCHERICHIA COLI (E. COLI)","Fishing"
"21GAEPD","Georgia Environmental Protection Division","State","BENTHIC MACROINVERTEBRATES BIOASSESSMENTS","Fishing"
"21GAEPD","Georgia Environmental Protection Division","State",NA,"Fishing"
"21GAEPD","Georgia Environmental Protection Division","State",NA,"Recreation"
"21GAEPD","Georgia Environmental Protection Division","State","MERCURY IN FISH TISSUE","Fishing"
"21GAEPD","Georgia Environmental Protection Division","State","THALLIUM IN FISH TISSUE","Fishing"
"21GAEPD","Georgia Environmental Protection Division","State",NA,"Drinking Water Supply"
"21GAEPD","Georgia Environmental Protection Division","State","SELENIUM IN FISH TISSUE","Fishing"
"21GAEPD","Georgia Environmental Protection Division","State","ESCHERICHIA COLI (E. COLI)","Recreation"
"21GAEPD","Georgia Environmental Protection Division","State",NA,"Wild River"
"21GAEPD","Georgia Environmental Protection Division","State",NA,"Scenic River"
"21GAEPD","Georgia Environmental Protection Division","State","PATHOGENS","Fishing"
"21GAEPD","Georgia Environmental Protection Division","State","COPPER","Fishing"
"21GAEPD","Georgia Environmental Protection Division","State","MERCURY IN FISH TISSUE","Wild River"
"21GAEPD","Georgia Environmental Protection Division","State","MERCURY IN FISH TISSUE","Scenic River"
"21GAEPD","Georgia Environmental Protection Division","State","SELENIUM IN FISH TISSUE","Wild River"
"21GAEPD","Georgia Environmental Protection Division","State","SELENIUM IN FISH TISSUE","Scenic River"
"21GAEPD","Georgia Environmental Protection Division","State","ESCHERICHIA COLI (E. COLI)","Wild River"
"21GAEPD","Georgia Environmental Protection Division","State","ESCHERICHIA COLI (E. COLI)","Scenic River"
"21GAEPD","Georgia Environmental Protection Division","State","FISH BIOASSESSMENTS","Fishing"
"21GAEPD","Georgia Environmental Protection Division","State","WHOLE EFFLUENT TOXICITY (WET)","Fishing"
"21GAEPD","Georgia Environmental Protection Division","State","ZINC","Fishing"
"21GAEPD","Georgia Environmental Protection Division","State","LEAD","Fishing"
"21GAEPD","Georgia Environmental Protection Division","State","PCBS IN FISH TISSUE","Fishing"
"21GAEPD","Georgia Environmental Protection Division","State","ESCHERICHIA COLI (E. COLI)","Drinking Water Supply"
"21GAEPD","Georgia Environmental Protection Division","State","DISSOLVED OXYGEN","Fishing"
"21GAEPD","Georgia Environmental Protection Division","State","PATHOGENS","Drinking Water Supply"
"21GAEPD","Georgia Environmental Protection Division","State","VINYL CHLORIDE","Fishing"
"21GAEPD","Georgia Environmental Protection Division","State","TETRACHLOROETHYLENE","Fishing"
"21GAEPD","Georgia Environmental Protection Division","State","AMMONIA","Fishing"
"21GAEPD","Georgia Environmental Protection Division","State","CYANIDE","Fishing"
"21GAEPD","Georgia Environmental Protection Division","State","ENTEROCOCCUS","Recreation"
"21GAEPD","Georgia Environmental Protection Division","State","PATHOGENS","Coastal Fishing"
"21GAEPD","Georgia Environmental Protection Division","State","THALLIUM IN FISH TISSUE","Coastal Fishing"
"21GAEPD","Georgia Environmental Protection Division","State","PCBS IN FISH TISSUE","Coastal Fishing"
"21GAEPD","Georgia Environmental Protection Division","State","DISSOLVED OXYGEN","Coastal Fishing"
"21GAEPD","Georgia Environmental Protection Division","State","MERCURY IN FISH TISSUE","Coastal Fishing"
"21GAEPD","Georgia Environmental Protection Division","State","ESCHERICHIA COLI (E. COLI)","Coastal Fishing"
"21GAEPD","Georgia Environmental Protection Division","State","MERCURY","Fishing"
"21GAEPD","Georgia Environmental Protection Division","State","SELENIUM","Fishing"
"21GAEPD","Georgia Environmental Protection Division","State","ENTEROCOCCUS","Fishing"
"21GAEPD","Georgia Environmental Protection Division","State","DIELDRIN IN FISH TISSUE","Fishing"
"21GAEPD","Georgia Environmental Protection Division","State","ARSENIC","Fishing"
"21GAEPD","Georgia Environmental Protection Division","State","TEMPERATURE","Fishing"
"21GAEPD","Georgia Environmental Protection Division","State","CHLOROPHYLL-A","Fishing"
"21GAEPD","Georgia Environmental Protection Division","State","CHLOROPHYLL-A","Recreation"
"21GAEPD","Georgia Environmental Protection Division","State","CHLOROPHYLL-A","Drinking Water Supply"
"21GAEPD","Georgia Environmental Protection Division","State","CADMIUM","Fishing"
"21GAEPD","Georgia Environmental Protection Division","State","CADMIUM IN FISH TISSUE","Fishing"
"21GAEPD","Georgia Environmental Protection Division","State","FECAL COLIFORM","Drinking Water Supply"
"21GAEPD","Georgia Environmental Protection Division","State","CHLORDANE IN FISH TISSUE","Fishing"
"21GAEPD","Georgia Environmental Protection Division","State","EUTROPHICATION","Fishing"
"21GAEPD","Georgia Environmental Protection Division","State","CHRYSENE","Fishing"
"21GAEPD","Georgia Environmental Protection Division","State","BENZO[A]ANTHRACENE","Fishing"
"21GAEPD","Georgia Environmental Protection Division","State","SHELLFISHING BAN","Fishing"
"21GAEPD","Georgia Environmental Protection Division","State","ARSENIC IN FISH TISSUE","Fishing"
"21GAEPD","Georgia Environmental Protection Division","State","ANTIMONY IN FISH TISSUE","Fishing"
"21GAEPD","Georgia Environmental Protection Division","State","TOXAPHENE IN FISH TISSUE","Fishing"
"21GAEPD","Georgia Environmental Protection Division","State","HEPTACHLOR EPOXIDE IN FISH TISSUE","Fishing"
"21GAEPD","Georgia Environmental Protection Division","State","NICKEL","Fishing"
"21GAEPD","Georgia Environmental Protection Division","State","1,1,2-TRICHLOROETHANE","Fishing"
"21GAEPD","Georgia Environmental Protection Division","State","PCBS IN FISH TISSUE","Recreation"
"21GAEPD","Georgia Environmental Protection Division","State","BETA-BHC","Fishing"
"21GAEPD","Georgia Environmental Protection Division","State","ALPHA-BHC","Fishing"
"21GAEPD","Georgia Environmental Protection Division","State","PHOSPHORUS","Fishing"
"21GAEPD","Georgia Environmental Protection Division","State","PHOSPHORUS","Recreation"
"21GAEPD","Georgia Environmental Protection Division","State","PHOSPHORUS","Drinking Water Supply"
"21GAEPD","Georgia Environmental Protection Division","State","CHROMIUM IN FISH TISSUE","Fishing"
"21GAEPD","Georgia Environmental Protection Division","State","CHLORDANE","Fishing"
"21GAEPD","Georgia Environmental Protection Division","State","DIELDRIN","Fishing"
"21GAEPD","Georgia Environmental Protection Division","State","FISH CONSUMPTION ADVISORY - DDE, DDD","Fishing"
"21GAEPD","Georgia Environmental Protection Division","State","PATHOGENS","Wild River"
"21GAEPD","Georgia Environmental Protection Division","State","PATHOGENS","Scenic River"
"21GAEPD","Georgia Environmental Protection Division","State","TRICHLOROETHYLENE (TCE)","Fishing"
"21IOWA","Iowa","State",NA,"HUMAN HEALTH"
"21IOWA","Iowa","State",NA,"PRIMARY CONTACT RECREATION"
"21IOWA","Iowa","State","SECCHI DISK TRANSPARENCY","AQUATIC LIFE"
"21IOWA","Iowa","State","CHLOROPHYLL-A","AQUATIC LIFE"
"21IOWA","Iowa","State","AMMONIA","Aquatic Life - Limited Resource Warmwater"
"21IOWA","Iowa","State","DISSOLVED OXYGEN","Aquatic Life - Limited Resource Warmwater"
"21IOWA","Iowa","State",NA,"Aquatic Life - Limited Resource Warmwater"
"21IOWA","Iowa","State",NA,"AQUATIC LIFE"
"21IOWA","Iowa","State",NA,"General Use"
"21IOWA","Iowa","State","ESCHERICHIA COLI (E. COLI)","PRIMARY CONTACT RECREATION"
"21IOWA","Iowa","State","BENTHIC MACROINVERTEBRATES","AQUATIC LIFE"
"21IOWA","Iowa","State","BIOLOGICAL INTEGRITY","AQUATIC LIFE"
"21IOWA","Iowa","State","PH","Aquatic Life - Lakes and Wetlands Warmwater"
"21IOWA","Iowa","State","PH","PRIMARY CONTACT RECREATION"
"21IOWA","Iowa","State","DISSOLVED OXYGEN","Aquatic Life - Lakes and Wetlands Warmwater"
"21IOWA","Iowa","State",NA,"Aquatic Life - Coldwater"
"21IOWA","Iowa","State",NA,"SECONDARY CONTACT RECREATION"
"21IOWA","Iowa","State",NA,"Aquatic Life - Lakes and Wetlands Warmwater"
"21IOWA","Iowa","State","FISH KILL(S)","Aquatic Life - Limited Resource Warmwater"
"21IOWA","Iowa","State","CHLOROPHYLL-A","PRIMARY CONTACT RECREATION"
"21IOWA","Iowa","State","BENTHIC MACROINVERTEBRATES","Aquatic Life - Limited Resource Warmwater"
"21IOWA","Iowa","State","FISH KILL(S)","AQUATIC LIFE"
"21IOWA","Iowa","State","FECAL COLIFORM","PRIMARY CONTACT RECREATION"
"21IOWA","Iowa","State","ALUMINUM","AQUATIC LIFE"
"21IOWA","Iowa","State",NA,"Drinking Water"
"21IOWA","Iowa","State","PCBS - FISH CONSUMPTION ADVISORY","HUMAN HEALTH"
"21IOWA","Iowa","State","OTHER","General Use"
"21IOWA","Iowa","State","HABITAT ALTERATIONS","Aquatic Life - Lakes and Wetlands Warmwater"
"21IOWA","Iowa","State","BIOLOGICAL INTEGRITY","Aquatic Life - Limited Resource Warmwater"
"21IOWA","Iowa","State","ESCHERICHIA COLI (E. COLI)","SECONDARY CONTACT RECREATION"
"21IOWA","Iowa","State","TEMPERATURE","Aquatic Life - Coldwater"
"21IOWA","Iowa","State","BENTHIC MACROINVERTEBRATES","Aquatic Life - Coldwater"
"21IOWA","Iowa","State","DISSOLVED OXYGEN","Aquatic Life - Coldwater"
"21IOWA","Iowa","State","MERCURY - FISH CONSUMPTION ADVISORY","HUMAN HEALTH"
"21IOWA","Iowa","State","FISH KILL(S)","Aquatic Life - Coldwater"
"21IOWA","Iowa","State","HABITAT ALTERATIONS","Aquatic Life - Limited Resource Warmwater"
"21IOWA","Iowa","State","THERMAL MODIFICATIONS","Aquatic Life - Coldwater"
"21IOWA","Iowa","State","TURBIDITY","Aquatic Life - Lakes and Wetlands Warmwater"
"21IOWA","Iowa","State","TURBIDITY","PRIMARY CONTACT RECREATION"
"21IOWA","Iowa","State","BIOLOGICAL INTEGRITY","Aquatic Life - Coldwater"
"21IOWA","Iowa","State","FISH BIOASSESSMENTS","AQUATIC LIFE"
"21IOWA","Iowa","State","PH","Aquatic Life - Limited Resource Warmwater"
"21IOWA","Iowa","State","FISH BIOASSESSMENTS","Aquatic Life - Limited Resource Warmwater"
"21IOWA","Iowa","State","CHLORIDE","AQUATIC LIFE"
"21IOWA","Iowa","State","PH","AQUATIC LIFE"
"21IOWA","Iowa","State","NITROGEN","Drinking Water"
"21IOWA","Iowa","State","NITRATE/NITRITE (NITRITE + NITRATE AS N)","Drinking Water"
"21IOWA","Iowa","State","COPPER","AQUATIC LIFE"
"21IOWA","Iowa","State","SECCHI DISK TRANSPARENCY","PRIMARY CONTACT RECREATION"
"21IOWA","Iowa","State","FLOW REGIME MODIFICATION","Aquatic Life - Lakes and Wetlands Warmwater"
"21IOWA","Iowa","State","NITROGEN, NITRATE","Drinking Water"
"21IOWA","Iowa","State","TOTAL SUSPENDED SOLIDS (TSS)","Aquatic Life - Lakes and Wetlands Warmwater"
"21IOWA","Iowa","State","CHLOROPHYLL-A","Aquatic Life - Lakes and Wetlands Warmwater"
"21IOWA","Iowa","State","DISSOLVED OXYGEN","AQUATIC LIFE"
"21IOWA","Iowa","State","EXCESS ALGAL GROWTH","PRIMARY CONTACT RECREATION"
"21IOWA","Iowa","State","OTHER","Aquatic Life - Lakes and Wetlands Warmwater"
"21IOWA","Iowa","State","CHROMIUM","AQUATIC LIFE"
"21IOWA","Iowa","State","CHROMIUM","Aquatic Life - Limited Resource Warmwater"
"21IOWA","Iowa","State","SEDIMENTATION/SILTATION","PRIMARY CONTACT RECREATION"
"21IOWA","Iowa","State","AMMONIA","AQUATIC LIFE"
"21IOWA","Iowa","State","COAL TAR","AQUATIC LIFE"
"21IOWA","Iowa","State","SEDIMENTATION/SILTATION","Aquatic Life - Lakes and Wetlands Warmwater"
"21IOWA","Iowa","State","AMMONIA","Aquatic Life - Lakes and Wetlands Warmwater"
"21IOWA","Iowa","State","PH","Drinking Water"
"21IOWA","Iowa","State","WASTEWATER","General Use"
"21IOWA","Iowa","State","HYDROCARBONS - PRIORITY ORGANICS","General Use"
"21IOWA","Iowa","State","HYDROCARBONS - PRIORITY ORGANICS","AQUATIC LIFE"
"21IOWA","Iowa","State","HYDROCARBONS - PRIORITY ORGANICS","PRIMARY CONTACT RECREATION"
"21IOWA","Iowa","State","FISH KILL(S)","Aquatic Life - Lakes and Wetlands Warmwater"
"21IOWA","Iowa","State","HABITAT ALTERATIONS","AQUATIC LIFE"
"21IOWA","Iowa","State","NUTRIENTS","Aquatic Life - Limited Resource Warmwater"
"21IOWA","Iowa","State","TURBIDITY","Aquatic Life - Limited Resource Warmwater"
"21IOWA","Iowa","State","POLLUTANTS IN URBAN STORMWATER","General Use"
"21IOWA","Iowa","State","NITRATE","Drinking Water"
"21IOWA","Iowa","State","NON-NATIVE AQUATIC PLANTS","Aquatic Life - Lakes and Wetlands Warmwater"
"21IOWA","Iowa","State","NON-NATIVE FISH/SHELLFISH/ZOOPLANKTON","Aquatic Life - Lakes and Wetlands Warmwater"
"21IOWA","Iowa","State","HABITAT ALTERATIONS","General Use"
"21IOWA","Iowa","State","OTHER","PRIMARY CONTACT RECREATION"
"21IOWA","Iowa","State","ATRAZINE","Drinking Water"
"21IOWA","Iowa","State","TURBIDITY","AQUATIC LIFE"
"21IOWA","Iowa","State","CYANOBACTERIA HEPATOTOXIC MICROCYSTINS","PRIMARY CONTACT RECREATION"
"21IOWA","Iowa","State","SELENIUM","AQUATIC LIFE"
"21IOWA","Iowa","State","SEDIMENTATION/SILTATION","Aquatic Life - Limited Resource Warmwater"
"21IOWA","Iowa","State","SELENIUM","Aquatic Life - Limited Resource Warmwater"
"21IOWA","Iowa","State","TOTAL SUSPENDED SOLIDS (TSS)","PRIMARY CONTACT RECREATION"
"21IOWA","Iowa","State","MERCURY","HUMAN HEALTH"
"21IOWA","Iowa","State","PHOSPHORUS","Aquatic Life - Limited Resource Warmwater"
"21IOWA","Iowa","State","EXCESS ALGAL GROWTH","Aquatic Life - Limited Resource Warmwater"
"21IOWA","Iowa","State","FLOW REGIME MODIFICATION","AQUATIC LIFE"
"21IOWA","Iowa","State","STREAM MODIFICATION","AQUATIC LIFE"
"21IOWA","Iowa","State","DISSOLVED OXYGEN","PRIMARY CONTACT RECREATION"
"CNWQD","Comanche Nation, Oklahoma","Tribe","NITROGEN","Agriculture Beneficial Use"
"CNWQD","Comanche Nation, Oklahoma","Tribe","PHOSPHORUS","Agriculture Beneficial Use"
"CNWQD","Comanche Nation, Oklahoma","Tribe","ESCHERICHIA COLI (E. COLI)","Primary Contact Recreation"
"CNWQD","Comanche Nation, Oklahoma","Tribe","TURBIDITY","Warm Water Aquatic Community"
"CNWQD","Comanche Nation, Oklahoma","Tribe","TEMPERATURE","Warm Water Aquatic Community"
"CNWQD","Comanche Nation, Oklahoma","Tribe","PH","Warm Water Aquatic Community"
"CNWQD","Comanche Nation, Oklahoma","Tribe","DISSOLVED OXYGEN","Warm Water Aquatic Community"
"CNWQD","Comanche Nation, Oklahoma","Tribe","CHLORIDE","Agriculture Beneficial Use"
"CNWQD","Comanche Nation, Oklahoma","Tribe","SPECIFIC CONDUCTIVITY","Warm Water Aquatic Community"
"CNWQD","Comanche Nation, Oklahoma","Tribe","TOTAL DISSOLVED SOLIDS (TDS)","Agriculture Beneficial Use"
"WIDNR","Wisconsin","State",NA,"Wildlife"
"WIDNR","Wisconsin","State",NA,"Fish and Aquatic Life"
"WIDNR","Wisconsin","State",NA,"RECREATION"
"WIDNR","Wisconsin","State",NA,"PUBLIC HEALTH AND WELFARE"
"WIDNR","Wisconsin","State","PERFLUOROOCTANE SULFONATE (PFOS)","Fish Consumption"
"WIDNR","Wisconsin","State","PERFLUOROOCTANE SULFONATE (PFOS) IN FISH TISSUE","Fish Consumption"
"WIDNR","Wisconsin","State","PHOSPHORUS, TOTAL","Fish and Aquatic Life"
"WIDNR","Wisconsin","State","PHOSPHORUS, TOTAL","RECREATION"
"WIDNR","Wisconsin","State","TROPHIC STATE INDEX (TSI)","Fish and Aquatic Life"
"WIDNR","Wisconsin","State","NUTRIENT/EUTROPHICATION BIOLOGICAL INDICATORS","RECREATION"
"WIDNR","Wisconsin","State","CHLOROPHYLL-A","Fish and Aquatic Life"
"WIDNR","Wisconsin","State","CHLOROPHYLL-A","RECREATION"
"WIDNR","Wisconsin","State","PCBS IN FISH TISSUE","Fish Consumption"
"WIDNR","Wisconsin","State","POLYCHLORINATED BIPHENYLS (PCBS)","Fish Consumption"
"WIDNR","Wisconsin","State","ORGANIC ENRICHMENT","Fish and Aquatic Life"
"WIDNR","Wisconsin","State","PERFLUOROOCTANOIC ACID (PFOA)","PUBLIC HEALTH AND WELFARE"
"WIDNR","Wisconsin","State","PERFLUOROOCTANE SULFONATE (PFOS)","PUBLIC HEALTH AND WELFARE"
"WIDNR","Wisconsin","State","CHLORIDE","Fish and Aquatic Life"
"WIDNR","Wisconsin","State",NA,"Fish Consumption"
"WIDNR","Wisconsin","State","LEAD","PUBLIC HEALTH AND WELFARE"
"WIDNR","Wisconsin","State","ZINC","Fish and Aquatic Life"
"WIDNR","Wisconsin","State","NICKEL","PUBLIC HEALTH AND WELFARE"
"WIDNR","Wisconsin","State","ARSENIC","Fish and Aquatic Life"
"WIDNR","Wisconsin","State","CADMIUM","PUBLIC HEALTH AND WELFARE"
"WIDNR","Wisconsin","State","SELENIUM","PUBLIC HEALTH AND WELFARE"
"WIDNR","Wisconsin","State","FISH BIOASSESSMENTS","Fish and Aquatic Life"
"WIDNR","Wisconsin","State","BIOLOGICAL INTEGRITY","Fish and Aquatic Life"
"WIDNR","Wisconsin","State","DISSOLVED OXYGEN","Fish and Aquatic Life"
"WIDNR","Wisconsin","State","BIOCHEMICAL OXYGEN DEMAND (BOD)","Fish and Aquatic Life"
"WIDNR","Wisconsin","State","TEMPERATURE","Fish and Aquatic Life"
"WIDNR","Wisconsin","State","BENTHIC MACROINVERTEBRATES BIOASSESSMENTS","Fish and Aquatic Life"
"WIDNR","Wisconsin","State","CAUSE UNKNOWN","Fish and Aquatic Life"
"WIDNR","Wisconsin","State","ESCHERICHIA COLI (E. COLI)","RECREATION"
"WIDNR","Wisconsin","State","LEAD","Fish and Aquatic Life"
"WIDNR","Wisconsin","State","COPPER","Fish and Aquatic Life"
"WIDNR","Wisconsin","State","MERCURY","Fish Consumption"
"WIDNR","Wisconsin","State","MERCURY IN FISH TISSUE","Fish Consumption"
"WIDNR","Wisconsin","State","TOXICITY","Fish and Aquatic Life"
"WIDNR","Wisconsin","State","CHRONIC TOXICITY","Fish and Aquatic Life"
"WIDNR","Wisconsin","State","PATHOGENS","RECREATION"
"WIDNR","Wisconsin","State","AQUATIC PLANTS (MACROPHYTES)","Fish and Aquatic Life"
"WIDNR","Wisconsin","State","EUTROPHICATION","Fish and Aquatic Life"
"WIDNR","Wisconsin","State","FECAL COLIFORM","RECREATION"
"WIDNR","Wisconsin","State","NITROGEN, TOTAL","Fish and Aquatic Life"
"WIDNR","Wisconsin","State","TOTAL SUSPENDED SOLIDS (TSS)","Fish and Aquatic Life"
"WIDNR","Wisconsin","State","MERCURY IN WATER COLUMN","Fish and Aquatic Life"
"WIDNR","Wisconsin","State","MERCURY IN WATER COLUMN","PUBLIC HEALTH AND WELFARE"
"WIDNR","Wisconsin","State","CAUSE UNKNOWN","RECREATION"
"WIDNR","Wisconsin","State","PHYSICAL SUBSTRATE HABITAT ALTERATIONS","Fish and Aquatic Life"
"WIDNR","Wisconsin","State","PCBS IN SEDIMENT","Fish and Aquatic Life"
"WIDNR","Wisconsin","State","POLYCHLORINATED BIPHENYLS (PCBS)","Fish and Aquatic Life"
"WIDNR","Wisconsin","State","NICKEL","Fish and Aquatic Life"
"WIDNR","Wisconsin","State","POLYCYCLIC AROMATIC HYDROCARBONS (PAHS) (AQUATIC ECOSYSTEMS)","Fish and Aquatic Life"
"WIDNR","Wisconsin","State","METALS","Fish and Aquatic Life"
"WIDNR","Wisconsin","State","ORGANIC ENRICHMENT","RECREATION"
"WIDNR","Wisconsin","State","DISSOLVED OXYGEN","RECREATION"
"WIDNR","Wisconsin","State","TURBIDITY","Fish and Aquatic Life"
"WIDNR","Wisconsin","State","CYLINDROSPERMOPSIN","PUBLIC HEALTH AND WELFARE"
"WIDNR","Wisconsin","State","CYANOBACTERIA HEPATOTOXIC MICROCYSTINS","PUBLIC HEALTH AND WELFARE"
"WIDNR","Wisconsin","State","PH","Fish and Aquatic Life"
"WIDNR","Wisconsin","State","AMMONIA, UN-IONIZED","Fish and Aquatic Life"
"WIDNR","Wisconsin","State","MERCURY","Fish and Aquatic Life"
"WIDNR","Wisconsin","State","STREAM MODIFICATION","Fish and Aquatic Life"
"WIDNR","Wisconsin","State","EXCESS ALGAL GROWTH","RECREATION"
"WIDNR","Wisconsin","State","TOXICITY","PUBLIC HEALTH AND WELFARE"
"WIDNR","Wisconsin","State","HARMFUL ALGAL BLOOMS","RECREATION"
"WIDNR","Wisconsin","State","FLOW REGIME MODIFICATION","Fish and Aquatic Life"
"WIDNR","Wisconsin","State","NUTRIENT/EUTROPHICATION BIOLOGICAL INDICATORS","Fish and Aquatic Life"
"WIDNR","Wisconsin","State","MERCURY IN SEDIMENT","Fish Consumption"
"WIDNR","Wisconsin","State","CHRONIC TOXICITY","Fish Consumption"
"WIDNR","Wisconsin","State","MERCURY IN SEDIMENT","Fish and Aquatic Life"
"WIDNR","Wisconsin","State","UNSPECIFIED METALS IN SEDIMENT","Fish and Aquatic Life"
"WIDNR","Wisconsin","State","MERCURY","Wildlife"
"WIDNR","Wisconsin","State","MERCURY","PUBLIC HEALTH AND WELFARE"
"WIDNR","Wisconsin","State","OXYTHERMAL HABITAT","Fish and Aquatic Life"
"WIDNR","Wisconsin","State","MERCURY IN WATER COLUMN","Wildlife"
"WIDNR","Wisconsin","State","POLYCHLORINATED BIPHENYLS (PCBS)","Wildlife"
"WIDNR","Wisconsin","State","DIOXIN IN SEDIMENT","PUBLIC HEALTH AND WELFARE"
"WIDNR","Wisconsin","State","2,3,7,8-TETRACHLORODIBENZO-P-DIOXIN","PUBLIC HEALTH AND WELFARE"
"WIDNR","Wisconsin","State","DIELDRIN","PUBLIC HEALTH AND WELFARE"
"WIDNR","Wisconsin","State","DDT IN SEDIMENT","PUBLIC HEALTH AND WELFARE"
"WIDNR","Wisconsin","State","DIELDRIN IN SEDIMENT","PUBLIC HEALTH AND WELFARE"
"WIDNR","Wisconsin","State","DDT (DICHLORODIPHENYLTRICHLOROETHANE)","PUBLIC HEALTH AND WELFARE"
"WIDNR","Wisconsin","State","PCBS IN FISH TISSUE","Fish and Aquatic Life"
"WIDNR","Wisconsin","State","INDEX OF BIOLOGICAL INTEGRITY (IBI)","Fish and Aquatic Life"
"WIDNR","Wisconsin","State","CREOSOTE","Fish and Aquatic Life"
"WIDNR","Wisconsin","State","HABITAT ALTERATIONS","Fish and Aquatic Life"
"WIDNR","Wisconsin","State","CADMIUM","Fish and Aquatic Life"
"WIDNR","Wisconsin","State","SCUM/FOAM","Fish and Aquatic Life"
"WIDNR","Wisconsin","State","DIOXIN","Fish Consumption"
"WIDNR","Wisconsin","State","DIOXIN IN FISH TISSUE","Fish Consumption"
"WIDNR","Wisconsin","State","CONTAMINATED SEDIMENTS (PAHS)","Fish and Aquatic Life"
"WIDNR","Wisconsin","State","ARSENIC IN SEDIMENT","Fish and Aquatic Life"
"WIDNR","Wisconsin","State","MERCURY IN FISH TISSUE","Fish and Aquatic Life"
"WIDNR","Wisconsin","State","CYANOBACTERIA HEPATOTOXIC MICROCYSTINS","RECREATION"
"WIDNR","Wisconsin","State","ALUMINUM","Fish and Aquatic Life"
"WIDNR","Wisconsin","State","CHROMIUM","Fish and Aquatic Life"
"WIDNR","Wisconsin","State","SELENIUM","Fish and Aquatic Life"
"WIDNR","Wisconsin","State","SULFATE","Fish and Aquatic Life"
"WIDNR","Wisconsin","State","CYLINDROSPERMOPSIN","RECREATION"
"WIDNR","Wisconsin","State","PERFLUOROOCTANE SULFONATE (PFOS)","Wildlife"
"WIDNR","Wisconsin","State","LEAD IN SEDIMENT","Fish and Aquatic Life"
"WIDNR","Wisconsin","State","ARSENIC","PUBLIC HEALTH AND WELFARE"
"WIDNR","Wisconsin","State","FISH KILL(S)","Fish and Aquatic Life"
"WIDNR","Wisconsin","State","FISH PASSAGE BARRIER","Fish and Aquatic Life"
"21NC01WQ","N.C. Dept. of Environmental Quality","State","TURBIDITY","AQUATIC LIFE"
"21NC01WQ","N.C. Dept. of Environmental Quality","State","TEMPERATURE","AQUATIC LIFE"
"21NC01WQ","N.C. Dept. of Environmental Quality","State","PH, LOW","AQUATIC LIFE"
"21NC01WQ","N.C. Dept. of Environmental Quality","State","PH, HIGH","AQUATIC LIFE"
"21NC01WQ","N.C. Dept. of Environmental Quality","State","BENTHIC MACROINVERTEBRATES BIOASSESSMENTS","AQUATIC LIFE"
"21NC01WQ","N.C. Dept. of Environmental Quality","State","DISSOLVED OXYGEN","AQUATIC LIFE"
"21NC01WQ","N.C. Dept. of Environmental Quality","State","DIOXIN IN FISH TISSUE","FISH CONSUMPTION"
"21NC01WQ","N.C. Dept. of Environmental Quality","State","FECAL COLIFORM","RECREATION"
"21NC01WQ","N.C. Dept. of Environmental Quality","State","CHLOROPHYLL-A - AQUATIC LIFE USE SUPPORT","AQUATIC LIFE"
"21NC01WQ","N.C. Dept. of Environmental Quality","State","FISH BIOASSESSMENTS","AQUATIC LIFE"
"21NC01WQ","N.C. Dept. of Environmental Quality","State","ENTEROCOCCUS","RECREATION"
"21NC01WQ","N.C. Dept. of Environmental Quality","State","LEAD","AQUATIC LIFE"
"21NC01WQ","N.C. Dept. of Environmental Quality","State","ZINC","AQUATIC LIFE"
"21NC01WQ","N.C. Dept. of Environmental Quality","State","COPPER","AQUATIC LIFE"
"21NC01WQ","N.C. Dept. of Environmental Quality","State","NICKEL","AQUATIC LIFE"
"21NC01WQ","N.C. Dept. of Environmental Quality","State","ARSENIC","Human Health"
"21NC01WQ","N.C. Dept. of Environmental Quality","State","ARSENIC","AQUATIC LIFE"
"21NC01WQ","N.C. Dept. of Environmental Quality","State","CADMIUM","AQUATIC LIFE"
"21NC01WQ","N.C. Dept. of Environmental Quality","State",NA,"FISH CONSUMPTION"
"21NC01WQ","N.C. Dept. of Environmental Quality","State","MERCURY, TOTAL","FISH CONSUMPTION"
"21NC01WQ","N.C. Dept. of Environmental Quality","State","MIREX","AQUATIC LIFE"
"21NC01WQ","N.C. Dept. of Environmental Quality","State","ALDRIN","AQUATIC LIFE"
"21NC01WQ","N.C. Dept. of Environmental Quality","State","ENDRIN","AQUATIC LIFE"
"21NC01WQ","N.C. Dept. of Environmental Quality","State","DEMETON","AQUATIC LIFE"
"21NC01WQ","N.C. Dept. of Environmental Quality","State","LINDANE","AQUATIC LIFE"
"21NC01WQ","N.C. Dept. of Environmental Quality","State","DIELDRIN","AQUATIC LIFE"
"21NC01WQ","N.C. Dept. of Environmental Quality","State","CHLORDANE","AQUATIC LIFE"
"21NC01WQ","N.C. Dept. of Environmental Quality","State","PARATHION","AQUATIC LIFE"
"21NC01WQ","N.C. Dept. of Environmental Quality","State","TOXAPHENE","AQUATIC LIFE"
"21NC01WQ","N.C. Dept. of Environmental Quality","State","ENDOSULFAN","AQUATIC LIFE"
"21NC01WQ","N.C. Dept. of Environmental Quality","State","HEPTACHLOR","AQUATIC LIFE"
"21NC01WQ","N.C. Dept. of Environmental Quality","State","METHOXYCHLOR","AQUATIC LIFE"
"21NC01WQ","N.C. Dept. of Environmental Quality","State","DDT (DICHLORODIPHENYLTRICHLOROETHANE)","AQUATIC LIFE"
"21NC01WQ","N.C. Dept. of Environmental Quality","State","PHENOL","FISH CONSUMPTION"
"21NC01WQ","N.C. Dept. of Environmental Quality","State","BENZENE","AQUATIC LIFE"
"21NC01WQ","N.C. Dept. of Environmental Quality","State","TOLUENE","AQUATIC LIFE"
"21NC01WQ","N.C. Dept. of Environmental Quality","State","VINYL CHLORIDE","AQUATIC LIFE"
"21NC01WQ","N.C. Dept. of Environmental Quality","State","HEXACHLOROBUTADIENE","AQUATIC LIFE"
"21NC01WQ","N.C. Dept. of Environmental Quality","State","TETRACHLOROETHYLENE","Human Health"
"21NC01WQ","N.C. Dept. of Environmental Quality","State","CARBON TETRACHLORIDE","AQUATIC LIFE"
"21NC01WQ","N.C. Dept. of Environmental Quality","State","TRICHLOROETHYLENE (TCE)","AQUATIC LIFE"
"21NC01WQ","N.C. Dept. of Environmental Quality","State","1,1,2,2-TETRACHLOROETHANE","Human Health"
"21NC01WQ","N.C. Dept. of Environmental Quality","State","PAH1 - 2 & 3 RING POLYCYCLIC AROMATIC HYDROCARBONS","AQUATIC LIFE"
"21NC01WQ","N.C. Dept. of Environmental Quality","State","CYANIDE","AQUATIC LIFE"
"21NC01WQ","N.C. Dept. of Environmental Quality","State","FLUORIDE","AQUATIC LIFE"
"21NC01WQ","N.C. Dept. of Environmental Quality","State","IRON","AQUATIC LIFE"
"21NC01WQ","N.C. Dept. of Environmental Quality","State","CHROMIUM","AQUATIC LIFE"
"21NC01WQ","N.C. Dept. of Environmental Quality","State","SELENIUM","AQUATIC LIFE"
"21NC01WQ","N.C. Dept. of Environmental Quality","State","BERYLLIUM","AQUATIC LIFE"
"21NC01WQ","N.C. Dept. of Environmental Quality","State","POLYCHLORINATED BIPHENYLS (PCBS)","Human Health"
"21NC01WQ","N.C. Dept. of Environmental Quality","State","CHLORIDE","AQUATIC LIFE"
"21NC01WQ","N.C. Dept. of Environmental Quality","State","FECAL COLIFORM","SHELLFISH HARVESTING"
"21NC01WQ","N.C. Dept. of Environmental Quality","State","SALINITY/TOTAL DISSOLVED SOLIDS/CHLORIDES","AQUATIC LIFE"
"21NC01WQ","N.C. Dept. of Environmental Quality","State","NITRATE/NITRITE (NITRITE + NITRATE AS N)","WATER SUPPLY"
"21NC01WQ","N.C. Dept. of Environmental Quality","State","CALCIUM CARBONATE","WATER SUPPLY"
"21NC01WQ","N.C. Dept. of Environmental Quality","State","PATHOGENS","SHELLFISH HARVESTING"
"21NC01WQ","N.C. Dept. of Environmental Quality","State","BENZENE","WATER SUPPLY"
"21NC01WQ","N.C. Dept. of Environmental Quality","State","VINYL CHLORIDE","WATER SUPPLY"
"21NC01WQ","N.C. Dept. of Environmental Quality","State","CHLORINATED PHENOLS","WATER SUPPLY"
"21NC01WQ","N.C. Dept. of Environmental Quality","State","HEXACHLOROBUTADIENE","WATER SUPPLY"
"21NC01WQ","N.C. Dept. of Environmental Quality","State","TETRACHLOROETHYLENE","WATER SUPPLY"
"21NC01WQ","N.C. Dept. of Environmental Quality","State","CARBON TETRACHLORIDE","WATER SUPPLY"
"21NC01WQ","N.C. Dept. of Environmental Quality","State","CHLORINATED BENZENES","WATER SUPPLY"
"21NC01WQ","N.C. Dept. of Environmental Quality","State","TRICHLOROETHYLENE (TCE)","WATER SUPPLY"
"21NC01WQ","N.C. Dept. of Environmental Quality","State","1,1,2,2-TETRACHLOROETHANE","WATER SUPPLY"
"21NC01WQ","N.C. Dept. of Environmental Quality","State","SILVER","AQUATIC LIFE"
"21NC01WQ","N.C. Dept. of Environmental Quality","State","SULFATE","WATER SUPPLY"
"21NC01WQ","N.C. Dept. of Environmental Quality","State","TOTAL SUSPENDED SOLIDS (TSS)","AQUATIC LIFE"
"21NC01WQ","N.C. Dept. of Environmental Quality","State","1,4-DIOXANE","AQUATIC LIFE"
"21NC01WQ","N.C. Dept. of Environmental Quality","State","BIOCHEMICAL OXYGEN DEMAND (BOD)","AQUATIC LIFE"
"21NC01WQ","N.C. Dept. of Environmental Quality","State","ARSENIC, INORGANIC IN FISH TISSUE","FISH CONSUMPTION"
"21NC01WQ","N.C. Dept. of Environmental Quality","State","CHROMIUM, HEXAVALENT IN FISH TISSUE","FISH CONSUMPTION"
"21NC01WQ","N.C. Dept. of Environmental Quality","State","CHLOROPHYLL-A","AQUATIC LIFE"
"21NC01WQ","N.C. Dept. of Environmental Quality","State","FISH PASSAGE BARRIER","AQUATIC LIFE"
"21NC01WQ","N.C. Dept. of Environmental Quality","State","FLOW REGIME MODIFICATION","AQUATIC LIFE"
"21NC01WQ","N.C. Dept. of Environmental Quality","State","PCBS - FISH CONSUMPTION ADVISORY","FISH CONSUMPTION"
"21NC01WQ","N.C. Dept. of Environmental Quality","State","1,4-DIOXANE","WATER SUPPLY"
"21NC01WQ","N.C. Dept. of Environmental Quality","State",NA,"RECREATION"
"21NC01WQ","N.C. Dept. of Environmental Quality","State",NA,"AQUATIC LIFE"
"21NC01WQ","N.C. Dept. of Environmental Quality","State","NITROGEN, TOTAL","AQUATIC LIFE"
"21NC01WQ","N.C. Dept. of Environmental Quality","State","PHOSPHORUS, TOTAL","AQUATIC LIFE"
"21NC01WQ","N.C. Dept. of Environmental Quality","State","PH","AQUATIC LIFE"
"21NC01WQ","N.C. Dept. of Environmental Quality","State","SWIMMING ADVISORY","RECREATION"
"21NC01WQ","N.C. Dept. of Environmental Quality","State","PHENOL","AQUATIC LIFE"
"21NC01WQ","N.C. Dept. of Environmental Quality","State",NA,"WATER SUPPLY"
"21NC01WQ","N.C. Dept. of Environmental Quality","State","STREAM MODIFICATION","AQUATIC LIFE"
"CNENVSER","The Chickasaw Nation","Tribe","TURBIDITY","Aquatic Life"
"CNENVSER","The Chickasaw Nation","Tribe","TEMPERATURE","Aquatic Life"
"CNENVSER","The Chickasaw Nation","Tribe","PH","Aquatic Life"
"CNENVSER","The Chickasaw Nation","Tribe","DISSOLVED OXYGEN","Aquatic Life"
"CNENVSER","The Chickasaw Nation","Tribe","ESCHERICHIA COLI (E. COLI)","Primary Contact"
"FONDULAC","Minnesota Chippewa Tribe, Minnesota (Fond du Lac Band)","Tribe","MERCURY","Wildlife"
"FONDULAC","Minnesota Chippewa Tribe, Minnesota (Fond du Lac Band)","Tribe","TURBIDITY","Wildlife"
"FONDULAC","Minnesota Chippewa Tribe, Minnesota (Fond du Lac Band)","Tribe","TURBIDITY","Cultural: Wild Rice Areas"
"FONDULAC","Minnesota Chippewa Tribe, Minnesota (Fond du Lac Band)","Tribe","TURBIDITY","Aquatic Life: Warm Water Fisheries"
"FONDULAC","Minnesota Chippewa Tribe, Minnesota (Fond du Lac Band)","Tribe","TRANSPARENCY / CLARITY","Cultural: Wild Rice Areas"
"FONDULAC","Minnesota Chippewa Tribe, Minnesota (Fond du Lac Band)","Tribe","TRANSPARENCY / CLARITY","Aquatic Life: Warm Water Fisheries"
"FONDULAC","Minnesota Chippewa Tribe, Minnesota (Fond du Lac Band)","Tribe","TRANSPARENCY / CLARITY","Recreation: Primary Contact Recreational"
"FONDULAC","Minnesota Chippewa Tribe, Minnesota (Fond du Lac Band)","Tribe","TRANSPARENCY / CLARITY","Recreation: Secondary Contact Recreational"
"FONDULAC","Minnesota Chippewa Tribe, Minnesota (Fond du Lac Band)","Tribe","TEMPERATURE","Wildlife"
"FONDULAC","Minnesota Chippewa Tribe, Minnesota (Fond du Lac Band)","Tribe","TEMPERATURE","Aquatic Life: Warm Water Fisheries"
"FONDULAC","Minnesota Chippewa Tribe, Minnesota (Fond du Lac Band)","Tribe","LEAD","Wildlife"
"FONDULAC","Minnesota Chippewa Tribe, Minnesota (Fond du Lac Band)","Tribe","LEAD","Aquatic Life: Warm Water Fisheries"
"FONDULAC","Minnesota Chippewa Tribe, Minnesota (Fond du Lac Band)","Tribe","ZINC","Wildlife"
"FONDULAC","Minnesota Chippewa Tribe, Minnesota (Fond du Lac Band)","Tribe","ZINC","Aquatic Life: Warm Water Fisheries"
"FONDULAC","Minnesota Chippewa Tribe, Minnesota (Fond du Lac Band)","Tribe","COPPER","Wildlife"
"FONDULAC","Minnesota Chippewa Tribe, Minnesota (Fond du Lac Band)","Tribe","COPPER","Aquatic Life: Warm Water Fisheries"
"FONDULAC","Minnesota Chippewa Tribe, Minnesota (Fond du Lac Band)","Tribe","NICKEL","Wildlife"
"FONDULAC","Minnesota Chippewa Tribe, Minnesota (Fond du Lac Band)","Tribe","NICKEL","Aquatic Life: Warm Water Fisheries"
"FONDULAC","Minnesota Chippewa Tribe, Minnesota (Fond du Lac Band)","Tribe","ARSENIC","Wildlife"
"FONDULAC","Minnesota Chippewa Tribe, Minnesota (Fond du Lac Band)","Tribe","ARSENIC","Aquatic Life: Warm Water Fisheries"
"FONDULAC","Minnesota Chippewa Tribe, Minnesota (Fond du Lac Band)","Tribe","CADMIUM","Wildlife"
"FONDULAC","Minnesota Chippewa Tribe, Minnesota (Fond du Lac Band)","Tribe","CADMIUM","Aquatic Life: Warm Water Fisheries"
"FONDULAC","Minnesota Chippewa Tribe, Minnesota (Fond du Lac Band)","Tribe","CHROMIUM","Wildlife"
"FONDULAC","Minnesota Chippewa Tribe, Minnesota (Fond du Lac Band)","Tribe","CHROMIUM","Aquatic Life: Warm Water Fisheries"
"FONDULAC","Minnesota Chippewa Tribe, Minnesota (Fond du Lac Band)","Tribe","SELENIUM","Wildlife"
"FONDULAC","Minnesota Chippewa Tribe, Minnesota (Fond du Lac Band)","Tribe","SELENIUM","Aquatic Life: Warm Water Fisheries"
"FONDULAC","Minnesota Chippewa Tribe, Minnesota (Fond du Lac Band)","Tribe","PH","Wildlife"
"FONDULAC","Minnesota Chippewa Tribe, Minnesota (Fond du Lac Band)","Tribe","PH","Cultural: Wild Rice Areas"
"FONDULAC","Minnesota Chippewa Tribe, Minnesota (Fond du Lac Band)","Tribe","PH","Aquatic Life: Warm Water Fisheries"
"FONDULAC","Minnesota Chippewa Tribe, Minnesota (Fond du Lac Band)","Tribe","DISSOLVED OXYGEN","Wildlife"
"FONDULAC","Minnesota Chippewa Tribe, Minnesota (Fond du Lac Band)","Tribe","SULFATE","Cultural: Wild Rice Areas"
"FONDULAC","Minnesota Chippewa Tribe, Minnesota (Fond du Lac Band)","Tribe","CHLORIDE","Aquatic Life: Warm Water Fisheries"
"FONDULAC","Minnesota Chippewa Tribe, Minnesota (Fond du Lac Band)","Tribe","SPECIFIC CONDUCTIVITY","Aquatic Life: Warm Water Fisheries"
"FONDULAC","Minnesota Chippewa Tribe, Minnesota (Fond du Lac Band)","Tribe","MERCURY","Aquatic Life: Subsistence Fishing (Netting)"
"FONDULAC","Minnesota Chippewa Tribe, Minnesota (Fond du Lac Band)","Tribe","MERCURY IN FISH TISSUE","Aquatic Life: Subsistence Fishing (Netting)"
"FONDULAC","Minnesota Chippewa Tribe, Minnesota (Fond du Lac Band)","Tribe","NITROGEN, TOTAL","Aquatic Life: Warm Water Fisheries"
"FONDULAC","Minnesota Chippewa Tribe, Minnesota (Fond du Lac Band)","Tribe","NITROGEN, TOTAL","Recreation: Primary Contact Recreational"
"FONDULAC","Minnesota Chippewa Tribe, Minnesota (Fond du Lac Band)","Tribe","NITROGEN, TOTAL","Recreation: Secondary Contact Recreational"
"FONDULAC","Minnesota Chippewa Tribe, Minnesota (Fond du Lac Band)","Tribe","PHOSPHORUS, TOTAL","Aquatic Life: Warm Water Fisheries"
"FONDULAC","Minnesota Chippewa Tribe, Minnesota (Fond du Lac Band)","Tribe","PHOSPHORUS, TOTAL","Recreation: Primary Contact Recreational"
"FONDULAC","Minnesota Chippewa Tribe, Minnesota (Fond du Lac Band)","Tribe","PHOSPHORUS, TOTAL","Recreation: Secondary Contact Recreational"
"FONDULAC","Minnesota Chippewa Tribe, Minnesota (Fond du Lac Band)","Tribe","ESCHERICHIA COLI (E. COLI)","Recreation: Primary Contact Recreational"
"FONDULAC","Minnesota Chippewa Tribe, Minnesota (Fond du Lac Band)","Tribe","ESCHERICHIA COLI (E. COLI)","Recreation: Secondary Contact Recreational"
"FONDULAC","Minnesota Chippewa Tribe, Minnesota (Fond du Lac Band)","Tribe","TOTAL SUSPENDED SOLIDS (TSS)","Aquatic Life: Warm Water Fisheries"
"FONDULAC","Minnesota Chippewa Tribe, Minnesota (Fond du Lac Band)","Tribe","CHLOROPHYLL-A","Aquatic Life: Warm Water Fisheries"
"FONDULAC","Minnesota Chippewa Tribe, Minnesota (Fond du Lac Band)","Tribe","CHLOROPHYLL-A","Recreation: Primary Contact Recreational"
"FONDULAC","Minnesota Chippewa Tribe, Minnesota (Fond du Lac Band)","Tribe","CHLOROPHYLL-A","Recreation: Secondary Contact Recreational"
"FONDULAC","Minnesota Chippewa Tribe, Minnesota (Fond du Lac Band)","Tribe","DISSOLVED OXYGEN","Aquatic Life: Warm Water Fisheries"
"FONDULAC","Minnesota Chippewa Tribe, Minnesota (Fond du Lac Band)","Tribe","TURBIDITY","Cultural: Aesthetic Waters"
"FONDULAC","Minnesota Chippewa Tribe, Minnesota (Fond du Lac Band)","Tribe","TRANSPARENCY / CLARITY","Cultural: Aesthetic Waters"
"FONDULAC","Minnesota Chippewa Tribe, Minnesota (Fond du Lac Band)","Tribe","TOTAL SUSPENDED SOLIDS (TSS)","Cultural: Aesthetic Waters"
"FONDULAC","Minnesota Chippewa Tribe, Minnesota (Fond du Lac Band)","Tribe","TEMPERATURE","Cultural: Aesthetic Waters"
"FONDULAC","Minnesota Chippewa Tribe, Minnesota (Fond du Lac Band)","Tribe","PH","Cultural: Aesthetic Waters"
"FONDULAC","Minnesota Chippewa Tribe, Minnesota (Fond du Lac Band)","Tribe","DISSOLVED OXYGEN","Cultural: Aesthetic Waters"
"FONDULAC","Minnesota Chippewa Tribe, Minnesota (Fond du Lac Band)","Tribe","NITROGEN, TOTAL","Cultural: Aesthetic Waters"
"FONDULAC","Minnesota Chippewa Tribe, Minnesota (Fond du Lac Band)","Tribe","NITROGEN, TOTAL","Aquatic Life: Cold Water Fisheries"
"FONDULAC","Minnesota Chippewa Tribe, Minnesota (Fond du Lac Band)","Tribe","PHOSPHORUS, TOTAL","Cultural: Aesthetic Waters"
"FONDULAC","Minnesota Chippewa Tribe, Minnesota (Fond du Lac Band)","Tribe","PHOSPHORUS, TOTAL","Aquatic Life: Cold Water Fisheries"
"FONDULAC","Minnesota Chippewa Tribe, Minnesota (Fond du Lac Band)","Tribe","TURBIDITY","Aquatic Life: Cold Water Fisheries"
"FONDULAC","Minnesota Chippewa Tribe, Minnesota (Fond du Lac Band)","Tribe","TRANSPARENCY / CLARITY","Aquatic Life: Cold Water Fisheries"
"FONDULAC","Minnesota Chippewa Tribe, Minnesota (Fond du Lac Band)","Tribe","TOTAL SUSPENDED SOLIDS (TSS)","Aquatic Life: Cold Water Fisheries"
"FONDULAC","Minnesota Chippewa Tribe, Minnesota (Fond du Lac Band)","Tribe","TEMPERATURE","Aquatic Life: Cold Water Fisheries"
"FONDULAC","Minnesota Chippewa Tribe, Minnesota (Fond du Lac Band)","Tribe","CHLOROPHYLL-A","Cultural: Aesthetic Waters"
"FONDULAC","Minnesota Chippewa Tribe, Minnesota (Fond du Lac Band)","Tribe","CHLOROPHYLL-A","Aquatic Life: Cold Water Fisheries"
"FONDULAC","Minnesota Chippewa Tribe, Minnesota (Fond du Lac Band)","Tribe","LEAD","Aquatic Life: Cold Water Fisheries"
"FONDULAC","Minnesota Chippewa Tribe, Minnesota (Fond du Lac Band)","Tribe","ZINC","Aquatic Life: Cold Water Fisheries"
"FONDULAC","Minnesota Chippewa Tribe, Minnesota (Fond du Lac Band)","Tribe","COPPER","Aquatic Life: Cold Water Fisheries"
"FONDULAC","Minnesota Chippewa Tribe, Minnesota (Fond du Lac Band)","Tribe","NICKEL","Aquatic Life: Cold Water Fisheries"
"FONDULAC","Minnesota Chippewa Tribe, Minnesota (Fond du Lac Band)","Tribe","ARSENIC","Aquatic Life: Cold Water Fisheries"
"FONDULAC","Minnesota Chippewa Tribe, Minnesota (Fond du Lac Band)","Tribe","CADMIUM","Aquatic Life: Cold Water Fisheries"
"FONDULAC","Minnesota Chippewa Tribe, Minnesota (Fond du Lac Band)","Tribe","CHROMIUM","Aquatic Life: Cold Water Fisheries"
"FONDULAC","Minnesota Chippewa Tribe, Minnesota (Fond du Lac Band)","Tribe","SELENIUM","Aquatic Life: Cold Water Fisheries"
"FONDULAC","Minnesota Chippewa Tribe, Minnesota (Fond du Lac Band)","Tribe","PH","Aquatic Life: Cold Water Fisheries"
"FONDULAC","Minnesota Chippewa Tribe, Minnesota (Fond du Lac Band)","Tribe","DISSOLVED OXYGEN","Aquatic Life: Cold Water Fisheries"
"FONDULAC","Minnesota Chippewa Tribe, Minnesota (Fond du Lac Band)","Tribe","CHLORIDE","Aquatic Life: Cold Water Fisheries"
"FONDULAC","Minnesota Chippewa Tribe, Minnesota (Fond du Lac Band)","Tribe","SPECIFIC CONDUCTIVITY","Aquatic Life: Cold Water Fisheries"
"FONDULAC","Minnesota Chippewa Tribe, Minnesota (Fond du Lac Band)","Tribe","BIOLOGICAL INTEGRITY","Wildlife"
"FONDULAC","Minnesota Chippewa Tribe, Minnesota (Fond du Lac Band)","Tribe","BIOLOGICAL INTEGRITY","Aquatic Life: Cold Water Fisheries"
"FONDULAC","Minnesota Chippewa Tribe, Minnesota (Fond du Lac Band)","Tribe","PERIPHYTON (AUFWUCHS) INDICATOR BIOASSESSMENTS","Cultural: Aesthetic Waters"
"FONDULAC","Minnesota Chippewa Tribe, Minnesota (Fond du Lac Band)","Tribe","PERIPHYTON (AUFWUCHS) INDICATOR BIOASSESSMENTS","Aquatic Life: Cold Water Fisheries"
"FONDULAC","Minnesota Chippewa Tribe, Minnesota (Fond du Lac Band)","Tribe","PERIPHYTON (AUFWUCHS) INDICATOR BIOASSESSMENTS","Recreation: Primary Contact Recreational"
"FONDULAC","Minnesota Chippewa Tribe, Minnesota (Fond du Lac Band)","Tribe","BIOLOGICAL INTEGRITY","Aquatic Life: Warm Water Fisheries"
"FONDULAC","Minnesota Chippewa Tribe, Minnesota (Fond du Lac Band)","Tribe","PERIPHYTON (AUFWUCHS) INDICATOR BIOASSESSMENTS","Aquatic Life: Warm Water Fisheries"
"FONDULAC","Minnesota Chippewa Tribe, Minnesota (Fond du Lac Band)","Tribe","NITROGEN, TOTAL","Cultural: Wild Rice Areas"
"FONDULAC","Minnesota Chippewa Tribe, Minnesota (Fond du Lac Band)","Tribe","PHOSPHORUS, TOTAL","Cultural: Wild Rice Areas"
"FONDULAC","Minnesota Chippewa Tribe, Minnesota (Fond du Lac Band)","Tribe","CHLOROPHYLL-A","Cultural: Wild Rice Areas"
"CHOCNAT","The Choctaw Nation of Oklahoma","Tribe","NITROGEN, TOTAL","General"
"CHOCNAT","The Choctaw Nation of Oklahoma","Tribe","PHOSPHORUS, TOTAL","General"
"CHOCNAT","The Choctaw Nation of Oklahoma","Tribe","ESCHERICHIA COLI (E. COLI)","Primary Body Contact Recreation"
"CHOCNAT","The Choctaw Nation of Oklahoma","Tribe","TURBIDITY","Warm Water Aquatic Community"
"CHOCNAT","The Choctaw Nation of Oklahoma","Tribe","TEMPERATURE","Warm Water Aquatic Community"
"CHOCNAT","The Choctaw Nation of Oklahoma","Tribe","PH, LOW","Warm Water Aquatic Community"
"CHOCNAT","The Choctaw Nation of Oklahoma","Tribe","DISSOLVED OXYGEN","Warm Water Aquatic Community"
"CHOCNAT","The Choctaw Nation of Oklahoma","Tribe","PH","Warm Water Aquatic Community"
"CHOCNAT","The Choctaw Nation of Oklahoma","Tribe","TEMPERATURE","General"
"TDECWR","Tennessee","State",NA,"Irrigation"
"TDECWR","Tennessee","State",NA,"Livestock Watering and Wildlife"
"TDECWR","Tennessee","State",NA,"Fish and Aquatic Life"
"TDECWR","Tennessee","State","ESCHERICHIA COLI (E. COLI)","Recreation"
"TDECWR","Tennessee","State","DISSOLVED OXYGEN","Fish and Aquatic Life"
"TDECWR","Tennessee","State",NA,"Recreation"
"TDECWR","Tennessee","State","NITRATE/NITRITE (NITRITE + NITRATE AS N)","Fish and Aquatic Life"
"TDECWR","Tennessee","State","ALTERATION IN STREAM-SIDE OR LITTORAL VEGETATIVE COVERS","Fish and Aquatic Life"
"TDECWR","Tennessee","State","SEDIMENTATION/SILTATION","Fish and Aquatic Life"
"TDECWR","Tennessee","State","FLOW REGIME MODIFICATION","Fish and Aquatic Life"
"TDECWR","Tennessee","State","NUTRIENTS","Fish and Aquatic Life"
"TDECWR","Tennessee","State","PHOSPHORUS, TOTAL","Fish and Aquatic Life"
"TDECWR","Tennessee","State","PHYSICAL SUBSTRATE HABITAT ALTERATIONS","Fish and Aquatic Life"
"TDECWR","Tennessee","State",NA,"Domestic Water Supply"
"TDECWR","Tennessee","State","HYDROGEN SULFIDE","Fish and Aquatic Life"
"TDECWR","Tennessee","State","AMMONIA, UN-IONIZED","Fish and Aquatic Life"
"TDECWR","Tennessee","State","SLUDGE","Livestock Watering and Wildlife"
"TDECWR","Tennessee","State","SLUDGE","Fish and Aquatic Life"
"TDECWR","Tennessee","State","SLUDGE","Recreation"
"TDECWR","Tennessee","State","DISSOLVED OXYGEN","Irrigation"
"TDECWR","Tennessee","State","DISSOLVED OXYGEN","Livestock Watering and Wildlife"
"TDECWR","Tennessee","State","ESCHERICHIA COLI (E. COLI)","Fish and Aquatic Life"
"TDECWR","Tennessee","State","SLUDGE","Irrigation"
"TDECWR","Tennessee","State","CAUSE UNKNOWN","Fish and Aquatic Life"
"TDECWR","Tennessee","State","PH, LOW","Fish and Aquatic Life"
"TDECWR","Tennessee","State",NA,"Industrial Water Supply"
"TDECWR","Tennessee","State","PH","Fish and Aquatic Life"
"TDECWR","Tennessee","State","IRON","Fish and Aquatic Life"
"TDECWR","Tennessee","State","MERCURY","Recreation"
"TDECWR","Tennessee","State","MANGANESE","Fish and Aquatic Life"
"TDECWR","Tennessee","State","TEMPERATURE","Fish and Aquatic Life"
"TDECWR","Tennessee","State","PH","Irrigation"
"TDECWR","Tennessee","State","PH","Livestock Watering and Wildlife"
"TDECWR","Tennessee","State","PH","Recreation"
"TDECWR","Tennessee","State","NUTRIENT/EUTROPHICATION BIOLOGICAL INDICATORS","Fish and Aquatic Life"
"TDECWR","Tennessee","State","LOW FLOW ALTERATIONS","Fish and Aquatic Life"
"TDECWR","Tennessee","State","ALUMINUM","Fish and Aquatic Life"
"TDECWR","Tennessee","State","SULFATE","Fish and Aquatic Life"
"TDECWR","Tennessee","State","THERMAL MODIFICATIONS","Fish and Aquatic Life"
"TDECWR","Tennessee","State","CHEMICAL OXYGEN DEMAND (COD)","Fish and Aquatic Life"
"TDECWR","Tennessee","State","MERCURY IN FISH TISSUE","Recreation"
"TDECWR","Tennessee","State","EUTROPHICATION, NUTRIENTS","Fish and Aquatic Life"
"TDECWR","Tennessee","State","EUTROPHICATION, NUTRIENTS","Domestic Water Supply"
"TDECWR","Tennessee","State","PH, HIGH","Fish and Aquatic Life"
"TDECWR","Tennessee","State","PH, HIGH","Domestic Water Supply"
"TDECWR","Tennessee","State","OTHER ANTHROPOGENIC SUBSTRATE ALTERATIONS","Fish and Aquatic Life"
"TDECWR","Tennessee","State","PCBS IN FISH TISSUE","Recreation"
"TDECWR","Tennessee","State","PROPYLENE GLYCOL","Fish and Aquatic Life"
"TDECWR","Tennessee","State","OIL AND GREASE","Fish and Aquatic Life"
"TDECWR","Tennessee","State","LEAD","Fish and Aquatic Life"
"TDECWR","Tennessee","State","COPPER","Fish and Aquatic Life"
"TDECWR","Tennessee","State","ARSENIC","Recreation"
"TDECWR","Tennessee","State","SELENIUM","Fish and Aquatic Life"
"TDECWR","Tennessee","State","ODOR","Fish and Aquatic Life"
"TDECWR","Tennessee","State","PHOSPHORUS, TOTAL","Domestic Water Supply"
"TDECWR","Tennessee","State","TOLUENE","Fish and Aquatic Life"
"TDECWR","Tennessee","State","TOLUENE","Recreation"
"TDECWR","Tennessee","State","LEAD","Recreation"
"TDECWR","Tennessee","State","NITRATE","Domestic Water Supply"
"TDECWR","Tennessee","State","SELENIUM, TOTAL","Fish and Aquatic Life"
"TDECWR","Tennessee","State","CHLORDANE","Recreation"
"TDECWR","Tennessee","State","POLYCHLORINATED BIPHENYLS (PCBS)","Recreation"
"TDECWR","Tennessee","State","FLOW ALTERATION","Fish and Aquatic Life"
"TDECWR","Tennessee","State","COLOR","Recreation"
"TDECWR","Tennessee","State","CHLORINE","Fish and Aquatic Life"
"TDECWR","Tennessee","State","TOTAL SUSPENDED SOLIDS (TSS)","Fish and Aquatic Life"
"TDECWR","Tennessee","State","BIOCHEMICAL OXYGEN DEMAND (BOD)","Fish and Aquatic Life"
"TDECWR","Tennessee","State","CHLORIDE","Fish and Aquatic Life"
"TDECWR","Tennessee","State","CHROMIUM, HEXAVALENT","Fish and Aquatic Life"
"TDECWR","Tennessee","State","ZINC","Fish and Aquatic Life"
"TDECWR","Tennessee","State","BIOLOGICAL INTEGRITY","Fish and Aquatic Life"
"TDECWR","Tennessee","State","CADMIUM","Fish and Aquatic Life"
"TDECWR","Tennessee","State","STRONTIUM","Recreation"
"TDECWR","Tennessee","State","CESIUM","Recreation"
"TDECWR","Tennessee","State","NITROGEN, TOTAL","Fish and Aquatic Life"
"TDECWR","Tennessee","State","OIL AND GREASE","Recreation"
"TDECWR","Tennessee","State","PHOSPHORUS","Fish and Aquatic Life"
"TDECWR","Tennessee","State","DIOXIN (INCLUDING 2,3,7,8-TCDD)","Recreation"
"TDECWR","Tennessee","State","BIFENTHRIN","Fish and Aquatic Life"
"TDECWR","Tennessee","State","KJELDAHL NITROGEN","Fish and Aquatic Life"
"TDECWR","Tennessee","State","ESCHERICHIA COLI (E. COLI)","Domestic Water Supply"
"TDECWR","Tennessee","State","SPECIFIC CONDUCTIVITY","Fish and Aquatic Life"
"TDECWR","Tennessee","State","WHOLE EFFLUENT TOXICITY (WET)","Fish and Aquatic Life"
"TDECWR","Tennessee","State","SILTATION","Fish and Aquatic Life"
"TDECWR","Tennessee","State","PHOSPHORUS, TOTAL","Recreation"
"TDECWR","Tennessee","State","NICKEL","Irrigation"
"TDECWR","Tennessee","State","NICKEL","Livestock Watering and Wildlife"
"TDECWR","Tennessee","State","NICKEL","Fish and Aquatic Life"
"TDECWR","Tennessee","State","TOTAL DISSOLVED SOLIDS (TDS)","Fish and Aquatic Life"
"TDECWR","Tennessee","State","CHLORIDE","Irrigation"
"TDECWR","Tennessee","State","CHLORIDE","Livestock Watering and Wildlife"
"TDECWR","Tennessee","State","TOTAL DISSOLVED SOLIDS (TDS)","Industrial Water Supply"
"TDECWR","Tennessee","State","TOTAL DISSOLVED SOLIDS (TDS)","Domestic Water Supply"
"TDECWR","Tennessee","State","COAL ASH","Fish and Aquatic Life"
"TDECWR","Tennessee","State","NOXIOUS AQUATIC PLANTS NATIVE","Recreation"
"TDECWR","Tennessee","State","RDX (HEXAHYDRO-1,3,5-TRINITRO-1,3,5-TRIAZINE)","Fish and Aquatic Life"
"TDECWR","Tennessee","State","ARSENIC","Fish and Aquatic Life"
"TDECWR","Tennessee","State","ALDRIN","Recreation"
"TDECWR","Tennessee","State","ENDRIN","Fish and Aquatic Life"
"TDECWR","Tennessee","State","ENDRIN","Recreation"
"TDECWR","Tennessee","State","DIELDRIN","Fish and Aquatic Life"
"TDECWR","Tennessee","State","DIELDRIN","Recreation"
"TDECWR","Tennessee","State","CHLORDANE","Fish and Aquatic Life"
"TDECWR","Tennessee","State","1,2-DICHLOROETHANE","Fish and Aquatic Life"
"TDECWR","Tennessee","State","1,2-DICHLOROETHANE","Recreation"
"TDECWR","Tennessee","State","POLYCHLORINATED BIPHENYLS (PCBS)","Fish and Aquatic Life"
"TDECWR","Tennessee","State","PESTICIDES","Recreation"
"TDECWR","Tennessee","State","TOTAL KJEHLDAHL NITROGEN (TKN)","Fish and Aquatic Life"
"TDECWR","Tennessee","State","FLOW ALTERATION-CHANGES IN DEPTH AND FLOW VELOCITY","Fish and Aquatic Life"
"TDECWR","Tennessee","State","CREOSOTE","Fish and Aquatic Life"
"TDECWR","Tennessee","State","TASTE","Recreation"
"TDECWR","Tennessee","State","TASTE","Domestic Water Supply"
"SCEQ","Seneca-Cayuga Nation","Tribe","NITROGEN","Cool Water Aquatic Community"
"SCEQ","Seneca-Cayuga Nation","Tribe","PHOSPHORUS","Cool Water Aquatic Community"
"SCEQ","Seneca-Cayuga Nation","Tribe","ESCHERICHIA COLI (E. COLI)","Primary Body Contact Recreation"
"SCEQ","Seneca-Cayuga Nation","Tribe","TURBIDITY","Cool Water Aquatic Community"
"SCEQ","Seneca-Cayuga Nation","Tribe","TEMPERATURE","Cool Water Aquatic Community"
"SCEQ","Seneca-Cayuga Nation","Tribe","PH","Cool Water Aquatic Community"
"SCEQ","Seneca-Cayuga Nation","Tribe","DISSOLVED OXYGEN","Cool Water Aquatic Community"
"SCEQ","Seneca-Cayuga Nation","Tribe",NA,"Primary Body Contact Recreation"
"SCEQ","Seneca-Cayuga Nation","Tribe","ESCHERICHIA COLI (E. COLI)","Cool Water Aquatic Community"
"SCEQ","Seneca-Cayuga Nation","Tribe","NITROGEN","Warm Water Aquatic Community"
"SCEQ","Seneca-Cayuga Nation","Tribe","PHOSPHORUS","Warm Water Aquatic Community"
"SCEQ","Seneca-Cayuga Nation","Tribe","ESCHERICHIA COLI (E. COLI)","Warm Water Aquatic Community"
"SCEQ","Seneca-Cayuga Nation","Tribe","TURBIDITY","Warm Water Aquatic Community"
"SCEQ","Seneca-Cayuga Nation","Tribe","TEMPERATURE","Warm Water Aquatic Community"
"SCEQ","Seneca-Cayuga Nation","Tribe","PH","Warm Water Aquatic Community"
"SCEQ","Seneca-Cayuga Nation","Tribe","DISSOLVED OXYGEN","Warm Water Aquatic Community"
"TAOSPBLO","Pueblo of Taos, New Mexico","Tribe","TURBIDITY","High Quality Coldwater Fishery"
"TAOSPBLO","Pueblo of Taos, New Mexico","Tribe","TEMPERATURE","High Quality Coldwater Fishery"
"TAOSPBLO","Pueblo of Taos, New Mexico","Tribe","PH","High Quality Coldwater Fishery"
"TAOSPBLO","Pueblo of Taos, New Mexico","Tribe","DISSOLVED OXYGEN","High Quality Coldwater Fishery"
"TAOSPBLO","Pueblo of Taos, New Mexico","Tribe","SPECIFIC CONDUCTIVITY","High Quality Coldwater Fishery"
"TAOSPBLO","Pueblo of Taos, New Mexico","Tribe","TURBIDITY","Coldwater Fishery"
"TAOSPBLO","Pueblo of Taos, New Mexico","Tribe","TEMPERATURE","Coldwater Fishery"
"TAOSPBLO","Pueblo of Taos, New Mexico","Tribe","PH","Coldwater Fishery"
"TAOSPBLO","Pueblo of Taos, New Mexico","Tribe","DISSOLVED OXYGEN","Coldwater Fishery"
"TAOSPBLO","Pueblo of Taos, New Mexico","Tribe","SPECIFIC CONDUCTIVITY","Coldwater Fishery"
"PUEBLO_POJOAQUE","Pueblo of Pojoaque, New Mexico","Tribe","AMMONIA","Irrigation"
"PUEBLO_POJOAQUE","Pueblo of Pojoaque, New Mexico","Tribe","TURBIDITY","Marginal Cold water Fisheries"
"PUEBLO_POJOAQUE","Pueblo of Pojoaque, New Mexico","Tribe","TURBIDITY","Primary Contact"
"PUEBLO_POJOAQUE","Pueblo of Pojoaque, New Mexico","Tribe","TEMPERATURE","Marginal Cold water Fisheries"
"PUEBLO_POJOAQUE","Pueblo of Pojoaque, New Mexico","Tribe","PH","Marginal Cold water Fisheries"
"PUEBLO_POJOAQUE","Pueblo of Pojoaque, New Mexico","Tribe","PH","Primary Contact"
"PUEBLO_POJOAQUE","Pueblo of Pojoaque, New Mexico","Tribe","DISSOLVED OXYGEN","Marginal Cold water Fisheries"
"PUEBLO_POJOAQUE","Pueblo of Pojoaque, New Mexico","Tribe","CHLORIDE","Irrigation"
"PUEBLO_POJOAQUE","Pueblo of Pojoaque, New Mexico","Tribe","TOTAL DISSOLVED SOLIDS (TDS)","Primary Contact"
"21KAN001","Kansas","State","AMMONIA","AQUATIC LIFE USE"
"21KAN001","Kansas","State","SILTATION","Domestic Water Supply"
"21KAN001","Kansas","State","NITRATE","Domestic Water Supply"
"21KAN001","Kansas","State","EUTROPHICATION","AQUATIC LIFE USE"
"21KAN001","Kansas","State","EUTROPHICATION","Primary Contact Recreation"
"21KAN001","Kansas","State","EUTROPHICATION","Domestic Water Supply"
"21KAN001","Kansas","State","FECAL COLIFORM","Primary Contact Recreation"
"21KAN001","Kansas","State","ESCHERICHIA COLI (E. COLI)","Primary Contact Recreation"
"21KAN001","Kansas","State","ALACHLOR","AQUATIC LIFE USE"
"21KAN001","Kansas","State","ATRAZINE","AQUATIC LIFE USE"
"21KAN001","Kansas","State","ATRAZINE","Domestic Water Supply"
"21KAN001","Kansas","State","TEMPERATURE","AQUATIC LIFE USE"
"21KAN001","Kansas","State","BORON","Agricultural Supply Use--Irrigation"
"21KAN001","Kansas","State","FLUORIDE","Agricultural Supply Use--Irrigation"
"21KAN001","Kansas","State","FLUORIDE","Domestic Water Supply"
"21KAN001","Kansas","State","AQUATIC PLANTS (MACROPHYTES)","Primary Contact Recreation"
"21KAN001","Kansas","State","LEAD","AQUATIC LIFE USE"
"21KAN001","Kansas","State","LEAD","Domestic Water Supply"
"21KAN001","Kansas","State","ZINC","AQUATIC LIFE USE"
"21KAN001","Kansas","State","COPPER","AQUATIC LIFE USE"
"21KAN001","Kansas","State","COPPER","Domestic Water Supply"
"21KAN001","Kansas","State","ARSENIC","Domestic Water Supply"
"21KAN001","Kansas","State","CADMIUM","AQUATIC LIFE USE"
"21KAN001","Kansas","State","SELENIUM","AQUATIC LIFE USE"
"21KAN001","Kansas","State","BERYLLIUM","Domestic Water Supply"
"21KAN001","Kansas","State","CHROMIUM, TOTAL","Agricultural Supply Use--Irrigation"
"21KAN001","Kansas","State","CHROMIUM, TOTAL","AQUATIC LIFE USE"
"21KAN001","Kansas","State","CHROMIUM, TOTAL","Domestic Water Supply"
"21KAN001","Kansas","State","PH","AQUATIC LIFE USE"
"21KAN001","Kansas","State","DISSOLVED OXYGEN","AQUATIC LIFE USE"
"21KAN001","Kansas","State","SULFATE","Domestic Water Supply"
"21KAN001","Kansas","State","CHLORIDE","Domestic Water Supply"
"21KAN001","Kansas","State","EUTROPHICATION","Secondary Contact Recreation"
"21KAN001","Kansas","State","FECAL COLIFORM","Secondary Contact Recreation"
"21KAN001","Kansas","State","ESCHERICHIA COLI (E. COLI)","Secondary Contact Recreation"
"21KAN001","Kansas","State","AQUATIC PLANTS (MACROPHYTES)","Secondary Contact Recreation"
"21KAN001","Kansas","State",NA,"AQUATIC LIFE USE"
"21KAN001","Kansas","State",NA,"Primary Contact Recreation"
"21KAN001","Kansas","State",NA,"Domestic Water Supply"
"21KAN001","Kansas","State",NA,"Food Procurement"
"21KAN001","Kansas","State",NA,"Secondary Contact Recreation"
"21KAN001","Kansas","State",NA,"Agricultural Supply Use--Irrigation"
"21KAN001","Kansas","State","MERCURY IN FISH TISSUE","Food Procurement"
"21KAN001","Kansas","State","ARSENIC","Food Procurement"
"21KAN001","Kansas","State","BORON","Domestic Water Supply"
"21KAN001","Kansas","State","DDT IN FISH TISSUE","Food Procurement"
"21KAN001","Kansas","State","HEPTACHLOR EPOXIDE","Food Procurement"
"21KAN001","Kansas","State","DIELDRIN IN FISH TISSUE","Food Procurement"
"21KAN001","Kansas","State","CHLORDANE IN FISH TISSUE","Food Procurement"
"21KAN001","Kansas","State","PHOSPHORUS, TOTAL","AQUATIC LIFE USE"
"21KAN001","Kansas","State","ALPHA PARTICLES","Domestic Water Supply"
"21KAN001","Kansas","State","TOTAL SUSPENDED SOLIDS (TSS)","AQUATIC LIFE USE"
"21KAN001","Kansas","State","BIOLOGICAL INTEGRITY","AQUATIC LIFE USE"
"21KAN001","Kansas","State","BENTHIC MACROINVERTEBRATES BIOASSESSMENTS","AQUATIC LIFE USE"
"21KAN001","Kansas","State","DIAZINON","AQUATIC LIFE USE"
"21KAN001","Kansas","State","PCBS IN FISH TISSUE","Food Procurement"
"21AS","American Samoa","State",NA,"Swimming"
"21AS","American Samoa","State",NA,"Fish Consumption"
"21AS","American Samoa","State","NITROGEN, TOTAL","Aquatic Life"
"21AS","American Samoa","State","PHOSPHORUS, TOTAL","Aquatic Life"
"21AS","American Samoa","State","NITROGEN, TOTAL","Swimming"
"21AS","American Samoa","State","ENTEROCOCCUS","Swimming"
"21AS","American Samoa","State",NA,"Aquatic Life"
"21AS","American Samoa","State","TURBIDITY","Aquatic Life"
"21AS","American Samoa","State","DISSOLVED OXYGEN","Aquatic Life"
"21AS","American Samoa","State","PH","Aquatic Life"
"21AS","American Samoa","State","CAUSE UNKNOWN","Aquatic Life"
"21AS","American Samoa","State",NA,"AGRICULTURE"
"21AS","American Samoa","State",NA,"CULT./CEREMONIAL"
"21AS","American Samoa","State",NA,"RECREATION"
"21AS","American Samoa","State","CHLOROPHYLL-A - AQUATIC LIFE USE SUPPORT","Aquatic Life"
"21AS","American Samoa","State","MERCURY","Fish Consumption"
"21AS","American Samoa","State","ENTEROCOCCUS","Aquatic Life"
"21AS","American Samoa","State","POLYCHLORINATED BIPHENYLS (PCBS)","Fish Consumption"
"OTTAWATRIBEOFOK","Ottawa Tribe of Oklahoma","Tribe","ENTEROCOCCUS","Primary Body Contact Recreation"
"OTTAWATRIBEOFOK","Ottawa Tribe of Oklahoma","Tribe","ESCHERICHIA COLI (E. COLI)","Primary Body Contact Recreation"
"OTTAWATRIBEOFOK","Ottawa Tribe of Oklahoma","Tribe","TURBIDITY","Warm Water Aquatic Community"
"OTTAWATRIBEOFOK","Ottawa Tribe of Oklahoma","Tribe","TEMPERATURE","Warm Water Aquatic Community"
"OTTAWATRIBEOFOK","Ottawa Tribe of Oklahoma","Tribe","PH","Warm Water Aquatic Community"
"OTTAWATRIBEOFOK","Ottawa Tribe of Oklahoma","Tribe","DISSOLVED OXYGEN","Warm Water Aquatic Community"
"OTTAWATRIBEOFOK","Ottawa Tribe of Oklahoma","Tribe","SALINITY","Warm Water Aquatic Community"
"OTTAWATRIBEOFOK","Ottawa Tribe of Oklahoma","Tribe","CONDUCTIVITY","Warm Water Aquatic Community"
"OTTAWATRIBEOFOK","Ottawa Tribe of Oklahoma","Tribe","TURBIDITY","Habitat Limited Aquatic Community"
"OTTAWATRIBEOFOK","Ottawa Tribe of Oklahoma","Tribe","TEMPERATURE","Habitat Limited Aquatic Community"
"OTTAWATRIBEOFOK","Ottawa Tribe of Oklahoma","Tribe","PH","Habitat Limited Aquatic Community"
"OTTAWATRIBEOFOK","Ottawa Tribe of Oklahoma","Tribe","DISSOLVED OXYGEN","Habitat Limited Aquatic Community"
"OTTAWATRIBEOFOK","Ottawa Tribe of Oklahoma","Tribe","SALINITY","Habitat Limited Aquatic Community"
"OTTAWATRIBEOFOK","Ottawa Tribe of Oklahoma","Tribe","CONDUCTIVITY","Habitat Limited Aquatic Community"
"OTTAWATRIBEOFOK","Ottawa Tribe of Oklahoma","Tribe","TURBIDITY","Cool Water Aquatic Community"
"OTTAWATRIBEOFOK","Ottawa Tribe of Oklahoma","Tribe","TEMPERATURE","Cool Water Aquatic Community"
"OTTAWATRIBEOFOK","Ottawa Tribe of Oklahoma","Tribe","PH","Cool Water Aquatic Community"
"OTTAWATRIBEOFOK","Ottawa Tribe of Oklahoma","Tribe","DISSOLVED OXYGEN","Cool Water Aquatic Community"
"OTTAWATRIBEOFOK","Ottawa Tribe of Oklahoma","Tribe","SALINITY","Cool Water Aquatic Community"
"OTTAWATRIBEOFOK","Ottawa Tribe of Oklahoma","Tribe","CONDUCTIVITY","Cool Water Aquatic Community"
"21NMEX","New Mexico","State",NA,"Livestock Watering"
"21NMEX","New Mexico","State",NA,"Wildlife Habitat"
"21NMEX","New Mexico","State",NA,"Marginal Warmwater Aquatic Life"
"21NMEX","New Mexico","State","ESCHERICHIA COLI (E. COLI)","Primary Contact"
"21NMEX","New Mexico","State","BORON","Irrigation"
"21NMEX","New Mexico","State",NA,"Irrigation"
"21NMEX","New Mexico","State",NA,"Irrigation Storage"
"21NMEX","New Mexico","State",NA,"Primary Contact"
"21NMEX","New Mexico","State","MERCURY - FISH CONSUMPTION ADVISORY","Warmwater Aquatic Life"
"21NMEX","New Mexico","State","PCBS - FISH CONSUMPTION ADVISORY","Warmwater Aquatic Life"
"21NMEX","New Mexico","State",NA,"Public Water Supply"
"21NMEX","New Mexico","State","ALUMINUM, TOTAL","Marginal Warmwater Aquatic Life"
"21NMEX","New Mexico","State","TEMPERATURE","Marginal Warmwater Aquatic Life"
"21NMEX","New Mexico","State","COPPER, DISSOLVED","Marginal Warmwater Aquatic Life"
"21NMEX","New Mexico","State","MERCURY, TOTAL","Wildlife Habitat"
"21NMEX","New Mexico","State","ACROLEIN","Warmwater Aquatic Life"
"21NMEX","New Mexico","State","ALUMINUM, TOTAL","Warmwater Aquatic Life"
"21NMEX","New Mexico","State","SELENIUM, TOTAL","Warmwater Aquatic Life"
"21NMEX","New Mexico","State","MERCURY - FISH CONSUMPTION ADVISORY","Marginal Warmwater Aquatic Life"
"21NMEX","New Mexico","State","PCBS - FISH CONSUMPTION ADVISORY","Marginal Warmwater Aquatic Life"
"21NMEX","New Mexico","State","DISSOLVED OXYGEN","Marginal Warmwater Aquatic Life"
"21NMEX","New Mexico","State","NUTRIENTS","Coldwater Aquatic Life"
"21NMEX","New Mexico","State","TURBIDITY","Coldwater Aquatic Life"
"21NMEX","New Mexico","State","TEMPERATURE","Coldwater Aquatic Life"
"21NMEX","New Mexico","State","ARSENIC","Irrigation"
"21NMEX","New Mexico","State","ARSENIC","Coldwater Aquatic Life"
"21NMEX","New Mexico","State","SEDIMENTATION/SILTATION","Marginal Warmwater Aquatic Life"
"21NMEX","New Mexico","State","ARSENIC","Marginal Warmwater Aquatic Life"
"21NMEX","New Mexico","State","ALPHA PARTICLES","Livestock Watering"
"21NMEX","New Mexico","State","POLYCHLORINATED BIPHENYLS (PCBS)","Warmwater Aquatic Life"
"21NMEX","New Mexico","State","SEDIMENTATION/SILTATION","Coolwater Aquatic Life"
"21NMEX","New Mexico","State","NUTRIENTS","Coolwater Aquatic Life"
"21NMEX","New Mexico","State",NA,"Coolwater Aquatic Life"
"21NMEX","New Mexico","State",NA,"Warmwater Aquatic Life"
"21NMEX","New Mexico","State",NA,"Marginal Coldwater Aquatic Life"
"21NMEX","New Mexico","State",NA,"Secondary Contact"
"21NMEX","New Mexico","State","MERCURY - FISH CONSUMPTION ADVISORY","Marginal Coldwater Aquatic Life"
"21NMEX","New Mexico","State","TURBIDITY","Marginal Coldwater Aquatic Life"
"21NMEX","New Mexico","State","TEMPERATURE","Marginal Coldwater Aquatic Life"
"21NMEX","New Mexico","State","CYANIDE","Wildlife Habitat"
"21NMEX","New Mexico","State","THALLIUM","Marginal Coldwater Aquatic Life"
"21NMEX","New Mexico","State","ALUMINUM, TOTAL","Marginal Coldwater Aquatic Life"
"21NMEX","New Mexico","State","SELENIUM, TOTAL","Wildlife Habitat"
"21NMEX","New Mexico","State","SELENIUM, TOTAL","Marginal Coldwater Aquatic Life"
"21NMEX","New Mexico","State","ALUMINUM, DISSOLVED","Irrigation"
"21NMEX","New Mexico","State","PCBS - FISH CONSUMPTION ADVISORY","Marginal Coldwater Aquatic Life"
"21NMEX","New Mexico","State","POLYCHLORINATED BIPHENYLS (PCBS)","Wildlife Habitat"
"21NMEX","New Mexico","State","POLYCHLORINATED BIPHENYLS (PCBS)","Marginal Coldwater Aquatic Life"
"21NMEX","New Mexico","State","FISH CONSUMPTION ADVISORY - DDE, DDT","Warmwater Aquatic Life"
"21NMEX","New Mexico","State","FISH CONSUMPTION ADVISORY - DDE, DDT","Marginal Coldwater Aquatic Life"
"21NMEX","New Mexico","State","NUTRIENTS","Marginal Coldwater Aquatic Life"
"21NMEX","New Mexico","State","DISSOLVED OXYGEN","Marginal Coldwater Aquatic Life"
"21NMEX","New Mexico","State","SEDIMENTATION/SILTATION","Marginal Coldwater Aquatic Life"
"21NMEX","New Mexico","State",NA,"Coldwater Aquatic Life"
"21NMEX","New Mexico","State","NUTRIENTS","Warmwater Aquatic Life"
"21NMEX","New Mexico","State","ESCHERICHIA COLI (E. COLI)","Secondary Contact"
"21NMEX","New Mexico","State","DISSOLVED OXYGEN","Coldwater Aquatic Life"
"21NMEX","New Mexico","State","DISSOLVED OXYGEN","Warmwater Aquatic Life"
"21NMEX","New Mexico","State","MERCURY - FISH CONSUMPTION ADVISORY","Coldwater Aquatic Life"
"21NMEX","New Mexico","State","PCBS - FISH CONSUMPTION ADVISORY","Coldwater Aquatic Life"
"21NMEX","New Mexico","State",NA,"Fish Culture"
"21NMEX","New Mexico","State","PH","Coldwater Aquatic Life"
"21NMEX","New Mexico","State","ALUMINUM, TOTAL","Coldwater Aquatic Life"
"21NMEX","New Mexico","State","SEDIMENTATION/SILTATION","Coldwater Aquatic Life"
"21NMEX","New Mexico","State","NUTRIENTS","Marginal Warmwater Aquatic Life"
"21NMEX","New Mexico","State",NA,"Limited Aquatic Life"
"21NMEX","New Mexico","State","FLOW REGIME MODIFICATION","Coldwater Aquatic Life"
"21NMEX","New Mexico","State",NA,"Industrial Water Supply"
"21NMEX","New Mexico","State",NA,"Domestic Water Supply"
"21NMEX","New Mexico","State","TEMPERATURE","High Quality Coldwater Aquatic Life"
"21NMEX","New Mexico","State","BENTHIC MACROINVERTEBRATES","High Quality Coldwater Aquatic Life"
"21NMEX","New Mexico","State",NA,"High Quality Coldwater Aquatic Life"
"21NMEX","New Mexico","State","DISSOLVED OXYGEN","High Quality Coldwater Aquatic Life"
"21NMEX","New Mexico","State","TEMPERATURE","Coolwater Aquatic Life"
"21NMEX","New Mexico","State","BENTHIC MACROINVERTEBRATES","Coolwater Aquatic Life"
"21NMEX","New Mexico","State","SPECIFIC CONDUCTIVITY","High Quality Coldwater Aquatic Life"
"21NMEX","New Mexico","State","CHLORIDE","Irrigation"
"21NMEX","New Mexico","State","BENTHIC MACROINVERTEBRATES","Marginal Coldwater Aquatic Life"
"21NMEX","New Mexico","State","PH","Marginal Coldwater Aquatic Life"
"21NMEX","New Mexico","State","PHOSPHORUS, TOTAL","Coolwater Aquatic Life"
"21NMEX","New Mexico","State","TURBIDITY","Coolwater Aquatic Life"
"21NMEX","New Mexico","State","LEAD","Coolwater Aquatic Life"
"21NMEX","New Mexico","State","TEMPERATURE","Warmwater Aquatic Life"
"21NMEX","New Mexico","State","TURBIDITY","High Quality Coldwater Aquatic Life"
"21NMEX","New Mexico","State","ALUMINUM, TOTAL","High Quality Coldwater Aquatic Life"
"21NMEX","New Mexico","State","NUTRIENTS","High Quality Coldwater Aquatic Life"
"21NMEX","New Mexico","State","AMMONIA","Coldwater Aquatic Life"
"21NMEX","New Mexico","State","MANGANESE","Coldwater Aquatic Life"
"21NMEX","New Mexico","State","AMMONIA, TOTAL","Coldwater Aquatic Life"
"21NMEX","New Mexico","State","ESCHERICHIA COLI (E. COLI)","Marginal Coldwater Aquatic Life"
"21NMEX","New Mexico","State","BENTHIC MACROINVERTEBRATES","Coldwater Aquatic Life"
"21NMEX","New Mexico","State","SULFATE","Irrigation"
"21NMEX","New Mexico","State","TOTAL DISSOLVED SOLIDS (TDS)","Irrigation"
"21NMEX","New Mexico","State","SELENIUM, TOTAL","Coolwater Aquatic Life"
"21NMEX","New Mexico","State","FLOW REGIME MODIFICATION","High Quality Coldwater Aquatic Life"
"21NMEX","New Mexico","State","CADMIUM","Coolwater Aquatic Life"
"21NMEX","New Mexico","State","POLYCHLORINATED BIPHENYLS (PCBS)","Coldwater Aquatic Life"
"21NMEX","New Mexico","State","POLYCHLORINATED BIPHENYLS (PCBS)","Limited Aquatic Life"
"21NMEX","New Mexico","State","SILVER","Limited Aquatic Life"
"21NMEX","New Mexico","State","COPPER, DISSOLVED","Limited Aquatic Life"
"21NMEX","New Mexico","State","ALUMINUM, TOTAL","Limited Aquatic Life"
"21NMEX","New Mexico","State","POLYCHLORINATED BIPHENYLS (PCBS)","Marginal Warmwater Aquatic Life"
"21NMEX","New Mexico","State","COPPER, DISSOLVED","Coldwater Aquatic Life"
"21NMEX","New Mexico","State","SELENIUM, TOTAL","Marginal Warmwater Aquatic Life"
"21NMEX","New Mexico","State","SILVER","Coldwater Aquatic Life"
"21NMEX","New Mexico","State","BENTHIC MACROINVERTEBRATES","Warmwater Aquatic Life"
"21NMEX","New Mexico","State","SEDIMENTATION/SILTATION","High Quality Coldwater Aquatic Life"
"21NMEX","New Mexico","State","ARSENIC","High Quality Coldwater Aquatic Life"
"21NMEX","New Mexico","State","ARSENIC","Domestic Water Supply"
"21NMEX","New Mexico","State","PH","High Quality Coldwater Aquatic Life"
"21NMEX","New Mexico","State","SEDIMENTATION","High Quality Coldwater Aquatic Life"
"21NMEX","New Mexico","State","ALUMINUM, DISSOLVED","High Quality Coldwater Aquatic Life"
"21NMEX","New Mexico","State","ALUMINUM, DISSOLVED","Limited Aquatic Life"
"21NMEX","New Mexico","State","SPECIFIC CONDUCTIVITY","Limited Aquatic Life"
"21NMEX","New Mexico","State","ACROLEIN","High Quality Coldwater Aquatic Life"
"21NMEX","New Mexico","State","AMMONIA, TOTAL","Warmwater Aquatic Life"
"21NMEX","New Mexico","State","SEDIMENTATION/SILTATION","Warmwater Aquatic Life"
"21NMEX","New Mexico","State","URANIUM","Domestic Water Supply"
"21NMEX","New Mexico","State","LEAD","High Quality Coldwater Aquatic Life"
"21NMEX","New Mexico","State","FISH CONSUMPTION ADVISORY - DDE, DDT","High Quality Coldwater Aquatic Life"
"21NMEX","New Mexico","State","FLOW REGIME MODIFICATION","Warmwater Aquatic Life"
"21NMEX","New Mexico","State","PHOSPHORUS, TOTAL","High Quality Coldwater Aquatic Life"
"21NMEX","New Mexico","State","PHOSPHORUS, TOTAL","Coldwater Aquatic Life"
"21NMEX","New Mexico","State","MERCURY - FISH CONSUMPTION ADVISORY","Coolwater Aquatic Life"
"21NMEX","New Mexico","State","PCBS - FISH CONSUMPTION ADVISORY","Coolwater Aquatic Life"
"21NMEX","New Mexico","State","COPPER, DISSOLVED","High Quality Coldwater Aquatic Life"
"21NMEX","New Mexico","State","AMMONIA, TOTAL","High Quality Coldwater Aquatic Life"
"21NMEX","New Mexico","State","FLOW REGIME MODIFICATION","Marginal Warmwater Aquatic Life"
"21NMEX","New Mexico","State","RADIUM","Domestic Water Supply"
"21NMEX","New Mexico","State","ALPHA PARTICLES","Domestic Water Supply"
"21NMEX","New Mexico","State","RADIUM","Livestock Watering"
"21NMEX","New Mexico","State","CYANIDE","Limited Aquatic Life"
"21NMEX","New Mexico","State","CYANIDE","Warmwater Aquatic Life"
"21NMEX","New Mexico","State","ALUMINUM, TOTAL","Coolwater Aquatic Life"
"21NMEX","New Mexico","State","POLYCHLORINATED BIPHENYLS (PCBS)","Coolwater Aquatic Life"
"21NMEX","New Mexico","State","SELENIUM, TOTAL","Limited Aquatic Life"
"21NMEX","New Mexico","State","ALUMINUM, DISSOLVED","Warmwater Aquatic Life"
"21NMEX","New Mexico","State","PH","Warmwater Aquatic Life"
"21NMEX","New Mexico","State","ACROLEIN","Coolwater Aquatic Life"
"21NMEX","New Mexico","State","ARSENIC","Warmwater Aquatic Life"
"21NMEX","New Mexico","State","FLOW REGIME MODIFICATION","Marginal Coldwater Aquatic Life"
"AKDECWQ","Alaska","State",NA,"MARINE WATER / WATER SUPPLY / INDUSTRIAL"
"AKDECWQ","Alaska","State",NA,"MARINE WATER / WATER SUPPLY / SEAFOOD PROCESSING"
"AKDECWQ","Alaska","State",NA,"MARINE WATER / GROWTH AND PROPAGATION OF FISH, SHELLFISH, OTHER AQUATIC LIFE AND WILDLIFE"
"AKDECWQ","Alaska","State",NA,"MARINE WATER / WATER RECREATION / CONTACT RECREATION"
"AKDECWQ","Alaska","State",NA,"MARINE WATER / WATER RECREATION / SECONDARY RECREATION"
"AKDECWQ","Alaska","State",NA,"MARINE WATER / HARVESTING FOR CONSUMPTION OF RAW MOLLUSKS OR OTHER RAW AQUATIC LIFE"
"AKDECWQ","Alaska","State","PETROLEUM HYDROCARBONS","MARINE WATER / WATER SUPPLY / AQUACULTURE"
"AKDECWQ","Alaska","State","ENTEROCOCCUS","MARINE WATER / WATER RECREATION / CONTACT RECREATION"
"AKDECWQ","Alaska","State","FECAL COLIFORM","MARINE WATER / WATER SUPPLY / INDUSTRIAL"
"AKDECWQ","Alaska","State","FECAL COLIFORM","MARINE WATER / WATER SUPPLY / AQUACULTURE"
"AKDECWQ","Alaska","State","FECAL COLIFORM","MARINE WATER / WATER SUPPLY / SEAFOOD PROCESSING"
"AKDECWQ","Alaska","State","FECAL COLIFORM","MARINE WATER / WATER RECREATION / SECONDARY RECREATION"
"AKDECWQ","Alaska","State","FECAL COLIFORM","MARINE WATER / HARVESTING FOR CONSUMPTION OF RAW MOLLUSKS OR OTHER RAW AQUATIC LIFE"
"AKDECWQ","Alaska","State","PH","MARINE WATER / WATER SUPPLY / INDUSTRIAL"
"AKDECWQ","Alaska","State","PH","MARINE WATER / WATER SUPPLY / AQUACULTURE"
"AKDECWQ","Alaska","State","PH","MARINE WATER / WATER SUPPLY / SEAFOOD PROCESSING"
"AKDECWQ","Alaska","State","PH","MARINE WATER / GROWTH AND PROPAGATION OF FISH, SHELLFISH, OTHER AQUATIC LIFE AND WILDLIFE"
"AKDECWQ","Alaska","State","PH","MARINE WATER / WATER RECREATION / CONTACT RECREATION"
"AKDECWQ","Alaska","State","PH","MARINE WATER / WATER RECREATION / SECONDARY RECREATION"
"AKDECWQ","Alaska","State","PH","MARINE WATER / HARVESTING FOR CONSUMPTION OF RAW MOLLUSKS OR OTHER RAW AQUATIC LIFE"
"AKDECWQ","Alaska","State",NA,"MARINE WATER / WATER SUPPLY / AQUACULTURE"
"AKDECWQ","Alaska","State","FECAL COLIFORM","FRESH WATER / WATER RECREATION / SECONDARY RECREATION"
"AKDECWQ","Alaska","State","FECAL COLIFORM","MARINE WATER / WATER RECREATION / CONTACT RECREATION"
"AKDECWQ","Alaska","State",NA,"FRESH WATER / WATER SUPPLY / INDUSTRIAL"
"AKDECWQ","Alaska","State",NA,"FRESH WATER / WATER SUPPLY / AQUACULTURE"
"AKDECWQ","Alaska","State",NA,"FRESH WATER / WATER SUPPLY / AGRICULTURE, INCLUDING IRRIGATION AND STOCK WATERING"
"AKDECWQ","Alaska","State",NA,"FRESH WATER / GROWTH AND PROPAGATION OF FISH, SHELLFISH, OTHER AQUATIC LIFE AND WILDLIFE"
"AKDECWQ","Alaska","State",NA,"FRESH WATER / WATER RECREATION / CONTACT RECREATION"
"AKDECWQ","Alaska","State",NA,"FRESH WATER / WATER RECREATION / SECONDARY RECREATION"
"AKDECWQ","Alaska","State",NA,"FRESH WATER / WATER SUPPLY / DRINKING, CULINARY, AND FOOD PROCESSING"
"AKDECWQ","Alaska","State","AMMONIA","FRESH WATER / WATER SUPPLY / INDUSTRIAL"
"AKDECWQ","Alaska","State","AMMONIA","FRESH WATER / WATER SUPPLY / AQUACULTURE"
"AKDECWQ","Alaska","State","AMMONIA","FRESH WATER / WATER SUPPLY / AGRICULTURE, INCLUDING IRRIGATION AND STOCK WATERING"
"AKDECWQ","Alaska","State","AMMONIA","FRESH WATER / GROWTH AND PROPAGATION OF FISH, SHELLFISH, OTHER AQUATIC LIFE AND WILDLIFE"
"AKDECWQ","Alaska","State","AMMONIA","FRESH WATER / WATER RECREATION / CONTACT RECREATION"
"AKDECWQ","Alaska","State","AMMONIA","FRESH WATER / WATER RECREATION / SECONDARY RECREATION"
"AKDECWQ","Alaska","State","AMMONIA","FRESH WATER / WATER SUPPLY / DRINKING, CULINARY, AND FOOD PROCESSING"
"AKDECWQ","Alaska","State","NITRATE/NITRITE (NITRITE + NITRATE AS N)","FRESH WATER / WATER SUPPLY / INDUSTRIAL"
"AKDECWQ","Alaska","State","NITRATE/NITRITE (NITRITE + NITRATE AS N)","FRESH WATER / WATER SUPPLY / AQUACULTURE"
"AKDECWQ","Alaska","State","NITRATE/NITRITE (NITRITE + NITRATE AS N)","FRESH WATER / WATER SUPPLY / AGRICULTURE, INCLUDING IRRIGATION AND STOCK WATERING"
"AKDECWQ","Alaska","State","NITRATE/NITRITE (NITRITE + NITRATE AS N)","FRESH WATER / GROWTH AND PROPAGATION OF FISH, SHELLFISH, OTHER AQUATIC LIFE AND WILDLIFE"
"AKDECWQ","Alaska","State","NITRATE/NITRITE (NITRITE + NITRATE AS N)","FRESH WATER / WATER RECREATION / CONTACT RECREATION"
"AKDECWQ","Alaska","State","NITRATE/NITRITE (NITRITE + NITRATE AS N)","FRESH WATER / WATER RECREATION / SECONDARY RECREATION"
"AKDECWQ","Alaska","State","NITRATE/NITRITE (NITRITE + NITRATE AS N)","FRESH WATER / WATER SUPPLY / DRINKING, CULINARY, AND FOOD PROCESSING"
"AKDECWQ","Alaska","State","TEMPERATURE","FRESH WATER / WATER SUPPLY / INDUSTRIAL"
"AKDECWQ","Alaska","State","TEMPERATURE","FRESH WATER / WATER SUPPLY / AQUACULTURE"
"AKDECWQ","Alaska","State","TEMPERATURE","FRESH WATER / WATER SUPPLY / AGRICULTURE, INCLUDING IRRIGATION AND STOCK WATERING"
"AKDECWQ","Alaska","State","TEMPERATURE","FRESH WATER / GROWTH AND PROPAGATION OF FISH, SHELLFISH, OTHER AQUATIC LIFE AND WILDLIFE"
"AKDECWQ","Alaska","State","TEMPERATURE","FRESH WATER / WATER RECREATION / CONTACT RECREATION"
"AKDECWQ","Alaska","State","TEMPERATURE","FRESH WATER / WATER RECREATION / SECONDARY RECREATION"
"AKDECWQ","Alaska","State","TEMPERATURE","FRESH WATER / WATER SUPPLY / DRINKING, CULINARY, AND FOOD PROCESSING"
"AKDECWQ","Alaska","State","PH","FRESH WATER / WATER SUPPLY / INDUSTRIAL"
"AKDECWQ","Alaska","State","PH","FRESH WATER / WATER SUPPLY / AQUACULTURE"
"AKDECWQ","Alaska","State","PH","FRESH WATER / WATER SUPPLY / AGRICULTURE, INCLUDING IRRIGATION AND STOCK WATERING"
"AKDECWQ","Alaska","State","PH","FRESH WATER / GROWTH AND PROPAGATION OF FISH, SHELLFISH, OTHER AQUATIC LIFE AND WILDLIFE"
"AKDECWQ","Alaska","State","PH","FRESH WATER / WATER RECREATION / CONTACT RECREATION"
"AKDECWQ","Alaska","State","PH","FRESH WATER / WATER RECREATION / SECONDARY RECREATION"
"AKDECWQ","Alaska","State","PH","FRESH WATER / WATER SUPPLY / DRINKING, CULINARY, AND FOOD PROCESSING"
"AKDECWQ","Alaska","State","ALKALINITY","FRESH WATER / WATER SUPPLY / INDUSTRIAL"
"AKDECWQ","Alaska","State","ALKALINITY","FRESH WATER / WATER SUPPLY / AQUACULTURE"
"AKDECWQ","Alaska","State","ALKALINITY","FRESH WATER / WATER SUPPLY / AGRICULTURE, INCLUDING IRRIGATION AND STOCK WATERING"
"AKDECWQ","Alaska","State","ALKALINITY","FRESH WATER / GROWTH AND PROPAGATION OF FISH, SHELLFISH, OTHER AQUATIC LIFE AND WILDLIFE"
"AKDECWQ","Alaska","State","ALKALINITY","FRESH WATER / WATER RECREATION / CONTACT RECREATION"
"AKDECWQ","Alaska","State","ALKALINITY","FRESH WATER / WATER RECREATION / SECONDARY RECREATION"
"AKDECWQ","Alaska","State","ALKALINITY","FRESH WATER / WATER SUPPLY / DRINKING, CULINARY, AND FOOD PROCESSING"
"AKDECWQ","Alaska","State","DISSOLVED OXYGEN","FRESH WATER / WATER SUPPLY / INDUSTRIAL"
"AKDECWQ","Alaska","State","DISSOLVED OXYGEN","FRESH WATER / WATER SUPPLY / AQUACULTURE"
"AKDECWQ","Alaska","State","DISSOLVED OXYGEN","FRESH WATER / WATER SUPPLY / AGRICULTURE, INCLUDING IRRIGATION AND STOCK WATERING"
"AKDECWQ","Alaska","State","DISSOLVED OXYGEN","FRESH WATER / GROWTH AND PROPAGATION OF FISH, SHELLFISH, OTHER AQUATIC LIFE AND WILDLIFE"
"AKDECWQ","Alaska","State","DISSOLVED OXYGEN","FRESH WATER / WATER RECREATION / CONTACT RECREATION"
"AKDECWQ","Alaska","State","DISSOLVED OXYGEN","FRESH WATER / WATER RECREATION / SECONDARY RECREATION"
"AKDECWQ","Alaska","State","DISSOLVED OXYGEN","FRESH WATER / WATER SUPPLY / DRINKING, CULINARY, AND FOOD PROCESSING"
"AKDECWQ","Alaska","State","FECAL COLIFORM","FRESH WATER / WATER SUPPLY / INDUSTRIAL"
"AKDECWQ","Alaska","State","FECAL COLIFORM","FRESH WATER / WATER SUPPLY / AQUACULTURE"
"AKDECWQ","Alaska","State","FECAL COLIFORM","FRESH WATER / WATER SUPPLY / AGRICULTURE, INCLUDING IRRIGATION AND STOCK WATERING"
"AKDECWQ","Alaska","State","FECAL COLIFORM","FRESH WATER / WATER SUPPLY / DRINKING, CULINARY, AND FOOD PROCESSING"
"AKDECWQ","Alaska","State","FECAL COLIFORM","FRESH WATER / GROWTH AND PROPAGATION OF FISH, SHELLFISH, OTHER AQUATIC LIFE AND WILDLIFE"
"AKDECWQ","Alaska","State","FECAL COLIFORM","FRESH WATER / WATER RECREATION / CONTACT RECREATION"
"AKDECWQ","Alaska","State","THERMAL MODIFICATIONS","FRESH WATER / WATER SUPPLY / INDUSTRIAL"
"AKDECWQ","Alaska","State","THERMAL MODIFICATIONS","FRESH WATER / WATER SUPPLY / AQUACULTURE"
"AKDECWQ","Alaska","State","THERMAL MODIFICATIONS","FRESH WATER / WATER SUPPLY / AGRICULTURE, INCLUDING IRRIGATION AND STOCK WATERING"
"AKDECWQ","Alaska","State","THERMAL MODIFICATIONS","FRESH WATER / GROWTH AND PROPAGATION OF FISH, SHELLFISH, OTHER AQUATIC LIFE AND WILDLIFE"
"AKDECWQ","Alaska","State","THERMAL MODIFICATIONS","FRESH WATER / WATER RECREATION / CONTACT RECREATION"
"AKDECWQ","Alaska","State","THERMAL MODIFICATIONS","FRESH WATER / WATER RECREATION / SECONDARY RECREATION"
"AKDECWQ","Alaska","State","THERMAL MODIFICATIONS","FRESH WATER / WATER SUPPLY / DRINKING, CULINARY, AND FOOD PROCESSING"
"AKDECWQ","Alaska","State","SEDIMENT","FRESH WATER / WATER SUPPLY / INDUSTRIAL"
"AKDECWQ","Alaska","State","SEDIMENT","FRESH WATER / WATER SUPPLY / AQUACULTURE"
"AKDECWQ","Alaska","State","SEDIMENT","FRESH WATER / WATER SUPPLY / AGRICULTURE, INCLUDING IRRIGATION AND STOCK WATERING"
"AKDECWQ","Alaska","State","SEDIMENT","FRESH WATER / GROWTH AND PROPAGATION OF FISH, SHELLFISH, OTHER AQUATIC LIFE AND WILDLIFE"
"AKDECWQ","Alaska","State","SEDIMENT","FRESH WATER / WATER RECREATION / CONTACT RECREATION"
"AKDECWQ","Alaska","State","SEDIMENT","FRESH WATER / WATER RECREATION / SECONDARY RECREATION"
"AKDECWQ","Alaska","State","SEDIMENT","FRESH WATER / WATER SUPPLY / DRINKING, CULINARY, AND FOOD PROCESSING"
"AKDECWQ","Alaska","State","POLYCYCLIC AROMATIC HYDROCARBONS (PAHS) (AQUATIC ECOSYSTEMS)","FRESH WATER / WATER SUPPLY / INDUSTRIAL"
"AKDECWQ","Alaska","State","POLYCYCLIC AROMATIC HYDROCARBONS (PAHS) (AQUATIC ECOSYSTEMS)","FRESH WATER / WATER SUPPLY / AQUACULTURE"
"AKDECWQ","Alaska","State","POLYCYCLIC AROMATIC HYDROCARBONS (PAHS) (AQUATIC ECOSYSTEMS)","FRESH WATER / WATER SUPPLY / AGRICULTURE, INCLUDING IRRIGATION AND STOCK WATERING"
"AKDECWQ","Alaska","State","POLYCYCLIC AROMATIC HYDROCARBONS (PAHS) (AQUATIC ECOSYSTEMS)","FRESH WATER / GROWTH AND PROPAGATION OF FISH, SHELLFISH, OTHER AQUATIC LIFE AND WILDLIFE"
"AKDECWQ","Alaska","State","POLYCYCLIC AROMATIC HYDROCARBONS (PAHS) (AQUATIC ECOSYSTEMS)","FRESH WATER / WATER RECREATION / CONTACT RECREATION"
"AKDECWQ","Alaska","State","POLYCYCLIC AROMATIC HYDROCARBONS (PAHS) (AQUATIC ECOSYSTEMS)","FRESH WATER / WATER RECREATION / SECONDARY RECREATION"
"AKDECWQ","Alaska","State","POLYCYCLIC AROMATIC HYDROCARBONS (PAHS) (AQUATIC ECOSYSTEMS)","FRESH WATER / WATER SUPPLY / DRINKING, CULINARY, AND FOOD PROCESSING"
"AKDECWQ","Alaska","State","LEAD","FRESH WATER / WATER SUPPLY / INDUSTRIAL"
"AKDECWQ","Alaska","State","LEAD","FRESH WATER / WATER SUPPLY / AQUACULTURE"
"AKDECWQ","Alaska","State","LEAD","FRESH WATER / WATER SUPPLY / AGRICULTURE, INCLUDING IRRIGATION AND STOCK WATERING"
"AKDECWQ","Alaska","State","LEAD","FRESH WATER / GROWTH AND PROPAGATION OF FISH, SHELLFISH, OTHER AQUATIC LIFE AND WILDLIFE"
"AKDECWQ","Alaska","State","LEAD","FRESH WATER / WATER RECREATION / CONTACT RECREATION"
"AKDECWQ","Alaska","State","LEAD","FRESH WATER / WATER RECREATION / SECONDARY RECREATION"
"AKDECWQ","Alaska","State","LEAD","FRESH WATER / WATER SUPPLY / DRINKING, CULINARY, AND FOOD PROCESSING"
"AKDECWQ","Alaska","State","ZINC","FRESH WATER / WATER SUPPLY / INDUSTRIAL"
"AKDECWQ","Alaska","State","ZINC","FRESH WATER / WATER SUPPLY / AQUACULTURE"
"AKDECWQ","Alaska","State","ZINC","FRESH WATER / WATER SUPPLY / AGRICULTURE, INCLUDING IRRIGATION AND STOCK WATERING"
"AKDECWQ","Alaska","State","ZINC","FRESH WATER / GROWTH AND PROPAGATION OF FISH, SHELLFISH, OTHER AQUATIC LIFE AND WILDLIFE"
"AKDECWQ","Alaska","State","ZINC","FRESH WATER / WATER RECREATION / CONTACT RECREATION"
"AKDECWQ","Alaska","State","ZINC","FRESH WATER / WATER RECREATION / SECONDARY RECREATION"
"AKDECWQ","Alaska","State","ZINC","FRESH WATER / WATER SUPPLY / DRINKING, CULINARY, AND FOOD PROCESSING"
"AKDECWQ","Alaska","State","COPPER","FRESH WATER / WATER SUPPLY / INDUSTRIAL"
"AKDECWQ","Alaska","State","COPPER","FRESH WATER / WATER SUPPLY / AQUACULTURE"
"AKDECWQ","Alaska","State","COPPER","FRESH WATER / WATER SUPPLY / AGRICULTURE, INCLUDING IRRIGATION AND STOCK WATERING"
"AKDECWQ","Alaska","State","COPPER","FRESH WATER / GROWTH AND PROPAGATION OF FISH, SHELLFISH, OTHER AQUATIC LIFE AND WILDLIFE"
"AKDECWQ","Alaska","State","COPPER","FRESH WATER / WATER RECREATION / CONTACT RECREATION"
"AKDECWQ","Alaska","State","COPPER","FRESH WATER / WATER RECREATION / SECONDARY RECREATION"
"AKDECWQ","Alaska","State","COPPER","FRESH WATER / WATER SUPPLY / DRINKING, CULINARY, AND FOOD PROCESSING"
"AKDECWQ","Alaska","State","TURBIDITY","FRESH WATER / WATER SUPPLY / AQUACULTURE"
"AKDECWQ","Alaska","State","TURBIDITY","FRESH WATER / GROWTH AND PROPAGATION OF FISH, SHELLFISH, OTHER AQUATIC LIFE AND WILDLIFE"
"AKDECWQ","Alaska","State","TURBIDITY","FRESH WATER / WATER RECREATION / CONTACT RECREATION"
"AKDECWQ","Alaska","State","TURBIDITY","FRESH WATER / WATER RECREATION / SECONDARY RECREATION"
"AKDECWQ","Alaska","State","TURBIDITY","FRESH WATER / WATER SUPPLY / DRINKING, CULINARY, AND FOOD PROCESSING"
"AKDECWQ","Alaska","State","CADMIUM","FRESH WATER / WATER SUPPLY / AGRICULTURE, INCLUDING IRRIGATION AND STOCK WATERING"
"AKDECWQ","Alaska","State","CADMIUM","FRESH WATER / GROWTH AND PROPAGATION OF FISH, SHELLFISH, OTHER AQUATIC LIFE AND WILDLIFE"
"AKDECWQ","Alaska","State","CADMIUM","FRESH WATER / WATER SUPPLY / DRINKING, CULINARY, AND FOOD PROCESSING"
"AKDECWQ","Alaska","State","SELENIUM","FRESH WATER / WATER SUPPLY / AGRICULTURE, INCLUDING IRRIGATION AND STOCK WATERING"
"AKDECWQ","Alaska","State","SELENIUM","FRESH WATER / WATER SUPPLY / DRINKING, CULINARY, AND FOOD PROCESSING"
"AKDECWQ","Alaska","State","TOTAL DISSOLVED SOLIDS (TDS)","FRESH WATER / GROWTH AND PROPAGATION OF FISH, SHELLFISH, OTHER AQUATIC LIFE AND WILDLIFE"
"AKDECWQ","Alaska","State","CONTAMINATED SEDIMENTS (PAHS)","FRESH WATER / WATER SUPPLY / INDUSTRIAL"
"AKDECWQ","Alaska","State","CONTAMINATED SEDIMENTS (PAHS)","FRESH WATER / WATER SUPPLY / AQUACULTURE"
"AKDECWQ","Alaska","State","CONTAMINATED SEDIMENTS (PAHS)","FRESH WATER / WATER SUPPLY / AGRICULTURE, INCLUDING IRRIGATION AND STOCK WATERING"
"AKDECWQ","Alaska","State","CONTAMINATED SEDIMENTS (PAHS)","FRESH WATER / GROWTH AND PROPAGATION OF FISH, SHELLFISH, OTHER AQUATIC LIFE AND WILDLIFE"
"AKDECWQ","Alaska","State","CONTAMINATED SEDIMENTS (PAHS)","FRESH WATER / WATER RECREATION / CONTACT RECREATION"
"AKDECWQ","Alaska","State","CONTAMINATED SEDIMENTS (PAHS)","FRESH WATER / WATER RECREATION / SECONDARY RECREATION"
"AKDECWQ","Alaska","State","CONTAMINATED SEDIMENTS (PAHS)","FRESH WATER / WATER SUPPLY / DRINKING, CULINARY, AND FOOD PROCESSING"
"AKDECWQ","Alaska","State","LEAD IN SEDIMENT","FRESH WATER / WATER SUPPLY / INDUSTRIAL"
"AKDECWQ","Alaska","State","LEAD IN SEDIMENT","FRESH WATER / WATER SUPPLY / AQUACULTURE"
"AKDECWQ","Alaska","State","LEAD IN SEDIMENT","FRESH WATER / WATER SUPPLY / AGRICULTURE, INCLUDING IRRIGATION AND STOCK WATERING"
"AKDECWQ","Alaska","State","LEAD IN SEDIMENT","FRESH WATER / GROWTH AND PROPAGATION OF FISH, SHELLFISH, OTHER AQUATIC LIFE AND WILDLIFE"
"AKDECWQ","Alaska","State","LEAD IN SEDIMENT","FRESH WATER / WATER RECREATION / CONTACT RECREATION"
"AKDECWQ","Alaska","State","LEAD IN SEDIMENT","FRESH WATER / WATER RECREATION / SECONDARY RECREATION"
"AKDECWQ","Alaska","State","LEAD IN SEDIMENT","FRESH WATER / WATER SUPPLY / DRINKING, CULINARY, AND FOOD PROCESSING"
"AKDECWQ","Alaska","State","ZINC IN SEDIMENT","FRESH WATER / WATER SUPPLY / INDUSTRIAL"
"AKDECWQ","Alaska","State","ZINC IN SEDIMENT","FRESH WATER / WATER SUPPLY / AQUACULTURE"
"AKDECWQ","Alaska","State","ZINC IN SEDIMENT","FRESH WATER / WATER SUPPLY / AGRICULTURE, INCLUDING IRRIGATION AND STOCK WATERING"
"AKDECWQ","Alaska","State","ZINC IN SEDIMENT","FRESH WATER / GROWTH AND PROPAGATION OF FISH, SHELLFISH, OTHER AQUATIC LIFE AND WILDLIFE"
"AKDECWQ","Alaska","State","ZINC IN SEDIMENT","FRESH WATER / WATER RECREATION / CONTACT RECREATION"
"AKDECWQ","Alaska","State","ZINC IN SEDIMENT","FRESH WATER / WATER RECREATION / SECONDARY RECREATION"
"AKDECWQ","Alaska","State","ZINC IN SEDIMENT","FRESH WATER / WATER SUPPLY / DRINKING, CULINARY, AND FOOD PROCESSING"
"AKDECWQ","Alaska","State","COPPER IN SEDIMENT","FRESH WATER / WATER SUPPLY / INDUSTRIAL"
"AKDECWQ","Alaska","State","COPPER IN SEDIMENT","FRESH WATER / WATER SUPPLY / AQUACULTURE"
"AKDECWQ","Alaska","State","COPPER IN SEDIMENT","FRESH WATER / WATER SUPPLY / AGRICULTURE, INCLUDING IRRIGATION AND STOCK WATERING"
"AKDECWQ","Alaska","State","COPPER IN SEDIMENT","FRESH WATER / GROWTH AND PROPAGATION OF FISH, SHELLFISH, OTHER AQUATIC LIFE AND WILDLIFE"
"AKDECWQ","Alaska","State","COPPER IN SEDIMENT","FRESH WATER / WATER RECREATION / CONTACT RECREATION"
"AKDECWQ","Alaska","State","COPPER IN SEDIMENT","FRESH WATER / WATER RECREATION / SECONDARY RECREATION"
"AKDECWQ","Alaska","State","COPPER IN SEDIMENT","FRESH WATER / WATER SUPPLY / DRINKING, CULINARY, AND FOOD PROCESSING"
"AKDECWQ","Alaska","State","AMMONIA-NITROGEN","FRESH WATER / WATER SUPPLY / INDUSTRIAL"
"AKDECWQ","Alaska","State","AMMONIA-NITROGEN","FRESH WATER / WATER SUPPLY / AQUACULTURE"
"AKDECWQ","Alaska","State","AMMONIA-NITROGEN","FRESH WATER / WATER SUPPLY / AGRICULTURE, INCLUDING IRRIGATION AND STOCK WATERING"
"AKDECWQ","Alaska","State","AMMONIA-NITROGEN","FRESH WATER / GROWTH AND PROPAGATION OF FISH, SHELLFISH, OTHER AQUATIC LIFE AND WILDLIFE"
"AKDECWQ","Alaska","State","AMMONIA-NITROGEN","FRESH WATER / WATER RECREATION / CONTACT RECREATION"
"AKDECWQ","Alaska","State","AMMONIA-NITROGEN","FRESH WATER / WATER RECREATION / SECONDARY RECREATION"
"AKDECWQ","Alaska","State","AMMONIA-NITROGEN","FRESH WATER / WATER SUPPLY / DRINKING, CULINARY, AND FOOD PROCESSING"
"AKDECWQ","Alaska","State","TURBIDITY","FRESH WATER / WATER SUPPLY / INDUSTRIAL"
"AKDECWQ","Alaska","State","TURBIDITY","FRESH WATER / WATER SUPPLY / AGRICULTURE, INCLUDING IRRIGATION AND STOCK WATERING"
"AKDECWQ","Alaska","State","COLOR","FRESH WATER / WATER SUPPLY / INDUSTRIAL"
"AKDECWQ","Alaska","State","COLOR","FRESH WATER / WATER SUPPLY / AQUACULTURE"
"AKDECWQ","Alaska","State","COLOR","FRESH WATER / WATER SUPPLY / AGRICULTURE, INCLUDING IRRIGATION AND STOCK WATERING"
"AKDECWQ","Alaska","State","COLOR","FRESH WATER / GROWTH AND PROPAGATION OF FISH, SHELLFISH, OTHER AQUATIC LIFE AND WILDLIFE"
"AKDECWQ","Alaska","State","COLOR","FRESH WATER / WATER RECREATION / CONTACT RECREATION"
"AKDECWQ","Alaska","State","COLOR","FRESH WATER / WATER RECREATION / SECONDARY RECREATION"
"AKDECWQ","Alaska","State","COLOR","FRESH WATER / WATER SUPPLY / DRINKING, CULINARY, AND FOOD PROCESSING"
"AKDECWQ","Alaska","State","SULFATE","FRESH WATER / WATER SUPPLY / INDUSTRIAL"
"AKDECWQ","Alaska","State","SULFATE","FRESH WATER / WATER SUPPLY / AQUACULTURE"
"AKDECWQ","Alaska","State","SULFATE","FRESH WATER / WATER SUPPLY / AGRICULTURE, INCLUDING IRRIGATION AND STOCK WATERING"
"AKDECWQ","Alaska","State","SULFATE","FRESH WATER / GROWTH AND PROPAGATION OF FISH, SHELLFISH, OTHER AQUATIC LIFE AND WILDLIFE"
"AKDECWQ","Alaska","State","SULFATE","FRESH WATER / WATER RECREATION / CONTACT RECREATION"
"AKDECWQ","Alaska","State","SULFATE","FRESH WATER / WATER RECREATION / SECONDARY RECREATION"
"AKDECWQ","Alaska","State","SULFATE","FRESH WATER / WATER SUPPLY / DRINKING, CULINARY, AND FOOD PROCESSING"
"AKDECWQ","Alaska","State","CHLORIDE","FRESH WATER / WATER SUPPLY / INDUSTRIAL"
"AKDECWQ","Alaska","State","CHLORIDE","FRESH WATER / WATER SUPPLY / AQUACULTURE"
"AKDECWQ","Alaska","State","CHLORIDE","FRESH WATER / WATER SUPPLY / AGRICULTURE, INCLUDING IRRIGATION AND STOCK WATERING"
"AKDECWQ","Alaska","State","CHLORIDE","FRESH WATER / GROWTH AND PROPAGATION OF FISH, SHELLFISH, OTHER AQUATIC LIFE AND WILDLIFE"
"AKDECWQ","Alaska","State","CHLORIDE","FRESH WATER / WATER RECREATION / CONTACT RECREATION"
"AKDECWQ","Alaska","State","CHLORIDE","FRESH WATER / WATER RECREATION / SECONDARY RECREATION"
"AKDECWQ","Alaska","State","CHLORIDE","FRESH WATER / WATER SUPPLY / DRINKING, CULINARY, AND FOOD PROCESSING"
"AKDECWQ","Alaska","State","ESCHERICHIA COLI (E. COLI)","FRESH WATER / WATER RECREATION / CONTACT RECREATION"
"AKDECWQ","Alaska","State","DISSOLVED OXYGEN SATURATION","FRESH WATER / GROWTH AND PROPAGATION OF FISH, SHELLFISH, OTHER AQUATIC LIFE AND WILDLIFE"
"AKDECWQ","Alaska","State","IRON","FRESH WATER / WATER SUPPLY / INDUSTRIAL"
"AKDECWQ","Alaska","State","IRON","FRESH WATER / WATER SUPPLY / AQUACULTURE"
"AKDECWQ","Alaska","State","IRON","FRESH WATER / WATER SUPPLY / AGRICULTURE, INCLUDING IRRIGATION AND STOCK WATERING"
"AKDECWQ","Alaska","State","IRON","FRESH WATER / GROWTH AND PROPAGATION OF FISH, SHELLFISH, OTHER AQUATIC LIFE AND WILDLIFE"
"AKDECWQ","Alaska","State","IRON","FRESH WATER / WATER RECREATION / CONTACT RECREATION"
"AKDECWQ","Alaska","State","IRON","FRESH WATER / WATER RECREATION / SECONDARY RECREATION"
"AKDECWQ","Alaska","State","IRON","FRESH WATER / WATER SUPPLY / DRINKING, CULINARY, AND FOOD PROCESSING"
"AKDECWQ","Alaska","State","MANGANESE","FRESH WATER / WATER SUPPLY / INDUSTRIAL"
"AKDECWQ","Alaska","State","MANGANESE","FRESH WATER / WATER SUPPLY / AQUACULTURE"
"AKDECWQ","Alaska","State","MANGANESE","FRESH WATER / WATER SUPPLY / AGRICULTURE, INCLUDING IRRIGATION AND STOCK WATERING"
"AKDECWQ","Alaska","State","MANGANESE","FRESH WATER / GROWTH AND PROPAGATION OF FISH, SHELLFISH, OTHER AQUATIC LIFE AND WILDLIFE"
"AKDECWQ","Alaska","State","MANGANESE","FRESH WATER / WATER RECREATION / CONTACT RECREATION"
"AKDECWQ","Alaska","State","MANGANESE","FRESH WATER / WATER RECREATION / SECONDARY RECREATION"
"AKDECWQ","Alaska","State","MANGANESE","FRESH WATER / WATER SUPPLY / DRINKING, CULINARY, AND FOOD PROCESSING"
"AKDECWQ","Alaska","State","AMMONIA","MARINE WATER / WATER SUPPLY / INDUSTRIAL"
"AKDECWQ","Alaska","State","AMMONIA","MARINE WATER / WATER SUPPLY / AQUACULTURE"
"AKDECWQ","Alaska","State","AMMONIA","MARINE WATER / WATER SUPPLY / SEAFOOD PROCESSING"
"AKDECWQ","Alaska","State","AMMONIA","MARINE WATER / GROWTH AND PROPAGATION OF FISH, SHELLFISH, OTHER AQUATIC LIFE AND WILDLIFE"
"AKDECWQ","Alaska","State","AMMONIA","MARINE WATER / WATER RECREATION / CONTACT RECREATION"
"AKDECWQ","Alaska","State","AMMONIA","MARINE WATER / WATER RECREATION / SECONDARY RECREATION"
"AKDECWQ","Alaska","State","AMMONIA","MARINE WATER / HARVESTING FOR CONSUMPTION OF RAW MOLLUSKS OR OTHER RAW AQUATIC LIFE"
"AKDECWQ","Alaska","State","TEMPERATURE","MARINE WATER / WATER SUPPLY / INDUSTRIAL"
"AKDECWQ","Alaska","State","TEMPERATURE","MARINE WATER / WATER SUPPLY / AQUACULTURE"
"AKDECWQ","Alaska","State","TEMPERATURE","MARINE WATER / WATER SUPPLY / SEAFOOD PROCESSING"
"AKDECWQ","Alaska","State","TEMPERATURE","MARINE WATER / GROWTH AND PROPAGATION OF FISH, SHELLFISH, OTHER AQUATIC LIFE AND WILDLIFE"
"AKDECWQ","Alaska","State","TEMPERATURE","MARINE WATER / HARVESTING FOR CONSUMPTION OF RAW MOLLUSKS OR OTHER RAW AQUATIC LIFE"
"AKDECWQ","Alaska","State","ZINC","MARINE WATER / GROWTH AND PROPAGATION OF FISH, SHELLFISH, OTHER AQUATIC LIFE AND WILDLIFE"
"AKDECWQ","Alaska","State","COPPER","MARINE WATER / GROWTH AND PROPAGATION OF FISH, SHELLFISH, OTHER AQUATIC LIFE AND WILDLIFE"
"AKDECWQ","Alaska","State","NICKEL","MARINE WATER / GROWTH AND PROPAGATION OF FISH, SHELLFISH, OTHER AQUATIC LIFE AND WILDLIFE"
"AKDECWQ","Alaska","State","DISSOLVED OXYGEN","MARINE WATER / WATER SUPPLY / AQUACULTURE"
"AKDECWQ","Alaska","State","DISSOLVED OXYGEN","MARINE WATER / GROWTH AND PROPAGATION OF FISH, SHELLFISH, OTHER AQUATIC LIFE AND WILDLIFE"
"AKDECWQ","Alaska","State","DISSOLVED OXYGEN","MARINE WATER / WATER RECREATION / CONTACT RECREATION"
"AKDECWQ","Alaska","State","DISSOLVED OXYGEN","MARINE WATER / WATER RECREATION / SECONDARY RECREATION"
"AKDECWQ","Alaska","State","RESIDUES","MARINE WATER / GROWTH AND PROPAGATION OF FISH, SHELLFISH, OTHER AQUATIC LIFE AND WILDLIFE"
"AKDECWQ","Alaska","State","ZINC","MARINE WATER / WATER SUPPLY / INDUSTRIAL"
"AKDECWQ","Alaska","State","ZINC","MARINE WATER / WATER SUPPLY / AQUACULTURE"
"AKDECWQ","Alaska","State","ZINC","MARINE WATER / WATER SUPPLY / SEAFOOD PROCESSING"
"AKDECWQ","Alaska","State","ZINC","MARINE WATER / WATER RECREATION / CONTACT RECREATION"
"AKDECWQ","Alaska","State","ZINC","MARINE WATER / WATER RECREATION / SECONDARY RECREATION"
"AKDECWQ","Alaska","State","ZINC","MARINE WATER / HARVESTING FOR CONSUMPTION OF RAW MOLLUSKS OR OTHER RAW AQUATIC LIFE"
"AKDECWQ","Alaska","State","COPPER","MARINE WATER / WATER SUPPLY / INDUSTRIAL"
"AKDECWQ","Alaska","State","COPPER","MARINE WATER / WATER SUPPLY / AQUACULTURE"
"AKDECWQ","Alaska","State","COPPER","MARINE WATER / WATER SUPPLY / SEAFOOD PROCESSING"
"AKDECWQ","Alaska","State","COPPER","MARINE WATER / WATER RECREATION / CONTACT RECREATION"
"AKDECWQ","Alaska","State","COPPER","MARINE WATER / WATER RECREATION / SECONDARY RECREATION"
"AKDECWQ","Alaska","State","COPPER","MARINE WATER / HARVESTING FOR CONSUMPTION OF RAW MOLLUSKS OR OTHER RAW AQUATIC LIFE"
"AKDECWQ","Alaska","State","NICKEL","MARINE WATER / WATER SUPPLY / INDUSTRIAL"
"AKDECWQ","Alaska","State","NICKEL","MARINE WATER / WATER SUPPLY / AQUACULTURE"
"AKDECWQ","Alaska","State","NICKEL","MARINE WATER / WATER SUPPLY / SEAFOOD PROCESSING"
"AKDECWQ","Alaska","State","NICKEL","MARINE WATER / WATER RECREATION / CONTACT RECREATION"
"AKDECWQ","Alaska","State","NICKEL","MARINE WATER / WATER RECREATION / SECONDARY RECREATION"
"AKDECWQ","Alaska","State","NICKEL","MARINE WATER / HARVESTING FOR CONSUMPTION OF RAW MOLLUSKS OR OTHER RAW AQUATIC LIFE"
"AKDECWQ","Alaska","State","DISSOLVED OXYGEN","MARINE WATER / WATER SUPPLY / INDUSTRIAL"
"AKDECWQ","Alaska","State","DISSOLVED OXYGEN","MARINE WATER / WATER SUPPLY / SEAFOOD PROCESSING"
"AKDECWQ","Alaska","State","DISSOLVED OXYGEN","MARINE WATER / HARVESTING FOR CONSUMPTION OF RAW MOLLUSKS OR OTHER RAW AQUATIC LIFE"
"AKDECWQ","Alaska","State","ORGANIC ENRICHMENT","MARINE WATER / WATER SUPPLY / INDUSTRIAL"
"AKDECWQ","Alaska","State","ORGANIC ENRICHMENT","MARINE WATER / WATER SUPPLY / AQUACULTURE"
"AKDECWQ","Alaska","State","ORGANIC ENRICHMENT","MARINE WATER / WATER SUPPLY / SEAFOOD PROCESSING"
"AKDECWQ","Alaska","State","ORGANIC ENRICHMENT","MARINE WATER / GROWTH AND PROPAGATION OF FISH, SHELLFISH, OTHER AQUATIC LIFE AND WILDLIFE"
"AKDECWQ","Alaska","State","ORGANIC ENRICHMENT","MARINE WATER / WATER RECREATION / CONTACT RECREATION"
"AKDECWQ","Alaska","State","ORGANIC ENRICHMENT","MARINE WATER / WATER RECREATION / SECONDARY RECREATION"
"AKDECWQ","Alaska","State","ORGANIC ENRICHMENT","MARINE WATER / HARVESTING FOR CONSUMPTION OF RAW MOLLUSKS OR OTHER RAW AQUATIC LIFE"
"AKDECWQ","Alaska","State","RESIDUES","MARINE WATER / WATER SUPPLY / INDUSTRIAL"
"AKDECWQ","Alaska","State","RESIDUES","MARINE WATER / WATER SUPPLY / AQUACULTURE"
"AKDECWQ","Alaska","State","RESIDUES","MARINE WATER / WATER SUPPLY / SEAFOOD PROCESSING"
"AKDECWQ","Alaska","State","RESIDUES","MARINE WATER / WATER RECREATION / CONTACT RECREATION"
"AKDECWQ","Alaska","State","RESIDUES","MARINE WATER / WATER RECREATION / SECONDARY RECREATION"
"AKDECWQ","Alaska","State","RESIDUES","MARINE WATER / HARVESTING FOR CONSUMPTION OF RAW MOLLUSKS OR OTHER RAW AQUATIC LIFE"
"AKDECWQ","Alaska","State","DEBRIS","MARINE WATER / WATER SUPPLY / INDUSTRIAL"
"AKDECWQ","Alaska","State","DEBRIS","MARINE WATER / WATER SUPPLY / AQUACULTURE"
"AKDECWQ","Alaska","State","DEBRIS","MARINE WATER / WATER SUPPLY / SEAFOOD PROCESSING"
"AKDECWQ","Alaska","State","DEBRIS","MARINE WATER / GROWTH AND PROPAGATION OF FISH, SHELLFISH, OTHER AQUATIC LIFE AND WILDLIFE"
"AKDECWQ","Alaska","State","DEBRIS","MARINE WATER / WATER RECREATION / CONTACT RECREATION"
"AKDECWQ","Alaska","State","DEBRIS","MARINE WATER / WATER RECREATION / SECONDARY RECREATION"
"AKDECWQ","Alaska","State","DEBRIS","MARINE WATER / HARVESTING FOR CONSUMPTION OF RAW MOLLUSKS OR OTHER RAW AQUATIC LIFE"
"AKDECWQ","Alaska","State","BOTTOM DEPOSITS","MARINE WATER / WATER SUPPLY / INDUSTRIAL"
"AKDECWQ","Alaska","State","BOTTOM DEPOSITS","MARINE WATER / WATER SUPPLY / AQUACULTURE"
"AKDECWQ","Alaska","State","BOTTOM DEPOSITS","MARINE WATER / WATER SUPPLY / SEAFOOD PROCESSING"
"AKDECWQ","Alaska","State","BOTTOM DEPOSITS","MARINE WATER / GROWTH AND PROPAGATION OF FISH, SHELLFISH, OTHER AQUATIC LIFE AND WILDLIFE"
"AKDECWQ","Alaska","State","BOTTOM DEPOSITS","MARINE WATER / WATER RECREATION / CONTACT RECREATION"
"AKDECWQ","Alaska","State","BOTTOM DEPOSITS","MARINE WATER / WATER RECREATION / SECONDARY RECREATION"
"AKDECWQ","Alaska","State","BOTTOM DEPOSITS","MARINE WATER / HARVESTING FOR CONSUMPTION OF RAW MOLLUSKS OR OTHER RAW AQUATIC LIFE"
"AKDECWQ","Alaska","State","MERCURY","MARINE WATER / WATER SUPPLY / INDUSTRIAL"
"AKDECWQ","Alaska","State","MERCURY","MARINE WATER / WATER SUPPLY / AQUACULTURE"
"AKDECWQ","Alaska","State","MERCURY","MARINE WATER / WATER SUPPLY / SEAFOOD PROCESSING"
"AKDECWQ","Alaska","State","MERCURY","MARINE WATER / GROWTH AND PROPAGATION OF FISH, SHELLFISH, OTHER AQUATIC LIFE AND WILDLIFE"
"AKDECWQ","Alaska","State","MERCURY","MARINE WATER / WATER RECREATION / CONTACT RECREATION"
"AKDECWQ","Alaska","State","MERCURY","MARINE WATER / WATER RECREATION / SECONDARY RECREATION"
"AKDECWQ","Alaska","State","MERCURY","MARINE WATER / HARVESTING FOR CONSUMPTION OF RAW MOLLUSKS OR OTHER RAW AQUATIC LIFE"
"AKDECWQ","Alaska","State","MERCURY IN SEDIMENT","MARINE WATER / WATER SUPPLY / INDUSTRIAL"
"AKDECWQ","Alaska","State","MERCURY IN SEDIMENT","MARINE WATER / WATER SUPPLY / AQUACULTURE"
"AKDECWQ","Alaska","State","MERCURY IN SEDIMENT","MARINE WATER / WATER SUPPLY / SEAFOOD PROCESSING"
"AKDECWQ","Alaska","State","MERCURY IN SEDIMENT","MARINE WATER / GROWTH AND PROPAGATION OF FISH, SHELLFISH, OTHER AQUATIC LIFE AND WILDLIFE"
"AKDECWQ","Alaska","State","MERCURY IN SEDIMENT","MARINE WATER / WATER RECREATION / CONTACT RECREATION"
"AKDECWQ","Alaska","State","MERCURY IN SEDIMENT","MARINE WATER / WATER RECREATION / SECONDARY RECREATION"
"AKDECWQ","Alaska","State","MERCURY IN SEDIMENT","MARINE WATER / HARVESTING FOR CONSUMPTION OF RAW MOLLUSKS OR OTHER RAW AQUATIC LIFE"
"AKDECWQ","Alaska","State","LEAD","MARINE WATER / WATER SUPPLY / INDUSTRIAL"
"AKDECWQ","Alaska","State","LEAD","MARINE WATER / WATER SUPPLY / AQUACULTURE"
"AKDECWQ","Alaska","State","LEAD","MARINE WATER / WATER SUPPLY / SEAFOOD PROCESSING"
"AKDECWQ","Alaska","State","LEAD","MARINE WATER / GROWTH AND PROPAGATION OF FISH, SHELLFISH, OTHER AQUATIC LIFE AND WILDLIFE"
"AKDECWQ","Alaska","State","LEAD","MARINE WATER / WATER RECREATION / CONTACT RECREATION"
"AKDECWQ","Alaska","State","LEAD","MARINE WATER / WATER RECREATION / SECONDARY RECREATION"
"AKDECWQ","Alaska","State","LEAD","MARINE WATER / HARVESTING FOR CONSUMPTION OF RAW MOLLUSKS OR OTHER RAW AQUATIC LIFE"
"AKDECWQ","Alaska","State","CADMIUM","MARINE WATER / WATER SUPPLY / INDUSTRIAL"
"AKDECWQ","Alaska","State","CADMIUM","MARINE WATER / WATER SUPPLY / AQUACULTURE"
"AKDECWQ","Alaska","State","CADMIUM","MARINE WATER / WATER SUPPLY / SEAFOOD PROCESSING"
"AKDECWQ","Alaska","State","CADMIUM","MARINE WATER / GROWTH AND PROPAGATION OF FISH, SHELLFISH, OTHER AQUATIC LIFE AND WILDLIFE"
"AKDECWQ","Alaska","State","CADMIUM","MARINE WATER / WATER RECREATION / CONTACT RECREATION"
"AKDECWQ","Alaska","State","CADMIUM","MARINE WATER / WATER RECREATION / SECONDARY RECREATION"
"AKDECWQ","Alaska","State","CADMIUM","MARINE WATER / HARVESTING FOR CONSUMPTION OF RAW MOLLUSKS OR OTHER RAW AQUATIC LIFE"
"AKDECWQ","Alaska","State","LEAD IN SEDIMENT","MARINE WATER / WATER SUPPLY / INDUSTRIAL"
"AKDECWQ","Alaska","State","LEAD IN SEDIMENT","MARINE WATER / WATER SUPPLY / AQUACULTURE"
"AKDECWQ","Alaska","State","LEAD IN SEDIMENT","MARINE WATER / WATER SUPPLY / SEAFOOD PROCESSING"
"AKDECWQ","Alaska","State","LEAD IN SEDIMENT","MARINE WATER / GROWTH AND PROPAGATION OF FISH, SHELLFISH, OTHER AQUATIC LIFE AND WILDLIFE"
"AKDECWQ","Alaska","State","LEAD IN SEDIMENT","MARINE WATER / WATER RECREATION / CONTACT RECREATION"
"AKDECWQ","Alaska","State","LEAD IN SEDIMENT","MARINE WATER / WATER RECREATION / SECONDARY RECREATION"
"AKDECWQ","Alaska","State","LEAD IN SEDIMENT","MARINE WATER / HARVESTING FOR CONSUMPTION OF RAW MOLLUSKS OR OTHER RAW AQUATIC LIFE"
"AKDECWQ","Alaska","State","ZINC IN SEDIMENT","MARINE WATER / WATER SUPPLY / INDUSTRIAL"
"AKDECWQ","Alaska","State","ZINC IN SEDIMENT","MARINE WATER / WATER SUPPLY / AQUACULTURE"
"AKDECWQ","Alaska","State","ZINC IN SEDIMENT","MARINE WATER / WATER SUPPLY / SEAFOOD PROCESSING"
"AKDECWQ","Alaska","State","ZINC IN SEDIMENT","MARINE WATER / GROWTH AND PROPAGATION OF FISH, SHELLFISH, OTHER AQUATIC LIFE AND WILDLIFE"
"AKDECWQ","Alaska","State","ZINC IN SEDIMENT","MARINE WATER / WATER RECREATION / CONTACT RECREATION"
"AKDECWQ","Alaska","State","ZINC IN SEDIMENT","MARINE WATER / WATER RECREATION / SECONDARY RECREATION"
"AKDECWQ","Alaska","State","ZINC IN SEDIMENT","MARINE WATER / HARVESTING FOR CONSUMPTION OF RAW MOLLUSKS OR OTHER RAW AQUATIC LIFE"
"AKDECWQ","Alaska","State","COPPER IN SEDIMENT","MARINE WATER / WATER SUPPLY / INDUSTRIAL"
"AKDECWQ","Alaska","State","COPPER IN SEDIMENT","MARINE WATER / WATER SUPPLY / AQUACULTURE"
"AKDECWQ","Alaska","State","COPPER IN SEDIMENT","MARINE WATER / WATER SUPPLY / SEAFOOD PROCESSING"
"AKDECWQ","Alaska","State","COPPER IN SEDIMENT","MARINE WATER / GROWTH AND PROPAGATION OF FISH, SHELLFISH, OTHER AQUATIC LIFE AND WILDLIFE"
"AKDECWQ","Alaska","State","COPPER IN SEDIMENT","MARINE WATER / WATER RECREATION / CONTACT RECREATION"
"AKDECWQ","Alaska","State","COPPER IN SEDIMENT","MARINE WATER / WATER RECREATION / SECONDARY RECREATION"
"AKDECWQ","Alaska","State","COPPER IN SEDIMENT","MARINE WATER / HARVESTING FOR CONSUMPTION OF RAW MOLLUSKS OR OTHER RAW AQUATIC LIFE"
"AKDECWQ","Alaska","State","CADMIUM IN SEDIMENT","MARINE WATER / WATER SUPPLY / INDUSTRIAL"
"AKDECWQ","Alaska","State","CADMIUM IN SEDIMENT","MARINE WATER / WATER SUPPLY / AQUACULTURE"
"AKDECWQ","Alaska","State","CADMIUM IN SEDIMENT","MARINE WATER / WATER SUPPLY / SEAFOOD PROCESSING"
"AKDECWQ","Alaska","State","CADMIUM IN SEDIMENT","MARINE WATER / GROWTH AND PROPAGATION OF FISH, SHELLFISH, OTHER AQUATIC LIFE AND WILDLIFE"
"AKDECWQ","Alaska","State","CADMIUM IN SEDIMENT","MARINE WATER / WATER RECREATION / CONTACT RECREATION"
"AKDECWQ","Alaska","State","CADMIUM IN SEDIMENT","MARINE WATER / WATER RECREATION / SECONDARY RECREATION"
"AKDECWQ","Alaska","State","CADMIUM IN SEDIMENT","MARINE WATER / HARVESTING FOR CONSUMPTION OF RAW MOLLUSKS OR OTHER RAW AQUATIC LIFE"
"AKDECWQ","Alaska","State","TEMPERATURE","MARINE WATER / WATER RECREATION / CONTACT RECREATION"
"AKDECWQ","Alaska","State","TEMPERATURE","MARINE WATER / WATER RECREATION / SECONDARY RECREATION"
"AKDECWQ","Alaska","State","ARSENIC","MARINE WATER / WATER SUPPLY / AQUACULTURE"
"AKDECWQ","Alaska","State","COBALT","MARINE WATER / WATER SUPPLY / INDUSTRIAL"
"AKDECWQ","Alaska","State","COBALT","MARINE WATER / WATER SUPPLY / AQUACULTURE"
"AKDECWQ","Alaska","State","COBALT","MARINE WATER / WATER SUPPLY / SEAFOOD PROCESSING"
"AKDECWQ","Alaska","State","COBALT","MARINE WATER / GROWTH AND PROPAGATION OF FISH, SHELLFISH, OTHER AQUATIC LIFE AND WILDLIFE"
"AKDECWQ","Alaska","State","COBALT","MARINE WATER / WATER RECREATION / CONTACT RECREATION"
"AKDECWQ","Alaska","State","COBALT","MARINE WATER / WATER RECREATION / SECONDARY RECREATION"
"AKDECWQ","Alaska","State","COBALT","MARINE WATER / HARVESTING FOR CONSUMPTION OF RAW MOLLUSKS OR OTHER RAW AQUATIC LIFE"
"AKDECWQ","Alaska","State","SILVER","MARINE WATER / WATER SUPPLY / INDUSTRIAL"
"AKDECWQ","Alaska","State","SILVER","MARINE WATER / WATER SUPPLY / AQUACULTURE"
"AKDECWQ","Alaska","State","SILVER","MARINE WATER / WATER SUPPLY / SEAFOOD PROCESSING"
"AKDECWQ","Alaska","State","SILVER","MARINE WATER / GROWTH AND PROPAGATION OF FISH, SHELLFISH, OTHER AQUATIC LIFE AND WILDLIFE"
"AKDECWQ","Alaska","State","SILVER","MARINE WATER / WATER RECREATION / CONTACT RECREATION"
"AKDECWQ","Alaska","State","SILVER","MARINE WATER / WATER RECREATION / SECONDARY RECREATION"
"AKDECWQ","Alaska","State","SILVER","MARINE WATER / HARVESTING FOR CONSUMPTION OF RAW MOLLUSKS OR OTHER RAW AQUATIC LIFE"
"AKDECWQ","Alaska","State","ARSENIC","MARINE WATER / WATER SUPPLY / INDUSTRIAL"
"AKDECWQ","Alaska","State","ARSENIC","MARINE WATER / WATER SUPPLY / SEAFOOD PROCESSING"
"AKDECWQ","Alaska","State","ARSENIC","MARINE WATER / GROWTH AND PROPAGATION OF FISH, SHELLFISH, OTHER AQUATIC LIFE AND WILDLIFE"
"AKDECWQ","Alaska","State","ARSENIC","MARINE WATER / WATER RECREATION / CONTACT RECREATION"
"AKDECWQ","Alaska","State","ARSENIC","MARINE WATER / WATER RECREATION / SECONDARY RECREATION"
"AKDECWQ","Alaska","State","ARSENIC","MARINE WATER / HARVESTING FOR CONSUMPTION OF RAW MOLLUSKS OR OTHER RAW AQUATIC LIFE"
"AKDECWQ","Alaska","State","MANGANESE","MARINE WATER / WATER SUPPLY / INDUSTRIAL"
"AKDECWQ","Alaska","State","MANGANESE","MARINE WATER / WATER SUPPLY / AQUACULTURE"
"AKDECWQ","Alaska","State","MANGANESE","MARINE WATER / WATER SUPPLY / SEAFOOD PROCESSING"
"AKDECWQ","Alaska","State","MANGANESE","MARINE WATER / GROWTH AND PROPAGATION OF FISH, SHELLFISH, OTHER AQUATIC LIFE AND WILDLIFE"
"AKDECWQ","Alaska","State","MANGANESE","MARINE WATER / WATER RECREATION / CONTACT RECREATION"
"AKDECWQ","Alaska","State","MANGANESE","MARINE WATER / WATER RECREATION / SECONDARY RECREATION"
"AKDECWQ","Alaska","State","MANGANESE","MARINE WATER / HARVESTING FOR CONSUMPTION OF RAW MOLLUSKS OR OTHER RAW AQUATIC LIFE"
"AKDECWQ","Alaska","State","AMMONIA, TOTAL","MARINE WATER / WATER SUPPLY / INDUSTRIAL"
"AKDECWQ","Alaska","State","AMMONIA, TOTAL","MARINE WATER / WATER SUPPLY / AQUACULTURE"
"AKDECWQ","Alaska","State","AMMONIA, TOTAL","MARINE WATER / WATER SUPPLY / SEAFOOD PROCESSING"
"AKDECWQ","Alaska","State","AMMONIA, TOTAL","MARINE WATER / GROWTH AND PROPAGATION OF FISH, SHELLFISH, OTHER AQUATIC LIFE AND WILDLIFE"
"AKDECWQ","Alaska","State","AMMONIA, TOTAL","MARINE WATER / WATER RECREATION / CONTACT RECREATION"
"AKDECWQ","Alaska","State","AMMONIA, TOTAL","MARINE WATER / WATER RECREATION / SECONDARY RECREATION"
"AKDECWQ","Alaska","State","AMMONIA, TOTAL","MARINE WATER / HARVESTING FOR CONSUMPTION OF RAW MOLLUSKS OR OTHER RAW AQUATIC LIFE"
"AKDECWQ","Alaska","State","4-METHYLPHENOL","MARINE WATER / WATER SUPPLY / INDUSTRIAL"
"AKDECWQ","Alaska","State","4-METHYLPHENOL","MARINE WATER / WATER SUPPLY / AQUACULTURE"
"AKDECWQ","Alaska","State","4-METHYLPHENOL","MARINE WATER / WATER SUPPLY / SEAFOOD PROCESSING"
"AKDECWQ","Alaska","State","4-METHYLPHENOL","MARINE WATER / GROWTH AND PROPAGATION OF FISH, SHELLFISH, OTHER AQUATIC LIFE AND WILDLIFE"
"AKDECWQ","Alaska","State","4-METHYLPHENOL","MARINE WATER / WATER RECREATION / CONTACT RECREATION"
"AKDECWQ","Alaska","State","4-METHYLPHENOL","MARINE WATER / WATER RECREATION / SECONDARY RECREATION"
"AKDECWQ","Alaska","State","4-METHYLPHENOL","MARINE WATER / HARVESTING FOR CONSUMPTION OF RAW MOLLUSKS OR OTHER RAW AQUATIC LIFE"
"AKDECWQ","Alaska","State","HYDROGEN SULFIDE","MARINE WATER / WATER SUPPLY / INDUSTRIAL"
"AKDECWQ","Alaska","State","HYDROGEN SULFIDE","MARINE WATER / WATER SUPPLY / AQUACULTURE"
"AKDECWQ","Alaska","State","HYDROGEN SULFIDE","MARINE WATER / WATER SUPPLY / SEAFOOD PROCESSING"
"AKDECWQ","Alaska","State","HYDROGEN SULFIDE","MARINE WATER / GROWTH AND PROPAGATION OF FISH, SHELLFISH, OTHER AQUATIC LIFE AND WILDLIFE"
"AKDECWQ","Alaska","State","HYDROGEN SULFIDE","MARINE WATER / WATER RECREATION / CONTACT RECREATION"
"AKDECWQ","Alaska","State","HYDROGEN SULFIDE","MARINE WATER / WATER RECREATION / SECONDARY RECREATION"
"AKDECWQ","Alaska","State","HYDROGEN SULFIDE","MARINE WATER / HARVESTING FOR CONSUMPTION OF RAW MOLLUSKS OR OTHER RAW AQUATIC LIFE"
"AKDECWQ","Alaska","State","FECAL COLIFORM","MARINE WATER / GROWTH AND PROPAGATION OF FISH, SHELLFISH, OTHER AQUATIC LIFE AND WILDLIFE"
"AKDECWQ","Alaska","State","SEDIMENT","MARINE WATER / WATER SUPPLY / INDUSTRIAL"
"AKDECWQ","Alaska","State","SEDIMENT","MARINE WATER / WATER SUPPLY / AQUACULTURE"
"AKDECWQ","Alaska","State","SEDIMENT","MARINE WATER / WATER SUPPLY / SEAFOOD PROCESSING"
"AKDECWQ","Alaska","State","SEDIMENT","MARINE WATER / GROWTH AND PROPAGATION OF FISH, SHELLFISH, OTHER AQUATIC LIFE AND WILDLIFE"
"AKDECWQ","Alaska","State","SEDIMENT","MARINE WATER / WATER RECREATION / CONTACT RECREATION"
"AKDECWQ","Alaska","State","SEDIMENT","MARINE WATER / WATER RECREATION / SECONDARY RECREATION"
"AKDECWQ","Alaska","State","SEDIMENT","MARINE WATER / HARVESTING FOR CONSUMPTION OF RAW MOLLUSKS OR OTHER RAW AQUATIC LIFE"
"AKDECWQ","Alaska","State","POLYCYCLIC AROMATIC HYDROCARBONS (PAHS) (AQUATIC ECOSYSTEMS)","MARINE WATER / WATER SUPPLY / INDUSTRIAL"
"AKDECWQ","Alaska","State","POLYCYCLIC AROMATIC HYDROCARBONS (PAHS) (AQUATIC ECOSYSTEMS)","MARINE WATER / WATER SUPPLY / AQUACULTURE"
"AKDECWQ","Alaska","State","POLYCYCLIC AROMATIC HYDROCARBONS (PAHS) (AQUATIC ECOSYSTEMS)","MARINE WATER / WATER SUPPLY / SEAFOOD PROCESSING"
"AKDECWQ","Alaska","State","POLYCYCLIC AROMATIC HYDROCARBONS (PAHS) (AQUATIC ECOSYSTEMS)","MARINE WATER / GROWTH AND PROPAGATION OF FISH, SHELLFISH, OTHER AQUATIC LIFE AND WILDLIFE"
"AKDECWQ","Alaska","State","POLYCYCLIC AROMATIC HYDROCARBONS (PAHS) (AQUATIC ECOSYSTEMS)","MARINE WATER / WATER RECREATION / CONTACT RECREATION"
"AKDECWQ","Alaska","State","POLYCYCLIC AROMATIC HYDROCARBONS (PAHS) (AQUATIC ECOSYSTEMS)","MARINE WATER / WATER RECREATION / SECONDARY RECREATION"
"AKDECWQ","Alaska","State","POLYCYCLIC AROMATIC HYDROCARBONS (PAHS) (AQUATIC ECOSYSTEMS)","MARINE WATER / HARVESTING FOR CONSUMPTION OF RAW MOLLUSKS OR OTHER RAW AQUATIC LIFE"
"AKDECWQ","Alaska","State","ALKALINITY","MARINE WATER / WATER SUPPLY / INDUSTRIAL"
"AKDECWQ","Alaska","State","ALKALINITY","MARINE WATER / WATER SUPPLY / AQUACULTURE"
"AKDECWQ","Alaska","State","ALKALINITY","MARINE WATER / WATER SUPPLY / SEAFOOD PROCESSING"
"AKDECWQ","Alaska","State","ALKALINITY","MARINE WATER / GROWTH AND PROPAGATION OF FISH, SHELLFISH, OTHER AQUATIC LIFE AND WILDLIFE"
"AKDECWQ","Alaska","State","ALKALINITY","MARINE WATER / WATER RECREATION / CONTACT RECREATION"
"AKDECWQ","Alaska","State","ALKALINITY","MARINE WATER / WATER RECREATION / SECONDARY RECREATION"
"AKDECWQ","Alaska","State","ALKALINITY","MARINE WATER / HARVESTING FOR CONSUMPTION OF RAW MOLLUSKS OR OTHER RAW AQUATIC LIFE"
"AKDECWQ","Alaska","State","PETROLEUM HYDROCARBONS","MARINE WATER / WATER SUPPLY / INDUSTRIAL"
"AKDECWQ","Alaska","State","PETROLEUM HYDROCARBONS","MARINE WATER / WATER SUPPLY / SEAFOOD PROCESSING"
"AKDECWQ","Alaska","State","PETROLEUM HYDROCARBONS","MARINE WATER / GROWTH AND PROPAGATION OF FISH, SHELLFISH, OTHER AQUATIC LIFE AND WILDLIFE"
"AKDECWQ","Alaska","State","PETROLEUM HYDROCARBONS","MARINE WATER / WATER RECREATION / CONTACT RECREATION"
"AKDECWQ","Alaska","State","PETROLEUM HYDROCARBONS","MARINE WATER / WATER RECREATION / SECONDARY RECREATION"
"AKDECWQ","Alaska","State","PETROLEUM HYDROCARBONS","MARINE WATER / HARVESTING FOR CONSUMPTION OF RAW MOLLUSKS OR OTHER RAW AQUATIC LIFE"
"AKDECWQ","Alaska","State","BIOCHEMICAL OXYGEN DEMAND (BOD)","MARINE WATER / WATER SUPPLY / INDUSTRIAL"
"AKDECWQ","Alaska","State","BIOCHEMICAL OXYGEN DEMAND (BOD)","MARINE WATER / WATER SUPPLY / AQUACULTURE"
"AKDECWQ","Alaska","State","BIOCHEMICAL OXYGEN DEMAND (BOD)","MARINE WATER / WATER SUPPLY / SEAFOOD PROCESSING"
"AKDECWQ","Alaska","State","BIOCHEMICAL OXYGEN DEMAND (BOD)","MARINE WATER / GROWTH AND PROPAGATION OF FISH, SHELLFISH, OTHER AQUATIC LIFE AND WILDLIFE"
"AKDECWQ","Alaska","State","BIOCHEMICAL OXYGEN DEMAND (BOD)","MARINE WATER / WATER RECREATION / CONTACT RECREATION"
"AKDECWQ","Alaska","State","BIOCHEMICAL OXYGEN DEMAND (BOD)","MARINE WATER / WATER RECREATION / SECONDARY RECREATION"
"AKDECWQ","Alaska","State","BIOCHEMICAL OXYGEN DEMAND (BOD)","MARINE WATER / HARVESTING FOR CONSUMPTION OF RAW MOLLUSKS OR OTHER RAW AQUATIC LIFE"
"AKDECWQ","Alaska","State","CADMIUM","FRESH WATER / WATER SUPPLY / INDUSTRIAL"
"AKDECWQ","Alaska","State","CADMIUM","FRESH WATER / WATER SUPPLY / AQUACULTURE"
"AKDECWQ","Alaska","State","CADMIUM","FRESH WATER / WATER RECREATION / CONTACT RECREATION"
"AKDECWQ","Alaska","State","CADMIUM","FRESH WATER / WATER RECREATION / SECONDARY RECREATION"
"AKDECWQ","Alaska","State","CHROMIUM","FRESH WATER / WATER SUPPLY / INDUSTRIAL"
"AKDECWQ","Alaska","State","CHROMIUM","FRESH WATER / WATER SUPPLY / AQUACULTURE"
"AKDECWQ","Alaska","State","CHROMIUM","FRESH WATER / WATER SUPPLY / AGRICULTURE, INCLUDING IRRIGATION AND STOCK WATERING"
"AKDECWQ","Alaska","State","CHROMIUM","FRESH WATER / GROWTH AND PROPAGATION OF FISH, SHELLFISH, OTHER AQUATIC LIFE AND WILDLIFE"
"AKDECWQ","Alaska","State","CHROMIUM","FRESH WATER / WATER RECREATION / CONTACT RECREATION"
"AKDECWQ","Alaska","State","CHROMIUM","FRESH WATER / WATER RECREATION / SECONDARY RECREATION"
"AKDECWQ","Alaska","State","CHROMIUM","FRESH WATER / WATER SUPPLY / DRINKING, CULINARY, AND FOOD PROCESSING"
"AKDECWQ","Alaska","State","ALUMINUM","FRESH WATER / WATER SUPPLY / AQUACULTURE"
"AKDECWQ","Alaska","State","ALUMINUM","FRESH WATER / WATER SUPPLY / AGRICULTURE, INCLUDING IRRIGATION AND STOCK WATERING"
"AKDECWQ","Alaska","State","ALUMINUM","FRESH WATER / GROWTH AND PROPAGATION OF FISH, SHELLFISH, OTHER AQUATIC LIFE AND WILDLIFE"
"AKDECWQ","Alaska","State","ALUMINUM","FRESH WATER / WATER RECREATION / CONTACT RECREATION"
"AKDECWQ","Alaska","State","ALUMINUM","FRESH WATER / WATER RECREATION / SECONDARY RECREATION"
"AKDECWQ","Alaska","State","ALUMINUM","FRESH WATER / WATER SUPPLY / INDUSTRIAL"
"AKDECWQ","Alaska","State","ALUMINUM","FRESH WATER / WATER SUPPLY / DRINKING, CULINARY, AND FOOD PROCESSING"
"AKDECWQ","Alaska","State","NICKEL","FRESH WATER / WATER SUPPLY / INDUSTRIAL"
"AKDECWQ","Alaska","State","NICKEL","FRESH WATER / WATER SUPPLY / AQUACULTURE"
"AKDECWQ","Alaska","State","NICKEL","FRESH WATER / WATER SUPPLY / AGRICULTURE, INCLUDING IRRIGATION AND STOCK WATERING"
"AKDECWQ","Alaska","State","NICKEL","FRESH WATER / GROWTH AND PROPAGATION OF FISH, SHELLFISH, OTHER AQUATIC LIFE AND WILDLIFE"
"AKDECWQ","Alaska","State","NICKEL","FRESH WATER / WATER RECREATION / CONTACT RECREATION"
"AKDECWQ","Alaska","State","NICKEL","FRESH WATER / WATER RECREATION / SECONDARY RECREATION"
"AKDECWQ","Alaska","State","NICKEL","FRESH WATER / WATER SUPPLY / DRINKING, CULINARY, AND FOOD PROCESSING"
"AKDECWQ","Alaska","State","MERCURY","FRESH WATER / WATER SUPPLY / INDUSTRIAL"
"AKDECWQ","Alaska","State","MERCURY","FRESH WATER / WATER SUPPLY / AQUACULTURE"
"AKDECWQ","Alaska","State","MERCURY","FRESH WATER / WATER SUPPLY / AGRICULTURE, INCLUDING IRRIGATION AND STOCK WATERING"
"AKDECWQ","Alaska","State","MERCURY","FRESH WATER / GROWTH AND PROPAGATION OF FISH, SHELLFISH, OTHER AQUATIC LIFE AND WILDLIFE"
"AKDECWQ","Alaska","State","MERCURY","FRESH WATER / WATER RECREATION / CONTACT RECREATION"
"AKDECWQ","Alaska","State","MERCURY","FRESH WATER / WATER RECREATION / SECONDARY RECREATION"
"AKDECWQ","Alaska","State","MERCURY","FRESH WATER / WATER SUPPLY / DRINKING, CULINARY, AND FOOD PROCESSING"
"AKDECWQ","Alaska","State","NITRATE","FRESH WATER / WATER SUPPLY / INDUSTRIAL"
"AKDECWQ","Alaska","State","NITRATE","FRESH WATER / WATER SUPPLY / AQUACULTURE"
"AKDECWQ","Alaska","State","NITRATE","FRESH WATER / WATER SUPPLY / AGRICULTURE, INCLUDING IRRIGATION AND STOCK WATERING"
"AKDECWQ","Alaska","State","NITRATE","FRESH WATER / GROWTH AND PROPAGATION OF FISH, SHELLFISH, OTHER AQUATIC LIFE AND WILDLIFE"
"AKDECWQ","Alaska","State","NITRATE","FRESH WATER / WATER RECREATION / CONTACT RECREATION"
"AKDECWQ","Alaska","State","NITRATE","FRESH WATER / WATER RECREATION / SECONDARY RECREATION"
"AKDECWQ","Alaska","State","NITRATE","FRESH WATER / WATER SUPPLY / DRINKING, CULINARY, AND FOOD PROCESSING"
"AKDECWQ","Alaska","State","NITRITE","FRESH WATER / WATER SUPPLY / INDUSTRIAL"
"AKDECWQ","Alaska","State","NITRITE","FRESH WATER / WATER SUPPLY / AQUACULTURE"
"AKDECWQ","Alaska","State","NITRITE","FRESH WATER / WATER SUPPLY / AGRICULTURE, INCLUDING IRRIGATION AND STOCK WATERING"
"AKDECWQ","Alaska","State","NITRITE","FRESH WATER / GROWTH AND PROPAGATION OF FISH, SHELLFISH, OTHER AQUATIC LIFE AND WILDLIFE"
"AKDECWQ","Alaska","State","NITRITE","FRESH WATER / WATER RECREATION / CONTACT RECREATION"
"AKDECWQ","Alaska","State","NITRITE","FRESH WATER / WATER RECREATION / SECONDARY RECREATION"
"AKDECWQ","Alaska","State","NITRITE","FRESH WATER / WATER SUPPLY / DRINKING, CULINARY, AND FOOD PROCESSING"
"AKDECWQ","Alaska","State","BARIUM","FRESH WATER / WATER SUPPLY / INDUSTRIAL"
"AKDECWQ","Alaska","State","BARIUM","FRESH WATER / WATER SUPPLY / AQUACULTURE"
"AKDECWQ","Alaska","State","BARIUM","FRESH WATER / WATER SUPPLY / AGRICULTURE, INCLUDING IRRIGATION AND STOCK WATERING"
"AKDECWQ","Alaska","State","BARIUM","FRESH WATER / GROWTH AND PROPAGATION OF FISH, SHELLFISH, OTHER AQUATIC LIFE AND WILDLIFE"
"AKDECWQ","Alaska","State","BARIUM","FRESH WATER / WATER RECREATION / CONTACT RECREATION"
"AKDECWQ","Alaska","State","BARIUM","FRESH WATER / WATER RECREATION / SECONDARY RECREATION"
"AKDECWQ","Alaska","State","BARIUM","FRESH WATER / WATER SUPPLY / DRINKING, CULINARY, AND FOOD PROCESSING"
"AKDECWQ","Alaska","State","URANIUM","FRESH WATER / WATER SUPPLY / INDUSTRIAL"
"AKDECWQ","Alaska","State","URANIUM","FRESH WATER / WATER SUPPLY / AQUACULTURE"
"AKDECWQ","Alaska","State","URANIUM","FRESH WATER / WATER SUPPLY / AGRICULTURE, INCLUDING IRRIGATION AND STOCK WATERING"
"AKDECWQ","Alaska","State","URANIUM","FRESH WATER / GROWTH AND PROPAGATION OF FISH, SHELLFISH, OTHER AQUATIC LIFE AND WILDLIFE"
"AKDECWQ","Alaska","State","URANIUM","FRESH WATER / WATER RECREATION / CONTACT RECREATION"
"AKDECWQ","Alaska","State","URANIUM","FRESH WATER / WATER RECREATION / SECONDARY RECREATION"
"AKDECWQ","Alaska","State","URANIUM","FRESH WATER / WATER SUPPLY / DRINKING, CULINARY, AND FOOD PROCESSING"
"AKDECWQ","Alaska","State","BORON","FRESH WATER / WATER SUPPLY / INDUSTRIAL"
"AKDECWQ","Alaska","State","BORON","FRESH WATER / WATER SUPPLY / AQUACULTURE"
"AKDECWQ","Alaska","State","BORON","FRESH WATER / WATER SUPPLY / AGRICULTURE, INCLUDING IRRIGATION AND STOCK WATERING"
"AKDECWQ","Alaska","State","BORON","FRESH WATER / GROWTH AND PROPAGATION OF FISH, SHELLFISH, OTHER AQUATIC LIFE AND WILDLIFE"
"AKDECWQ","Alaska","State","BORON","FRESH WATER / WATER RECREATION / CONTACT RECREATION"
"AKDECWQ","Alaska","State","BORON","FRESH WATER / WATER RECREATION / SECONDARY RECREATION"
"AKDECWQ","Alaska","State","BORON","FRESH WATER / WATER SUPPLY / DRINKING, CULINARY, AND FOOD PROCESSING"
"AKDECWQ","Alaska","State","CYANIDE","FRESH WATER / WATER SUPPLY / INDUSTRIAL"
"AKDECWQ","Alaska","State","CYANIDE","FRESH WATER / WATER SUPPLY / AQUACULTURE"
"AKDECWQ","Alaska","State","CYANIDE","FRESH WATER / WATER SUPPLY / AGRICULTURE, INCLUDING IRRIGATION AND STOCK WATERING"
"AKDECWQ","Alaska","State","CYANIDE","FRESH WATER / GROWTH AND PROPAGATION OF FISH, SHELLFISH, OTHER AQUATIC LIFE AND WILDLIFE"
"AKDECWQ","Alaska","State","CYANIDE","FRESH WATER / WATER RECREATION / CONTACT RECREATION"
"AKDECWQ","Alaska","State","CYANIDE","FRESH WATER / WATER RECREATION / SECONDARY RECREATION"
"AKDECWQ","Alaska","State","CYANIDE","FRESH WATER / WATER SUPPLY / DRINKING, CULINARY, AND FOOD PROCESSING"
"AKDECWQ","Alaska","State","ANTIMONY","FRESH WATER / WATER SUPPLY / INDUSTRIAL"
"AKDECWQ","Alaska","State","ANTIMONY","FRESH WATER / WATER SUPPLY / AQUACULTURE"
"AKDECWQ","Alaska","State","ANTIMONY","FRESH WATER / WATER SUPPLY / AGRICULTURE, INCLUDING IRRIGATION AND STOCK WATERING"
"AKDECWQ","Alaska","State","ANTIMONY","FRESH WATER / GROWTH AND PROPAGATION OF FISH, SHELLFISH, OTHER AQUATIC LIFE AND WILDLIFE"
"AKDECWQ","Alaska","State","ANTIMONY","FRESH WATER / WATER RECREATION / CONTACT RECREATION"
"AKDECWQ","Alaska","State","ANTIMONY","FRESH WATER / WATER RECREATION / SECONDARY RECREATION"
"AKDECWQ","Alaska","State","ANTIMONY","FRESH WATER / WATER SUPPLY / DRINKING, CULINARY, AND FOOD PROCESSING"
"AKDECWQ","Alaska","State","FLUORIDE","FRESH WATER / WATER SUPPLY / AGRICULTURE, INCLUDING IRRIGATION AND STOCK WATERING"
"AKDECWQ","Alaska","State","FLUORIDE","FRESH WATER / WATER SUPPLY / DRINKING, CULINARY, AND FOOD PROCESSING"
"AKDECWQ","Alaska","State","COBALT","FRESH WATER / WATER SUPPLY / INDUSTRIAL"
"AKDECWQ","Alaska","State","COBALT","FRESH WATER / WATER SUPPLY / AQUACULTURE"
"AKDECWQ","Alaska","State","COBALT","FRESH WATER / WATER SUPPLY / AGRICULTURE, INCLUDING IRRIGATION AND STOCK WATERING"
"AKDECWQ","Alaska","State","COBALT","FRESH WATER / GROWTH AND PROPAGATION OF FISH, SHELLFISH, OTHER AQUATIC LIFE AND WILDLIFE"
"AKDECWQ","Alaska","State","COBALT","FRESH WATER / WATER RECREATION / CONTACT RECREATION"
"AKDECWQ","Alaska","State","COBALT","FRESH WATER / WATER RECREATION / SECONDARY RECREATION"
"AKDECWQ","Alaska","State","COBALT","FRESH WATER / WATER SUPPLY / DRINKING, CULINARY, AND FOOD PROCESSING"
"AKDECWQ","Alaska","State","SILVER","FRESH WATER / WATER SUPPLY / INDUSTRIAL"
"AKDECWQ","Alaska","State","SILVER","FRESH WATER / WATER SUPPLY / AQUACULTURE"
"AKDECWQ","Alaska","State","SILVER","FRESH WATER / WATER SUPPLY / AGRICULTURE, INCLUDING IRRIGATION AND STOCK WATERING"
"AKDECWQ","Alaska","State","SILVER","FRESH WATER / GROWTH AND PROPAGATION OF FISH, SHELLFISH, OTHER AQUATIC LIFE AND WILDLIFE"
"AKDECWQ","Alaska","State","SILVER","FRESH WATER / WATER RECREATION / CONTACT RECREATION"
"AKDECWQ","Alaska","State","SILVER","FRESH WATER / WATER RECREATION / SECONDARY RECREATION"
"AKDECWQ","Alaska","State","SILVER","FRESH WATER / WATER SUPPLY / DRINKING, CULINARY, AND FOOD PROCESSING"
"AKDECWQ","Alaska","State","ARSENIC","FRESH WATER / WATER SUPPLY / INDUSTRIAL"
"AKDECWQ","Alaska","State","ARSENIC","FRESH WATER / WATER SUPPLY / AQUACULTURE"
"AKDECWQ","Alaska","State","ARSENIC","FRESH WATER / WATER SUPPLY / AGRICULTURE, INCLUDING IRRIGATION AND STOCK WATERING"
"AKDECWQ","Alaska","State","ARSENIC","FRESH WATER / GROWTH AND PROPAGATION OF FISH, SHELLFISH, OTHER AQUATIC LIFE AND WILDLIFE"
"AKDECWQ","Alaska","State","ARSENIC","FRESH WATER / WATER RECREATION / CONTACT RECREATION"
"AKDECWQ","Alaska","State","ARSENIC","FRESH WATER / WATER RECREATION / SECONDARY RECREATION"
"AKDECWQ","Alaska","State","ARSENIC","FRESH WATER / WATER SUPPLY / DRINKING, CULINARY, AND FOOD PROCESSING"
"AKDECWQ","Alaska","State","LITHIUM","FRESH WATER / WATER SUPPLY / INDUSTRIAL"
"AKDECWQ","Alaska","State","LITHIUM","FRESH WATER / WATER SUPPLY / AQUACULTURE"
"AKDECWQ","Alaska","State","LITHIUM","FRESH WATER / WATER SUPPLY / AGRICULTURE, INCLUDING IRRIGATION AND STOCK WATERING"
"AKDECWQ","Alaska","State","LITHIUM","FRESH WATER / GROWTH AND PROPAGATION OF FISH, SHELLFISH, OTHER AQUATIC LIFE AND WILDLIFE"
"AKDECWQ","Alaska","State","LITHIUM","FRESH WATER / WATER RECREATION / CONTACT RECREATION"
"AKDECWQ","Alaska","State","LITHIUM","FRESH WATER / WATER RECREATION / SECONDARY RECREATION"
"AKDECWQ","Alaska","State","LITHIUM","FRESH WATER / WATER SUPPLY / DRINKING, CULINARY, AND FOOD PROCESSING"
"AKDECWQ","Alaska","State","SELENIUM","FRESH WATER / WATER SUPPLY / INDUSTRIAL"
"AKDECWQ","Alaska","State","SELENIUM","FRESH WATER / WATER SUPPLY / AQUACULTURE"
"AKDECWQ","Alaska","State","SELENIUM","FRESH WATER / GROWTH AND PROPAGATION OF FISH, SHELLFISH, OTHER AQUATIC LIFE AND WILDLIFE"
"AKDECWQ","Alaska","State","SELENIUM","FRESH WATER / WATER RECREATION / CONTACT RECREATION"
"AKDECWQ","Alaska","State","SELENIUM","FRESH WATER / WATER RECREATION / SECONDARY RECREATION"
"AKDECWQ","Alaska","State","THALLIUM","FRESH WATER / WATER SUPPLY / INDUSTRIAL"
"AKDECWQ","Alaska","State","THALLIUM","FRESH WATER / WATER SUPPLY / AQUACULTURE"
"AKDECWQ","Alaska","State","THALLIUM","FRESH WATER / WATER SUPPLY / AGRICULTURE, INCLUDING IRRIGATION AND STOCK WATERING"
"AKDECWQ","Alaska","State","THALLIUM","FRESH WATER / GROWTH AND PROPAGATION OF FISH, SHELLFISH, OTHER AQUATIC LIFE AND WILDLIFE"
"AKDECWQ","Alaska","State","THALLIUM","FRESH WATER / WATER RECREATION / CONTACT RECREATION"
"AKDECWQ","Alaska","State","THALLIUM","FRESH WATER / WATER RECREATION / SECONDARY RECREATION"
"AKDECWQ","Alaska","State","THALLIUM","FRESH WATER / WATER SUPPLY / DRINKING, CULINARY, AND FOOD PROCESSING"
"AKDECWQ","Alaska","State","VANADIUM","FRESH WATER / WATER SUPPLY / INDUSTRIAL"
"AKDECWQ","Alaska","State","VANADIUM","FRESH WATER / WATER SUPPLY / AQUACULTURE"
"AKDECWQ","Alaska","State","VANADIUM","FRESH WATER / WATER SUPPLY / AGRICULTURE, INCLUDING IRRIGATION AND STOCK WATERING"
"AKDECWQ","Alaska","State","VANADIUM","FRESH WATER / GROWTH AND PROPAGATION OF FISH, SHELLFISH, OTHER AQUATIC LIFE AND WILDLIFE"
"AKDECWQ","Alaska","State","VANADIUM","FRESH WATER / WATER RECREATION / CONTACT RECREATION"
"AKDECWQ","Alaska","State","VANADIUM","FRESH WATER / WATER RECREATION / SECONDARY RECREATION"
"AKDECWQ","Alaska","State","VANADIUM","FRESH WATER / WATER SUPPLY / DRINKING, CULINARY, AND FOOD PROCESSING"
"AKDECWQ","Alaska","State","BERYLLIUM","FRESH WATER / WATER SUPPLY / INDUSTRIAL"
"AKDECWQ","Alaska","State","BERYLLIUM","FRESH WATER / WATER SUPPLY / AQUACULTURE"
"AKDECWQ","Alaska","State","BERYLLIUM","FRESH WATER / WATER SUPPLY / AGRICULTURE, INCLUDING IRRIGATION AND STOCK WATERING"
"AKDECWQ","Alaska","State","BERYLLIUM","FRESH WATER / GROWTH AND PROPAGATION OF FISH, SHELLFISH, OTHER AQUATIC LIFE AND WILDLIFE"
"AKDECWQ","Alaska","State","BERYLLIUM","FRESH WATER / WATER RECREATION / CONTACT RECREATION"
"AKDECWQ","Alaska","State","BERYLLIUM","FRESH WATER / WATER RECREATION / SECONDARY RECREATION"
"AKDECWQ","Alaska","State","BERYLLIUM","FRESH WATER / WATER SUPPLY / DRINKING, CULINARY, AND FOOD PROCESSING"
"AKDECWQ","Alaska","State","STRONTIUM","FRESH WATER / WATER SUPPLY / INDUSTRIAL"
"AKDECWQ","Alaska","State","STRONTIUM","FRESH WATER / WATER SUPPLY / AQUACULTURE"
"AKDECWQ","Alaska","State","STRONTIUM","FRESH WATER / WATER SUPPLY / AGRICULTURE, INCLUDING IRRIGATION AND STOCK WATERING"
"AKDECWQ","Alaska","State","STRONTIUM","FRESH WATER / GROWTH AND PROPAGATION OF FISH, SHELLFISH, OTHER AQUATIC LIFE AND WILDLIFE"
"AKDECWQ","Alaska","State","STRONTIUM","FRESH WATER / WATER RECREATION / CONTACT RECREATION"
"AKDECWQ","Alaska","State","STRONTIUM","FRESH WATER / WATER RECREATION / SECONDARY RECREATION"
"AKDECWQ","Alaska","State","STRONTIUM","FRESH WATER / WATER SUPPLY / DRINKING, CULINARY, AND FOOD PROCESSING"
"AKDECWQ","Alaska","State","MOLYBDENUM","FRESH WATER / WATER SUPPLY / INDUSTRIAL"
"AKDECWQ","Alaska","State","MOLYBDENUM","FRESH WATER / WATER SUPPLY / AQUACULTURE"
"AKDECWQ","Alaska","State","MOLYBDENUM","FRESH WATER / WATER SUPPLY / AGRICULTURE, INCLUDING IRRIGATION AND STOCK WATERING"
"AKDECWQ","Alaska","State","MOLYBDENUM","FRESH WATER / GROWTH AND PROPAGATION OF FISH, SHELLFISH, OTHER AQUATIC LIFE AND WILDLIFE"
"AKDECWQ","Alaska","State","MOLYBDENUM","FRESH WATER / WATER RECREATION / CONTACT RECREATION"
"AKDECWQ","Alaska","State","MOLYBDENUM","FRESH WATER / WATER RECREATION / SECONDARY RECREATION"
"AKDECWQ","Alaska","State","MOLYBDENUM","FRESH WATER / WATER SUPPLY / DRINKING, CULINARY, AND FOOD PROCESSING"
"AKDECWQ","Alaska","State","TOTAL DISSOLVED SOLIDS (TDS)","FRESH WATER / WATER SUPPLY / INDUSTRIAL"
"AKDECWQ","Alaska","State","TOTAL DISSOLVED SOLIDS (TDS)","FRESH WATER / WATER SUPPLY / AQUACULTURE"
"AKDECWQ","Alaska","State","TOTAL DISSOLVED SOLIDS (TDS)","FRESH WATER / WATER SUPPLY / AGRICULTURE, INCLUDING IRRIGATION AND STOCK WATERING"
"AKDECWQ","Alaska","State","TOTAL DISSOLVED SOLIDS (TDS)","FRESH WATER / WATER RECREATION / CONTACT RECREATION"
"AKDECWQ","Alaska","State","TOTAL DISSOLVED SOLIDS (TDS)","FRESH WATER / WATER RECREATION / SECONDARY RECREATION"
"AKDECWQ","Alaska","State","TOTAL DISSOLVED SOLIDS (TDS)","FRESH WATER / WATER SUPPLY / DRINKING, CULINARY, AND FOOD PROCESSING"
"AKDECWQ","Alaska","State","ZINC, DISSOLVED","FRESH WATER / GROWTH AND PROPAGATION OF FISH, SHELLFISH, OTHER AQUATIC LIFE AND WILDLIFE"
"AKDECWQ","Alaska","State","COPPER, DISSOLVED","FRESH WATER / GROWTH AND PROPAGATION OF FISH, SHELLFISH, OTHER AQUATIC LIFE AND WILDLIFE"
"AKDECWQ","Alaska","State","NICKEL, DISSOLVED","FRESH WATER / GROWTH AND PROPAGATION OF FISH, SHELLFISH, OTHER AQUATIC LIFE AND WILDLIFE"
"AKDECWQ","Alaska","State","SILVER, DISSOLVED","FRESH WATER / GROWTH AND PROPAGATION OF FISH, SHELLFISH, OTHER AQUATIC LIFE AND WILDLIFE"
"AKDECWQ","Alaska","State","ARSENIC, DISSOLVED","FRESH WATER / WATER SUPPLY / AGRICULTURE, INCLUDING IRRIGATION AND STOCK WATERING"
"AKDECWQ","Alaska","State","ARSENIC, DISSOLVED","FRESH WATER / GROWTH AND PROPAGATION OF FISH, SHELLFISH, OTHER AQUATIC LIFE AND WILDLIFE"
"AKDECWQ","Alaska","State","ARSENIC, DISSOLVED","FRESH WATER / WATER SUPPLY / DRINKING, CULINARY, AND FOOD PROCESSING"
"AKDECWQ","Alaska","State","CADMIUM, DISSOLVED","FRESH WATER / WATER SUPPLY / AGRICULTURE, INCLUDING IRRIGATION AND STOCK WATERING"
"AKDECWQ","Alaska","State","CADMIUM, DISSOLVED","FRESH WATER / GROWTH AND PROPAGATION OF FISH, SHELLFISH, OTHER AQUATIC LIFE AND WILDLIFE"
"AKDECWQ","Alaska","State","CADMIUM, DISSOLVED","FRESH WATER / WATER SUPPLY / DRINKING, CULINARY, AND FOOD PROCESSING"
"AKDECWQ","Alaska","State","BOTTOM DEPOSITS","FRESH WATER / WATER SUPPLY / INDUSTRIAL"
"AKDECWQ","Alaska","State","BOTTOM DEPOSITS","FRESH WATER / WATER SUPPLY / AQUACULTURE"
"AKDECWQ","Alaska","State","BOTTOM DEPOSITS","FRESH WATER / WATER SUPPLY / AGRICULTURE, INCLUDING IRRIGATION AND STOCK WATERING"
"AKDECWQ","Alaska","State","BOTTOM DEPOSITS","FRESH WATER / GROWTH AND PROPAGATION OF FISH, SHELLFISH, OTHER AQUATIC LIFE AND WILDLIFE"
"AKDECWQ","Alaska","State","BOTTOM DEPOSITS","FRESH WATER / WATER RECREATION / CONTACT RECREATION"
"AKDECWQ","Alaska","State","BOTTOM DEPOSITS","FRESH WATER / WATER RECREATION / SECONDARY RECREATION"
"AKDECWQ","Alaska","State","BOTTOM DEPOSITS","FRESH WATER / WATER SUPPLY / DRINKING, CULINARY, AND FOOD PROCESSING"
"AKDECWQ","Alaska","State","SEDIMENTATION/SILTATION","FRESH WATER / WATER SUPPLY / INDUSTRIAL"
"AKDECWQ","Alaska","State","SEDIMENTATION/SILTATION","FRESH WATER / WATER SUPPLY / AQUACULTURE"
"AKDECWQ","Alaska","State","SEDIMENTATION/SILTATION","FRESH WATER / WATER SUPPLY / AGRICULTURE, INCLUDING IRRIGATION AND STOCK WATERING"
"AKDECWQ","Alaska","State","SEDIMENTATION/SILTATION","FRESH WATER / GROWTH AND PROPAGATION OF FISH, SHELLFISH, OTHER AQUATIC LIFE AND WILDLIFE"
"AKDECWQ","Alaska","State","SEDIMENTATION/SILTATION","FRESH WATER / WATER RECREATION / SECONDARY RECREATION"
"AKDECWQ","Alaska","State","SEDIMENTATION/SILTATION","FRESH WATER / WATER SUPPLY / DRINKING, CULINARY, AND FOOD PROCESSING"
"AKDECWQ","Alaska","State","SEDIMENTATION/SILTATION","FRESH WATER / WATER RECREATION / CONTACT RECREATION"
"AKDECWQ","Alaska","State","DEBRIS","FRESH WATER / WATER SUPPLY / INDUSTRIAL"
"AKDECWQ","Alaska","State","DEBRIS","FRESH WATER / WATER SUPPLY / AQUACULTURE"
"AKDECWQ","Alaska","State","DEBRIS","FRESH WATER / WATER SUPPLY / AGRICULTURE, INCLUDING IRRIGATION AND STOCK WATERING"
"AKDECWQ","Alaska","State","DEBRIS","FRESH WATER / GROWTH AND PROPAGATION OF FISH, SHELLFISH, OTHER AQUATIC LIFE AND WILDLIFE"
"AKDECWQ","Alaska","State","DEBRIS","FRESH WATER / WATER RECREATION / CONTACT RECREATION"
"AKDECWQ","Alaska","State","DEBRIS","FRESH WATER / WATER RECREATION / SECONDARY RECREATION"
"AKDECWQ","Alaska","State","DEBRIS","FRESH WATER / WATER SUPPLY / DRINKING, CULINARY, AND FOOD PROCESSING"
"AKDECWQ","Alaska","State","BENZENE","FRESH WATER / WATER SUPPLY / DRINKING, CULINARY, AND FOOD PROCESSING"
"AKDECWQ","Alaska","State","TOLUENE","FRESH WATER / WATER SUPPLY / DRINKING, CULINARY, AND FOOD PROCESSING"
"AKDECWQ","Alaska","State","ETHYLBENZENE","FRESH WATER / WATER SUPPLY / DRINKING, CULINARY, AND FOOD PROCESSING"
"AKDECWQ","Alaska","State","TOTAL AROMATIC HYDROCARBONS","FRESH WATER / WATER SUPPLY / INDUSTRIAL"
"AKDECWQ","Alaska","State","TOTAL AROMATIC HYDROCARBONS","FRESH WATER / WATER SUPPLY / AQUACULTURE"
"AKDECWQ","Alaska","State","TOTAL AROMATIC HYDROCARBONS","FRESH WATER / WATER SUPPLY / AGRICULTURE, INCLUDING IRRIGATION AND STOCK WATERING"
"AKDECWQ","Alaska","State","TOTAL AROMATIC HYDROCARBONS","FRESH WATER / GROWTH AND PROPAGATION OF FISH, SHELLFISH, OTHER AQUATIC LIFE AND WILDLIFE"
"AKDECWQ","Alaska","State","TOTAL AROMATIC HYDROCARBONS","FRESH WATER / WATER RECREATION / CONTACT RECREATION"
"AKDECWQ","Alaska","State","TOTAL AROMATIC HYDROCARBONS","FRESH WATER / WATER RECREATION / SECONDARY RECREATION"
"AKDECWQ","Alaska","State","TOTAL AROMATIC HYDROCARBONS","FRESH WATER / WATER SUPPLY / DRINKING, CULINARY, AND FOOD PROCESSING"
"AKDECWQ","Alaska","State","ZINC, DISSOLVED","FRESH WATER / WATER SUPPLY / INDUSTRIAL"
"AKDECWQ","Alaska","State","ZINC, DISSOLVED","FRESH WATER / WATER SUPPLY / AQUACULTURE"
"AKDECWQ","Alaska","State","ZINC, DISSOLVED","FRESH WATER / WATER SUPPLY / AGRICULTURE, INCLUDING IRRIGATION AND STOCK WATERING"
"AKDECWQ","Alaska","State","ZINC, DISSOLVED","FRESH WATER / WATER RECREATION / CONTACT RECREATION"
"AKDECWQ","Alaska","State","ZINC, DISSOLVED","FRESH WATER / WATER RECREATION / SECONDARY RECREATION"
"AKDECWQ","Alaska","State","ZINC, DISSOLVED","FRESH WATER / WATER SUPPLY / DRINKING, CULINARY, AND FOOD PROCESSING"
"AKDECWQ","Alaska","State","COPPER, DISSOLVED","FRESH WATER / WATER SUPPLY / INDUSTRIAL"
"AKDECWQ","Alaska","State","COPPER, DISSOLVED","FRESH WATER / WATER SUPPLY / AQUACULTURE"
"AKDECWQ","Alaska","State","COPPER, DISSOLVED","FRESH WATER / WATER SUPPLY / AGRICULTURE, INCLUDING IRRIGATION AND STOCK WATERING"
"AKDECWQ","Alaska","State","COPPER, DISSOLVED","FRESH WATER / WATER RECREATION / CONTACT RECREATION"
"AKDECWQ","Alaska","State","COPPER, DISSOLVED","FRESH WATER / WATER RECREATION / SECONDARY RECREATION"
"AKDECWQ","Alaska","State","COPPER, DISSOLVED","FRESH WATER / WATER SUPPLY / DRINKING, CULINARY, AND FOOD PROCESSING"
"AKDECWQ","Alaska","State","1,2-DICHLOROBENZENE","FRESH WATER / WATER SUPPLY / DRINKING, CULINARY, AND FOOD PROCESSING"
"AKDECWQ","Alaska","State","1,3-DICHLOROBENZENE","FRESH WATER / WATER SUPPLY / DRINKING, CULINARY, AND FOOD PROCESSING"
"AKDECWQ","Alaska","State","1,4-DICHLOROBENZENE","FRESH WATER / WATER SUPPLY / DRINKING, CULINARY, AND FOOD PROCESSING"
"AKDECWQ","Alaska","State","CHLOROBENZENE (MONO)","FRESH WATER / WATER SUPPLY / DRINKING, CULINARY, AND FOOD PROCESSING"
"AKDECWQ","Alaska","State","PETROLEUM HYDROCARBONS","FRESH WATER / WATER SUPPLY / INDUSTRIAL"
"AKDECWQ","Alaska","State","PETROLEUM HYDROCARBONS","FRESH WATER / WATER SUPPLY / AQUACULTURE"
"AKDECWQ","Alaska","State","PETROLEUM HYDROCARBONS","FRESH WATER / WATER SUPPLY / AGRICULTURE, INCLUDING IRRIGATION AND STOCK WATERING"
"AKDECWQ","Alaska","State","PETROLEUM HYDROCARBONS","FRESH WATER / GROWTH AND PROPAGATION OF FISH, SHELLFISH, OTHER AQUATIC LIFE AND WILDLIFE"
"AKDECWQ","Alaska","State","PETROLEUM HYDROCARBONS","FRESH WATER / WATER RECREATION / CONTACT RECREATION"
"AKDECWQ","Alaska","State","PETROLEUM HYDROCARBONS","FRESH WATER / WATER RECREATION / SECONDARY RECREATION"
"AKDECWQ","Alaska","State","PETROLEUM HYDROCARBONS","FRESH WATER / WATER SUPPLY / DRINKING, CULINARY, AND FOOD PROCESSING"
"AKDECWQ","Alaska","State","CHROMIUM, TOTAL","FRESH WATER / WATER RECREATION / CONTACT RECREATION"
"AKDECWQ","Alaska","State","CHROMIUM, TOTAL","FRESH WATER / WATER RECREATION / SECONDARY RECREATION"
"AKDECWQ","Alaska","State","CHROMIUM, TOTAL","FRESH WATER / WATER SUPPLY / DRINKING, CULINARY, AND FOOD PROCESSING"
"AKDECWQ","Alaska","State","AMMONIA, UN-IONIZED","FRESH WATER / WATER SUPPLY / INDUSTRIAL"
"AKDECWQ","Alaska","State","AMMONIA, UN-IONIZED","FRESH WATER / WATER SUPPLY / AQUACULTURE"
"AKDECWQ","Alaska","State","AMMONIA, UN-IONIZED","FRESH WATER / WATER SUPPLY / AGRICULTURE, INCLUDING IRRIGATION AND STOCK WATERING"
"AKDECWQ","Alaska","State","AMMONIA, UN-IONIZED","FRESH WATER / GROWTH AND PROPAGATION OF FISH, SHELLFISH, OTHER AQUATIC LIFE AND WILDLIFE"
"AKDECWQ","Alaska","State","AMMONIA, UN-IONIZED","FRESH WATER / WATER RECREATION / CONTACT RECREATION"
"AKDECWQ","Alaska","State","AMMONIA, UN-IONIZED","FRESH WATER / WATER RECREATION / SECONDARY RECREATION"
"AKDECWQ","Alaska","State","AMMONIA, UN-IONIZED","FRESH WATER / WATER SUPPLY / DRINKING, CULINARY, AND FOOD PROCESSING"
"AKDECWQ","Alaska","State","CHLORINE","FRESH WATER / WATER SUPPLY / INDUSTRIAL"
"AKDECWQ","Alaska","State","CHLORINE","FRESH WATER / WATER SUPPLY / AQUACULTURE"
"AKDECWQ","Alaska","State","CHLORINE","FRESH WATER / WATER SUPPLY / AGRICULTURE, INCLUDING IRRIGATION AND STOCK WATERING"
"AKDECWQ","Alaska","State","CHLORINE","FRESH WATER / GROWTH AND PROPAGATION OF FISH, SHELLFISH, OTHER AQUATIC LIFE AND WILDLIFE"
"AKDECWQ","Alaska","State","CHLORINE","FRESH WATER / WATER RECREATION / CONTACT RECREATION"
"AKDECWQ","Alaska","State","CHLORINE","FRESH WATER / WATER RECREATION / SECONDARY RECREATION"
"AKDECWQ","Alaska","State","CHLORINE","FRESH WATER / WATER SUPPLY / DRINKING, CULINARY, AND FOOD PROCESSING"
"AKDECWQ","Alaska","State","XYLENE","FRESH WATER / WATER SUPPLY / DRINKING, CULINARY, AND FOOD PROCESSING"
"AKDECWQ","Alaska","State","M-XYLENE","FRESH WATER / WATER SUPPLY / DRINKING, CULINARY, AND FOOD PROCESSING"
"AKDECWQ","Alaska","State","O-XYLENE","FRESH WATER / WATER SUPPLY / DRINKING, CULINARY, AND FOOD PROCESSING"
"AKDECWQ","Alaska","State","POLYCHLORINATED BIPHENYLS (PCBS)","FRESH WATER / WATER SUPPLY / DRINKING, CULINARY, AND FOOD PROCESSING"
"O_MTRIBE","Otoe Missouria Tribe","Tribe","PHOSPHORUS","General"
"O_MTRIBE","Otoe Missouria Tribe","Tribe","NITROGEN, NITRATE","General"
"O_MTRIBE","Otoe Missouria Tribe","Tribe","NITROGEN, NITRITE","General"
"O_MTRIBE","Otoe Missouria Tribe","Tribe","ESCHERICHIA COLI (E. COLI)","Primary Body Contact Recreation"
"O_MTRIBE","Otoe Missouria Tribe","Tribe","TURBIDITY","Warm Water Aquatic Community"
"O_MTRIBE","Otoe Missouria Tribe","Tribe","TEMPERATURE","Warm Water Aquatic Community"
"O_MTRIBE","Otoe Missouria Tribe","Tribe","LEAD, TOTAL","General"
"O_MTRIBE","Otoe Missouria Tribe","Tribe","PH","Warm Water Aquatic Community"
"O_MTRIBE","Otoe Missouria Tribe","Tribe","DISSOLVED OXYGEN","Warm Water Aquatic Community"
"O_MTRIBE","Otoe Missouria Tribe","Tribe","CHLORIDE","Agriculture: Livestock and Irrigation"
"O_MTRIBE","Otoe Missouria Tribe","Tribe","SPECIFIC CONDUCTIVITY","General"
"O_MTRIBE","Otoe Missouria Tribe","Tribe","TOTAL DISSOLVED SOLIDS (TDS)","Agriculture: Livestock and Irrigation"
"O_MTRIBE","Otoe Missouria Tribe","Tribe","PHOSPHORUS, TOTAL","General"
"LADEQWPD","Louisiana","State",NA,"Fish and Wildlife Propagation"
"LADEQWPD","Louisiana","State",NA,"Secondary Contact Recreation"
"LADEQWPD","Louisiana","State","FECAL COLIFORM","Primary Contact Recreation"
"LADEQWPD","Louisiana","State",NA,"Primary Contact Recreation"
"LADEQWPD","Louisiana","State","MERCURY - FISH CONSUMPTION ADVISORY","Fish and Wildlife Propagation"
"LADEQWPD","Louisiana","State","DISSOLVED OXYGEN","Fish and Wildlife Propagation"
"LADEQWPD","Louisiana","State",NA,"Drinking Water Supply"
"LADEQWPD","Louisiana","State","COLOR","Drinking Water Supply"
"LADEQWPD","Louisiana","State","NON-NATIVE AQUATIC PLANTS","Fish and Wildlife Propagation"
"LADEQWPD","Louisiana","State","ENTEROCOCCUS","Primary Contact Recreation"
"LADEQWPD","Louisiana","State","FECAL COLIFORM","Oyster Propagation"
"LADEQWPD","Louisiana","State",NA,"Agriculture"
"LADEQWPD","Louisiana","State","PHOSPHORUS, TOTAL","Fish and Wildlife Propagation"
"LADEQWPD","Louisiana","State","NITRATE/NITRITE (NITRITE + NITRATE AS N)","Fish and Wildlife Propagation"
"LADEQWPD","Louisiana","State","PH, HIGH","Fish and Wildlife Propagation"
"LADEQWPD","Louisiana","State","TURBIDITY","Outstanding Natural Resource Waters"
"LADEQWPD","Louisiana","State","TURBIDITY","Fish and Wildlife Propagation"
"LADEQWPD","Louisiana","State",NA,"Oyster Propagation"
"LADEQWPD","Louisiana","State","SULFATE","Fish and Wildlife Propagation"
"LADEQWPD","Louisiana","State","CHLORIDE","Fish and Wildlife Propagation"
"LADEQWPD","Louisiana","State",NA,"Outstanding Natural Resource Waters"
"LADEQWPD","Louisiana","State","FECAL COLIFORM","Secondary Contact Recreation"
"LADEQWPD","Louisiana","State","TOTAL DISSOLVED SOLIDS (TDS)","Fish and Wildlife Propagation"
"LADEQWPD","Louisiana","State","LEAD","Fish and Wildlife Propagation"
"LADEQWPD","Louisiana","State","FURAN COMPOUNDS","Fish and Wildlife Propagation"
"LADEQWPD","Louisiana","State","DIOXIN - FISH CONSUMPTION ADVISORY","Fish and Wildlife Propagation"
"LADEQWPD","Louisiana","State","PCBS - FISH CONSUMPTION ADVISORY","Fish and Wildlife Propagation"
"LADEQWPD","Louisiana","State","4,4'-DDT","Fish and Wildlife Propagation"
"LADEQWPD","Louisiana","State","METHOXYCHLOR","Fish and Wildlife Propagation"
"LADEQWPD","Louisiana","State","PHENOL","Fish and Wildlife Propagation"
"LADEQWPD","Louisiana","State","POLYCYCLIC AROMATIC HYDROCARBONS (PAHS) (AQUATIC ECOSYSTEMS)","Fish and Wildlife Propagation"
"LADEQWPD","Louisiana","State","POLYCHLORINATED BIPHENYLS (PCBS)","Fish and Wildlife Propagation"
"LADEQWPD","Louisiana","State","PH, LOW","Fish and Wildlife Propagation"
"LADEQWPD","Louisiana","State","TEMPERATURE","Primary Contact Recreation"
"LADEQWPD","Louisiana","State","FIPRONIL","Fish and Wildlife Propagation"
"LADEQWPD","Louisiana","State","DIOXIN","Primary Contact Recreation"
"LADEQWPD","Louisiana","State","DIOXIN","Secondary Contact Recreation"
"LADEQWPD","Louisiana","State","FURAN COMPOUNDS","Primary Contact Recreation"
"LADEQWPD","Louisiana","State","FURAN COMPOUNDS","Secondary Contact Recreation"
"LADEQWPD","Louisiana","State","PCBS IN SEDIMENT","Primary Contact Recreation"
"LADEQWPD","Louisiana","State","PCBS IN SEDIMENT","Secondary Contact Recreation"
"LADEQWPD","Louisiana","State","AMMONIA, TOTAL","Fish and Wildlife Propagation"
"LADEQWPD","Louisiana","State","COPPER","Fish and Wildlife Propagation"
"LADEQWPD","Louisiana","State","CARBOFURAN","Fish and Wildlife Propagation"
"LADEQWPD","Louisiana","State","TURBIDITY","Limited Aquatic Life and Wildlife Use"
"LADEQWPD","Louisiana","State","CARBOFURAN","Limited Aquatic Life and Wildlife Use"
"LADEQWPD","Louisiana","State","1,2-DICHLOROETHANE","Drinking Water Supply"
"LADEQWPD","Louisiana","State","MERCURY","Primary Contact Recreation"
"LADEQWPD","Louisiana","State","HEXACHLOROBENZENE","Primary Contact Recreation"
"LADEQWPD","Louisiana","State","OIL AND GREASE","Fish and Wildlife Propagation"
"LADEQWPD","Louisiana","State","HEXACHLOROBUTADIENE","Primary Contact Recreation"
"LADEQWPD","Louisiana","State","LEAD","Primary Contact Recreation"
"LADEQWPD","Louisiana","State","ARSENIC","Primary Contact Recreation"
"LADEQWPD","Louisiana","State","DISSOLVED OXYGEN","Limited Aquatic Life and Wildlife Use"
"LADEQWPD","Louisiana","State","TOXAPHENE","Fish and Wildlife Propagation"
"LADEQWPD","Louisiana","State","ATRAZINE","Fish and Wildlife Propagation"
"LADEQWPD","Louisiana","State","METHYL PARATHION","Fish and Wildlife Propagation"
"LADEQWPD","Louisiana","State","2,3,7,8-TETRACHLORODIBENZOFURAN","Fish and Wildlife Propagation"
"LADEQWPD","Louisiana","State","2,3,7,8-TETRACHLORODIBENZO-P-DIOXIN","Fish and Wildlife Propagation"
"LADEQWPD","Louisiana","State","2,3,7,8-TETRACHLORODIBENZOFURAN","Limited Aquatic Life and Wildlife Use"
"LADEQWPD","Louisiana","State","2,3,7,8-TETRACHLORODIBENZO-P-DIOXIN","Limited Aquatic Life and Wildlife Use"
"LADEQWPD","Louisiana","State",NA,"Limited Aquatic Life and Wildlife Use"
"LADEQWPD","Louisiana","State","TEMPERATURE","Fish and Wildlife Propagation"
"LADEQWPD","Louisiana","State","1,2-DICHLOROETHANE","Primary Contact Recreation"
"LADEQWPD","Louisiana","State","CHLOROFORM","Primary Contact Recreation"
"LADEQWPD","Louisiana","State","1,1,2-TRICHLOROETHANE","Primary Contact Recreation"
"21NJDEP1","New Jersey","State",NA,"Aquatic Life - Trout"
"21NJDEP1","New Jersey","State",NA,"Primary Contact Recreation"
"21NJDEP1","New Jersey","State",NA,"Secondary Contact Recreation"
"21NJDEP1","New Jersey","State",NA,"PUBLIC WATER SUPPLY"
"21NJDEP1","New Jersey","State",NA,"Fish Consumption"
"21NJDEP1","New Jersey","State","AMMONIA, UN-IONIZED","Aquatic Life"
"21NJDEP1","New Jersey","State","FECAL COLIFORM","Shellfish Harvesting"
"21NJDEP1","New Jersey","State","TURBIDITY","Aquatic Life"
"21NJDEP1","New Jersey","State","TEMPERATURE","Aquatic Life"
"21NJDEP1","New Jersey","State","PH","Aquatic Life"
"21NJDEP1","New Jersey","State","INDEX OF BIOLOGICAL INTEGRITY (IBI)","Aquatic Life"
"21NJDEP1","New Jersey","State","DISSOLVED OXYGEN","Aquatic Life"
"21NJDEP1","New Jersey","State","MERCURY IN FISH TISSUE","Fish Consumption"
"21NJDEP1","New Jersey","State","ENTEROCOCCUS","Primary Contact Recreation"
"21NJDEP1","New Jersey","State","LINDANE","Fish Consumption"
"21NJDEP1","New Jersey","State","DDT IN FISH TISSUE","Fish Consumption"
"21NJDEP1","New Jersey","State","ENDRIN IN FISH TISSUE","Fish Consumption"
"21NJDEP1","New Jersey","State","DIELDRIN IN FISH TISSUE","Fish Consumption"
"21NJDEP1","New Jersey","State","CHLORDANE IN FISH TISSUE","Fish Consumption"
"21NJDEP1","New Jersey","State","ENDOSULFAN IN FISH TISSUE","Fish Consumption"
"21NJDEP1","New Jersey","State","HEPTACHLOR IN FISH TISSUE","Fish Consumption"
"21NJDEP1","New Jersey","State","HEXACHLOROBENZENE IN FISH TISSUE","Fish Consumption"
"21NJDEP1","New Jersey","State","MIREX - FISH CONSUMPTION ADVISORY","Fish Consumption"
"21NJDEP1","New Jersey","State","PCBS IN FISH TISSUE","Fish Consumption"
"21NJDEP1","New Jersey","State","CHLORPYRIFOS","Aquatic Life"
"21NJDEP1","New Jersey","State","LEAD","Aquatic Life"
"21NJDEP1","New Jersey","State","ZINC","Aquatic Life"
"21NJDEP1","New Jersey","State","ZINC","Fish Consumption"
"21NJDEP1","New Jersey","State","COPPER","Aquatic Life"
"21NJDEP1","New Jersey","State","NICKEL","Aquatic Life"
"21NJDEP1","New Jersey","State","NICKEL","Fish Consumption"
"21NJDEP1","New Jersey","State","CADMIUM","Aquatic Life"
"21NJDEP1","New Jersey","State","CADMIUM","Fish Consumption"
"21NJDEP1","New Jersey","State","CHROMIUM","Fish Consumption"
"21NJDEP1","New Jersey","State",NA,"Shellfish Harvesting"
"21NJDEP1","New Jersey","State","MERCURY IN WATER COLUMN","Aquatic Life"
"21NJDEP1","New Jersey","State","MERCURY IN WATER COLUMN","PUBLIC WATER SUPPLY"
"21NJDEP1","New Jersey","State","NITRATE","PUBLIC WATER SUPPLY"
"21NJDEP1","New Jersey","State","ESCHERICHIA COLI (E. COLI)","Primary Contact Recreation"
"21NJDEP1","New Jersey","State","ARSENIC IN FISH TISSUE","Fish Consumption"
"21NJDEP1","New Jersey","State","CHRYSENE","PUBLIC WATER SUPPLY"
"21NJDEP1","New Jersey","State","LEAD","PUBLIC WATER SUPPLY"
"21NJDEP1","New Jersey","State","ZINC","PUBLIC WATER SUPPLY"
"21NJDEP1","New Jersey","State","COPPER","PUBLIC WATER SUPPLY"
"21NJDEP1","New Jersey","State","NICKEL","PUBLIC WATER SUPPLY"
"21NJDEP1","New Jersey","State","SILVER","Aquatic Life"
"21NJDEP1","New Jersey","State","SILVER","PUBLIC WATER SUPPLY"
"21NJDEP1","New Jersey","State","ARSENIC","Aquatic Life"
"21NJDEP1","New Jersey","State","ARSENIC","PUBLIC WATER SUPPLY"
"21NJDEP1","New Jersey","State","CADMIUM","PUBLIC WATER SUPPLY"
"21NJDEP1","New Jersey","State","ALUMINUM","Aquatic Life"
"21NJDEP1","New Jersey","State","CHROMIUM","PUBLIC WATER SUPPLY"
"21NJDEP1","New Jersey","State","SELENIUM","Aquatic Life"
"21NJDEP1","New Jersey","State","SELENIUM","PUBLIC WATER SUPPLY"
"21NJDEP1","New Jersey","State","CADMIUM IN FISH TISSUE","Fish Consumption"
"21NJDEP1","New Jersey","State","SELENIUM IN FISH TISSUE","Fish Consumption"
"21NJDEP1","New Jersey","State","TOTAL DISSOLVED SOLIDS (TDS)","PUBLIC WATER SUPPLY"
"21NJDEP1","New Jersey","State","MERCURY IN WATER COLUMN","Fish Consumption"
"21NJDEP1","New Jersey","State","PHOSPHORUS, TOTAL","Aquatic Life"
"21NJDEP1","New Jersey","State","TOTAL SUSPENDED SOLIDS (TSS)","Aquatic Life"
"21NJDEP1","New Jersey","State","CHROMIUM, HEXAVALENT","Aquatic Life"
"21NJDEP1","New Jersey","State","SULFATE","PUBLIC WATER SUPPLY"
"21NJDEP1","New Jersey","State","CHLORIDE","Aquatic Life"
"21NJDEP1","New Jersey","State","CHLORIDE","PUBLIC WATER SUPPLY"
"21NJDEP1","New Jersey","State","AMMONIA, UN-IONIZED","Aquatic Life - Trout"
"21NJDEP1","New Jersey","State","MERCURY IN WATER COLUMN","Aquatic Life - Trout"
"21NJDEP1","New Jersey","State","PHOSPHORUS, TOTAL","Aquatic Life - Trout"
"21NJDEP1","New Jersey","State","TURBIDITY","Aquatic Life - Trout"
"21NJDEP1","New Jersey","State","TOTAL SUSPENDED SOLIDS (TSS)","Aquatic Life - Trout"
"21NJDEP1","New Jersey","State","TEMPERATURE","Aquatic Life - Trout"
"21NJDEP1","New Jersey","State","ZINC","Aquatic Life - Trout"
"21NJDEP1","New Jersey","State","COPPER","Aquatic Life - Trout"
"21NJDEP1","New Jersey","State","NICKEL","Aquatic Life - Trout"
"21NJDEP1","New Jersey","State","SILVER","Aquatic Life - Trout"
"21NJDEP1","New Jersey","State","ARSENIC","Aquatic Life - Trout"
"21NJDEP1","New Jersey","State","PH","Aquatic Life - Trout"
"21NJDEP1","New Jersey","State","INDEX OF BIOLOGICAL INTEGRITY (IBI)","Aquatic Life - Trout"
"21NJDEP1","New Jersey","State","DISSOLVED OXYGEN","Aquatic Life - Trout"
"21NJDEP1","New Jersey","State","CHLORIDE","Aquatic Life - Trout"
"21NJDEP1","New Jersey","State","CHLORPYRIFOS","Aquatic Life - Trout"
"21NJDEP1","New Jersey","State","LEAD","Aquatic Life - Trout"
"21NJDEP1","New Jersey","State","CADMIUM","Aquatic Life - Trout"
"21NJDEP1","New Jersey","State","SELENIUM","Aquatic Life - Trout"
"21NJDEP1","New Jersey","State","CHROMIUM, HEXAVALENT","Aquatic Life - Trout"
"21NJDEP1","New Jersey","State","BARIUM","PUBLIC WATER SUPPLY"
"21NJDEP1","New Jersey","State","BERYLLIUM","PUBLIC WATER SUPPLY"
"21NJDEP1","New Jersey","State","DIOXIN IN FISH TISSUE","Fish Consumption"
"21NJDEP1","New Jersey","State","BENZO[A]PYRENE (PAHS)","Fish Consumption"
"21NJDEP1","New Jersey","State","BENZO[A]PYRENE IN FISH TISSUE","Fish Consumption"
"21NJDEP1","New Jersey","State","FECAL COLIFORM","Secondary Contact Recreation"
"21NJDEP1","New Jersey","State","MALATHION","Aquatic Life"
"21NJDEP1","New Jersey","State","MALATHION","Aquatic Life - Trout"
"21NJDEP1","New Jersey","State","ENDOSULFAN SULFATE","PUBLIC WATER SUPPLY"
"21NJDEP1","New Jersey","State","TETRACHLOROETHYLENE","PUBLIC WATER SUPPLY"
"21NJDEP1","New Jersey","State","THALLIUM","PUBLIC WATER SUPPLY"
"21NJDEP1","New Jersey","State","HEPTACHLOR EPOXIDE","Fish Consumption"
"21NJDEP1","New Jersey","State","CHLORPYRIFOS","Fish Consumption"
"21NJDEP1","New Jersey","State","ARSENIC","Fish Consumption"
"21NJDEP1","New Jersey","State","SELENIUM","Fish Consumption"
"21NJDEP1","New Jersey","State",NA,"Aquatic Life"
"21NJDEP1","New Jersey","State","SILVER","Fish Consumption"
"21NJDEP1","New Jersey","State","TOXAPHENE IN FISH TISSUE","Fish Consumption"
"21NJDEP1","New Jersey","State","AMMONIA","Aquatic Life"
"21NJDEP1","New Jersey","State","DIELDRIN","Aquatic Life"
"21NJDEP1","New Jersey","State","DIELDRIN","PUBLIC WATER SUPPLY"
"21NJDEP1","New Jersey","State","ENDOSULFAN","Aquatic Life"
"21NJDEP1","New Jersey","State","ENDOSULFAN","PUBLIC WATER SUPPLY"
"21NJDEP1","New Jersey","State","ALPHA-ENDOSULFAN (ENDOSULFAN 1)","Aquatic Life"
"21NJDEP1","New Jersey","State","ALPHA-ENDOSULFAN (ENDOSULFAN 1)","PUBLIC WATER SUPPLY"
"21NJDEP1","New Jersey","State","CHLOROFORM","PUBLIC WATER SUPPLY"
"21NJDEP1","New Jersey","State","METHYL BROMIDE","PUBLIC WATER SUPPLY"
"21NJDEP1","New Jersey","State","1,2-DICHLOROETHANE","PUBLIC WATER SUPPLY"
"21NJDEP1","New Jersey","State","1,2-DICHLOROPROPANE","PUBLIC WATER SUPPLY"
"21NJDEP1","New Jersey","State","BENZENE","PUBLIC WATER SUPPLY"
"21NJDEP1","New Jersey","State","TOLUENE","PUBLIC WATER SUPPLY"
"21NJDEP1","New Jersey","State","DICHLOROETHANE","PUBLIC WATER SUPPLY"
"21NJDEP1","New Jersey","State","VINYL CHLORIDE","PUBLIC WATER SUPPLY"
"21NJDEP1","New Jersey","State","2,4-DICHLOROPHENOL","PUBLIC WATER SUPPLY"
"21NJDEP1","New Jersey","State","METHYLENE CHLORIDE","PUBLIC WATER SUPPLY"
"21NJDEP1","New Jersey","State","1,1-DICHLOROETHYLENE","PUBLIC WATER SUPPLY"
"21NJDEP1","New Jersey","State","CARBON TETRACHLORIDE","PUBLIC WATER SUPPLY"
"21NJDEP1","New Jersey","State","CHLOROBENZENE (MONO)","PUBLIC WATER SUPPLY"
"21NJDEP1","New Jersey","State","DICHLOROBROMOMETHANE","PUBLIC WATER SUPPLY"
"21NJDEP1","New Jersey","State","1,1,1-TRICHLOROETHANE","PUBLIC WATER SUPPLY"
"21NJDEP1","New Jersey","State","1,1,2-TRICHLOROETHANE","PUBLIC WATER SUPPLY"
"21NJDEP1","New Jersey","State","3,3'-DICHLOROBENZIDINE","PUBLIC WATER SUPPLY"
"21NJDEP1","New Jersey","State","DICHLORODIFLUOROMETHANE","PUBLIC WATER SUPPLY"
"21NJDEP1","New Jersey","State","TRICHLOROETHYLENE (TCE)","PUBLIC WATER SUPPLY"
"21NJDEP1","New Jersey","State","DICHLOROETHYLENE/1,1-DCE","PUBLIC WATER SUPPLY"
"21NJDEP1","New Jersey","State","1,1,2,2-TETRACHLOROETHANE","PUBLIC WATER SUPPLY"
"21NJDEP1","New Jersey","State","AMMONIA","Aquatic Life - Trout"
"21NJDEP1","New Jersey","State","METHYL BROMIDE","Fish Consumption"
"21NJDEP1","New Jersey","State","2,4-DINITROPHENOL","Fish Consumption"
"21NJDEP1","New Jersey","State","ENDOSULFAN SULFATE","Fish Consumption"
"21NJDEP1","New Jersey","State","1,2-DICHLOROPROPANE","Fish Consumption"
"21NJDEP1","New Jersey","State","BENZENE","Fish Consumption"
"21NJDEP1","New Jersey","State","ANTHRACENE","Fish Consumption"
"21NJDEP1","New Jersey","State","DICHLOROETHANE","Fish Consumption"
"21NJDEP1","New Jersey","State","2,4-DICHLOROPHENOL","Fish Consumption"
"21NJDEP1","New Jersey","State","METHYLENE CHLORIDE","Fish Consumption"
"21NJDEP1","New Jersey","State","TETRACHLOROETHYLENE","Fish Consumption"
"21NJDEP1","New Jersey","State","CARBON TETRACHLORIDE","Fish Consumption"
"21NJDEP1","New Jersey","State","DICHLOROBROMOMETHANE","Fish Consumption"
"21NJDEP1","New Jersey","State","1,1,1-TRICHLOROETHANE","Fish Consumption"
"21NJDEP1","New Jersey","State","1,1,2-TRICHLOROETHANE","Fish Consumption"
"21NJDEP1","New Jersey","State","3,3'-DICHLOROBENZIDINE","Fish Consumption"
"21NJDEP1","New Jersey","State","PENTACHLOROPHENOL (PCP)","Fish Consumption"
"21NJDEP1","New Jersey","State","TRICHLOROETHYLENE (TCE)","Fish Consumption"
"21NJDEP1","New Jersey","State","DICHLOROETHYLENE/1,1-DCE","Fish Consumption"
"21NJDEP1","New Jersey","State","1,1,2,2-TETRACHLOROETHANE","Fish Consumption"
"21NJDEP1","New Jersey","State","BERYLLIUM","Fish Consumption"
"21NJDEP1","New Jersey","State","BARIUM","Fish Consumption"
"21NJDEP1","New Jersey","State","BENZO[K]FLUORANTHENE","Fish Consumption"
"21NJDEP1","New Jersey","State","HEXACHLOROBUTADIENE","PUBLIC WATER SUPPLY"
"21NJDEP1","New Jersey","State","1,2,4-TRICHLOROBENZENE","PUBLIC WATER SUPPLY"
"21NJDEP1","New Jersey","State","2,4-DINITROPHENOL","PUBLIC WATER SUPPLY"
"21NJDEP1","New Jersey","State","PYRENE","PUBLIC WATER SUPPLY"
"21NJDEP1","New Jersey","State","FLUORENE","PUBLIC WATER SUPPLY"
"21NJDEP1","New Jersey","State","ANTHRACENE","PUBLIC WATER SUPPLY"
"21NJDEP1","New Jersey","State","ISOPHORONE","PUBLIC WATER SUPPLY"
"21NJDEP1","New Jersey","State","NITROBENZENE","PUBLIC WATER SUPPLY"
"21NJDEP1","New Jersey","State","HEXACHLOROETHANE","PUBLIC WATER SUPPLY"
"21NJDEP1","New Jersey","State","DIETHYL PHTHALATE","PUBLIC WATER SUPPLY"
"21NJDEP1","New Jersey","State","BENZO[A]PYRENE (PAHS)","PUBLIC WATER SUPPLY"
"21NJDEP1","New Jersey","State","BUTYL BENZYL PHTHALATE","PUBLIC WATER SUPPLY"
"21NJDEP1","New Jersey","State","BIS-2-CHLOROETHYL ETHER","PUBLIC WATER SUPPLY"
"CT_DEP01","Connecticut","State",NA,"Habitat for Marine Fish, Other Aquatic Life and Wildlife"
"CT_DEP01","Connecticut","State",NA,"Recreation"
"CT_DEP01","Connecticut","State",NA,"Fish Consumption"
"CT_DEP01","Connecticut","State","FECAL COLIFORM","Shellfish Harvesting for Direct Consumption Where Authorized"
"CT_DEP01","Connecticut","State",NA,"Shellfish Harvesting for Direct Consumption Where Authorized"
"CT_DEP01","Connecticut","State","DISSOLVED OXYGEN","Habitat for Marine Fish, Other Aquatic Life and Wildlife"
"CT_DEP01","Connecticut","State","NUTRIENTS","Habitat for Marine Fish, Other Aquatic Life and Wildlife"
"CT_DEP01","Connecticut","State","OIL AND GREASE","Habitat for Marine Fish, Other Aquatic Life and Wildlife"
"CT_DEP01","Connecticut","State","POLYCHLORINATED BIPHENYLS (PCBS)","Habitat for Marine Fish, Other Aquatic Life and Wildlife"
"CT_DEP01","Connecticut","State","ENTEROCOCCUS","Recreation"
"CT_DEP01","Connecticut","State","NITROGEN, TOTAL","Habitat for Marine Fish, Other Aquatic Life and Wildlife"
"CT_DEP01","Connecticut","State","NUTRIENT/EUTROPHICATION BIOLOGICAL INDICATORS","Habitat for Marine Fish, Other Aquatic Life and Wildlife"
"CT_DEP01","Connecticut","State","DISSOLVED OXYGEN SATURATION","Habitat for Marine Fish, Other Aquatic Life and Wildlife"
"CT_DEP01","Connecticut","State","ALGAE","Habitat for Marine Fish, Other Aquatic Life and Wildlife"
"CT_DEP01","Connecticut","State","ALGAE","Recreation"
"CT_DEP01","Connecticut","State","ESTUARINE BIOASSESSMENTS","Habitat for Marine Fish, Other Aquatic Life and Wildlife"
"CT_DEP01","Connecticut","State","ESTUARINE BIOASSESSMENTS","Recreation"
"CT_DEP01","Connecticut","State","CAUSE UNKNOWN","Habitat for Marine Fish, Other Aquatic Life and Wildlife"
"CT_DEP01","Connecticut","State","LEAD IN SEDIMENT","Habitat for Marine Fish, Other Aquatic Life and Wildlife"
"CT_DEP01","Connecticut","State","LEAD IN SEDIMENT","Recreation"
"CT_DEP01","Connecticut","State","LEAD IN SEDIMENT","Fish Consumption"
"CT_DEP01","Connecticut","State","CHROMIUM IN SEDIMENT","Habitat for Marine Fish, Other Aquatic Life and Wildlife"
"CT_DEP01","Connecticut","State","CHROMIUM IN SEDIMENT","Recreation"
"CT_DEP01","Connecticut","State","ORGANIC ENRICHMENT (SEWAGE) BIOLOGICAL INDICATORS","Habitat for Marine Fish, Other Aquatic Life and Wildlife"
"CT_DEP01","Connecticut","State",NA,"Commercial Shellfish Harvesting Where Authorized"
"CT_DEP01","Connecticut","State","FECAL COLIFORM","Commercial Shellfish Harvesting Where Authorized"
"CT_DEP01","Connecticut","State","LEAD","Habitat for Marine Fish, Other Aquatic Life and Wildlife"
"CT_DEP01","Connecticut","State","ZINC","Habitat for Marine Fish, Other Aquatic Life and Wildlife"
"CT_DEP01","Connecticut","State","COPPER","Habitat for Marine Fish, Other Aquatic Life and Wildlife"
"CT_DEP01","Connecticut","State","DIOXIN (INCLUDING 2,3,7,8-TCDD)","Habitat for Marine Fish, Other Aquatic Life and Wildlife"
"CT_DEP01","Connecticut","State","ZINC IN SEDIMENT","Habitat for Marine Fish, Other Aquatic Life and Wildlife"
"CT_DEP01","Connecticut","State","COPPER IN SEDIMENT","Habitat for Marine Fish, Other Aquatic Life and Wildlife"
"CT_DEP01","Connecticut","State","PCBS IN SEDIMENT","Habitat for Marine Fish, Other Aquatic Life and Wildlife"
"CT_DEP01","Connecticut","State","HABITAT ALTERATIONS","Habitat for Marine Fish, Other Aquatic Life and Wildlife"
"CT_DEP01","Connecticut","State","PHOSPHORUS, TOTAL","Habitat for Marine Fish, Other Aquatic Life and Wildlife"
"CT_DEP01","Connecticut","State","POLYCHLORINATED BIPHENYLS (PCBS)","Fish Consumption"
"CT_DEP01","Connecticut","State","POLYCYCLIC AROMATIC HYDROCARBONS (PAHS) (AQUATIC ECOSYSTEMS)","Habitat for Marine Fish, Other Aquatic Life and Wildlife"
"CT_DEP01","Connecticut","State","GOLD","Habitat for Marine Fish, Other Aquatic Life and Wildlife"
"CT_DEP01","Connecticut","State","SILVER","Habitat for Marine Fish, Other Aquatic Life and Wildlife"
"CT_DEP01","Connecticut","State","MERCURY","Habitat for Marine Fish, Other Aquatic Life and Wildlife"
"CT_DEP01","Connecticut","State",NA,"Habitat for Fish, Other Aquatic Life and Wildlife"
"CT_DEP01","Connecticut","State","ESCHERICHIA COLI (E. COLI)","Recreation"
"CT_DEP01","Connecticut","State","POLLUTANTS IN URBAN STORMWATER","Habitat for Fish, Other Aquatic Life and Wildlife"
"CT_DEP01","Connecticut","State","CAUSE UNKNOWN","Habitat for Fish, Other Aquatic Life and Wildlife"
"CT_DEP01","Connecticut","State","FLOW REGIME MODIFICATION","Habitat for Fish, Other Aquatic Life and Wildlife"
"CT_DEP01","Connecticut","State","COPPER","Habitat for Fish, Other Aquatic Life and Wildlife"
"CT_DEP01","Connecticut","State",NA,"Existing or proposed drinking water"
"CT_DEP01","Connecticut","State","PHOSPHORUS, TOTAL","Habitat for Fish, Other Aquatic Life and Wildlife"
"CT_DEP01","Connecticut","State","LEAD","Habitat for Fish, Other Aquatic Life and Wildlife"
"CT_DEP01","Connecticut","State","ZINC","Habitat for Fish, Other Aquatic Life and Wildlife"
"CT_DEP01","Connecticut","State","PHYSICAL SUBSTRATE HABITAT ALTERATIONS","Habitat for Fish, Other Aquatic Life and Wildlife"
"CT_DEP01","Connecticut","State","PHYSICAL SUBSTRATE HABITAT ALTERATIONS","Recreation"
"CT_DEP01","Connecticut","State","ATTAINING ASSESSMENT UNIT WITH PROTECTION PLAN","Habitat for Fish, Other Aquatic Life and Wildlife"
"CT_DEP01","Connecticut","State","CHLOROPHYLL-A","Recreation"
"CT_DEP01","Connecticut","State","FLOW REGIME MODIFICATION","Recreation"
"CT_DEP01","Connecticut","State","MERCURY","Fish Consumption"
"CT_DEP01","Connecticut","State","WHOLE EFFLUENT TOXICITY (WET)","Habitat for Fish, Other Aquatic Life and Wildlife"
"CT_DEP01","Connecticut","State","SEDIMENTATION/SILTATION","Habitat for Fish, Other Aquatic Life and Wildlife"
"CT_DEP01","Connecticut","State","NUTRIENTS","Habitat for Fish, Other Aquatic Life and Wildlife"
"CT_DEP01","Connecticut","State","DISSOLVED OXYGEN","Habitat for Fish, Other Aquatic Life and Wildlife"
"CT_DEP01","Connecticut","State","ETHYLENE GLYCOL","Habitat for Fish, Other Aquatic Life and Wildlife"
"CT_DEP01","Connecticut","State","PROPYLENE GLYCOL","Habitat for Fish, Other Aquatic Life and Wildlife"
"CT_DEP01","Connecticut","State","TURBIDITY","Habitat for Fish, Other Aquatic Life and Wildlife"
"CT_DEP01","Connecticut","State","ALGAE","Habitat for Fish, Other Aquatic Life and Wildlife"
"CT_DEP01","Connecticut","State","NUTRIENTS","Recreation"
"CT_DEP01","Connecticut","State","PHOSPHORUS, TOTAL","Recreation"
"CT_DEP01","Connecticut","State","MERCURY","Habitat for Fish, Other Aquatic Life and Wildlife"
"CT_DEP01","Connecticut","State","ESCHERICHIA COLI (E. COLI)","Existing or proposed drinking water"
"CT_DEP01","Connecticut","State","NUTRIENTS","Existing or proposed drinking water"
"CT_DEP01","Connecticut","State","SODIUM","Habitat for Fish, Other Aquatic Life and Wildlife"
"CT_DEP01","Connecticut","State","ESCHERICHIA COLI (E. COLI)","Habitat for Fish, Other Aquatic Life and Wildlife"
"CT_DEP01","Connecticut","State","FLOW REGIME MODIFICATION","Existing or proposed drinking water"
"CT_DEP01","Connecticut","State","CAUSE UNKNOWN","Existing or proposed drinking water"
"CT_DEP01","Connecticut","State","SEDIMENTATION/SILTATION","Recreation"
"CT_DEP01","Connecticut","State","SEDIMENTATION/SILTATION","Existing or proposed drinking water"
"CT_DEP01","Connecticut","State","AMMONIA","Habitat for Fish, Other Aquatic Life and Wildlife"
"CT_DEP01","Connecticut","State","CHLORINE","Habitat for Fish, Other Aquatic Life and Wildlife"
"CT_DEP01","Connecticut","State","AMMONIA, UN-IONIZED","Habitat for Fish, Other Aquatic Life and Wildlife"
"CT_DEP01","Connecticut","State","TEMPERATURE","Habitat for Fish, Other Aquatic Life and Wildlife"
"CT_DEP01","Connecticut","State","HABITAT ALTERATIONS","Habitat for Fish, Other Aquatic Life and Wildlife"
"CT_DEP01","Connecticut","State","IRON","Habitat for Fish, Other Aquatic Life and Wildlife"
"CT_DEP01","Connecticut","State","HABITAT ALTERATIONS","Recreation"
"CT_DEP01","Connecticut","State","IRON","Recreation"
"CT_DEP01","Connecticut","State","FECAL COLIFORM","Recreation"
"CT_DEP01","Connecticut","State","NON-NATIVE AQUATIC PLANTS","Recreation"
"CT_DEP01","Connecticut","State","NON-NATIVE AQUATIC PLANTS","Habitat for Fish, Other Aquatic Life and Wildlife"
"CT_DEP01","Connecticut","State","NON-NATIVE FISH/SHELLFISH/ZOOPLANKTON","Habitat for Fish, Other Aquatic Life and Wildlife"
"CT_DEP01","Connecticut","State","CHLOROPHYLL-A","Habitat for Fish, Other Aquatic Life and Wildlife"
"CT_DEP01","Connecticut","State","CADMIUM","Habitat for Fish, Other Aquatic Life and Wildlife"
"CT_DEP01","Connecticut","State","ORGANIC ENRICHMENT (SEWAGE) BIOLOGICAL INDICATORS","Habitat for Fish, Other Aquatic Life and Wildlife"
"CT_DEP01","Connecticut","State","GLYPHOSATE","Habitat for Fish, Other Aquatic Life and Wildlife"
"CT_DEP01","Connecticut","State",NA,"Potential Drinking Water Supplies"
"CT_DEP01","Connecticut","State","NITROGEN, TOTAL","Recreation"
"CT_DEP01","Connecticut","State","NUTRIENT/EUTROPHICATION BIOLOGICAL INDICATORS","Habitat for Fish, Other Aquatic Life and Wildlife"
"CT_DEP01","Connecticut","State","NUTRIENT/EUTROPHICATION BIOLOGICAL INDICATORS","Recreation"
"CT_DEP01","Connecticut","State","NITROGEN, TOTAL","Habitat for Fish, Other Aquatic Life and Wildlife"
"CT_DEP01","Connecticut","State","NITROGEN, TOTAL","Existing or proposed drinking water"
"CT_DEP01","Connecticut","State","PHOSPHORUS, TOTAL","Existing or proposed drinking water"
"CT_DEP01","Connecticut","State","TURBIDITY","Existing or proposed drinking water"
"CT_DEP01","Connecticut","State","ALGAE","Existing or proposed drinking water"
"CT_DEP01","Connecticut","State","CHLOROPHYLL-A","Existing or proposed drinking water"
"CT_DEP01","Connecticut","State","TASTE","Existing or proposed drinking water"
"CT_DEP01","Connecticut","State","CHLORDANE","Fish Consumption"
"CT_DEP01","Connecticut","State","TURBIDITY","Recreation"
"CT_DEP01","Connecticut","State","DISSOLVED OXYGEN","Recreation"
"CT_DEP01","Connecticut","State","TOTAL SUSPENDED SOLIDS (TSS)","Habitat for Fish, Other Aquatic Life and Wildlife"
"CT_DEP01","Connecticut","State","TOTAL SUSPENDED SOLIDS (TSS)","Recreation"
"CT_DEP01","Connecticut","State","TOTAL SUSPENDED SOLIDS (TSS)","Existing or proposed drinking water"
"CT_DEP01","Connecticut","State","OIL AND GREASE","Recreation"
"CT_DEP01","Connecticut","State","OIL AND GREASE","Existing or proposed drinking water"
"CT_DEP01","Connecticut","State","TASTE","Recreation"
"CT_DEP01","Connecticut","State","FLOATING DEBRIS","Recreation"
"CT_DEP01","Connecticut","State","MERCURY IN SEDIMENT","Habitat for Fish, Other Aquatic Life and Wildlife"
"CT_DEP01","Connecticut","State","LEAD IN SEDIMENT","Habitat for Fish, Other Aquatic Life and Wildlife"
"CT_DEP01","Connecticut","State","CADMIUM IN SEDIMENT","Habitat for Fish, Other Aquatic Life and Wildlife"
"CT_DEP01","Connecticut","State","PCBS IN SEDIMENT","Habitat for Fish, Other Aquatic Life and Wildlife"
"CT_DEP01","Connecticut","State","POLYCHLORINATED BIPHENYLS (PCBS)","Habitat for Fish, Other Aquatic Life and Wildlife"
"CT_DEP01","Connecticut","State","NON-NATIVE AQUATIC PLANTS","Existing or proposed drinking water"
"CT_DEP01","Connecticut","State","DIESEL FUEL","Habitat for Fish, Other Aquatic Life and Wildlife"
"21FL303D","Florida","State",NA,"Fish and Wildlife Propagation - Freshwater"
"21FL303D","Florida","State",NA,"Recreation"
"21FL303D","Florida","State","AMMONIA, TOTAL","Fish and Wildlife Propagation - Freshwater"
"21FL303D","Florida","State","NITROGEN, TOTAL","Fish and Wildlife Propagation - Freshwater"
"21FL303D","Florida","State","NITROGEN, TOTAL","Recreation"
"21FL303D","Florida","State","PHOSPHORUS, TOTAL","Fish and Wildlife Propagation - Freshwater"
"21FL303D","Florida","State","PHOSPHORUS, TOTAL","Recreation"
"21FL303D","Florida","State","ESCHERICHIA COLI (E. COLI)","Recreation"
"21FL303D","Florida","State","TURBIDITY","Fish and Wildlife Propagation - Freshwater"
"21FL303D","Florida","State","TOTAL SUSPENDED SOLIDS (TSS)","Fish and Wildlife Propagation - Freshwater"
"21FL303D","Florida","State","TOTAL SUSPENDED SOLIDS (TSS)","Recreation"
"21FL303D","Florida","State","ALDRIN","Fish and Wildlife Propagation - Freshwater"
"21FL303D","Florida","State","ALDRIN","Recreation"
"21FL303D","Florida","State","LINDANE","Fish and Wildlife Propagation - Freshwater"
"21FL303D","Florida","State","LINDANE","Recreation"
"21FL303D","Florida","State","BETA-BHC","Recreation"
"21FL303D","Florida","State","MALATHION","Fish and Wildlife Propagation - Freshwater"
"21FL303D","Florida","State","ENDOSULFAN","Fish and Wildlife Propagation - Freshwater"
"21FL303D","Florida","State","ENDOSULFAN","Recreation"
"21FL303D","Florida","State","HEPTACHLOR","Fish and Wildlife Propagation - Freshwater"
"21FL303D","Florida","State","HEPTACHLOR","Recreation"
"21FL303D","Florida","State","METHOXYCHLOR","Recreation"
"21FL303D","Florida","State","ALGAE","Fish and Wildlife Propagation - Freshwater"
"21FL303D","Florida","State","ALGAE","Recreation"
"21FL303D","Florida","State","CHLOROPHYLL-A","Fish and Wildlife Propagation - Freshwater"
"21FL303D","Florida","State","CHLOROPHYLL-A","Recreation"
"21FL303D","Florida","State","ANTIMONY","Recreation"
"21FL303D","Florida","State","FLUORIDE","Recreation"
"21FL303D","Florida","State","AQUATIC PLANTS (MACROPHYTES)","Fish and Wildlife Propagation - Freshwater"
"21FL303D","Florida","State","AQUATIC PLANTS (MACROPHYTES)","Recreation"
"21FL303D","Florida","State","IRON","Fish and Wildlife Propagation - Freshwater"
"21FL303D","Florida","State","LEAD","Fish and Wildlife Propagation - Freshwater"
"21FL303D","Florida","State","ZINC","Fish and Wildlife Propagation - Freshwater"
"21FL303D","Florida","State","COPPER","Fish and Wildlife Propagation - Freshwater"
"21FL303D","Florida","State","NICKEL","Fish and Wildlife Propagation - Freshwater"
"21FL303D","Florida","State","SILVER","Fish and Wildlife Propagation - Freshwater"
"21FL303D","Florida","State","ARSENIC","Recreation"
"21FL303D","Florida","State","CADMIUM","Fish and Wildlife Propagation - Freshwater"
"21FL303D","Florida","State","SELENIUM","Fish and Wildlife Propagation - Freshwater"
"21FL303D","Florida","State","THALLIUM","Recreation"
"21FL303D","Florida","State","CHROMIUM, TRIVALENT","Fish and Wildlife Propagation - Freshwater"
"21FL303D","Florida","State","PH","Fish and Wildlife Propagation - Freshwater"
"21FL303D","Florida","State","ALKALINITY","Fish and Wildlife Propagation - Freshwater"
"21FL303D","Florida","State","BENTHIC MACROINVERTEBRATES BIOASSESSMENTS","Fish and Wildlife Propagation - Freshwater"
"21FL303D","Florida","State","DISSOLVED OXYGEN","Fish and Wildlife Propagation - Freshwater"
"21FL303D","Florida","State","SPECIFIC CONDUCTIVITY","Fish and Wildlife Propagation - Freshwater"
"21FL303D","Florida","State","DEMETON","Fish and Wildlife Propagation - Freshwater"
"21FL303D","Florida","State","GUTHION","Fish and Wildlife Propagation - Freshwater"
"21FL303D","Florida","State","ENDRIN","Fish and Wildlife Propagation - Freshwater"
"21FL303D","Florida","State","ENDRIN","Recreation"
"21FL303D","Florida","State","CARBARYL","Fish and Wildlife Propagation - Freshwater"
"21FL303D","Florida","State","MERCURY IN FISH TISSUE","Fish Consumption"
"21FL303D","Florida","State","FECAL COLIFORM","Recreation"
"21FL303D","Florida","State","DIELDRIN","Fish and Wildlife Propagation - Freshwater"
"21FL303D","Florida","State","DIELDRIN","Recreation"
"21FL303D","Florida","State","2,4-DINITROPHENOL","Recreation"
"21FL303D","Florida","State","PHENOL","Recreation"
"21FL303D","Florida","State","PYRENE","Recreation"
"21FL303D","Florida","State","FLUORENE","Recreation"
"21FL303D","Florida","State","ANTHRACENE","Recreation"
"21FL303D","Florida","State","ACENAPHTHENE","Recreation"
"21FL303D","Florida","State","FLUORANTHENE","Recreation"
"21FL303D","Florida","State","2-CHLOROPHENOL","Recreation"
"21FL303D","Florida","State","2,4-DICHLOROPHENOL","Recreation"
"21FL303D","Florida","State","PENTACHLOROPHENOL (PCP)","Recreation"
"21FL303D","Florida","State","CHLORDANE","Fish and Wildlife Propagation - Freshwater"
"21FL303D","Florida","State","CHLORDANE","Recreation"
"21FL303D","Florida","State","TOXAPHENE","Fish and Wildlife Propagation - Freshwater"
"21FL303D","Florida","State","TOXAPHENE","Recreation"
"21FL303D","Florida","State","DISSOLVED OXYGEN","Recreation"
"21FL303D","Florida","State","NITROGEN, TOTAL","Fish and Wildlife Propagation - Marine"
"21FL303D","Florida","State","PHOSPHORUS, TOTAL","Fish and Wildlife Propagation - Marine"
"21FL303D","Florida","State","ENTEROCOCCUS","Recreation"
"21FL303D","Florida","State","TURBIDITY","Fish and Wildlife Propagation - Marine"
"21FL303D","Florida","State","TOTAL SUSPENDED SOLIDS (TSS)","Fish and Wildlife Propagation - Marine"
"21FL303D","Florida","State","ALDRIN","Fish and Wildlife Propagation - Marine"
"21FL303D","Florida","State","ENDRIN","Fish and Wildlife Propagation - Marine"
"21FL303D","Florida","State","DEMETON","Fish and Wildlife Propagation - Marine"
"21FL303D","Florida","State","GUTHION","Fish and Wildlife Propagation - Marine"
"21FL303D","Florida","State","LINDANE","Fish and Wildlife Propagation - Marine"
"21FL303D","Florida","State","MALATHION","Fish and Wildlife Propagation - Marine"
"21FL303D","Florida","State","ENDOSULFAN","Fish and Wildlife Propagation - Marine"
"21FL303D","Florida","State","HEPTACHLOR","Fish and Wildlife Propagation - Marine"
"21FL303D","Florida","State","CHLOROPHYLL-A","Fish and Wildlife Propagation - Marine"
"21FL303D","Florida","State","IRON","Fish and Wildlife Propagation - Marine"
"21FL303D","Florida","State","LEAD","Fish and Wildlife Propagation - Marine"
"21FL303D","Florida","State","ZINC","Fish and Wildlife Propagation - Marine"
"21FL303D","Florida","State","COPPER","Fish and Wildlife Propagation - Marine"
"21FL303D","Florida","State","NICKEL","Fish and Wildlife Propagation - Marine"
"21FL303D","Florida","State","SILVER","Fish and Wildlife Propagation - Marine"
"21FL303D","Florida","State","CADMIUM","Fish and Wildlife Propagation - Marine"
"21FL303D","Florida","State","ALUMINUM","Fish and Wildlife Propagation - Marine"
"21FL303D","Florida","State","SELENIUM","Fish and Wildlife Propagation - Marine"
"21FL303D","Florida","State","PH","Fish and Wildlife Propagation - Marine"
"21FL303D","Florida","State","DISSOLVED OXYGEN","Fish and Wildlife Propagation - Marine"
"21FL303D","Florida","State","BIOCHEMICAL OXYGEN DEMAND (BOD)","Fish and Wildlife Propagation - Freshwater"
"21FL303D","Florida","State","CHLORINE","Fish and Wildlife Propagation - Freshwater"
"21FL303D","Florida","State","MERCURY","Fish and Wildlife Propagation - Freshwater"
"21FL303D","Florida","State","NITRATE/NITRITE (NITRITE + NITRATE AS N)","Fish and Wildlife Propagation - Freshwater"
"21FL303D","Florida","State","NITRATE/NITRITE (NITRITE + NITRATE AS N)","Recreation"
"21FL303D","Florida","State","FECAL COLIFORM","Shellfish Propagation"
"21FL303D","Florida","State","FLUORIDE","Potable Water Supplies"
"21FL303D","Florida","State","CHLORIDE","Potable Water Supplies"
"21FL303D","Florida","State","TOTAL DISSOLVED SOLIDS (TDS)","Potable Water Supplies"
"21FL303D","Florida","State","BENTHIC MACROINVERTEBRATES BIOASSESSMENTS","Recreation"
"21FL303D","Florida","State","DIELDRIN","Fish and Wildlife Propagation - Marine"
"21FL303D","Florida","State","CHLORDANE","Fish and Wildlife Propagation - Marine"
"21FL303D","Florida","State","AMMONIA, UN-IONIZED","Fish and Wildlife Propagation - Freshwater"
"21FL303D","Florida","State","AMMONIA, UN-IONIZED","Recreation"
"21FL303D","Florida","State","MERCURY","Recreation"
"21FL303D","Florida","State","FECAL COLIFORM","Fish and Wildlife Propagation - Freshwater"
"21FL303D","Florida","State","TURBIDITY","Recreation"
"21FL303D","Florida","State","FLUORIDE","Fish and Wildlife Propagation - Freshwater"
"21FL303D","Florida","State","IRON","Recreation"
"21FL303D","Florida","State","ARSENIC","Fish and Wildlife Propagation - Freshwater"
"21FL303D","Florida","State","PH","Recreation"
"21FL303D","Florida","State","ALKALINITY","Recreation"
"21FL303D","Florida","State","CHEMICAL OXYGEN DEMAND (COD)","Fish and Wildlife Propagation - Freshwater"
"21FL303D","Florida","State","CHEMICAL OXYGEN DEMAND (COD)","Recreation"
"21FL303D","Florida","State","BIOCHEMICAL OXYGEN DEMAND (BOD)","Recreation"
"21FL303D","Florida","State","SPECIFIC CONDUCTIVITY","Recreation"
"21FL303D","Florida","State",NA,"Potable Water Supplies"
"21FL303D","Florida","State","ARSENIC IN FISH TISSUE","Fish Consumption"
"21FL303D","Florida","State","2,4-DICHLOROPHENOXYACETIC ACID","Recreation"
"21FL303D","Florida","State","MANGANESE","Shellfish Propagation"
"21FL303D","Florida","State",NA,"Shellfish Propagation"
"21FL303D","Florida","State","BIOCHEMICAL OXYGEN DEMAND (BOD)","Fish and Wildlife Propagation - Marine"
"21FL303D","Florida","State","PENTACHLOROPHENOL (PCP)","Fish and Wildlife Propagation - Marine"
"21FL303D","Florida","State","BARIUM","Potable Water Supplies"
"21FL303D","Florida","State","ANTIMONY","Potable Water Supplies"
"21FL303D","Florida","State","ARSENIC","Potable Water Supplies"
"21FL303D","Florida","State","THALLIUM","Potable Water Supplies"
"21FL303D","Florida","State",NA,"Fish and Wildlife Propagation - Marine"
"21FL303D","Florida","State","ALGAE","Fish and Wildlife Propagation - Marine"
"21FL303D","Florida","State","NITRATE/NITRITE (NITRITE + NITRATE AS N)","Fish and Wildlife Propagation - Marine"
"21FL303D","Florida","State","ENTEROCOCCUS","Fish and Wildlife Propagation - Marine"
"21FL303D","Florida","State","MIREX","Fish and Wildlife Propagation - Freshwater"
"21FL303D","Florida","State","ENTEROCOCCUS","Fish and Wildlife Propagation - Freshwater"
"21FL303D","Florida","State","MIREX","Fish and Wildlife Propagation - Marine"
"21FL303D","Florida","State","DDT (DICHLORODIPHENYLTRICHLOROETHANE)","Fish and Wildlife Propagation - Marine"
"21FL303D","Florida","State","DDT (DICHLORODIPHENYLTRICHLOROETHANE)","Recreation"
"21FL303D","Florida","State","BETA-BHC","Potable Water Supplies"
"21FL303D","Florida","State","NITRATE","Potable Water Supplies"
"21FL303D","Florida","State","ESCHERICHIA COLI (E. COLI)","Fish and Wildlife Propagation - Freshwater"
"21FL303D","Florida","State","CHLORINATED PESTICIDES IN FISH TISSUE","Fish Consumption"
"21FL303D","Florida","State","OIL AND GREASE","Fish and Wildlife Propagation - Freshwater"
"21FL303D","Florida","State","OIL AND GREASE","Recreation"
"21FL303D","Florida","State","AQUATIC PLANTS (MACROPHYTES)","Fish and Wildlife Propagation - Marine"
"21FL303D","Florida","State","SURFACTANTS","Recreation"
"21FL303D","Florida","State","CYANIDE","Fish and Wildlife Propagation - Freshwater"
"21FL303D","Florida","State","MERCURY","Fish and Wildlife Propagation - Marine"
"21FL303D","Florida","State","OIL AND GREASE","Fish and Wildlife Propagation - Marine"
"21FL303D","Florida","State","RADIUM","Recreation"
"21FL303D","Florida","State","ALPHA PARTICLES","Recreation"
"21FL303D","Florida","State","CHROMIUM, HEXAVALENT","Fish and Wildlife Propagation - Freshwater"
"21FL303D","Florida","State","TROPHIC STATE INDEX (TSI)","Fish and Wildlife Propagation - Freshwater"
"21FL303D","Florida","State","TROPHIC STATE INDEX (TSI)","Recreation"
"21FL303D","Florida","State","TRANSPARENCY / CLARITY","Fish and Wildlife Propagation - Marine"
"21FL303D","Florida","State","TRANSPARENCY / CLARITY","Recreation"
"21FL303D","Florida","State","PCBS - FISH CONSUMPTION ADVISORY","Fish Consumption"
"21FL303D","Florida","State","PHOSPHATE","Fish and Wildlife Propagation - Freshwater"
"21FL303D","Florida","State","PHOSPHATE","Recreation"
"21FL303D","Florida","State","PHOSPHATE","Fish and Wildlife Propagation - Marine"
"21FL303D","Florida","State","DDT (DICHLORODIPHENYLTRICHLOROETHANE)","Fish and Wildlife Propagation - Freshwater"
"21FL303D","Florida","State","COPPER","Recreation"
"21FL303D","Florida","State","LEAD","Recreation"
"21FL303D","Florida","State","SILVER","Recreation"
"21FL303D","Florida","State","2,4,5-TP (SILVEX)","Potable Water Supplies"
"21FL303D","Florida","State","DIOXIN IN FISH TISSUE","Fish Consumption"
"21FL303D","Florida","State","AMMONIA, TOTAL","Recreation"
"21FL303D","Florida","State","DEMETON","Recreation"
"21FL303D","Florida","State","GUTHION","Recreation"
"21FL303D","Florida","State","MALATHION","Recreation"
"21FL303D","Florida","State","ANTIMONY","Fish and Wildlife Propagation - Freshwater"
"21FL303D","Florida","State","ZINC","Recreation"
"21FL303D","Florida","State","NICKEL","Recreation"
"21FL303D","Florida","State","CADMIUM","Recreation"
"21FL303D","Florida","State","SELENIUM","Recreation"
"21FL303D","Florida","State","THALLIUM","Fish and Wildlife Propagation - Freshwater"
"21FL303D","Florida","State","CHROMIUM, TRIVALENT","Recreation"
"21FL303D","Florida","State","BETA-BHC","Fish and Wildlife Propagation - Freshwater"
"21FL303D","Florida","State","METHOXYCHLOR","Fish and Wildlife Propagation - Freshwater"
"21GUAM","Guam","State",NA,"Aquatic Life"
"21GUAM","Guam","State",NA,"Aesthetic Enjoyment"
"21GUAM","Guam","State",NA,"Limited Body Contact Recreation"
"21GUAM","Guam","State",NA,"Consumption"
"21GUAM","Guam","State",NA,"Whole Body Contact Recreation"
"21GUAM","Guam","State","NITRATE","Aquatic Life"
"21GUAM","Guam","State","PHOSPHATE","Aquatic Life"
"21GUAM","Guam","State","TOTAL SUSPENDED SOLIDS (TSS)","Aquatic Life"
"21GUAM","Guam","State","PH","Aquatic Life"
"21GUAM","Guam","State","DISSOLVED OXYGEN","Aquatic Life"
"21GUAM","Guam","State","TOTAL DISSOLVED SOLIDS (TDS)","Aquatic Life"
"21GUAM","Guam","State",NA,"Drinking Water (With Treatment)"
"21GUAM","Guam","State",NA,"Drinking Water"
"21GUAM","Guam","State","TOTAL SUSPENDED SEDIMENT","Aquatic Life"
"21GUAM","Guam","State","ENTEROCOCCUS","Whole Body Contact Recreation"
"21GUAM","Guam","State","ESCHERICHIA COLI (E. COLI)","Whole Body Contact Recreation"
"21GUAM","Guam","State","TURBIDITY","Aquatic Life"
"21GUAM","Guam","State","SALINITY","Aquatic Life"
"21GUAM","Guam","State","PCBS IN FISH TISSUE","Consumption"
"21GUAM","Guam","State","TOTAL SUSPENDED SOLIDS (TSS)","Aesthetic Enjoyment"
"21GUAM","Guam","State","TEMPERATURE","Aquatic Life"
"21GUAM","Guam","State","ESCHERICHIA COLI (E. COLI)","Limited Body Contact Recreation"
"21GUAM","Guam","State","TURBIDITY","Aesthetic Enjoyment"
"21GUAM","Guam","State","DIELDRIN","Aquatic Life"
"21GUAM","Guam","State","DIELDRIN","Consumption"
"21GUAM","Guam","State","CHLORDANE","Aquatic Life"
"21GUAM","Guam","State","CHLORDANE","Consumption"
"21GUAM","Guam","State","TETRACHLOROETHYLENE","Consumption"
"21GUAM","Guam","State","TRICHLOROETHYLENE (TCE)","Consumption"
"21GUAM","Guam","State","ANTIMONY","Consumption"
"21GUAM","Guam","State","ARSENIC","Aquatic Life"
"21GUAM","Guam","State","ARSENIC","Consumption"
"21GUAM","Guam","State","MERCURY IN FISH TISSUE","Consumption"
"21GUAM","Guam","State","TRANSPARENCY / CLARITY","Aquatic Life"
"21GUAM","Guam","State","TRANSPARENCY / CLARITY","Aesthetic Enjoyment"
"21GUAM","Guam","State","ARSENIC IN FISH TISSUE","Consumption"
"21GUAM","Guam","State","CHRYSENE","Consumption"
"21GUAM","Guam","State","FISH CONSUMPTION ADVISORY - PAHS","Consumption"
"21GUAM","Guam","State","IRON","Consumption"
"21GUAM","Guam","State","COPPER","Aquatic Life"
"21GUAM","Guam","State","MANGANESE","Aquatic Life"
"21GUAM","Guam","State","MERCURY - FISH CONSUMPTION ADVISORY","Consumption"
"21GUAM","Guam","State","BENZO[B,K]FLUORANTHENES","Consumption"
"21GUAM","Guam","State","BENZO[B]FLUORANTHENE","Consumption"
"21GUAM","Guam","State","AMMONIA, UN-IONIZED","Aquatic Life"
"21GUAM","Guam","State","TOTAL COLIFORM","Whole Body Contact Recreation"
"21GUAM","Guam","State","IRON","Drinking Water (With Treatment)"
"21GUAM","Guam","State","ZINC","Aquatic Life"
"21GUAM","Guam","State","NICKEL","Aquatic Life"
"21GUAM","Guam","State","ALUMINUM","Aquatic Life"
"21GUAM","Guam","State","MANGANESE","Drinking Water (With Treatment)"
"21GUAM","Guam","State","CHROMIUM, TOTAL","Aquatic Life"
"21GUAM","Guam","State","SALINITY","Drinking Water (With Treatment)"
"21GUAM","Guam","State","SALINITY/TOTAL DISSOLVED SOLIDS/CHLORIDES","Aquatic Life"
"21GUAM","Guam","State","BIOTOXINS","Consumption"
"21GUAM","Guam","State","ENTEROCOCCUS","Limited Body Contact Recreation"
"21GUAM","Guam","State","DIOXIN (INCLUDING 2,3,7,8-TCDD)","Consumption"
"21GUAM","Guam","State","CHLORDANE IN FISH TISSUE","Consumption"
"21GUAM","Guam","State","IRON","Drinking Water"
"21GUAM","Guam","State","MANGANESE","Drinking Water"
"21GUAM","Guam","State","SALINITY","Drinking Water"
"21HI","Hawaii","State",NA,"Aquatic Life"
"21HI","Hawaii","State","ENTEROCOCCUS","Recreation"
"21HI","Hawaii","State",NA,"Recreation"
"21HI","Hawaii","State","TURBIDITY","Aquatic Life"
"21HI","Hawaii","State","CHLOROPHYLL-A","Aquatic Life"
"21HI","Hawaii","State","NITROGEN, TOTAL","Aquatic Life"
"21HI","Hawaii","State","NITROGEN, AMMONIA","Aquatic Life"
"21HI","Hawaii","State","PHOSPHORUS, TOTAL","Aquatic Life"
"21HI","Hawaii","State","NITRATE/NITRITE (NITRITE + NITRATE AS N)","Aquatic Life"
"21HI","Hawaii","State","CHLOROPHYLL-A","None"
"21HI","Hawaii","State","ENTEROCOCCUS","Aquatic Life"
"21HI","Hawaii","State","AMMONIA-NITROGEN","Aquatic Life"
"21HI","Hawaii","State","TOTAL SUSPENDED SOLIDS (TSS)","Aquatic Life"
"21HI","Hawaii","State","TRASH","Aquatic Life"
"21HI","Hawaii","State","TRASH","None"
"21HI","Hawaii","State","FLOATING DEBRIS","Aquatic Life"
"21HI","Hawaii","State","DIELDRIN","Aquatic Life"
"21HI","Hawaii","State","CHLORDANE","Aquatic Life"
"21HI","Hawaii","State","TURBIDITY","None"
"21HI","Hawaii","State","PHOSPHATE","Aquatic Life"
"21HI","Hawaii","State","TRASH","AQUATIC LIFE SUPPORT"
"21HI","Hawaii","State","TURBIDITY","AQUATIC LIFE SUPPORT"
"21HI","Hawaii","State","TURBIDITY","Recreation"
"21HI","Hawaii","State","NITROGEN, TOTAL","None"
"21HI","Hawaii","State","FECAL COLIFORM","Recreation"
"21HI","Hawaii","State","NUTRIENTS","Aquatic Life"
"21HI","Hawaii","State","CAUSE UNKNOWN","Aquatic Life"
"21HI","Hawaii","State","METALS","None"
"21HI","Hawaii","State","PESTICIDES","None"
"21HI","Hawaii","State","LEAD","Aquatic Life"
"21HI","Hawaii","State","PHOSPHORUS, TOTAL","None"
"21HI","Hawaii","State","NITRATE/NITRITE (NITRITE + NITRATE AS N)","None"
"21HI","Hawaii","State","PCBS IN FISH TISSUE","Aquatic Life"
"21HI","Hawaii","State","PHOSPHORUS","Aquatic Life"
"21HI","Hawaii","State","PHOSPHORUS, TOTAL","Recreation"
"21HI","Hawaii","State","METALS","Aquatic Life"
"MDE_EASP","Maryland","State","TRASH","Water Contact Sports"
"MDE_EASP","Maryland","State","MERCURY IN FISH TISSUE","Fishing"
"MDE_EASP","Maryland","State","NITROGEN, TOTAL","Open-Water Fish and Shellfish Subcategory"
"MDE_EASP","Maryland","State","NITROGEN, TOTAL","Seasonal Migratory Fish Spawning and Nursery Subcategory"
"MDE_EASP","Maryland","State","PHOSPHORUS, TOTAL","Open-Water Fish and Shellfish Subcategory"
"MDE_EASP","Maryland","State","PHOSPHORUS, TOTAL","Seasonal Migratory Fish Spawning and Nursery Subcategory"
"MDE_EASP","Maryland","State","ENTEROCOCCUS","Water Contact Sports"
"MDE_EASP","Maryland","State","CHLORDANE","Fishing"
"MDE_EASP","Maryland","State","HEPTACHLOR EPOXIDE","Fishing"
"MDE_EASP","Maryland","State","PCBS IN FISH TISSUE","Fishing"
"MDE_EASP","Maryland","State","BIOCHEMICAL OXYGEN DEMAND (BOD)","Open-Water Fish and Shellfish Subcategory"
"MDE_EASP","Maryland","State","BIOCHEMICAL OXYGEN DEMAND (BOD)","Seasonal Migratory Fish Spawning and Nursery Subcategory"
"MDE_EASP","Maryland","State","PERFLUOROOCTANE SULFONATE (PFOS) IN FISH TISSUE","Fishing"
"MDE_EASP","Maryland","State","CAUSE UNKNOWN","Aquatic Life and Wildlife"
"MDE_EASP","Maryland","State","ZINC","Aquatic Life and Wildlife"
"MDE_EASP","Maryland","State","POLYCHLORINATED BIPHENYLS (PCBS)","Aquatic Life and Wildlife"
"MDE_EASP","Maryland","State","SILVER","Aquatic Life and Wildlife"
"MDE_EASP","Maryland","State","ARSENIC","Aquatic Life and Wildlife"
"MDE_EASP","Maryland","State","CADMIUM","Aquatic Life and Wildlife"
"MDE_EASP","Maryland","State","NITROGEN, TOTAL","Seasonal Deep-Channel Refuge Use"
"MDE_EASP","Maryland","State","NITROGEN, TOTAL","Seasonal Deep-Water Fish and Shellfish Subcategory"
"MDE_EASP","Maryland","State","PHOSPHORUS, TOTAL","Seasonal Deep-Channel Refuge Use"
"MDE_EASP","Maryland","State","PHOSPHORUS, TOTAL","Seasonal Deep-Water Fish and Shellfish Subcategory"
"MDE_EASP","Maryland","State","LEAD","Aquatic Life and Wildlife"
"MDE_EASP","Maryland","State","COPPER","Aquatic Life and Wildlife"
"MDE_EASP","Maryland","State","NICKEL","Aquatic Life and Wildlife"
"MDE_EASP","Maryland","State","SELENIUM","Aquatic Life and Wildlife"
"MDE_EASP","Maryland","State","CHROMIUM, TOTAL","Aquatic Life and Wildlife"
"MDE_EASP","Maryland","State","TOTAL SUSPENDED SOLIDS (TSS)","Aquatic Life and Wildlife"
"MDE_EASP","Maryland","State","BIOCHEMICAL OXYGEN DEMAND (BOD)","Aquatic Life and Wildlife"
"MDE_EASP","Maryland","State","FECAL COLIFORM","Shellfishing"
"MDE_EASP","Maryland","State","PHOSPHORUS, TOTAL","Aquatic Life and Wildlife"
"MDE_EASP","Maryland","State","HABITAT ALTERATIONS","Aquatic Life and Wildlife"
"MDE_EASP","Maryland","State","RIPARIAN BUFFER, LACK OF","Aquatic Life and Wildlife"
"MDE_EASP","Maryland","State","SULFATE","Aquatic Life and Wildlife"
"MDE_EASP","Maryland","State","CHLORIDE","Aquatic Life and Wildlife"
"MDE_EASP","Maryland","State","NITROGEN, TOTAL","Aquatic Life and Wildlife"
"MDE_EASP","Maryland","State","MERCURY","Aquatic Life and Wildlife"
"MDE_EASP","Maryland","State","CHROMIUM, HEXAVALENT","Aquatic Life and Wildlife"
"MDE_EASP","Maryland","State","CHROMIUM, TRIVALENT","Aquatic Life and Wildlife"
"MDE_EASP","Maryland","State","FECAL COLIFORM","Water Contact Sports"
"MDE_EASP","Maryland","State","ESCHERICHIA COLI (E. COLI)","Water Contact Sports"
"MDE_EASP","Maryland","State","PH, LOW","Aquatic Life and Wildlife"
"MDE_EASP","Maryland","State","AMMONIA, TOTAL","Aquatic Life and Wildlife"
"MDE_EASP","Maryland","State","BIOCHEMICAL OXYGEN DEMAND (BOD), NITROGENOUS","Aquatic Life and Wildlife"
"MDE_EASP","Maryland","State","BIOCHEMICAL OXYGEN DEMAND (BOD), CARBONACEOUS","Aquatic Life and Wildlife"
"MDE_EASP","Maryland","State","PH, HIGH","Aquatic Life and Wildlife"
"MDE_EASP","Maryland","State","CYANIDE","Aquatic Life and Wildlife"
"MDE_EASP","Maryland","State",NA,"Aquatic Life and Wildlife"
"MDE_EASP","Maryland","State","TOTAL SUSPENDED SOLIDS (TSS)","Seasonal Shallow-Water Submerged Aquatic Vegetation Subcategory"
"MDE_EASP","Maryland","State","TOXICITY","Aquatic Life and Wildlife"
"MDE_EASP","Maryland","State","CHLORPYRIFOS","Aquatic Life and Wildlife"
"MDE_EASP","Maryland","State","ZINC IN SEDIMENT","Aquatic Life and Wildlife"
"MDE_EASP","Maryland","State","CHROMIUM IN SEDIMENT","Aquatic Life and Wildlife"
"MDE_EASP","Maryland","State","POLYCHLORINATED BIPHENYLS (PCBS)","Fishing"
"MDE_EASP","Maryland","State","OIL SPILL - PAHS","Aquatic Life and Wildlife"
"MDE_EASP","Maryland","State","TEMPERATURE","Aquatic Life and Wildlife"
"MDE_EASP","Maryland","State","IRON","Aquatic Life and Wildlife"
"MDE_EASP","Maryland","State","MANGANESE","Public Water Supply"
"MDE_EASP","Maryland","State","SEDIMENTATION/SILTATION","Aquatic Life and Wildlife"
"MDE_EASP","Maryland","State","LEAD IN SEDIMENT","Aquatic Life and Wildlife"
"MDE_EASP","Maryland","State","CHLOROPHYLL-A","Public Water Supply"
"MDE_EASP","Maryland","State","ALUMINUM","Aquatic Life and Wildlife"
"MDE_EASP","Maryland","State","FLOATING DEBRIS","Water Contact Sports"
"MDE_EASP","Maryland","State","FLOW ALTERATION-CHANGES IN DEPTH AND FLOW VELOCITY","Aquatic Life and Wildlife"
"MDE_EASP","Maryland","State","BENZO[A]PYRENE","Fishing"
"MDNR","Missouri","State",NA,"Irrigation"
"MDNR","Missouri","State",NA,"Livestock and Wildlife Watering"
"MDNR","Missouri","State",NA,"Unclassified with Other Protection"
"MDNR","Missouri","State",NA,"Industrial Process Water and Industrial Cooling Water"
"MDNR","Missouri","State",NA,"Protection of Warm Water Aquatic Life and Human Health--Fish Consumption"
"MDNR","Missouri","State",NA,"Boating and Canoeing"
"MDNR","Missouri","State",NA,"Whole Body Contact Recreation"
"MDNR","Missouri","State",NA,"Drinking Water Supply"
"MDNR","Missouri","State",NA,"Human Health Protection (Fish Consumption and Secondary Contact Recreation)"
"MDNR","Missouri","State","ESCHERICHIA COLI (E. COLI)","Whole Body Contact Recreation"
"MDNR","Missouri","State","HABITAT ASSESSMENT","Unclassified with Other Protection"
"MDNR","Missouri","State","FISH BIOASSESSMENTS","Protection of Warm Water Aquatic Life and Human Health--Fish Consumption"
"MDNR","Missouri","State","SEDIMENTATION/SILTATION","Protection of Warm Water Aquatic Life and Human Health--Fish Consumption"
"MDNR","Missouri","State","DISSOLVED OXYGEN","Protection of Warm Water Aquatic Life and Human Health--Fish Consumption"
"MDNR","Missouri","State",NA,"Cool Water Fishery"
"MDNR","Missouri","State","MERCURY IN FISH TISSUE","Human Health Protection (Fish Consumption and Secondary Contact Recreation)"
"MDNR","Missouri","State","BENTHIC MACROINVERTEBRATES BIOASSESSMENTS","Protection of Warm Water Aquatic Life and Human Health--Fish Consumption"
"MDNR","Missouri","State","CHLORIDE","Protection of Warm Water Aquatic Life and Human Health--Fish Consumption"
"MDNR","Missouri","State","CAUSE UNKNOWN","Protection of Warm Water Aquatic Life and Human Health--Fish Consumption"
"MDNR","Missouri","State","ESCHERICHIA COLI (E. COLI)","Boating and Canoeing"
"MDNR","Missouri","State","CHLORDANE","Human Health Protection (Fish Consumption and Secondary Contact Recreation)"
"MDNR","Missouri","State",NA,"Cold Water Fishery"
"MDNR","Missouri","State","PH","Protection of Warm Water Aquatic Life and Human Health--Fish Consumption"
"MDNR","Missouri","State","SULFATE","Protection of Warm Water Aquatic Life and Human Health--Fish Consumption"
"MDNR","Missouri","State","AMMONIA, TOTAL","Protection of Warm Water Aquatic Life and Human Health--Fish Consumption"
"MDNR","Missouri","State","SULFATE + CHLORIDE","Protection of Warm Water Aquatic Life and Human Health--Fish Consumption"
"MDNR","Missouri","State","LEAD","Protection of Warm Water Aquatic Life and Human Health--Fish Consumption"
"MDNR","Missouri","State","ZINC","Protection of Warm Water Aquatic Life and Human Health--Fish Consumption"
"MDNR","Missouri","State","TOTAL SUSPENDED SOLIDS (TSS)","Protection of Warm Water Aquatic Life and Human Health--Fish Consumption"
"MDNR","Missouri","State","LEAD","Human Health Protection (Fish Consumption and Secondary Contact Recreation)"
"MDNR","Missouri","State","LEAD IN SEDIMENT","Protection of Warm Water Aquatic Life and Human Health--Fish Consumption"
"MDNR","Missouri","State","ZINC IN SEDIMENT","Protection of Warm Water Aquatic Life and Human Health--Fish Consumption"
"MDNR","Missouri","State","CADMIUM IN SEDIMENT","Protection of Warm Water Aquatic Life and Human Health--Fish Consumption"
"MDNR","Missouri","State","SEDIMENTATION/SILTATION","Unclassified with Other Protection"
"MDNR","Missouri","State","CADMIUM","Protection of Warm Water Aquatic Life and Human Health--Fish Consumption"
"MDNR","Missouri","State","PHYSICAL SUBSTRATE HABITAT ALTERATIONS","Protection of Warm Water Aquatic Life and Human Health--Fish Consumption"
"MDNR","Missouri","State","NICKEL","Protection of Warm Water Aquatic Life and Human Health--Fish Consumption"
"MDNR","Missouri","State","TEMPERATURE","Protection of Warm Water Aquatic Life and Human Health--Fish Consumption"
"MDNR","Missouri","State","NUTRIENT/EUTROPHICATION BIOLOGICAL INDICATORS","Protection of Warm Water Aquatic Life and Human Health--Fish Consumption"
"MDNR","Missouri","State","NUTRIENT/EUTROPHICATION BIOLOGICAL INDICATORS","Unclassified with Other Protection"
"MDNR","Missouri","State","COPPER IN SEDIMENT","Protection of Warm Water Aquatic Life and Human Health--Fish Consumption"
"MDNR","Missouri","State","NICKEL IN SEDIMENT","Protection of Warm Water Aquatic Life and Human Health--Fish Consumption"
"MDNR","Missouri","State","CONTAMINATED SEDIMENTS (PAHS)","Protection of Warm Water Aquatic Life and Human Health--Fish Consumption"
"MDNR","Missouri","State","ZINC","Unclassified with Other Protection"
"MDNR","Missouri","State","NITROGEN, TOTAL","Unclassified with Other Protection"
"MDNR","Missouri","State","COPPER","Protection of Warm Water Aquatic Life and Human Health--Fish Consumption"
"MDNR","Missouri","State","CADMIUM","Unclassified with Other Protection"
"MDNR","Missouri","State","NITROGEN, TOTAL","Protection of Warm Water Aquatic Life and Human Health--Fish Consumption"
"MDNR","Missouri","State","PHOSPHORUS, TOTAL","Protection of Warm Water Aquatic Life and Human Health--Fish Consumption"
"MDNR","Missouri","State","CHLOROPHYLL-A","Protection of Warm Water Aquatic Life and Human Health--Fish Consumption"
"MDNR","Missouri","State","ATRAZINE","Drinking Water Supply"
"MDNR","Missouri","State","CHLOROPHYLL-A","Drinking Water Supply"
"MDNR","Missouri","State","DISSOLVED OXYGEN SUPERSATURATION","Cold Water Fishery"
"MDNR","Missouri","State","NUTRIENT/EUTROPHICATION BIOLOGICAL INDICATORS","Drinking Water Supply"
"MDNR","Missouri","State","MERCURY IN FISH TISSUE","Unclassified with Other Protection"
"MA_DEP","Massachusetts","State",NA,"Aesthetic"
"MA_DEP","Massachusetts","State",NA,"Primary Contact Recreation"
"MA_DEP","Massachusetts","State",NA,"Secondary Contact Recreation"
"MA_DEP","Massachusetts","State",NA,"Fish Consumption"
"MA_DEP","Massachusetts","State","TEMPERATURE","Fish, other Aquatic Life and Wildlife"
"MA_DEP","Massachusetts","State","FECAL COLIFORM","Primary Contact Recreation"
"MA_DEP","Massachusetts","State","ESCHERICHIA COLI (E. COLI)","Primary Contact Recreation"
"MA_DEP","Massachusetts","State","ALTERATION IN STREAM-SIDE OR LITTORAL VEGETATIVE COVERS","Fish, other Aquatic Life and Wildlife"
"MA_DEP","Massachusetts","State","FLOW REGIME MODIFICATION","Fish, other Aquatic Life and Wildlife"
"MA_DEP","Massachusetts","State","POLYCHLORINATED BIPHENYLS (PCBS)","Fish, other Aquatic Life and Wildlife"
"MA_DEP","Massachusetts","State","AMBIENT BIOASSAYS - CHRONIC AQUATIC TOXICITY","Fish, other Aquatic Life and Wildlife"
"MA_DEP","Massachusetts","State","OTHER ANTHROPOGENIC SUBSTRATE ALTERATIONS","Fish, other Aquatic Life and Wildlife"
"MA_DEP","Massachusetts","State","BENTHIC MACROINVERTEBRATES","Fish, other Aquatic Life and Wildlife"
"MA_DEP","Massachusetts","State","NUTRIENT/EUTROPHICATION BIOLOGICAL INDICATORS","Fish, other Aquatic Life and Wildlife"
"MA_DEP","Massachusetts","State","PCBS IN FISH TISSUE","Fish Consumption"
"MA_DEP","Massachusetts","State",NA,"Fish, other Aquatic Life and Wildlife"
"MA_DEP","Massachusetts","State",NA,"Public Water Supply"
"MA_DEP","Massachusetts","State","DEWATERING","Fish, other Aquatic Life and Wildlife"
"MA_DEP","Massachusetts","State","EURASIAN WATER MILFOIL, MYRIOPHYLLUM SPICATUM","Aesthetic"
"MA_DEP","Massachusetts","State","EURASIAN WATER MILFOIL, MYRIOPHYLLUM SPICATUM","Fish, other Aquatic Life and Wildlife"
"MA_DEP","Massachusetts","State","EURASIAN WATER MILFOIL, MYRIOPHYLLUM SPICATUM","Primary Contact Recreation"
"MA_DEP","Massachusetts","State","EURASIAN WATER MILFOIL, MYRIOPHYLLUM SPICATUM","Secondary Contact Recreation"
"MA_DEP","Massachusetts","State","CURLY-LEAF PONDWEED","Fish, other Aquatic Life and Wildlife"
"MA_DEP","Massachusetts","State","WATER CHESTNUT","Fish, other Aquatic Life and Wildlife"
"MA_DEP","Massachusetts","State","BRITTLE NAIAD, NAJAS MINOR","Fish, other Aquatic Life and Wildlife"
"MA_DEP","Massachusetts","State","ALGAE","Aesthetic"
"MA_DEP","Massachusetts","State","ALGAE","Fish, other Aquatic Life and Wildlife"
"MA_DEP","Massachusetts","State","ALGAE","Primary Contact Recreation"
"MA_DEP","Massachusetts","State","ALGAE","Secondary Contact Recreation"
"MA_DEP","Massachusetts","State","CURLY-LEAF PONDWEED","Aesthetic"
"MA_DEP","Massachusetts","State","CURLY-LEAF PONDWEED","Primary Contact Recreation"
"MA_DEP","Massachusetts","State","CURLY-LEAF PONDWEED","Secondary Contact Recreation"
"MA_DEP","Massachusetts","State","PCBS IN SEDIMENT","Fish, other Aquatic Life and Wildlife"
"MA_DEP","Massachusetts","State","PCBS IN FISH TISSUE","Fish, other Aquatic Life and Wildlife"
"MA_DEP","Massachusetts","State","POLYCHLORINATED BIPHENYLS (PCBS)","Primary Contact Recreation"
"MA_DEP","Massachusetts","State","LACK OF A COLDWATER ASSEMBLAGE","Fish, other Aquatic Life and Wildlife"
"MA_DEP","Massachusetts","State","SEDIMENTATION/SILTATION","Fish, other Aquatic Life and Wildlife"
"MA_DEP","Massachusetts","State","TRASH","Aesthetic"
"MA_DEP","Massachusetts","State","TRASH","Primary Contact Recreation"
"MA_DEP","Massachusetts","State","TRASH","Secondary Contact Recreation"
"MA_DEP","Massachusetts","State","DEBRIS","Aesthetic"
"MA_DEP","Massachusetts","State","DEBRIS","Primary Contact Recreation"
"MA_DEP","Massachusetts","State","DEBRIS","Secondary Contact Recreation"
"MA_DEP","Massachusetts","State","HABITAT ASSESSMENT","Fish, other Aquatic Life and Wildlife"
"MA_DEP","Massachusetts","State","PHOSPHORUS, TOTAL","Fish, other Aquatic Life and Wildlife"
"MA_DEP","Massachusetts","State","ZEBRA MUSSEL, DREISSENA POLYMORPH","Fish, other Aquatic Life and Wildlife"
"MA_DEP","Massachusetts","State","FISH BIOASSESSMENTS","Fish, other Aquatic Life and Wildlife"
"MA_DEP","Massachusetts","State","MERCURY IN FISH TISSUE","Fish Consumption"
"MA_DEP","Massachusetts","State","DISSOLVED OXYGEN SUPERSATURATION","Fish, other Aquatic Life and Wildlife"
"MA_DEP","Massachusetts","State","NON-NATIVE AQUATIC PLANTS","Aesthetic"
"MA_DEP","Massachusetts","State","NON-NATIVE AQUATIC PLANTS","Primary Contact Recreation"
"MA_DEP","Massachusetts","State","NON-NATIVE AQUATIC PLANTS","Secondary Contact Recreation"
"MA_DEP","Massachusetts","State","DISSOLVED OXYGEN","Fish, other Aquatic Life and Wildlife"
"MA_DEP","Massachusetts","State","FANWORT","Fish, other Aquatic Life and Wildlife"
"MA_DEP","Massachusetts","State","NON-NATIVE AQUATIC PLANTS","Fish, other Aquatic Life and Wildlife"
"MA_DEP","Massachusetts","State","ENTEROCOCCUS","Primary Contact Recreation"
"MA_DEP","Massachusetts","State","ESCHERICHIA COLI (E. COLI)","Secondary Contact Recreation"
"MA_DEP","Massachusetts","State","TURBIDITY","Aesthetic"
"MA_DEP","Massachusetts","State","TURBIDITY","Primary Contact Recreation"
"MA_DEP","Massachusetts","State","TURBIDITY","Secondary Contact Recreation"
"MA_DEP","Massachusetts","State","CHLORIDE","Fish, other Aquatic Life and Wildlife"
"MA_DEP","Massachusetts","State","COMBINED BIOTA/HABITAT BIOASSESSMENTS","Fish, other Aquatic Life and Wildlife"
"MA_DEP","Massachusetts","State","FECAL COLIFORM","Secondary Contact Recreation"
"MA_DEP","Massachusetts","State","CHLOROPHYLL-A","Fish, other Aquatic Life and Wildlife"
"MA_DEP","Massachusetts","State","HARMFUL ALGAL BLOOMS","Aesthetic"
"MA_DEP","Massachusetts","State","HARMFUL ALGAL BLOOMS","Primary Contact Recreation"
"MA_DEP","Massachusetts","State","HARMFUL ALGAL BLOOMS","Secondary Contact Recreation"
"MA_DEP","Massachusetts","State","NON-NATIVE FISH/SHELLFISH/ZOOPLANKTON","Fish, other Aquatic Life and Wildlife"
"MA_DEP","Massachusetts","State","PH, LOW","Fish, other Aquatic Life and Wildlife"
"MA_DEP","Massachusetts","State","TOTAL SUSPENDED SOLIDS (TSS)","Fish, other Aquatic Life and Wildlife"
"MA_DEP","Massachusetts","State","AQUATIC PLANTS (MACROPHYTES)","Aesthetic"
"MA_DEP","Massachusetts","State","AQUATIC PLANTS (MACROPHYTES)","Primary Contact Recreation"
"MA_DEP","Massachusetts","State","AQUATIC PLANTS (MACROPHYTES)","Secondary Contact Recreation"
"MA_DEP","Massachusetts","State","PHOSPHORUS, TOTAL","Aesthetic"
"MA_DEP","Massachusetts","State","PHOSPHORUS, TOTAL","Primary Contact Recreation"
"MA_DEP","Massachusetts","State","PHOSPHORUS, TOTAL","Secondary Contact Recreation"
"MA_DEP","Massachusetts","State","ODOR","Aesthetic"
"MA_DEP","Massachusetts","State","ODOR","Primary Contact Recreation"
"MA_DEP","Massachusetts","State","ODOR","Secondary Contact Recreation"
"MA_DEP","Massachusetts","State","NUTRIENT/EUTROPHICATION BIOLOGICAL INDICATORS","Aesthetic"
"MA_DEP","Massachusetts","State","NUTRIENT/EUTROPHICATION BIOLOGICAL INDICATORS","Primary Contact Recreation"
"MA_DEP","Massachusetts","State","NUTRIENT/EUTROPHICATION BIOLOGICAL INDICATORS","Secondary Contact Recreation"
"MA_DEP","Massachusetts","State","TURBIDITY","Fish, other Aquatic Life and Wildlife"
"MA_DEP","Massachusetts","State","WATER CHESTNUT","Aesthetic"
"MA_DEP","Massachusetts","State","WATER CHESTNUT","Primary Contact Recreation"
"MA_DEP","Massachusetts","State","WATER CHESTNUT","Secondary Contact Recreation"
"MA_DEP","Massachusetts","State","LEAD","Fish, other Aquatic Life and Wildlife"
"MA_DEP","Massachusetts","State","COPPER","Fish, other Aquatic Life and Wildlife"
"MA_DEP","Massachusetts","State","FANWORT","Aesthetic"
"MA_DEP","Massachusetts","State","FANWORT","Primary Contact Recreation"
"MA_DEP","Massachusetts","State","FANWORT","Secondary Contact Recreation"
"MA_DEP","Massachusetts","State","BACTERIAL SLIMES","Aesthetic"
"MA_DEP","Massachusetts","State","BACTERIAL SLIMES","Primary Contact Recreation"
"MA_DEP","Massachusetts","State","BACTERIAL SLIMES","Secondary Contact Recreation"
"MA_DEP","Massachusetts","State","TOTAL SUSPENDED SOLIDS (TSS)","Aesthetic"
"MA_DEP","Massachusetts","State","TOTAL SUSPENDED SOLIDS (TSS)","Primary Contact Recreation"
"MA_DEP","Massachusetts","State","TOTAL SUSPENDED SOLIDS (TSS)","Secondary Contact Recreation"
"MA_DEP","Massachusetts","State","FLOW REGIME MODIFICATION","Aesthetic"
"MA_DEP","Massachusetts","State","FLOW REGIME MODIFICATION","Primary Contact Recreation"
"MA_DEP","Massachusetts","State","FLOW REGIME MODIFICATION","Secondary Contact Recreation"
"MA_DEP","Massachusetts","State","NUTRIENTS","Fish, other Aquatic Life and Wildlife"
"MA_DEP","Massachusetts","State","PHYSICAL SUBSTRATE HABITAT ALTERATIONS","Fish, other Aquatic Life and Wildlife"
"MA_DEP","Massachusetts","State","AQUATIC PLANTS (MACROPHYTES)","Fish, other Aquatic Life and Wildlife"
"MA_DEP","Massachusetts","State","TRANSPARENCY / CLARITY","Aesthetic"
"MA_DEP","Massachusetts","State","TRANSPARENCY / CLARITY","Primary Contact Recreation"
"MA_DEP","Massachusetts","State","TRANSPARENCY / CLARITY","Secondary Contact Recreation"
"MA_DEP","Massachusetts","State","CAUSE UNKNOWN","Fish, other Aquatic Life and Wildlife"
"MA_DEP","Massachusetts","State","ASIAN CLAM","Fish, other Aquatic Life and Wildlife"
"MA_DEP","Massachusetts","State","SCUM/FOAM","Aesthetic"
"MA_DEP","Massachusetts","State","SCUM/FOAM","Primary Contact Recreation"
"MA_DEP","Massachusetts","State","SCUM/FOAM","Secondary Contact Recreation"
"MA_DEP","Massachusetts","State","FLOCCULANT MASSES","Aesthetic"
"MA_DEP","Massachusetts","State","FLOCCULANT MASSES","Primary Contact Recreation"
"MA_DEP","Massachusetts","State","FLOCCULANT MASSES","Secondary Contact Recreation"
"MA_DEP","Massachusetts","State","OIL AND GREASE","Aesthetic"
"MA_DEP","Massachusetts","State","OIL AND GREASE","Primary Contact Recreation"
"MA_DEP","Massachusetts","State","OIL AND GREASE","Secondary Contact Recreation"
"MA_DEP","Massachusetts","State","DDT IN FISH TISSUE","Fish Consumption"
"MA_DEP","Massachusetts","State","CADMIUM","Fish, other Aquatic Life and Wildlife"
"MA_DEP","Massachusetts","State","BOTTOM DEPOSITS","Fish, other Aquatic Life and Wildlife"
"MA_DEP","Massachusetts","State","FISH KILL(S)","Fish, other Aquatic Life and Wildlife"
"MA_DEP","Massachusetts","State","AMMONIA, UN-IONIZED","Fish, other Aquatic Life and Wildlife"
"MA_DEP","Massachusetts","State","OTHER ORGANICS","Fish, other Aquatic Life and Wildlife"
"MA_DEP","Massachusetts","State","METALS","Fish, other Aquatic Life and Wildlife"
"MA_DEP","Massachusetts","State","DEWATERING","Aesthetic"
"MA_DEP","Massachusetts","State","DEWATERING","Primary Contact Recreation"
"MA_DEP","Massachusetts","State","DEWATERING","Secondary Contact Recreation"
"MA_DEP","Massachusetts","State","HARMFUL ALGAL BLOOMS","Fish, other Aquatic Life and Wildlife"
"MA_DEP","Massachusetts","State","CHLORDANE IN FISH TISSUE","Fish Consumption"
"MA_DEP","Massachusetts","State","UNSPECIFIED METALS IN SEDIMENT","Fish, other Aquatic Life and Wildlife"
"MA_DEP","Massachusetts","State","ORGANIC ENRICHMENT (SEWAGE) BIOLOGICAL INDICATORS","Fish, other Aquatic Life and Wildlife"
"MA_DEP","Massachusetts","State","FISH PASSAGE BARRIER","Fish, other Aquatic Life and Wildlife"
"MA_DEP","Massachusetts","State","ENTEROCOCCUS","Secondary Contact Recreation"
"MA_DEP","Massachusetts","State","FECAL COLIFORM","Shellfish Harvesting"
"MA_DEP","Massachusetts","State","NITROGEN, TOTAL","Fish, other Aquatic Life and Wildlife"
"MA_DEP","Massachusetts","State",NA,"Shellfish Harvesting"
"MA_DEP","Massachusetts","State","DIOXIN (INCLUDING 2,3,7,8-TCDD)","Fish Consumption"
"MA_DEP","Massachusetts","State","PENTACHLOROPHENOL (PCP)","Fish Consumption"
"MA_DEP","Massachusetts","State","TRANSPARENCY / CLARITY","Fish, other Aquatic Life and Wildlife"
"MA_DEP","Massachusetts","State","CHLOROPHYLL-A","Aesthetic"
"MA_DEP","Massachusetts","State","CHLOROPHYLL-A","Primary Contact Recreation"
"MA_DEP","Massachusetts","State","CHLOROPHYLL-A","Secondary Contact Recreation"
"MA_DEP","Massachusetts","State","CAUSE UNKNOWN","Fish Consumption"
"MA_DEP","Massachusetts","State","ESTUARINE BIOASSESSMENTS","Fish, other Aquatic Life and Wildlife"
"MA_DEP","Massachusetts","State","SEDIMENT BIOASSAY","Fish, other Aquatic Life and Wildlife"
"MA_DEP","Massachusetts","State","ARSENIC IN SEDIMENT","Fish, other Aquatic Life and Wildlife"
"MA_DEP","Massachusetts","State","ARSENIC","Fish, other Aquatic Life and Wildlife"
"MA_DEP","Massachusetts","State","PH, HIGH","Fish, other Aquatic Life and Wildlife"
"MA_DEP","Massachusetts","State","PETROLEUM HYDROCARBONS","Fish, other Aquatic Life and Wildlife"
"MA_DEP","Massachusetts","State","PETROLEUM HYDROCARBONS","Aesthetic"
"MA_DEP","Massachusetts","State","PETROLEUM HYDROCARBONS","Primary Contact Recreation"
"MA_DEP","Massachusetts","State","PETROLEUM HYDROCARBONS","Secondary Contact Recreation"
"MA_DEP","Massachusetts","State","LEAD IN SEDIMENT","Fish, other Aquatic Life and Wildlife"
"MA_DEP","Massachusetts","State","COPPER IN SEDIMENT","Fish, other Aquatic Life and Wildlife"
"MA_DEP","Massachusetts","State","HYDROGEN SULFIDE","Fish, other Aquatic Life and Wildlife"
"MA_DEP","Massachusetts","State","SALINITY","Fish, other Aquatic Life and Wildlife"
"MA_DEP","Massachusetts","State","OIL AND GREASE","Fish, other Aquatic Life and Wildlife"
"MA_DEP","Massachusetts","State","ORGANIC ENRICHMENT (SEWAGE) BIOLOGICAL INDICATORS","Aesthetic"
"MA_DEP","Massachusetts","State","ORGANIC ENRICHMENT (SEWAGE) BIOLOGICAL INDICATORS","Primary Contact Recreation"
"MA_DEP","Massachusetts","State","ORGANIC ENRICHMENT (SEWAGE) BIOLOGICAL INDICATORS","Secondary Contact Recreation"
"MA_DEP","Massachusetts","State","BOTTOM DEPOSITS","Aesthetic"
"MA_DEP","Massachusetts","State","BOTTOM DEPOSITS","Primary Contact Recreation"
"MA_DEP","Massachusetts","State","BOTTOM DEPOSITS","Secondary Contact Recreation"
"MA_DEP","Massachusetts","State","POLYCYCLIC AROMATIC HYDROCARBONS (PAHS) (AQUATIC ECOSYSTEMS)","Fish, other Aquatic Life and Wildlife"
"MA_DEP","Massachusetts","State","2,3,7,8-TETRACHLORODIBENZO-P-DIOXIN","Fish Consumption"
"MA_DEP","Massachusetts","State","COLOR","Aesthetic"
"MA_DEP","Massachusetts","State","COLOR","Primary Contact Recreation"
"MA_DEP","Massachusetts","State","COLOR","Secondary Contact Recreation"
"MA_DEP","Massachusetts","State","DDT IN SEDIMENT","Fish, other Aquatic Life and Wildlife"
"MA_DEP","Massachusetts","State","CHLORDANE IN SEDIMENT","Fish, other Aquatic Life and Wildlife"
"MA_DEP","Massachusetts","State","HYDRILLA","Fish, other Aquatic Life and Wildlife"
"MA_DEP","Massachusetts","State","DEHP (DI-SEC-OCTYL PHTHALATE)","Primary Contact Recreation"
"MA_DEP","Massachusetts","State","DEHP (DI-SEC-OCTYL PHTHALATE)","Secondary Contact Recreation"
"MA_DEP","Massachusetts","State","POLYCYCLIC AROMATIC HYDROCARBONS (PAHS) (AQUATIC ECOSYSTEMS)","Primary Contact Recreation"
"MA_DEP","Massachusetts","State","POLYCYCLIC AROMATIC HYDROCARBONS (PAHS) (AQUATIC ECOSYSTEMS)","Secondary Contact Recreation"
"MA_DEP","Massachusetts","State","ARSENIC","Primary Contact Recreation"
"MA_DEP","Massachusetts","State","ARSENIC","Secondary Contact Recreation"
"MA_DEP","Massachusetts","State","CHROMIUM, TOTAL","Primary Contact Recreation"
"MA_DEP","Massachusetts","State","CHROMIUM, TOTAL","Secondary Contact Recreation"
"MA_DEP","Massachusetts","State","POLYCYCLIC AROMATIC HYDROCARBONS (PAHS) (AQUATIC ECOSYSTEMS)","Fish Consumption"
"MA_DEP","Massachusetts","State","EUROPEAN WATER CLOVER","Fish, other Aquatic Life and Wildlife"
"MA_DEP","Massachusetts","State","POLYCHLORINATED BIPHENYLS (PCBS)","Shellfish Harvesting"
"MA_DEP","Massachusetts","State","SWOLLEN BLADDERWORT","Fish, other Aquatic Life and Wildlife"
"MA_DEP","Massachusetts","State","ALUMINUM","Fish, other Aquatic Life and Wildlife"
"MA_DEP","Massachusetts","State","ABNORMAL FISH DEFORMITIES, EROSIONS, LESIONS, TUMORS (DELTS)","Fish, other Aquatic Life and Wildlife"
"MA_DEP","Massachusetts","State","LEAD","Fish Consumption"
"21AQ","Northern Mariana Islands","State","ENTEROCOCCUS","RECREATION"
"21AQ","Northern Mariana Islands","State","OTHER","AESTHETIC, OTHERS"
"21AQ","Northern Mariana Islands","State","UNSPECIFIED METALS IN SEDIMENT","FISH CONSUMPTION"
"21AQ","Northern Mariana Islands","State","COMBINED BIOTA/HABITAT BIOASSESSMENTS","AQUATIC LIFE"
"21AQ","Northern Mariana Islands","State",NA,"FISH CONSUMPTION"
"21AQ","Northern Mariana Islands","State","PH","AQUATIC LIFE"
"21AQ","Northern Mariana Islands","State","PH","RECREATION"
"21AQ","Northern Mariana Islands","State","PHOSPHATE","AQUATIC LIFE"
"21AQ","Northern Mariana Islands","State","DISSOLVED OXYGEN","AQUATIC LIFE"
"21AQ","Northern Mariana Islands","State","PH, LOW","AQUATIC LIFE"
"21AQ","Northern Mariana Islands","State","PH, LOW","RECREATION"
"21AQ","Northern Mariana Islands","State","NITRATE","AQUATIC LIFE"
"21AQ","Northern Mariana Islands","State","CADMIUM IN SEDIMENT","FISH CONSUMPTION"
"21AQ","Northern Mariana Islands","State","LEAD","FISH CONSUMPTION"
"21AQ","Northern Mariana Islands","State","COPPER","FISH CONSUMPTION"
"21AQ","Northern Mariana Islands","State","MERCURY","FISH CONSUMPTION"
"21AQ","Northern Mariana Islands","State",NA,"POTABLE WATER"
"21AQ","Northern Mariana Islands","State","HABITAT ALTERATIONS","AQUATIC LIFE"
"21AQ","Northern Mariana Islands","State",NA,"AQUATIC LIFE"
"21AQ","Northern Mariana Islands","State",NA,"RECREATION"
"21AQ","Northern Mariana Islands","State","ESCHERICHIA COLI (E. COLI)","POTABLE WATER"
"21AQ","Northern Mariana Islands","State","ESCHERICHIA COLI (E. COLI)","RECREATION"
"21AQ","Northern Mariana Islands","State","NON-NATIVE FISH/SHELLFISH/ZOOPLANKTON","AQUATIC LIFE"
"21AQ","Northern Mariana Islands","State","PH, HIGH","AQUATIC LIFE"
"21AQ","Northern Mariana Islands","State","FLOW REGIME MODIFICATION","AQUATIC LIFE"
"21AQ","Northern Mariana Islands","State","NON-NATIVE AQUATIC PLANTS","AQUATIC LIFE"
"21AQ","Northern Mariana Islands","State","HABITAT ALTERATIONS","AESTHETIC, OTHERS"
"21NDHDWQ","North Dakota","State",NA,"Industrial"
"21NDHDWQ","North Dakota","State",NA,"Agricultural"
"21NDHDWQ","North Dakota","State",NA,"Fish and Other Aquatic Biota"
"21NDHDWQ","North Dakota","State",NA,"Fish Consumption"
"21NDHDWQ","North Dakota","State","FECAL COLIFORM","Recreation"
"21NDHDWQ","North Dakota","State","ARSENIC","Municipal and Domestic"
"21NDHDWQ","North Dakota","State","SULFATE","Municipal and Domestic"
"21NDHDWQ","North Dakota","State",NA,"Municipal and Domestic"
"21NDHDWQ","North Dakota","State","NUTRIENTS","Fish and Other Aquatic Biota"
"21NDHDWQ","North Dakota","State","NUTRIENTS","Recreation"
"21NDHDWQ","North Dakota","State","DISSOLVED OXYGEN","Fish and Other Aquatic Biota"
"21NDHDWQ","North Dakota","State",NA,"Recreation"
"21NDHDWQ","North Dakota","State","SELENIUM","Fish and Other Aquatic Biota"
"21NDHDWQ","North Dakota","State","SEDIMENTATION/SILTATION","Fish and Other Aquatic Biota"
"21NDHDWQ","North Dakota","State","ALUMINUM","Fish and Other Aquatic Biota"
"21NDHDWQ","North Dakota","State","COMBINED BIOTA/HABITAT BIOASSESSMENTS","Fish and Other Aquatic Biota"
"21NDHDWQ","North Dakota","State","EUTROPHICATION, NUTRIENTS","Fish and Other Aquatic Biota"
"21NDHDWQ","North Dakota","State","CHLOROPHYLL-A","Recreation"
"21NDHDWQ","North Dakota","State","ESCHERICHIA COLI (E. COLI)","Recreation"
"21NDHDWQ","North Dakota","State","PHYSICAL SUBSTRATE HABITAT ALTERATIONS","Fish and Other Aquatic Biota"
"21NDHDWQ","North Dakota","State","PH","Fish and Other Aquatic Biota"
"21NDHDWQ","North Dakota","State","FLOW REGIME MODIFICATION","Fish and Other Aquatic Biota"
"21NDHDWQ","North Dakota","State","SELENIUM","Municipal and Domestic"
"21NDHDWQ","North Dakota","State","BENTHIC MACROINVERTEBRATES BIOASSESSMENTS","Fish and Other Aquatic Biota"
"21NDHDWQ","North Dakota","State","METHYLMERCURY","Fish Consumption"
"21NDHDWQ","North Dakota","State","TOTAL DISSOLVED SOLIDS (TDS)","Fish and Other Aquatic Biota"
"21NDHDWQ","North Dakota","State","NITROGEN, AMMONIA","Fish and Other Aquatic Biota"
"21NDHDWQ","North Dakota","State","TROPHIC STATE INDEX (TSI)","Fish and Other Aquatic Biota"
"21NDHDWQ","North Dakota","State","TROPHIC STATE INDEX (TSI)","Recreation"
"21NDHDWQ","North Dakota","State","COMBINATION BENTHIC/FISHES BIOASSESSMENTS","Fish and Other Aquatic Biota"
"21NDHDWQ","North Dakota","State","FISH BIOASSESSMENTS","Fish and Other Aquatic Biota"
"21NDHDWQ","North Dakota","State","EUTROPHICATION, NUTRIENTS","Recreation"
"21NDHDWQ","North Dakota","State","SEDIMENTATION/SILTATION","Recreation"
"21NDHDWQ","North Dakota","State","CADMIUM","Fish and Other Aquatic Biota"
"21NDHDWQ","North Dakota","State","CADMIUM","Municipal and Domestic"
"21NDHDWQ","North Dakota","State","CHLORIDE","Municipal and Domestic"
"21NDHDWQ","North Dakota","State","ARSENIC","Fish and Other Aquatic Biota"
"21NDHDWQ","North Dakota","State","LEAD","Fish and Other Aquatic Biota"
"21NDHDWQ","North Dakota","State","LEAD","Municipal and Domestic"
"21NDHDWQ","North Dakota","State","COPPER","Fish and Other Aquatic Biota"
"21NDHDWQ","North Dakota","State","NICKEL","Fish and Other Aquatic Biota"
"21NDHDWQ","North Dakota","State","NICKEL","Municipal and Domestic"
"21NDHDWQ","North Dakota","State","ZINC, TOTAL","Fish and Other Aquatic Biota"
"21NDHDWQ","North Dakota","State","CHROMIUM, TOTAL","Fish and Other Aquatic Biota"
"21NDHDWQ","North Dakota","State","CHROMIUM, TOTAL","Municipal and Domestic"
"21NDHDWQ","North Dakota","State","SULFATE","Fish and Other Aquatic Biota"
"21NDHDWQ","North Dakota","State","ZINC","Fish and Other Aquatic Biota"
"21NDHDWQ","North Dakota","State","CHLOROPHYLL-A","Fish and Other Aquatic Biota"
"21NDHDWQ","North Dakota","State","TURBIDITY","Fish and Other Aquatic Biota"
"21NDHDWQ","North Dakota","State","CHROMIUM","Fish and Other Aquatic Biota"
"21NDHDWQ","North Dakota","State","BENTHIC MACROINVERTEBRATES","Fish and Other Aquatic Biota"
"21NDHDWQ","North Dakota","State","AMMONIA, UN-IONIZED","Fish and Other Aquatic Biota"
"21PA","Pennsylvania","State",NA,"Water Contact Sports"
"21PA","Pennsylvania","State",NA,"Cold Water Fishes"
"21PA","Pennsylvania","State","MERCURY","Fishing"
"21PA","Pennsylvania","State","PATHOGENS","Aesthetics"
"21PA","Pennsylvania","State","PATHOGENS","Boating"
"21PA","Pennsylvania","State","POLYCHLORINATED BIPHENYLS (PCBS)","Fishing"
"21PA","Pennsylvania","State","SILTATION","Warm Water Fishes"
"21PA","Pennsylvania","State","PATHOGENS","Water Contact Sports"
"21PA","Pennsylvania","State","FLOW REGIME MODIFICATION","Warm Water Fishes"
"21PA","Pennsylvania","State","PERFLUOROOCTANE SULFONATE (PFOS)","Fishing"
"21PA","Pennsylvania","State",NA,"Warm Water Fishes"
"21PA","Pennsylvania","State","NUTRIENTS","Warm Water Fishes"
"21PA","Pennsylvania","State","ORGANIC ENRICHMENT","Warm Water Fishes"
"21PA","Pennsylvania","State","HABITAT ALTERATIONS","Warm Water Fishes"
"21PA","Pennsylvania","State",NA,"Potable Water Supply"
"21PA","Pennsylvania","State",NA,"Trout Stocking"
"21PA","Pennsylvania","State","SILTATION","Trout Stocking"
"21PA","Pennsylvania","State","FLOW REGIME MODIFICATION","Trout Stocking"
"21PA","Pennsylvania","State","NUTRIENTS","Trout Stocking"
"21PA","Pennsylvania","State","ORGANIC ENRICHMENT","Trout Stocking"
"21PA","Pennsylvania","State","ALGAE","Warm Water Fishes"
"21PA","Pennsylvania","State","ALGAE","Trout Stocking"
"21PA","Pennsylvania","State","DEWATERING","Warm Water Fishes"
"21PA","Pennsylvania","State","SILTATION","Cold Water Fishes"
"21PA","Pennsylvania","State","CAUSE UNKNOWN","Warm Water Fishes"
"21PA","Pennsylvania","State","CAUSE UNKNOWN","Trout Stocking"
"21PA","Pennsylvania","State","HABITAT ALTERATIONS","Trout Stocking"
"21PA","Pennsylvania","State","DEWATERING","Trout Stocking"
"21PA","Pennsylvania","State",NA,"Fishing"
"21PA","Pennsylvania","State","FECAL COLIFORM","Water Contact Sports"
"21PA","Pennsylvania","State","ORGANICS","Trout Stocking"
"21PA","Pennsylvania","State","ORGANICS","Warm Water Fishes"
"21PA","Pennsylvania","State","METALS","Trout Stocking"
"21PA","Pennsylvania","State","CAUSE UNKNOWN","Cold Water Fishes"
"21PA","Pennsylvania","State","HABITAT ALTERATIONS","Cold Water Fishes"
"21PA","Pennsylvania","State","FLOW REGIME MODIFICATION","Cold Water Fishes"
"21PA","Pennsylvania","State","CAUSE UNKNOWN","High Quality Cold Water Fishes"
"21PA","Pennsylvania","State","FLOW REGIME MODIFICATION","High Quality Cold Water Fishes"
"21PA","Pennsylvania","State","ALGAE","High Quality Cold Water Fishes"
"21PA","Pennsylvania","State","CAUSE UNKNOWN","Exceptional Value Waters"
"21PA","Pennsylvania","State","SILTATION","High Quality Trout Stocking"
"21PA","Pennsylvania","State","EUTROPHICATION","High Quality Trout Stocking"
"21PA","Pennsylvania","State","CAUSE UNKNOWN","High Quality Trout Stocking"
"21PA","Pennsylvania","State","FLOW REGIME MODIFICATION","High Quality Trout Stocking"
"21PA","Pennsylvania","State","PH, HIGH","High Quality Trout Stocking"
"21PA","Pennsylvania","State","EUTROPHICATION","Trout Stocking"
"21PA","Pennsylvania","State","METALS","Warm Water Fishes"
"21PA","Pennsylvania","State","EUTROPHICATION","Warm Water Fishes"
"21PA","Pennsylvania","State","SILTATION","High Quality Cold Water Fishes"
"21PA","Pennsylvania","State",NA,"High Quality Trout Stocking"
"21PA","Pennsylvania","State","HABITAT ALTERATIONS","High Quality Trout Stocking"
"21PA","Pennsylvania","State",NA,"High Quality Cold Water Fishes"
"21PA","Pennsylvania","State",NA,"Exceptional Value Waters"
"21PA","Pennsylvania","State",NA,"High Quality Warm Water Fishes"
"21PA","Pennsylvania","State","ORGANIC ENRICHMENT","High Quality Trout Stocking"
"21PA","Pennsylvania","State","ORGANIC ENRICHMENT","High Quality Cold Water Fishes"
"21PA","Pennsylvania","State","BIOCHEMICAL OXYGEN DEMAND (BOD)","Trout Stocking"
"21PA","Pennsylvania","State","PH, LOW","Cold Water Fishes"
"21PA","Pennsylvania","State","IRON","Cold Water Fishes"
"21PA","Pennsylvania","State","METALS","Cold Water Fishes"
"21PA","Pennsylvania","State","TOTAL SUSPENDED SOLIDS (TSS)","Cold Water Fishes"
"21PA","Pennsylvania","State","PH","Cold Water Fishes"
"21PA","Pennsylvania","State","PESTICIDES","Warm Water Fishes"
"21PA","Pennsylvania","State","NUTRIENTS","Cold Water Fishes"
"21PA","Pennsylvania","State","TOTAL SUSPENDED SOLIDS (TSS)","Warm Water Fishes"
"21PA","Pennsylvania","State","ALGAE","Cold Water Fishes"
"21PA","Pennsylvania","State","DEWATERING","Cold Water Fishes"
"21PA","Pennsylvania","State","THERMAL MODIFICATIONS","Trout Stocking"
"21PA","Pennsylvania","State","PH, HIGH","Trout Stocking"
"21PA","Pennsylvania","State","ALUMINUM","Cold Water Fishes"
"21PA","Pennsylvania","State","MANGANESE","Cold Water Fishes"
"21PA","Pennsylvania","State","SILTATION","Exceptional Value Waters"
"21PA","Pennsylvania","State","HABITAT ALTERATIONS","Exceptional Value Waters"
"21PA","Pennsylvania","State","PATHOGENS","Potable Water Supply"
"21PA","Pennsylvania","State","TURBIDITY","Warm Water Fishes"
"21PA","Pennsylvania","State","TURBIDITY","Trout Stocking"
"21PA","Pennsylvania","State","FLOW REGIME MODIFICATION","Exceptional Value Waters"
"21PA","Pennsylvania","State","METALS","Exceptional Value Waters"
"21PA","Pennsylvania","State","TOXICITY","Cold Water Fishes"
"21PA","Pennsylvania","State","SILTATION","Potable Water Supply"
"21PA","Pennsylvania","State","NUTRIENTS","High Quality Trout Stocking"
"21PA","Pennsylvania","State","DEWATERING","High Quality Trout Stocking"
"21PA","Pennsylvania","State","TOTAL DISSOLVED SOLIDS (TDS)","Warm Water Fishes"
"21PA","Pennsylvania","State","HABITAT ALTERATIONS","High Quality Cold Water Fishes"
"21PA","Pennsylvania","State","DEWATERING","High Quality Cold Water Fishes"
"21PA","Pennsylvania","State","PH","Trout Stocking"
"21PA","Pennsylvania","State","DISSOLVED OXYGEN","Trout Stocking"
"21PA","Pennsylvania","State","PH, LOW","High Quality Cold Water Fishes"
"21PA","Pennsylvania","State","METALS","High Quality Cold Water Fishes"
"21PA","Pennsylvania","State","SULFATE","Cold Water Fishes"
"21PA","Pennsylvania","State","TOTAL DISSOLVED SOLIDS (TDS)","Trout Stocking"
"21PA","Pennsylvania","State","NUTRIENTS","High Quality Cold Water Fishes"
"21PA","Pennsylvania","State","TOXICITY","Warm Water Fishes"
"21PA","Pennsylvania","State","NUTRIENTS","Exceptional Value Waters"
"21PA","Pennsylvania","State","ESCHERICHIA COLI (E. COLI)","Water Contact Sports"
"21PA","Pennsylvania","State","ORGANIC ENRICHMENT","Cold Water Fishes"
"21PA","Pennsylvania","State","TOTAL SUSPENDED SOLIDS (TSS)","Trout Stocking"
"21PA","Pennsylvania","State","PESTICIDES","Cold Water Fishes"
"21PA","Pennsylvania","State","TOTAL SUSPENDED SOLIDS (TSS)","High Quality Cold Water Fishes"
"21PA","Pennsylvania","State","THERMAL MODIFICATIONS","High Quality Cold Water Fishes"
"21PA","Pennsylvania","State","TOXICITY","High Quality Cold Water Fishes"
"21PA","Pennsylvania","State","PH","High Quality Cold Water Fishes"
"21PA","Pennsylvania","State","IRON","High Quality Cold Water Fishes"
"21PA","Pennsylvania","State","METALS","High Quality Warm Water Fishes"
"21PA","Pennsylvania","State","PH","High Quality Warm Water Fishes"
"21PA","Pennsylvania","State","PH","Warm Water Fishes"
"21PA","Pennsylvania","State","OIL AND GREASE","Warm Water Fishes"
"21PA","Pennsylvania","State","NUTRIENTS","Potable Water Supply"
"21PA","Pennsylvania","State","PH, LOW","Exceptional Value Waters"
"21PA","Pennsylvania","State","IRON","Warm Water Fishes"
"21PA","Pennsylvania","State","ALUMINUM","Warm Water Fishes"
"21PA","Pennsylvania","State","PH, HIGH","Cold Water Fishes"
"21PA","Pennsylvania","State","PH, HIGH","Warm Water Fishes"
"21PA","Pennsylvania","State","TRASH","Cold Water Fishes"
"21PA","Pennsylvania","State","BIOCHEMICAL OXYGEN DEMAND (BOD)","Warm Water Fishes"
"21PA","Pennsylvania","State","ORGANICS","High Quality Cold Water Fishes"
"21PA","Pennsylvania","State","TOXICITY","Trout Stocking"
"21PA","Pennsylvania","State","ORGANIC ENRICHMENT","Exceptional Value Waters"
"21PA","Pennsylvania","State","THERMAL MODIFICATIONS","Warm Water Fishes"
"21PA","Pennsylvania","State","MANGANESE","Potable Water Supply"
"21PA","Pennsylvania","State","METALS","Potable Water Supply"
"21PA","Pennsylvania","State","STREAM MODIFICATION","Cold Water Fishes"
"21PA","Pennsylvania","State","IRON","Aquatic Life"
"21PA","Pennsylvania","State","ALUMINUM","Aquatic Life"
"21PA","Pennsylvania","State","MANGANESE","Aquatic Life"
"21PA","Pennsylvania","State","PH, LOW","Aquatic Life"
"21PA","Pennsylvania","State","SILTATION","High Quality Warm Water Fishes"
"21PA","Pennsylvania","State","HABITAT ALTERATIONS","High Quality Warm Water Fishes"
"21PA","Pennsylvania","State","EUTROPHICATION","Cold Water Fishes"
"21PA","Pennsylvania","State","DISSOLVED OXYGEN","Warm Water Fishes"
"21PA","Pennsylvania","State","CHLORINE","Warm Water Fishes"
"21PA","Pennsylvania","State","CHLORINE","Trout Stocking"
"21PA","Pennsylvania","State","CHLORINE","Cold Water Fishes"
"21PA","Pennsylvania","State","PH","Exceptional Value Waters"
"21PA","Pennsylvania","State","SULFATE","Potable Water Supply"
"21PA","Pennsylvania","State","TOTAL DISSOLVED SOLIDS (TDS)","Cold Water Fishes"
"21PA","Pennsylvania","State","TOTAL DISSOLVED SOLIDS (TDS)","Potable Water Supply"
"21PA","Pennsylvania","State","THERMAL MODIFICATIONS","Cold Water Fishes"
"21PA","Pennsylvania","State","PH, LOW","Warm Water Fishes"
"21PA","Pennsylvania","State","TURBIDITY","Cold Water Fishes"
"21PA","Pennsylvania","State","PH, HIGH","High Quality Cold Water Fishes"
"21PA","Pennsylvania","State","PHYSICAL SUBSTRATE HABITAT ALTERATIONS","Warm Water Fishes"
"21PA","Pennsylvania","State","AMMONIA, UN-IONIZED","Warm Water Fishes"
"21PA","Pennsylvania","State","EUTROPHICATION","High Quality Cold Water Fishes"
"21PA","Pennsylvania","State","METALS","High Quality Trout Stocking"
"21PA","Pennsylvania","State","PH","High Quality Trout Stocking"
"21PA","Pennsylvania","State","TURBIDITY","High Quality Cold Water Fishes"
"21PA","Pennsylvania","State","TOTAL DISSOLVED SOLIDS (TDS)","High Quality Cold Water Fishes"
"21PA","Pennsylvania","State","TRASH","Warm Water Fishes"
"21PA","Pennsylvania","State","ALUMINUM","Trout Stocking"
"21PA","Pennsylvania","State","MANGANESE","Trout Stocking"
"21PA","Pennsylvania","State","PH, LOW","Trout Stocking"
"21PA","Pennsylvania","State","NUTRIENTS","High Quality Warm Water Fishes"
"21PA","Pennsylvania","State","CAUSE UNKNOWN","High Quality Warm Water Fishes"
"21PA","Pennsylvania","State","ORGANIC ENRICHMENT","High Quality Warm Water Fishes"
"21PA","Pennsylvania","State","OSMOTIC PRESSURE","Warm Water Fishes"
"21PA","Pennsylvania","State","NON-NATIVE FISH/SHELLFISH/ZOOPLANKTON","Warm Water Fishes"
"21PA","Pennsylvania","State","NON-NATIVE FISH/SHELLFISH/ZOOPLANKTON","High Quality Cold Water Fishes"
"21PA","Pennsylvania","State","AMMONIA, UN-IONIZED","Trout Stocking"
"21PA","Pennsylvania","State","NON-NATIVE FISH/SHELLFISH/ZOOPLANKTON","Trout Stocking"
"21PA","Pennsylvania","State","SULFATE","Trout Stocking"
"21PA","Pennsylvania","State","FLOW REGIME MODIFICATION","High Quality Warm Water Fishes"
"21PA","Pennsylvania","State","OSMOTIC PRESSURE","Trout Stocking"
"21PA","Pennsylvania","State","OIL AND GREASE","High Quality Cold Water Fishes"
"21PA","Pennsylvania","State","DIOXIN","Fishing"
"21PA","Pennsylvania","State","TOTAL SUSPENDED SOLIDS (TSS)","High Quality Warm Water Fishes"
"21PA","Pennsylvania","State","OIL AND GREASE","Cold Water Fishes"
"21PA","Pennsylvania","State","SULFATE","Warm Water Fishes"
"21PA","Pennsylvania","State","CHLORIDE","Warm Water Fishes"
"21PA","Pennsylvania","State","PH","Potable Water Supply"
"21PA","Pennsylvania","State","ORGANICS","Cold Water Fishes"
"21PA","Pennsylvania","State","NON-NATIVE FISH/SHELLFISH/ZOOPLANKTON","Cold Water Fishes"
"21PA","Pennsylvania","State","PESTICIDES","High Quality Warm Water Fishes"
"21PA","Pennsylvania","State","TURBIDITY","High Quality Trout Stocking"
"21PA","Pennsylvania","State","TOXICITY","High Quality Trout Stocking"
"21PA","Pennsylvania","State","ALGAE","High Quality Trout Stocking"
"21PA","Pennsylvania","State",NA,"Aesthetics"
"21PA","Pennsylvania","State",NA,"Boating"
"21PA","Pennsylvania","State","NUTRIENTS","Aesthetics"
"21PA","Pennsylvania","State","NUTRIENTS","Boating"
"21PA","Pennsylvania","State","BIOCHEMICAL OXYGEN DEMAND (BOD)","High Quality Cold Water Fishes"
"21PA","Pennsylvania","State","HABITAT ALTERATIONS","Aesthetics"
"21PA","Pennsylvania","State","HABITAT ALTERATIONS","Boating"
"21PA","Pennsylvania","State","NOXIOUS AQUATIC PLANTS","Aesthetics"
"21PA","Pennsylvania","State","NOXIOUS AQUATIC PLANTS","Trout Stocking"
"21PA","Pennsylvania","State","NOXIOUS AQUATIC PLANTS","Boating"
"21PA","Pennsylvania","State","NON-NATIVE FISH/SHELLFISH/ZOOPLANKTON","Aesthetics"
"21PA","Pennsylvania","State","NON-NATIVE FISH/SHELLFISH/ZOOPLANKTON","Boating"
"21PA","Pennsylvania","State","TOTAL SUSPENDED SOLIDS (TSS)","Aesthetics"
"21PA","Pennsylvania","State","TOTAL SUSPENDED SOLIDS (TSS)","Boating"
"21PA","Pennsylvania","State","ALGAE","Aesthetics"
"21PA","Pennsylvania","State","ALGAE","Boating"
"21PA","Pennsylvania","State","NON-NATIVE AQUATIC PLANTS","Aesthetics"
"21PA","Pennsylvania","State","NON-NATIVE AQUATIC PLANTS","Boating"
"21PA","Pennsylvania","State","BIOCHEMICAL OXYGEN DEMAND (BOD)","High Quality Trout Stocking"
"21PA","Pennsylvania","State","SILTATION","Aesthetics"
"21PA","Pennsylvania","State","SILTATION","Boating"
"21PA","Pennsylvania","State","NOXIOUS AQUATIC PLANTS","Warm Water Fishes"
"21PA","Pennsylvania","State","HYDRILLA","Warm Water Fishes"
