CharacteristicName,POLLUTANT_NAME,STD_POLLUTANT_NAME,ATTAINS.ParameterName,CST_CAS_NO,WQX_CAS_NO,review,source,Last.Change.Date
SEDIMENT,"1,2,4-TRICHLOROBENZENE","1,2,4-TRICHLOROBENZENE","1,2,4-TRICHLOROBENZENE IN SEDIMENT",120821,,New Row: Needs Review,TADA.AliasMatch,NA
NA,"1,2-DIBROMOETHANE","1,2-DIBROMOETHANE","1,2-DIBROMOETHANE",106934,NA,New Row: Needs Review,TADA.AliasMatch,NA
NA,"1,2-DICHLOROBENZENE","1,2-DICHLOROBENZENE","1,2-DICHLOROBENZENE",95501,NA,New Row: Needs Review,TADA.AliasMatch,NA
NA,"1,2-DICHLOROBENZENE","1,2-DICHLOROBENZENE","1,2-DICHLOROBENZENE IN FISH TISSUE",95501,NA,New Row: Needs Review,TADA.AliasMatch,NA
SEDIMENT,"1,2-DICHLOROBENZENE","1,2-DICHLOROBENZENE","1,2-DICHLOROBENZENE IN SEDIMENT",95501,,New Row: Needs Review,TADA.AliasMatch,NA
NA,"1,3-DICHLOROBENZENE","1,3-DICHLOROBENZENE","1,3-DICHLOROBENZENE",541731,NA,New Row: Needs Review,TADA.AliasMatch,NA
NA,"1,3-DICHLOROBENZENE","1,3-DICHLOROBENZENE","1,3-DICHLOROBENZENE IN FISH TISSUE",541731,NA,New Row: Needs Review,TADA.AliasMatch,NA
NA,"1,3-DICHLOROBENZENE (M-DICHLOROBENZENE)","1,3-DICHLOROBENZENE","1,3-DICHLOROBENZENE",541731,NA,New Row: Needs Review,TADA.AliasMatch,NA
NA,"1,4-DICHLOROBENZENE","1,4-DICHLOROBENZENE","1,4-DICHLOROBENZENE",106467,NA,New Row: Needs Review,TADA.AliasMatch,NA
NA,"1,4-DICHLOROBENZENE","1,4-DICHLOROBENZENE","1,4-DICHLOROBENZENE IN FISH TISSUE",106467,NA,New Row: Needs Review,TADA.AliasMatch,NA
SEDIMENT,"1,4-DICHLOROBENZENE","1,4-DICHLOROBENZENE","1,4-DICHLOROBENZENE IN SEDIMENT",106467,,New Row: Needs Review,TADA.AliasMatch,NA
"TOTAL DIOXIN TEQ, BIRD","2,3,7,8-TCDD (DIOXIN)","2,3,7,8-TCDD (DIOXIN)",DIOXIN,1746016,,New Row: Needs Review,TADA.AliasMatch,NA
"TOTAL DIOXIN TEQ, FISH","2,3,7,8-TCDD (DIOXIN)","2,3,7,8-TCDD (DIOXIN)",DIOXIN,1746016,,New Row: Needs Review,TADA.AliasMatch,NA
"TOTAL DIOXIN TEQ, MAMMALIAN","2,3,7,8-TCDD (DIOXIN)","2,3,7,8-TCDD (DIOXIN)",DIOXIN,1746016,,New Row: Needs Review,TADA.AliasMatch,NA
NA,"2,3,7,8-TCDD (DIOXIN)","2,3,7,8-TCDD (DIOXIN)","DIOXIN (INCLUDING 2,3,7,8-TCDD)",1746016,NA,New Row: Needs Review,TADA.AliasMatch,NA
NA,"2,3,7,8-TCDD (DIOXIN)","2,3,7,8-TCDD (DIOXIN)","DIOXIN (INCLUDING 2,3,7,8-TCDD) IN FISH TISSUE",1746016,NA,New Row: Needs Review,TADA.AliasMatch,NA
HERBICIDES,"2,4-D","CHLOROPHENOXY HERBICIDE (2,4-D)","CHLOROPHENOXY HERBICIDES (2,4-D)",94757,,New Row: Needs Review,TADA.AliasMatch,NA
NA,"2,4-DICHLORO-PHENOXYACETIC ACID (2,4-D)","CHLOROPHENOXY HERBICIDE (2,4-D)","2,4-DICHLOROPHENOXYACETIC ACID",94757,NA,New Row: Needs Review,TADA.AliasMatch,NA
NA,"2,4-DICHLOROPHENOXYACETIC ACID","CHLOROPHENOXY HERBICIDE (2,4-D)","2,4-DICHLOROPHENOXYACETIC ACID",94757,NA,New Row: Needs Review,TADA.AliasMatch,NA
SEDIMENT,"2,4-DIMETHYLPHENOL","2,4-DIMETHYLPHENOL","2,4-DIMETHYLPHENOL IN SEDIMENT",105679,,New Row: Needs Review,TADA.AliasMatch,NA
PHENOL,"2,4-DINITRO-6-METHYL PHENOL","2,4-DINITRO-6-METHYL PHENOL",PHENOL,NA,108952,New Row: Needs Review,TADA.AliasMatch,NA
HERBICIDES,2-4-D,"CHLOROPHENOXY HERBICIDE (2,4-D)","CHLOROPHENOXY HERBICIDES (2,4-D)",94757,,New Row: Needs Review,TADA.AliasMatch,NA
NA,"2-4-DICHLOROPHENOXYACETIC ACID (2,4-D)","CHLOROPHENOXY HERBICIDE (2,4-D)","2,4-DICHLOROPHENOXYACETIC ACID",94757,NA,New Row: Needs Review,TADA.AliasMatch,NA
NA,2-CHLOROPHENOL,2-CHLOROPHENOL,2-CHLOROPHENOL,95578,NA,New Row: Needs Review,TADA.AliasMatch,NA
NA,2-CHLOROPHENOL,2-CHLOROPHENOL,2-CHLOROPHENOL IN FISH TISSUE,95578,NA,New Row: Needs Review,TADA.AliasMatch,NA
NA,2-NITROPHENOL,2-NITROPHENOL,2-NITROPHENOL,88755,NA,New Row: Needs Review,TADA.AliasMatch,NA
"3,3'-DIMETHYLBENZIDINE","3,3'DIMETHYLBENZIDINE","3,3'DIMETHYLBENZIDINE","3,3'-DIMETHYLBENZIDINE",NA,119937,New Row: Needs Review,TADA.AliasMatch,NA
NA,3-CHLOROPHENOL,3-CHLOROPHENOL,3-CHLOROPHENOL,108430,NA,New Row: Needs Review,TADA.AliasMatch,NA
NA,3-METHYL-4-CHLOROPHENOL,3-METHYL-4-CHLOROPHENOL,4-CHLORO-3-METHYLPHENOL (3-METHYL-4-CHLOROPHENOL),59507,NA,New Row: Needs Review,TADA.AliasMatch,NA
NA,3-METHYL-4-CHLOROPHENOL,3-METHYL-4-CHLOROPHENOL,4-CHLORO-3-METHYLPHENOL (3-METHYL-4-CHLOROPHENOL) IN FISH TISSUE,59507,NA,New Row: Needs Review,TADA.AliasMatch,NA
"PCB-134 + 4,4'-DDD","4,4'-DDD","P,P'-DICHLORODIPHENYLDICHLOROETHANE (DDD)","4,4'-DDD",72548,,New Row: Needs Review,TADA.AliasMatch,NA
"PCB-137/176 + 4,4'-DDD","4,4'-DDD","P,P'-DICHLORODIPHENYLDICHLOROETHANE (DDD)","4,4'-DDD",72548,,New Row: Needs Review,TADA.AliasMatch,NA
"PCB-85 + 4,4'-DDE","4,4'-DDE","P,P'-DICHLORODIPHENYLDICHLOROETHYLENE (DDE)","4,4'-DDE",72559,,New Row: Needs Review,TADA.AliasMatch,NA
NA,"4,4'-DDT","P,P'-DICHLORODIPHENYLTRICHLOROETHANE (DDT)","4,4'-DDT",50293,NA,New Row: Needs Review,TADA.AliasMatch,NA
NA,"4,4'-DDT AND DERIVATIVES","P,P'-DICHLORODIPHENYLTRICHLOROETHANE (DDT)","4,4'-DDT",50293,NA,New Row: Needs Review,TADA.AliasMatch,NA
NA,4-CHLORO-3-METHYLPHENOL,3-METHYL-4-CHLOROPHENOL,4-CHLORO-3-METHYLPHENOL (3-METHYL-4-CHLOROPHENOL),59507,NA,New Row: Needs Review,TADA.AliasMatch,NA
NA,4-CHLORO-3-METHYLPHENOL,3-METHYL-4-CHLOROPHENOL,4-CHLORO-3-METHYLPHENOL (3-METHYL-4-CHLOROPHENOL) IN FISH TISSUE,59507,NA,New Row: Needs Review,TADA.AliasMatch,NA
NA,4-CHLOROPHENOL,4-CHLOROPHENOL,4-CHLOROPHENOL,106489,NA,New Row: Needs Review,TADA.AliasMatch,NA
NA,4-NITROPHENOL,4-NITROPHENOL,4-NITROPHENOL,100027,NA,New Row: Needs Review,TADA.AliasMatch,NA
5-NITRO-O-TOLUIDINE,5-NITRO-O-TOLUIDINE,5-NITRO-O-TOLUIDINE,5-NITRO-O-TOLUIDINE,NA,99558,New Row: Needs Review,TADA.AliasMatch,NA
SEDIMENT,ACENAPHTHENE,ACENAPHTHENE,ACENAPHTHENE IN SEDIMENT,83329,,New Row: Needs Review,TADA.AliasMatch,NA
SEDIMENT,ACENAPHTHYLENE,ACENAPHTHYLENE,ACENAPHTHYLENE IN SEDIMENT,208968,,New Row: Needs Review,TADA.AliasMatch,NA
TOXICITY ACUTE,ACUTE TOXICITY,ACUTE TOXICITY,AMBIENT BIOASSAYS - ACUTE AQUATIC TOXICITY,NA,,New Row: Needs Review,TADA.AliasMatch,NA
TOXICITY ACUTE,ACUTE TOXICITY,ACUTE TOXICITY,TOXICITY,NA,,New Row: Needs Review,TADA.AliasMatch,NA
TOXICITY CHRONIC,ACUTE TOXICITY,ACUTE TOXICITY,TOXICITY,NA,,New Row: Needs Review,TADA.AliasMatch,NA
SODIUM,ADJUSTED SODIUM ADSORPTION RATIO,ADJUSTED SODIUM ADSORPTION RATIO,SODIUM,NA,7440235,New Row: Needs Review,TADA.AliasMatch,NA
SODIUM,ADJUSTED SODIUM ADSORPTION RATIO,ADJUSTED SODIUM ADSORPTION RATIO,SODIUM ADSORPTION RATIO,NA,7440235,New Row: Needs Review,TADA.AliasMatch,NA
ALDICARB,ALDICARB AND METHOMYL,ALDICARB AND METHOMYL,ALDICARB,NA,116063,New Row: Needs Review,TADA.AliasMatch,NA
METHOMYL,ALDICARB AND METHOMYL,ALDICARB AND METHOMYL,METHOMYL,NA,16752775,New Row: Needs Review,TADA.AliasMatch,NA
ALDRIN,ALDRIN AND DIELDRIN,ALDRIN AND DIELDRIN,ALDRIN,NA,309002,New Row: Needs Review,TADA.AliasMatch,NA
DIELDRIN,ALDRIN AND DIELDRIN,ALDRIN AND DIELDRIN,DIELDRIN,NA,60571,New Row: Needs Review,TADA.AliasMatch,NA
ALKALINITY,ALKALINITY DECREASE,ALKALINITY DECREASE,ALKALINITY,NA,471341,APPROVED,TADA.AliasMatch,2/25/2026 12:00
CHLORIDE,ALLYL CHLORIDE,ALLYL CHLORIDE,CHLORIDE,NA,16887006,New Row: Needs Review,TADA.AliasMatch,NA
NA,ALPHA PARTICLES (GROSS) RADIOACTIVITY,GROSS ALPHA PARTICLES,ALPHA PARTICLES,NA,NA,New Row: Needs Review,TADA.AliasMatch,NA
NA,ALPHA-BHC,ALPHA-HEXACHLOROCYCLOHEXANE (HCH),ALPHA-BHC,319846,NA,New Row: Needs Review,TADA.AliasMatch,NA
NA,ALPHA-BHC,ALPHA-HEXACHLOROCYCLOHEXANE (HCH),ALPHA-BHC IN FISH TISSUE,319846,NA,New Row: Needs Review,TADA.AliasMatch,NA
NA,ALPHA-HCH (ALPHA-BHC),ALPHA-HEXACHLOROCYCLOHEXANE (HCH),ALPHA-BHC,319846,NA,New Row: Needs Review,TADA.AliasMatch,NA
ALUMINUM,"ALUMINUM, IONIC","ALUMINUM, IONIC",ALUMINUM,NA,7429905,New Row: Needs Review,TADA.AliasMatch,NA
AMINOMETHYLPHOSPHONIC ACID,AMINOMETHYLPHOSPHONIC ACID (AMPA),AMINOMETHYLPHOSPHONIC ACID (AMPA),AMINOMETHYLPHOSPHONIC ACID,NA,1066519,New Row: Needs Review,TADA.AliasMatch,NA
AMMONIA,AMMONIA AND AMMONIUM,AMMONIA AND AMMONIUM,AMMONIA,NA,7664417,New Row: Needs Review,TADA.AliasMatch,NA
AMMONIUM,AMMONIA AND AMMONIUM,AMMONIA AND AMMONIUM,AMMONIUM,NA,14798039,New Row: Needs Review,TADA.AliasMatch,NA
SEDIMENT,ANTHRACENE,ANTHRACENE,ANTHRACENE IN SEDIMENT,120127,,New Row: Needs Review,TADA.AliasMatch,NA
SEDIMENT,ARSENIC,ARSENIC,ARSENIC IN SEDIMENT,7440382,,New Row: Needs Review,TADA.AliasMatch,NA
ARSENIC,ARSENIC (III),ARSENIC (III),ARSENIC,NA,7440382,New Row: Needs Review,TADA.AliasMatch,NA
ARSENIC,ARSENIC (V),ARSENIC (V),ARSENIC,NA,7440382,New Row: Needs Review,TADA.AliasMatch,NA
NA,BACTERIA,BACTERIA,BACTERIA (OYSTER WATERS),NA,NA,New Row: Needs Review,TADA.AliasMatch,NA
SEDIMENT,BENZO(GHI)PERYLENE,BENZO(GHI)PERYLENE,"BENZO[G,H,I]PERYLENE IN SEDIMENT",191242,,New Row: Needs Review,TADA.AliasMatch,NA
NA,BETA EMITTERS,BETA EMITTERS,BETA PARTICLES AND PHOTON EMITTERS,NA,NA,New Row: Needs Review,TADA.AliasMatch,NA
"BHC, .BETA.-BHC & .GAMMA.-BHC MIX, UNSPECIFIED",BETA-BHC,BETA-HEXACHLOROCYCLOHEXANE (HCH),BETA-BHC,319857,,New Row: Needs Review,TADA.AliasMatch,NA
NA,BETA-BHC,BETA-HEXACHLOROCYCLOHEXANE (HCH),BETA-BHC IN FISH TISSUE,319857,NA,New Row: Needs Review,TADA.AliasMatch,NA
"BHC, .BETA.-BHC & .GAMMA.-BHC MIX, UNSPECIFIED",BETA-HCH (BETA-BHC),BETA-HEXACHLOROCYCLOHEXANE (HCH),BETA-BHC,319857,,New Row: Needs Review,TADA.AliasMatch,NA
NITROGEN,BIOACTIVE NITROGEN,BIOACTIVE NITROGEN,NITROGEN,NA,7727379,New Row: Needs Review,TADA.AliasMatch,NA
NA,BIOCHEMICAL OXYGEN DEMAND,BIOCHEMICAL OXYGEN DEMAND,BIOCHEMICAL OXYGEN DEMAND (BOD),NA,NA,New Row: Needs Review,TADA.AliasMatch,NA
NA,BIOCHEMICAL OXYGEN DEMAND,BIOCHEMICAL OXYGEN DEMAND,"BIOCHEMICAL OXYGEN DEMAND (BOD), CARBONACEOUS",NA,NA,New Row: Needs Review,TADA.AliasMatch,NA
NITROGENOUS BIOCHEMICAL OXYGEN DEMAND,BIOCHEMICAL OXYGEN DEMAND,BIOCHEMICAL OXYGEN DEMAND,"BIOCHEMICAL OXYGEN DEMAND (BOD), NITROGENOUS",NA,,New Row: Needs Review,TADA.AliasMatch,NA
"BOD, ULTIMATE",BIOCHEMICAL OXYGEN DEMAND,BIOCHEMICAL OXYGEN DEMAND,"BIOCHEMICAL OXYGEN DEMAND (BOD), ULTIMATE",NA,,New Row: Needs Review,TADA.AliasMatch,NA
NA,BIOCHEMICAL OXYGEN DEMAND (BOD),BIOCHEMICAL OXYGEN DEMAND (BOD),BIOCHEMICAL OXYGEN DEMAND (BOD),NA,NA,New Row: Needs Review,TADA.AliasMatch,NA
NA,BIOCHEMICAL OXYGEN DEMAND (BOD),BIOCHEMICAL OXYGEN DEMAND (BOD),"BIOCHEMICAL OXYGEN DEMAND (BOD), CARBONACEOUS",NA,NA,New Row: Needs Review,TADA.AliasMatch,NA
NITROGENOUS BIOCHEMICAL OXYGEN DEMAND,BIOCHEMICAL OXYGEN DEMAND (BOD),BIOCHEMICAL OXYGEN DEMAND (BOD),"BIOCHEMICAL OXYGEN DEMAND (BOD), NITROGENOUS",NA,,New Row: Needs Review,TADA.AliasMatch,NA
"BOD, ULTIMATE",BIOCHEMICAL OXYGEN DEMAND (BOD),BIOCHEMICAL OXYGEN DEMAND (BOD),"BIOCHEMICAL OXYGEN DEMAND (BOD), ULTIMATE",NA,,New Row: Needs Review,TADA.AliasMatch,NA
IRVINE INDEX OF BIOLOGICAL INTEGRITY,BIOLOGICAL INTEGRITY,BIOLOGICAL INTEGRITY,BIOLOGICAL INTEGRITY,NA,,New Row: Needs Review,TADA.AliasMatch,NA
NA,BIOLOGICAL INTEGRITY,BIOLOGICAL INTEGRITY,INDEX OF BIOLOGICAL INTEGRITY (IBI),NA,NA,New Row: Needs Review,TADA.AliasMatch,NA
BIS(2-ETHYLHEXYL) PHTHALATE***RETIRED***USE DI(2-ETHYLHEXYL) PHTHALATE,BIS(2-ETHYLHEXYL) PHTHALATE,BIS(2-ETHYLHEXYL) PHTHALATE,BIS(2-ETHYLHEXYL) PHTHALATE,117817,,New Row: Needs Review,TADA.AliasMatch,NA
NA,BIS(2-ETHYLHEXYL) PHTHALATE,BIS(2-ETHYLHEXYL) PHTHALATE,BIS(2-ETHYLHEXYL) PHTHALATE IN FISH TISSUE,117817,NA,New Row: Needs Review,TADA.AliasMatch,NA
SEDIMENT,BIS(2-ETHYLHEXYL) PHTHALATE,BIS(2-ETHYLHEXYL) PHTHALATE,BIS(2-ETHYLHEXYL) PHTHALATE IN SEDIMENT,117817,,New Row: Needs Review,TADA.AliasMatch,NA
CALCAREOUS GREEN ALGAE,BLUE-GREEN ALGAE,BLUE-GREEN ALGAE,ALGAE,NA,,New Row: Needs Review,TADA.AliasMatch,NA
CALCAREOUS RED ALGAE,BLUE-GREEN ALGAE,BLUE-GREEN ALGAE,ALGAE,NA,,New Row: Needs Review,TADA.AliasMatch,NA
FILAMENTOUS ALGAE COVER,BLUE-GREEN ALGAE,BLUE-GREEN ALGAE,ALGAE,NA,,New Row: Needs Review,TADA.AliasMatch,NA
SUBSTRATE ALGAE COLOR,BLUE-GREEN ALGAE,BLUE-GREEN ALGAE,ALGAE,NA,,New Row: Needs Review,TADA.AliasMatch,NA
SURFACE ALGAE COLOR,BLUE-GREEN ALGAE,BLUE-GREEN ALGAE,ALGAE,NA,,New Row: Needs Review,TADA.AliasMatch,NA
METHYL BROMIDE,BROMIDE,BROMIDE,METHYL BROMIDE,NA,74839,New Row: Needs Review,TADA.AliasMatch,NA
BROMIDE,BROMIDE,BROMIDE,METHYLENE BROMIDE,NA,24959679,New Row: Needs Review,TADA.AliasMatch,NA
VINYL BROMIDE,BROMIDE,BROMIDE,VINYL BROMIDE,NA,593602,New Row: Needs Review,TADA.AliasMatch,NA
NA,BROMOCHLOROMETHANE,BROMOCHLOROMETHANE,BROMOCHLOROMETHANE,74975,NA,New Row: Needs Review,TADA.AliasMatch,NA
NA,BROMODICHLOROMETHANE,DICHLOROBROMOMETHANE,BROMODICHLOROMETHANE,75274,NA,New Row: Needs Review,TADA.AliasMatch,NA
"M,P-XYLENE & BROMOFORM",BROMOFORM,BROMOFORM,BROMOFORM,75252,,New Row: Needs Review,TADA.AliasMatch,NA
SEDIMENT,CADMIUM,CADMIUM,CADMIUM IN SEDIMENT,7440439,,New Row: Needs Review,TADA.AliasMatch,NA
CALCIUM CARBONATE,CALCIUM,CALCIUM,CALCIUM CARBONATE,NA,471341,New Row: Needs Review,TADA.AliasMatch,NA
CARBONATE,"CARBONATE, RESIDUAL","CARBONATE, RESIDUAL",CARBONATE,NA,3812326,New Row: Needs Review,TADA.AliasMatch,NA
CESIUM,CESIUM 134,CESIUM 134,CESIUM,NA,7440462,New Row: Needs Review,TADA.AliasMatch,NA
TEMPERATURE,CHANGE OF NATURAL TEMPERATURE,TEMPERATURE RISE ABOVE AMBIENT,TEMPERATURE,NA,,New Row: Needs Review,TADA.AliasMatch,NA
CHEMICAL OXYGEN DEMAND,CHEMICAL OXYGEN DEMAND (COD),CHEMICAL OXYGEN DEMAND (COD),CHEMICAL OXYGEN DEMAND (COD),NA,,New Row: Needs Review,TADA.AliasMatch,NA
SEDIMENT,CHLORDANE,CHLORDANE,CHLORDANE IN SEDIMENT,57749,,New Row: Needs Review,TADA.AliasMatch,NA
CHLORIDE,CHLORIDE PLUS SULFATE,CHLORIDE PLUS SULFATE,CHLORIDE,NA,16887006,New Row: Needs Review,TADA.AliasMatch,NA
SULFATE,CHLORIDE PLUS SULFATE,CHLORIDE PLUS SULFATE,SULFATE,NA,14808798,New Row: Needs Review,TADA.AliasMatch,NA
NA,CHLORIMURON ETHYL,CHLORIMURON ETHYL,CHLORIMURON,90982324,NA,New Row: Needs Review,TADA.AliasMatch,NA
NA,CHLORINATED BENZENES,CHLORINATED BENZENES,CHLORINATED BENZENES,NA,NA,New Row: Needs Review,TADA.AliasMatch,NA
NA,CHLORINATED BENZENES (EXCEPT DI),CHLORINATED BENZENES,CHLORINATED BENZENES,NA,NA,New Row: Needs Review,TADA.AliasMatch,NA
CHLORINATED DIBENZO-P-DIOXINS,CHLORINATED DIBENZO-P-DIOXINS AND CHLORINATED DIBENZOFURANS,CHLORINATED DIBENZO-P-DIOXINS AND CHLORINATED DIBENZOFURANS,CHLORINATED DIBENZO-P-DIOXINS,NA,136677093,New Row: Needs Review,TADA.AliasMatch,NA
CHLORINATED DIBENZOFURANS,CHLORINATED DIBENZO-P-DIOXINS AND CHLORINATED DIBENZOFURANS,CHLORINATED DIBENZO-P-DIOXINS AND CHLORINATED DIBENZOFURANS,CHLORINATED DIBENZOFURANS,NA,136677106,New Row: Needs Review,TADA.AliasMatch,NA
CHLORINE DEMAND,CHLORINE,CHLORINE,"CHLORINE, RESIDUAL (CHLORINE DEMAND)",7782505,,New Row: Needs Review,TADA.AliasMatch,NA
"CHLORINE, FREE RESIDUAL",CHLORINE,CHLORINE,FREE CHLORINE,7782505,,New Row: Needs Review,TADA.AliasMatch,NA
CHLORINE DEMAND,"CHLORINE, RESIDUAL",CHLORINE,"CHLORINE, RESIDUAL (CHLORINE DEMAND)",7782505,,New Row: Needs Review,TADA.AliasMatch,NA
NA,CHLOROMETHYL ETHER (BIS),CHLOROMETHYL ETHER (BIS),"ETHER, BIS CHLOROMETHYL",NA,NA,New Row: Needs Review,TADA.AliasMatch,NA
CHLOROTHALONIL,CHLOROTHALONIL,CHLOROTHALONIL,CHLOROTHALONIL,NA,1897456,New Row: Needs Review,TADA.AliasMatch,NA
SEDIMENT,CHROMIUM,CHROMIUM,CHROMIUM IN SEDIMENT,7440473,,New Row: Needs Review,TADA.AliasMatch,NA
HEXAVALENT CHROMIUM COMPOUNDS,CHROMIUM,CHROMIUM,"CHROMIUM, HEXAVALENT",7440473,,New Row: Needs Review,TADA.AliasMatch,NA
SEDIMENT,CHROMIUM,CHROMIUM,"CHROMIUM, HEXAVALENT IN SEDIMENT",7440473,,New Row: Needs Review,TADA.AliasMatch,NA
TOXICITY CHRONIC,CHRONIC TOXICITY,CHRONIC TOXICITY,AMBIENT BIOASSAYS - CHRONIC AQUATIC TOXICITY,NA,,New Row: Needs Review,TADA.AliasMatch,NA
TOXICITY CHRONIC,CHRONIC TOXICITY,CHRONIC TOXICITY,CHRONIC TOXICITY,NA,,New Row: Needs Review,TADA.AliasMatch,NA
TOXICITY ACUTE,CHRONIC TOXICITY,CHRONIC TOXICITY,TOXICITY,NA,,New Row: Needs Review,TADA.AliasMatch,NA
TOXICITY CHRONIC,CHRONIC TOXICITY,CHRONIC TOXICITY,TOXICITY,NA,,New Row: Needs Review,TADA.AliasMatch,NA
NA,CLARITY,CLARITY,TRANSPARENCY / CLARITY,NA,NA,New Row: Needs Review,TADA.AliasMatch,NA
COLOR,COLOR ABOVE NATURALLY OCCURRING,COLOR ABOVE NATURALLY OCCURRING,COLOR,NA,,New Row: Needs Review,TADA.AliasMatch,NA
CONDUCTIVITY,CONDUCTIVITY,CONDUCTIVITY,SPECIFIC CONDUCTIVITY,NA,,New Row: Needs Review,TADA.AliasMatch,NA
SEDIMENT,COPPER,COPPER,COPPER IN SEDIMENT,7440508,,New Row: Needs Review,TADA.AliasMatch,NA
"CYANIDE, FREE",CYANIDE,CYANIDE,CYANIDE (AS FREE CYANIDE),57125,,New Row: Needs Review,TADA.AliasMatch,NA
"CYANIDE, AVAILABLE",CYANIDE,CYANIDE,"CYANIDE, AVAILABLE",57125,,New Row: Needs Review,TADA.AliasMatch,NA
"CYANIDE, FREE",CYANIDE (FREE),CYANIDE,CYANIDE (AS FREE CYANIDE),57125,,New Row: Needs Review,TADA.AliasMatch,NA
BROMIDE,CYANOGEN BROMIDE,CYANOGEN BROMIDE,BROMIDE,NA,24959679,New Row: Needs Review,TADA.AliasMatch,NA
CHLORIDE,CYANOGEN CHLORIDE,CYANOGEN CHLORIDE,CHLORIDE,NA,16887006,New Row: Needs Review,TADA.AliasMatch,NA
DACTHAL ACID METABOLITES,DACTHAL,DCPA,DACTHAL,1861321,,New Row: Needs Review,TADA.AliasMatch,NA
DACTHAL ACID METABOLITES,DACTHAL (DCPA),DCPA,DACTHAL,1861321,,New Row: Needs Review,TADA.AliasMatch,NA
NA,DDE,"P,P'-DICHLORODIPHENYLDICHLOROETHYLENE (DDE)",DDE (DICHLORODIPHENYLDICHLOROETHYLENE),72559,NA,New Row: Needs Review,TADA.AliasMatch,NA
NA,DDE,"P,P'-DICHLORODIPHENYLDICHLOROETHYLENE (DDE)",DDE IN FISH TISSUE,72559,NA,New Row: Needs Review,TADA.AliasMatch,NA
SEDIMENT,DDE,"P,P'-DICHLORODIPHENYLDICHLOROETHYLENE (DDE)",DDE IN SEDIMENT,72559,,New Row: Needs Review,TADA.AliasMatch,NA
NA,DDE,"P,P'-DICHLORODIPHENYLDICHLOROETHYLENE (DDE)","FISH CONSUMPTION ADVISORY - DDE, DDD",72559,NA,New Row: Needs Review,TADA.AliasMatch,NA
NA,DDE,"P,P'-DICHLORODIPHENYLDICHLOROETHYLENE (DDE)","FISH CONSUMPTION ADVISORY - DDE, DDT",72559,NA,New Row: Needs Review,TADA.AliasMatch,NA
NA,DDT,"P,P'-DICHLORODIPHENYLTRICHLOROETHANE (DDT)",DDT (DICHLORODIPHENYLTRICHLOROETHANE),50293,NA,New Row: Needs Review,TADA.AliasMatch,NA
NA,DDT,"P,P'-DICHLORODIPHENYLTRICHLOROETHANE (DDT)",DDT IN FISH TISSUE,50293,NA,New Row: Needs Review,TADA.AliasMatch,NA
SEDIMENT,DDT,"P,P'-DICHLORODIPHENYLTRICHLOROETHANE (DDT)",DDT IN SEDIMENT,50293,,New Row: Needs Review,TADA.AliasMatch,NA
NA,DDT,"P,P'-DICHLORODIPHENYLTRICHLOROETHANE (DDT)",DDT METABOLITES,50293,NA,New Row: Needs Review,TADA.AliasMatch,NA
NA,DDT,"P,P'-DICHLORODIPHENYLTRICHLOROETHANE (DDT)","FISH CONSUMPTION ADVISORY - DDE, DDT",50293,NA,New Row: Needs Review,TADA.AliasMatch,NA
NA,DDT AND METABOLITES,"P,P'-DICHLORODIPHENYLTRICHLOROETHANE (DDT)",DDT METABOLITES,50293,NA,New Row: Needs Review,TADA.AliasMatch,NA
"SUM OF ALPHA-, BETA-, GAMMA- AND DELTA-BHC",DELTA-BHC,HEXACHLOROCYCLOHEXANE DELTA,DELTA-BHC,319868,,New Row: Needs Review,TADA.AliasMatch,NA
"SUM OF ALPHA-, BETA-, GAMMA- AND DELTA-BHC",DELTA-HCH (DELTA-BHC),HEXACHLOROCYCLOHEXANE DELTA,DELTA-BHC,319868,,New Row: Needs Review,TADA.AliasMatch,NA
NA,DI-N-BUTYL PHTHALATE,DI-N-BUTYL PHTHALATE,DI-N-BUTYL PHTHALATE,84742,NA,New Row: Needs Review,TADA.AliasMatch,NA
NA,DI-N-BUTYL PHTHALATE,DI-N-BUTYL PHTHALATE,DI-N-BUTYL PHTHALATE IN FISH TISSUE,84742,NA,New Row: Needs Review,TADA.AliasMatch,NA
SEDIMENT,DI-N-BUTYL PHTHALATE,DI-N-BUTYL PHTHALATE,DI-N-BUTYL PHTHALATE IN SEDIMENT,84742,,New Row: Needs Review,TADA.AliasMatch,NA
SEDIMENT,"DIBENZ(A,H)ANTHRACENE","DIBENZ(A,H)ANTHRACENE","DIBENZ[A,H]ANTHRACENE IN SEDIMENT",53703,,New Row: Needs Review,TADA.AliasMatch,NA
NA,DIBROMOCHLOROMETHANE (CHLORODIBROMOMETHANE),CHLORODIBROMOMETHANE,DIBROMOCHLOROMETHANE,124481,NA,New Row: Needs Review,TADA.AliasMatch,NA
NA,DIBUTYL PHTHALATE (DI-N-BUTYL PHTHALATE),DI-N-BUTYL PHTHALATE,DI-N-BUTYL PHTHALATE,84742,NA,New Row: Needs Review,TADA.AliasMatch,NA
NA,DICHLORODIFLUOROMETHANE,DICHLORODIFLUOROMETHANE,DICHLORODIFLUOROMETHANE,75718,NA,New Row: Needs Review,TADA.AliasMatch,NA
NA,DICHLORODIPHENYLDICHLOROETHANE (DDD),"P,P'-DICHLORODIPHENYLDICHLOROETHANE (DDD)",DDD (DICHLORODIPHENYLDICHLOROETHANE),72548,NA,New Row: Needs Review,TADA.AliasMatch,NA
NA,DICHLOROETHYLENES,DICHLOROETHYLENES,DICHLOROETHYLENES,25323303,NA,New Row: Needs Review,TADA.AliasMatch,NA
NA,DICHLOROMETHANE,METHYLENE CHLORIDE,DICHLOROMETHANE,75092,NA,New Row: Needs Review,TADA.AliasMatch,NA
NA,DICHLOROMETHANE (METHYLENE CHLORIDE),METHYLENE CHLORIDE,DICHLOROMETHANE,75092,NA,New Row: Needs Review,TADA.AliasMatch,NA
DISSOLVED OXYGEN (DO),DIEL DISSOLVED OXYGEN FLUX,DIEL DISSOLVED OXYGEN FLUX,DISSOLVED OXYGEN,NA,,New Row: Needs Review,TADA.AliasMatch,NA
DISSOLVED OXYGEN SATURATION,DIEL DISSOLVED OXYGEN FLUX,DIEL DISSOLVED OXYGEN FLUX,DISSOLVED OXYGEN,NA,,New Row: Needs Review,TADA.AliasMatch,NA
DISSOLVED OXYGEN UPTAKE,DIEL DISSOLVED OXYGEN FLUX,DIEL DISSOLVED OXYGEN FLUX,DISSOLVED OXYGEN,NA,,New Row: Needs Review,TADA.AliasMatch,NA
INTERGRAVEL DISSOLVED OXYGEN,DIEL DISSOLVED OXYGEN FLUX,DIEL DISSOLVED OXYGEN FLUX,DISSOLVED OXYGEN,NA,,New Row: Needs Review,TADA.AliasMatch,NA
SEDIMENT,DIELDRIN,DIELDRIN,DIELDRIN IN SEDIMENT,60571,,New Row: Needs Review,TADA.AliasMatch,NA
DIMETHOATE,DIMETHOATE,DIMETHOATE,DIMETHOATE,NA,60515,New Row: Needs Review,TADA.AliasMatch,NA
NA,"DINITRO-O-CRESOL (2,4)","DINITRO-O-CRESOL (2,4)",DINITRO-O-CRESOL,NA,NA,New Row: Needs Review,TADA.AliasMatch,NA
NA,"DINITRO-O-CRESOL (4,6)","2-METHYL-4,6-DINITROPHENOL",DINITRO-O-CRESOL,534521,NA,New Row: Needs Review,TADA.AliasMatch,NA
"TOTAL DIOXIN TEQ, BIRD",DIOXIN,"2,3,7,8-TCDD (DIOXIN)",DIOXIN,1746016,,New Row: Needs Review,TADA.AliasMatch,NA
"TOTAL DIOXIN TEQ, FISH",DIOXIN,"2,3,7,8-TCDD (DIOXIN)",DIOXIN,1746016,,New Row: Needs Review,TADA.AliasMatch,NA
"TOTAL DIOXIN TEQ, MAMMALIAN",DIOXIN,"2,3,7,8-TCDD (DIOXIN)",DIOXIN,1746016,,New Row: Needs Review,TADA.AliasMatch,NA
NA,DIOXIN,"2,3,7,8-TCDD (DIOXIN)","DIOXIN (INCLUDING 2,3,7,8-TCDD)",1746016,NA,New Row: Needs Review,TADA.AliasMatch,NA
NA,DIOXIN,"2,3,7,8-TCDD (DIOXIN)","DIOXIN (INCLUDING 2,3,7,8-TCDD) IN FISH TISSUE",1746016,NA,New Row: Needs Review,TADA.AliasMatch,NA
NA,DIOXIN,"2,3,7,8-TCDD (DIOXIN)",DIOXIN - FISH CONSUMPTION ADVISORY,1746016,NA,New Row: Needs Review,TADA.AliasMatch,NA
NA,DIOXIN,"2,3,7,8-TCDD (DIOXIN)",DIOXIN IN FISH TISSUE,1746016,NA,New Row: Needs Review,TADA.AliasMatch,NA
SEDIMENT,DIOXIN,"2,3,7,8-TCDD (DIOXIN)",DIOXIN IN SEDIMENT,1746016,,New Row: Needs Review,TADA.AliasMatch,NA
"TOTAL DIOXIN TEQ, BIRD","DIOXIN (2,3,7,8-TCDD)","2,3,7,8-TCDD (DIOXIN)",DIOXIN,1746016,,New Row: Needs Review,TADA.AliasMatch,NA
"TOTAL DIOXIN TEQ, FISH","DIOXIN (2,3,7,8-TCDD)","2,3,7,8-TCDD (DIOXIN)",DIOXIN,1746016,,New Row: Needs Review,TADA.AliasMatch,NA
"TOTAL DIOXIN TEQ, MAMMALIAN","DIOXIN (2,3,7,8-TCDD)","2,3,7,8-TCDD (DIOXIN)",DIOXIN,1746016,,New Row: Needs Review,TADA.AliasMatch,NA
NA,"DIOXIN (2,3,7,8-TCDD)","2,3,7,8-TCDD (DIOXIN)","DIOXIN (INCLUDING 2,3,7,8-TCDD)",1746016,NA,New Row: Needs Review,TADA.AliasMatch,NA
NA,"DIOXIN (2,3,7,8-TCDD)","2,3,7,8-TCDD (DIOXIN)","DIOXIN (INCLUDING 2,3,7,8-TCDD) IN FISH TISSUE",1746016,NA,New Row: Needs Review,TADA.AliasMatch,NA
NA,DISSOLVED GAS,DISSOLVED GASES,DISSOLVED GAS SUPERSATURATION,NA,NA,New Row: Needs Review,TADA.AliasMatch,NA
NA,DISSOLVED GAS,DISSOLVED GASES,TOTAL DISSOLVED GAS,NA,NA,New Row: Needs Review,TADA.AliasMatch,NA
NITROGEN,DISSOLVED INORGANIC NITROGEN,DISSOLVED INORGANIC NITROGEN,NITROGEN,NA,7727379,New Row: Needs Review,TADA.AliasMatch,NA
PHOSPHORUS,DISSOLVED INORGANIC PHOSPHORUS,DISSOLVED INORGANIC PHOSPHORUS,PHOSPHORUS,NA,7723140,New Row: Needs Review,TADA.AliasMatch,NA
DISSOLVED OXYGEN SATURATION,DISSOLVED OXYGEN,DISSOLVED OXYGEN,DISSOLVED OXYGEN,7782447,,New Row: Needs Review,TADA.AliasMatch,NA
DISSOLVED OXYGEN UPTAKE,DISSOLVED OXYGEN,DISSOLVED OXYGEN,DISSOLVED OXYGEN,7782447,,New Row: Needs Review,TADA.AliasMatch,NA
INTERGRAVEL DISSOLVED OXYGEN,DISSOLVED OXYGEN,DISSOLVED OXYGEN,DISSOLVED OXYGEN,7782447,,New Row: Needs Review,TADA.AliasMatch,NA
DISSOLVED OXYGEN SATURATION,DISSOLVED OXYGEN,DISSOLVED OXYGEN,DISSOLVED OXYGEN SATURATION,7782447,,New Row: Needs Review,TADA.AliasMatch,NA
PHOSPHORUS,DISSOLVED REACTIVE PHOSPHORUS (DRP),DISSOLVED REACTIVE PHOSPHORUS (DRP),PHOSPHORUS,NA,7723140,New Row: Needs Review,TADA.AliasMatch,NA
ESCHERICHIA COLI,E. COLI,E. COLI,ESCHERICHIA COLI (E. COLI),NA,68583222,New Row: Needs Review,TADA.AliasMatch,NA
CONDUCTIVITY,ELECTRICAL CONDUCTIVITY,CONDUCTIVITY,CONDUCTIVITY,NA,,New Row: Needs Review,TADA.AliasMatch,NA
SEDIMENT,ENDRIN,ENDRIN,ENDRIN IN SEDIMENT,72208,,New Row: Needs Review,TADA.AliasMatch,NA
ENDRIN,ENDRIN KETONE,ENDRIN KETONE,ENDRIN,NA,72208,New Row: Needs Review,TADA.AliasMatch,NA
ETHYLENE,ETHYLENE THIOUREAU (ETU),ETHYLENE THIOUREAU (ETU),ETHYLENE,NA,74851,New Row: Needs Review,TADA.AliasMatch,NA
FECAL COLIFORM,FECAL COLIFORM AND E. COLI,FECAL COLIFORM AND E. COLI,FECAL COLIFORM,NA,,New Row: Needs Review,TADA.AliasMatch,NA
CALCAREOUS GREEN ALGAE,FILAMENTOUS ALGAE,FILAMENTOUS ALGAE,ALGAE,NA,,New Row: Needs Review,TADA.AliasMatch,NA
CALCAREOUS RED ALGAE,FILAMENTOUS ALGAE,FILAMENTOUS ALGAE,ALGAE,NA,,New Row: Needs Review,TADA.AliasMatch,NA
FILAMENTOUS ALGAE COVER,FILAMENTOUS ALGAE,FILAMENTOUS ALGAE,ALGAE,NA,,New Row: Needs Review,TADA.AliasMatch,NA
SUBSTRATE ALGAE COLOR,FILAMENTOUS ALGAE,FILAMENTOUS ALGAE,ALGAE,NA,,New Row: Needs Review,TADA.AliasMatch,NA
SURFACE ALGAE COLOR,FILAMENTOUS ALGAE,FILAMENTOUS ALGAE,ALGAE,NA,,New Row: Needs Review,TADA.AliasMatch,NA
FILAMENTOUS ALGAE COVER,FILAMENTOUS ALGAE,FILAMENTOUS ALGAE,FILAMENTOUS ALGAE,NA,,New Row: Needs Review,TADA.AliasMatch,NA
SEDIMENT,FINE SEDIMENT,FINE SEDIMENT,FINE SEDIMENT,NA,,New Row: Needs Review,TADA.AliasMatch,NA
SEDIMENT,FINE SEDIMENT,FINE SEDIMENT,SEDIMENT,NA,,New Row: Needs Review,TADA.AliasMatch,NA
FIPRONIL DESULFINYL,FIPRONIL,FIPRONIL,FIPRONIL DESULFINYL,NA,205650653,New Row: Needs Review,TADA.AliasMatch,NA
FIPRONIL SULFIDE,FIPRONIL,FIPRONIL,FIPRONIL SULFIDE,NA,120067836,New Row: Needs Review,TADA.AliasMatch,NA
FIPRONIL SULFONE,FIPRONIL,FIPRONIL,FIPRONIL SULFONE,NA,120068362,New Row: Needs Review,TADA.AliasMatch,NA
SEDIMENT,FLUORENE,FLUORENE,FLUORENE IN SEDIMENT,86737,,New Row: Needs Review,TADA.AliasMatch,NA
NA,GROSS ALPHA PARTICLES,GROSS ALPHA PARTICLES,ALPHA PARTICLES,NA,NA,New Row: Needs Review,TADA.AliasMatch,NA
ALPHA RADIATION,GROSS ALPHA RADIATION,GROSS ALPHA PARTICLES,RADIATION,NA,12587461,New Row: Needs Review,TADA.AliasMatch,NA
GAMMA RADIATION,GROSS ALPHA RADIATION,GROSS ALPHA PARTICLES,RADIATION,NA,,New Row: Needs Review,TADA.AliasMatch,NA
INFRARED RADIATION,GROSS ALPHA RADIATION,GROSS ALPHA PARTICLES,RADIATION,NA,,New Row: Needs Review,TADA.AliasMatch,NA
NET RADIATION,GROSS ALPHA RADIATION,GROSS ALPHA PARTICLES,RADIATION,NA,,New Row: Needs Review,TADA.AliasMatch,NA
SOLAR RADIATION,GROSS ALPHA RADIATION,GROSS ALPHA PARTICLES,RADIATION,NA,,New Row: Needs Review,TADA.AliasMatch,NA
ULTRAVIOLET RADIATION,GROSS ALPHA RADIATION,GROSS ALPHA PARTICLES,RADIATION,NA,,New Row: Needs Review,TADA.AliasMatch,NA
ALPHA RADIATION,GROSS BETA RADIATION,GROSS BETA PARTICLES,RADIATION,NA,12587461,New Row: Needs Review,TADA.AliasMatch,NA
GAMMA RADIATION,GROSS BETA RADIATION,GROSS BETA PARTICLES,RADIATION,NA,,New Row: Needs Review,TADA.AliasMatch,NA
INFRARED RADIATION,GROSS BETA RADIATION,GROSS BETA PARTICLES,RADIATION,NA,,New Row: Needs Review,TADA.AliasMatch,NA
NET RADIATION,GROSS BETA RADIATION,GROSS BETA PARTICLES,RADIATION,NA,,New Row: Needs Review,TADA.AliasMatch,NA
SOLAR RADIATION,GROSS BETA RADIATION,GROSS BETA PARTICLES,RADIATION,NA,,New Row: Needs Review,TADA.AliasMatch,NA
ULTRAVIOLET RADIATION,GROSS BETA RADIATION,GROSS BETA PARTICLES,RADIATION,NA,,New Row: Needs Review,TADA.AliasMatch,NA
NA,GUTHION,GUTHION,GUTHION,86500,NA,New Row: Needs Review,TADA.AliasMatch,NA
NA,HALOMETHANES,HALOMETHANES,HALOMETHANES,NA,NA,New Row: Needs Review,TADA.AliasMatch,NA
"BHC, .BETA.-BHC & .GAMMA.-BHC MIX, UNSPECIFIED",HEXA CHLOROCYCLOHEXANE (GAMMA BHC; LINDANE),GAMMA-HEXACHLOROCYCLOHEXANE (HCH) (LINDANE),BHC,58899,,New Row: Needs Review,TADA.AliasMatch,NA
SEDIMENT,HEXACHLOROBENZENE,HEXACHLOROBENZENE,HEXACHLOROBENZENE IN SEDIMENT,118741,,New Row: Needs Review,TADA.AliasMatch,NA
SEDIMENT,HEXACHLOROBUTADIENE,HEXACHLOROBUTADIENE,HEXACHLOROBUTADIENE IN SEDIMENT,87683,,New Row: Needs Review,TADA.AliasMatch,NA
SEDIMENT,"INDENO(1,2,3-CD)PYRENE","INDENO(1,2,3-CD)PYRENE","INDENO[1,2,3-CD]PYRENE IN SEDIMENT",193395,,New Row: Needs Review,TADA.AliasMatch,NA
IRON,IRON AND MANGANESE,IRON AND MANGANESE,IRON,NA,7439896,New Row: Needs Review,TADA.AliasMatch,NA
MANGANESE,IRON AND MANGANESE,IRON AND MANGANESE,MANGANESE,NA,7439965,New Row: Needs Review,TADA.AliasMatch,NA
"(1,1,1,2,2-PENTAFLUORO-4-METHYLHEPTAN-4-YL) PHOSPHATE",ISODECYL DIPHENYL PHOSPHATE,ISODECYL DIPHENYL PHOSPHATE,PHOSPHATE,29761215,,New Row: Needs Review,TADA.AliasMatch,NA
"(4-ETHYL-1,1,1,2,2-PENTAFLUOROHEPTAN-4-YL) PHOSPHATE",ISODECYL DIPHENYL PHOSPHATE,ISODECYL DIPHENYL PHOSPHATE,PHOSPHATE,29761215,,New Row: Needs Review,TADA.AliasMatch,NA
"TRIS(1,1,2,2,2-PENTAFLUOROETHYL) PHOSPHATE",ISODECYL DIPHENYL PHOSPHATE,ISODECYL DIPHENYL PHOSPHATE,PHOSPHATE,29761215,,New Row: Needs Review,TADA.AliasMatch,NA
CUMENE,ISOPROPYLBENZENE (CUMENE),ISOPROPYLBENZENE (CUMENE),CUMENE,NA,98828,New Row: Needs Review,TADA.AliasMatch,NA
NA,KEPONE,KEPONE,KEPONE,143500,NA,New Row: Needs Review,TADA.AliasMatch,NA
NA,KEPONE,KEPONE,KEPONE IN FISH TISSUE,143500,NA,New Row: Needs Review,TADA.AliasMatch,NA
SEDIMENT,KEPONE,KEPONE,KEPONE IN SEDIMENT,143500,,New Row: Needs Review,TADA.AliasMatch,NA
SEDIMENT,LEAD,LEAD,LEAD IN SEDIMENT,7439921,,New Row: Needs Review,TADA.AliasMatch,NA
SEDIMENT,LINDANE,GAMMA-HEXACHLOROCYCLOHEXANE (HCH) (LINDANE),LINDANE IN SEDIMENT,58899,,New Row: Needs Review,TADA.AliasMatch,NA
BENZENE,LINEAR ALKYL BENZENE SULFONATES (LAS),LINEAR ALKYL BENZENE SULFONATES (LAS),BENZENE,NA,71432,New Row: Needs Review,TADA.AliasMatch,NA
NA,MCPP,MCPP,METHYLCHLOROPHENOXYPROPIONIC ACID (MCPP),7085190,NA,New Row: Needs Review,TADA.AliasMatch,NA
SEDIMENT,MERCURY,MERCURY,MERCURY IN SEDIMENT,7439976,,New Row: Needs Review,TADA.AliasMatch,NA
MERCURY,MERCURY (II),MERCURY (II),MERCURY,NA,7439976,New Row: Needs Review,TADA.AliasMatch,NA
NA,METHYL T-BUTYL ETHER (MTBE),METHYL TERTIARY-BUTYL ETHER,MTBE,1634044,NA,New Row: Needs Review,TADA.AliasMatch,NA
NA,METHYL TERTIARY-BUTYL ETHER,METHYL TERTIARY-BUTYL ETHER,METHYL TERTIARY-BUTYL ETHER (MTBE),1634044,NA,New Row: Needs Review,TADA.AliasMatch,NA
NA,METHYLENE CHLORIDE (DICHLOROMETHANE),METHYLENE CHLORIDE,DICHLOROMETHANE,75092,NA,New Row: Needs Review,TADA.AliasMatch,NA
NA,METHYLMERCURY,METHYLMERCURY,METHYLMERCURY,22967926,NA,New Row: Needs Review,TADA.AliasMatch,NA
NA,METHYLMERCURY,METHYLMERCURY,METHYLMERCURY IN FISH TISSUE,22967926,NA,New Row: Needs Review,TADA.AliasMatch,NA
SEDIMENT,N-NITROSODIPHENYLAMINE,N-NITROSODIPHENYLAMINE,N-NITROSODIPHENYLAMINE IN SEDIMENT,86306,,New Row: Needs Review,TADA.AliasMatch,NA
SEDIMENT,NAPHTHALENE,NAPHTHALENE,NAPHTHALENE IN SEDIMENT,91203,,New Row: Needs Review,TADA.AliasMatch,NA
SEDIMENT,NICKEL,NICKEL,NICKEL IN SEDIMENT,7440020,,New Row: Needs Review,TADA.AliasMatch,NA
NITRATE,NITRATE (EXPRESSED AS N),NITRATE (EXPRESSED AS N),NITRATE,NA,14797558,New Row: Needs Review,TADA.AliasMatch,NA
NITRATE,NITRATE + NITRITE,NITRATE + NITRITE,NITRATE,NA,14797558,New Row: Needs Review,TADA.AliasMatch,NA
NITRITE,NITRATE + NITRITE,NITRATE + NITRITE,NITRITE,NA,14797650,New Row: Needs Review,TADA.AliasMatch,NA
NITRATE,NITRATE AND NITRITE,NITRATE + NITRITE,NITRATE,NA,14797558,New Row: Needs Review,TADA.AliasMatch,NA
NITRITE,NITRATE AND NITRITE,NITRATE + NITRITE,NITRITE,NA,14797650,New Row: Needs Review,TADA.AliasMatch,NA
NITRATE,NITRATE AND NITRITE (EXPRESSED AS N),NITRATE AND NITRITE (EXPRESSED AS N),NITRATE,NA,14797558,New Row: Needs Review,TADA.AliasMatch,NA
NITRITE,NITRATE AND NITRITE (EXPRESSED AS N),NITRATE AND NITRITE (EXPRESSED AS N),NITRITE,NA,14797650,New Row: Needs Review,TADA.AliasMatch,NA
NITRATE,NITRITE + NITRATE,NITRATE + NITRITE,NITRATE,NA,14797558,New Row: Needs Review,TADA.AliasMatch,NA
NITRITE,NITRITE + NITRATE,NITRATE + NITRITE,NITRITE,NA,14797650,New Row: Needs Review,TADA.AliasMatch,NA
KJELDAHL NITROGEN,NITROGEN,TOTAL NITROGEN,KJELDAHL NITROGEN,NA,,New Row: Needs Review,TADA.AliasMatch,NA
AMMONIA,NITROGEN,TOTAL NITROGEN,"NITROGEN, AMMONIA",NA,7664417,New Row: Needs Review,TADA.AliasMatch,NA
NITROGEN,NITROGEN,TOTAL NITROGEN,"NITROGEN, AMMONIA",NA,7727379,New Row: Needs Review,TADA.AliasMatch,NA
NITRATE,NITROGEN,TOTAL NITROGEN,"NITROGEN, NITRATE",NA,14797558,New Row: Needs Review,TADA.AliasMatch,NA
NITROGEN,NITROGEN,TOTAL NITROGEN,"NITROGEN, NITRATE",NA,7727379,New Row: Needs Review,TADA.AliasMatch,NA
NITRITE,NITROGEN,TOTAL NITROGEN,"NITROGEN, NITRITE",NA,14797650,New Row: Needs Review,TADA.AliasMatch,NA
NITROGEN,NITROGEN,TOTAL NITROGEN,"NITROGEN, NITRITE",NA,7727379,New Row: Needs Review,TADA.AliasMatch,NA
TOTAL KJELDAHL NITROGEN,NITROGEN,TOTAL NITROGEN,"NITROGEN, TOTAL",NA,,New Row: Needs Review,TADA.AliasMatch,NA
TOTAL PARTICULATE NITROGEN,NITROGEN,TOTAL NITROGEN,"NITROGEN, TOTAL",NA,,New Row: Needs Review,TADA.AliasMatch,NA
NITROGEN,NITROGEN,TOTAL NITROGEN,TOTAL KJEHLDAHL NITROGEN (TKN),NA,7727379,New Row: Needs Review,TADA.AliasMatch,NA
NA,NITROSODIETHYLAMINE-N,NITROSODIETHYLAMINE,"NITROSODIETHYLAMINE,N",55185,NA,New Row: Needs Review,TADA.AliasMatch,NA
NA,NUTRIENTS,NUTRIENTS,"EUTROPHICATION, NUTRIENTS",NA,NA,New Row: Needs Review,TADA.AliasMatch,NA
NA,NUTRIENTS,NUTRIENTS,NUTRIENTS,NA,NA,New Row: Needs Review,TADA.AliasMatch,NA
O-TOLUIDINE HYDROCHLORIDE,O-TOLUIDINE,O-TOLUIDINE,O-TOLUIDINE HYDROCHLORIDE,NA,636215,New Row: Needs Review,TADA.AliasMatch,NA
"ODOR, ATMOSPHERIC",ODOR,ODOR,ODOR,NA,,New Row: Needs Review,TADA.AliasMatch,NA
NA,ODOR,ODOR,TASTE AND ODOR,NA,NA,New Row: Needs Review,TADA.AliasMatch,NA
"ODOR, ATMOSPHERIC","ODOR, TON","ODOR, TON",ODOR,NA,,New Row: Needs Review,TADA.AliasMatch,NA
NA,OIL,OIL AND GREASE,LINGERING OIL,NA,NA,New Row: Needs Review,TADA.AliasMatch,NA
ANISE OIL,OIL,OIL AND GREASE,OIL,NA,8007703,New Row: Needs Review,TADA.AliasMatch,NA
CRUDE OIL,OIL,OIL AND GREASE,OIL,NA,,New Row: Needs Review,TADA.AliasMatch,NA
HYDRAULIC OIL,OIL,OIL AND GREASE,OIL,NA,,New Row: Needs Review,TADA.AliasMatch,NA
MOTOR OIL,OIL,OIL AND GREASE,OIL,NA,,New Row: Needs Review,TADA.AliasMatch,NA
OIL CONTENT,OIL,OIL AND GREASE,OIL,NA,,New Row: Needs Review,TADA.AliasMatch,NA
NA,OIL,OIL AND GREASE,OIL AND FLOATING SUBSTANCES,NA,NA,New Row: Needs Review,TADA.AliasMatch,NA
NA,OIL,OIL AND GREASE,OIL AND GREASE,NA,NA,New Row: Needs Review,TADA.AliasMatch,NA
NA,OIL,OIL AND GREASE,OIL SPILL - PAHS,NA,NA,New Row: Needs Review,TADA.AliasMatch,NA
SODIUM,OIL,OIL AND GREASE,VISIBLE OIL AND SODIUM ADSORPTION RATIO (SAR),NA,7440235,New Row: Needs Review,TADA.AliasMatch,NA
ANISE OIL,OIL AND GREASE,OIL AND GREASE,OIL,NA,8007703,New Row: Needs Review,TADA.AliasMatch,NA
CRUDE OIL,OIL AND GREASE,OIL AND GREASE,OIL,NA,,New Row: Needs Review,TADA.AliasMatch,NA
HYDRAULIC OIL,OIL AND GREASE,OIL AND GREASE,OIL,NA,,New Row: Needs Review,TADA.AliasMatch,NA
MOTOR OIL,OIL AND GREASE,OIL AND GREASE,OIL,NA,,New Row: Needs Review,TADA.AliasMatch,NA
OIL CONTENT,OIL AND GREASE,OIL AND GREASE,OIL,NA,,New Row: Needs Review,TADA.AliasMatch,NA
NA,OTHER CHLORINATED BENZENES,OTHER CHLORINATED BENZENES,CHLORINATED BENZENES,NA,NA,New Row: Needs Review,TADA.AliasMatch,NA
NA,OXYGEN,DISSOLVED OXYGEN,BIOCHEMICAL OXYGEN DEMAND (BOD),7782447,NA,New Row: Needs Review,TADA.AliasMatch,NA
NA,OXYGEN,DISSOLVED OXYGEN,"BIOCHEMICAL OXYGEN DEMAND (BOD), CARBONACEOUS",7782447,NA,New Row: Needs Review,TADA.AliasMatch,NA
NITROGENOUS BIOCHEMICAL OXYGEN DEMAND,OXYGEN,DISSOLVED OXYGEN,"BIOCHEMICAL OXYGEN DEMAND (BOD), NITROGENOUS",7782447,,New Row: Needs Review,TADA.AliasMatch,NA
"BOD, ULTIMATE",OXYGEN,DISSOLVED OXYGEN,"BIOCHEMICAL OXYGEN DEMAND (BOD), ULTIMATE",7782447,,New Row: Needs Review,TADA.AliasMatch,NA
CHEMICAL OXYGEN DEMAND,OXYGEN,DISSOLVED OXYGEN,CHEMICAL OXYGEN DEMAND (COD),7782447,,New Row: Needs Review,TADA.AliasMatch,NA
DISSOLVED OXYGEN (DO),OXYGEN,DISSOLVED OXYGEN,DISSOLVED OXYGEN,7782447,,New Row: Needs Review,TADA.AliasMatch,NA
DISSOLVED OXYGEN SATURATION,OXYGEN,DISSOLVED OXYGEN,DISSOLVED OXYGEN,7782447,,New Row: Needs Review,TADA.AliasMatch,NA
DISSOLVED OXYGEN UPTAKE,OXYGEN,DISSOLVED OXYGEN,DISSOLVED OXYGEN,7782447,,New Row: Needs Review,TADA.AliasMatch,NA
INTERGRAVEL DISSOLVED OXYGEN,OXYGEN,DISSOLVED OXYGEN,DISSOLVED OXYGEN,7782447,,New Row: Needs Review,TADA.AliasMatch,NA
DISSOLVED OXYGEN SATURATION,OXYGEN,DISSOLVED OXYGEN,DISSOLVED OXYGEN SATURATION,7782447,,New Row: Needs Review,TADA.AliasMatch,NA
SEDIMENT OXYGEN DEMAND,OXYGEN,DISSOLVED OXYGEN,SEDIMENT OXYGEN DEMAND,7782447,,New Row: Needs Review,TADA.AliasMatch,NA
BENZO[A]PYRENE,PAHS,POLYCYCLIC AROMATIC HYDROCARBONS (PAHS),BENZO[A]PYRENE (PAHS),NA,50328,New Row: Needs Review,TADA.AliasMatch,NA
NA,PAHS,POLYCYCLIC AROMATIC HYDROCARBONS (PAHS),CONTAMINATED SEDIMENTS (PAHS),NA,NA,New Row: Needs Review,TADA.AliasMatch,NA
NA,PAHS,POLYCYCLIC AROMATIC HYDROCARBONS (PAHS),FISH CONSUMPTION ADVISORY - PAHS,NA,NA,New Row: Needs Review,TADA.AliasMatch,NA
"POLYCYCLIC AROMATIC HYDROCARBONS, HIGH MOLECULAR WEIGHT",PAHS,POLYCYCLIC AROMATIC HYDROCARBONS (PAHS),HIGH MOLECULAR WEIGHT POLYCYCLIC AROMATIC HYDROCARBONS (HMW PAHS),NA,,New Row: Needs Review,TADA.AliasMatch,NA
"POLYCYCLIC AROMATIC HYDROCARBONS, HIGH MOLECULAR WEIGHT",PAHS,POLYCYCLIC AROMATIC HYDROCARBONS (PAHS),HIGH MOLECULAR WEIGHT POLYCYCLIC AROMATIC HYDROCARBONS (HMW PAHS) IN SEDIMENT,NA,,New Row: Needs Review,TADA.AliasMatch,NA
"POLYCYCLIC AROMATIC HYDROCARBONS, LOW MOLECULAR WEIGHT",PAHS,POLYCYCLIC AROMATIC HYDROCARBONS (PAHS),LOW MOLECULAR WEIGHT POLYCYCLIC AROMATIC HYDROCARBONS (LMW PAHS),NA,,New Row: Needs Review,TADA.AliasMatch,NA
"POLYCYCLIC AROMATIC HYDROCARBONS, LOW MOLECULAR WEIGHT",PAHS,POLYCYCLIC AROMATIC HYDROCARBONS (PAHS),LOW MOLECULAR WEIGHT POLYCYCLIC AROMATIC HYDROCARBONS (LMW PAHS) IN SEDIMENT,NA,,New Row: Needs Review,TADA.AliasMatch,NA
NA,PAHS,POLYCYCLIC AROMATIC HYDROCARBONS (PAHS),OIL SPILL - PAHS,NA,NA,New Row: Needs Review,TADA.AliasMatch,NA
POLYCYCLIC AROMATIC HYDROCARBONS,PAHS,POLYCYCLIC AROMATIC HYDROCARBONS (PAHS),POLYCYCLIC AROMATIC HYDROCARBONS (PAHS) (AQUATIC ECOSYSTEMS),NA,130498292,New Row: Needs Review,TADA.AliasMatch,NA
POLYCYCLIC AROMATIC HYDROCARBONS,PAHS,POLYCYCLIC AROMATIC HYDROCARBONS (PAHS),POLYCYCLIC AROMATIC HYDROCARBONS (PAHS) IN FISH TISSUE,NA,130498292,New Row: Needs Review,TADA.AliasMatch,NA
METHYL PARATHION,PARATHION AND METHYL PARATHION,PARATHION AND METHYL PARATHION,METHYL PARATHION,NA,298000,New Row: Needs Review,TADA.AliasMatch,NA
PARATHION,PARATHION AND METHYL PARATHION,PARATHION AND METHYL PARATHION,PARATHION,NA,56382,New Row: Needs Review,TADA.AliasMatch,NA
NA,PCBS,POLYCHLORINATED BIPHENYLS (PCBS),PCBS - FISH CONSUMPTION ADVISORY,1336363,NA,New Row: Needs Review,TADA.AliasMatch,NA
NA,PCBS,POLYCHLORINATED BIPHENYLS (PCBS),PCBS IN FISH TISSUE,1336363,NA,New Row: Needs Review,TADA.AliasMatch,NA
NA,PCBS,POLYCHLORINATED BIPHENYLS (PCBS),PCBS IN MIGRATORY SPECIES,1336363,NA,New Row: Needs Review,TADA.AliasMatch,NA
SEDIMENT,PCBS,POLYCHLORINATED BIPHENYLS (PCBS),PCBS IN SEDIMENT,1336363,,New Row: Needs Review,TADA.AliasMatch,NA
PENDIMETHALIN,PENDIMETHALIN ,PENDIMETHALIN ,PENDIMETHALIN,NA,40487421,New Row: Needs Review,TADA.AliasMatch,NA
SEDIMENT,PENTACHLOROPHENOL,PENTACHLOROPHENOL,PENTACHLOROPHENOL (PCP) IN SEDIMENT,87865,,New Row: Needs Review,TADA.AliasMatch,NA
ANISE OIL,PETROLEUM OIL,PETROLEUM OIL,OIL,NA,8007703,New Row: Needs Review,TADA.AliasMatch,NA
CRUDE OIL,PETROLEUM OIL,PETROLEUM OIL,OIL,NA,,New Row: Needs Review,TADA.AliasMatch,NA
HYDRAULIC OIL,PETROLEUM OIL,PETROLEUM OIL,OIL,NA,,New Row: Needs Review,TADA.AliasMatch,NA
MOTOR OIL,PETROLEUM OIL,PETROLEUM OIL,OIL,NA,,New Row: Needs Review,TADA.AliasMatch,NA
OIL CONTENT,PETROLEUM OIL,PETROLEUM OIL,OIL,NA,,New Row: Needs Review,TADA.AliasMatch,NA
NA,PFAS,PFAS,PER- AND POLYFLUOROALKYL SUBSTANCES (PFAS),NA,NA,New Row: Needs Review,TADA.AliasMatch,NA
NA,PFAS,PFAS,PFAS IN FISH TISSUE,NA,NA,New Row: Needs Review,TADA.AliasMatch,NA
SEDIMENT,PFAS,PFAS,PFAS IN SEDIMENT,NA,,New Row: Needs Review,TADA.AliasMatch,NA
PH,PH (ACIDITY/ALKALINITY),PH (ACIDITY/ALKALINITY),PH,NA,,New Row: Needs Review,TADA.AliasMatch,NA
PH,PH VARIATION,PH VARIATION,PH,NA,,New Row: Needs Review,TADA.AliasMatch,NA
SEDIMENT,PHENOL,PHENOL,PHENOL IN SEDIMENT,108952,,New Row: Needs Review,TADA.AliasMatch,NA
CHLORINATED PHENOLS,"PHENOLS, TOTAL CHLORINATED","PHENOLS, TOTAL CHLORINATED",CHLORINATED PHENOLS,NA,1336352,New Row: Needs Review,TADA.AliasMatch,NA
DISULFOTON,PHORATE AND DISULFOTON,PHORATE AND DISULFOTON,DISULFOTON,NA,298044,New Row: Needs Review,TADA.AliasMatch,NA
PHORATE,PHORATE AND DISULFOTON,PHORATE AND DISULFOTON,PHORATE,NA,298022,New Row: Needs Review,TADA.AliasMatch,NA
"(1,1,1,2,2-PENTAFLUORO-4-METHYLHEPTAN-4-YL) PHOSPHATE",PHOSPHATE,PHOSPHATE,PHOSPHATE,NA,,New Row: Needs Review,TADA.AliasMatch,NA
"(4-ETHYL-1,1,1,2,2-PENTAFLUOROHEPTAN-4-YL) PHOSPHATE",PHOSPHATE,PHOSPHATE,PHOSPHATE,NA,,New Row: Needs Review,TADA.AliasMatch,NA
"3-ETHYL-7,8,8,9,9,10,10,11,11,12,12,13,13,13-TETRADECAFLUOROTRIDEC-6-EN-6-YL PHOSPHATE",PHOSPHATE,PHOSPHATE,PHOSPHATE,NA,113138480,New Row: Needs Review,TADA.AliasMatch,NA
BIS((PERFLUORO-9-METHYLDECYL)ETHYL) PHOSPHATE,PHOSPHATE,PHOSPHATE,PHOSPHATE,NA,93857557,New Row: Needs Review,TADA.AliasMatch,NA
"BIS(3,3,4,4,5,5,6,6,7,7,8,8,9,9,10,10,10-HEPTADECAFLUORODECYL) PHOSPHATE",PHOSPHATE,PHOSPHATE,PHOSPHATE,NA,1411713911,New Row: Needs Review,TADA.AliasMatch,NA
D-GALACTOSE-6-[5-[(3(-PERFLUOROOCTYL)-1-NONYLPROPYL)OXY]PENTYLHYDROGEN PHOSPHATE],PHOSPHATE,PHOSPHATE,PHOSPHATE,NA,172916277,New Row: Needs Review,TADA.AliasMatch,NA
HYDROGEN PHOSPHATE,PHOSPHATE,PHOSPHATE,PHOSPHATE,NA,14066194,New Row: Needs Review,TADA.AliasMatch,NA
OLEANDOMYCIN PHOSPHATE,PHOSPHATE,PHOSPHATE,PHOSPHATE,NA,7060744,New Row: Needs Review,TADA.AliasMatch,NA
TRI-O-CRESYL PHOSPHATE,PHOSPHATE,PHOSPHATE,PHOSPHATE,NA,78308,New Row: Needs Review,TADA.AliasMatch,NA
TRI-P-TOLYL PHOSPHATE,PHOSPHATE,PHOSPHATE,PHOSPHATE,NA,78320,New Row: Needs Review,TADA.AliasMatch,NA
TRIBUTYL PHOSPHATE,PHOSPHATE,PHOSPHATE,PHOSPHATE,NA,126738,New Row: Needs Review,TADA.AliasMatch,NA
TRICALCIUM PHOSPHATE,PHOSPHATE,PHOSPHATE,PHOSPHATE,NA,7758874,New Row: Needs Review,TADA.AliasMatch,NA
TRICRESYL PHOSPHATE,PHOSPHATE,PHOSPHATE,PHOSPHATE,NA,1330785,New Row: Needs Review,TADA.AliasMatch,NA
TRIETHYL PHOSPHATE,PHOSPHATE,PHOSPHATE,PHOSPHATE,NA,78400,New Row: Needs Review,TADA.AliasMatch,NA
TRIMETHYL PHOSPHATE,PHOSPHATE,PHOSPHATE,PHOSPHATE,NA,512561,New Row: Needs Review,TADA.AliasMatch,NA
TRIPHENYL PHOSPHATE,PHOSPHATE,PHOSPHATE,PHOSPHATE,NA,115866,New Row: Needs Review,TADA.AliasMatch,NA
TRIPROPYL PHOSPHATE,PHOSPHATE,PHOSPHATE,PHOSPHATE,NA,513086,New Row: Needs Review,TADA.AliasMatch,NA
"TRIS(1,1,2,2,2-PENTAFLUOROETHYL) PHOSPHATE",PHOSPHATE,PHOSPHATE,PHOSPHATE,NA,,New Row: Needs Review,TADA.AliasMatch,NA
TRIS(1-CHLORO-2-PROPYL) PHOSPHATE,PHOSPHATE,PHOSPHATE,PHOSPHATE,NA,13674845,New Row: Needs Review,TADA.AliasMatch,NA
"TRIS(1H,1H,2H,2H-PERFLUOROHEXYL) PHOSPHATE",PHOSPHATE,PHOSPHATE,PHOSPHATE,NA,1887067551,New Row: Needs Review,TADA.AliasMatch,NA
"TRIS(2,2,3,3,4,4,5,5-OCTAFLUOROPENTYL) PHOSPHATE",PHOSPHATE,PHOSPHATE,PHOSPHATE,NA,355862,New Row: Needs Review,TADA.AliasMatch,NA
"TRIS(2,3-DIBROMOPROPYL) PHOSPHATE",PHOSPHATE,PHOSPHATE,PHOSPHATE,NA,126727,New Row: Needs Review,TADA.AliasMatch,NA
TRIS(2-BUTOXYETHYL) PHOSPHATE,PHOSPHATE,PHOSPHATE,PHOSPHATE,NA,78513,New Row: Needs Review,TADA.AliasMatch,NA
TRIS(2-CHLOROETHYL) PHOSPHATE,PHOSPHATE,PHOSPHATE,PHOSPHATE,NA,115968,New Row: Needs Review,TADA.AliasMatch,NA
TRIS(2-ETHYLHEXYL) PHOSPHATE,PHOSPHATE,PHOSPHATE,PHOSPHATE,NA,78422,New Row: Needs Review,TADA.AliasMatch,NA
"TRIS(3,3,4,4,5,5,6,6,7,7,8,8,8-TRIDECAFLUOROOCTYL) PHOSPHATE",PHOSPHATE,PHOSPHATE,PHOSPHATE,NA,165325622,New Row: Needs Review,TADA.AliasMatch,NA
"TRIS(3,3,4,4,5,5,6,6,7,7,8,8,9,9,10,10,10-HEPTADECAFLUORODECYL) PHOSPHATE",PHOSPHATE,PHOSPHATE,PHOSPHATE,NA,149790227,New Row: Needs Review,TADA.AliasMatch,NA
"TRIS(3,3,4,4,5,5,6,6,7,7,8,8,9,9,10,10,11,11,12,12,12-HENICOSAFLUORODODECYL) PHOSPHATE",PHOSPHATE,PHOSPHATE,PHOSPHATE,NA,106554169,New Row: Needs Review,TADA.AliasMatch,NA
TOTAL PARTICULATE PHOSPHORUS,PHOSPHORUS,PHOSPHOROUS (YELLOW),"PHOSPHORUS, TOTAL",7723140,,New Row: Needs Review,TADA.AliasMatch,NA
NA,PHTHALATE ESTERS,PHTHALATE ESTERS,PHTHALATE ESTERS,NA,NA,New Row: Needs Review,TADA.AliasMatch,NA
"POLYCYCLIC AROMATIC HYDROCARBONS, HIGH MOLECULAR WEIGHT",POLYCYCLIC AROMATIC HYDROCARBONS,POLYCYCLIC AROMATIC HYDROCARBONS (PAHS),HIGH MOLECULAR WEIGHT POLYCYCLIC AROMATIC HYDROCARBONS (HMW PAHS),NA,,New Row: Needs Review,TADA.AliasMatch,NA
"POLYCYCLIC AROMATIC HYDROCARBONS, HIGH MOLECULAR WEIGHT",POLYCYCLIC AROMATIC HYDROCARBONS,POLYCYCLIC AROMATIC HYDROCARBONS (PAHS),HIGH MOLECULAR WEIGHT POLYCYCLIC AROMATIC HYDROCARBONS (HMW PAHS) IN SEDIMENT,NA,,New Row: Needs Review,TADA.AliasMatch,NA
HYDROCARBONS,POLYCYCLIC AROMATIC HYDROCARBONS,POLYCYCLIC AROMATIC HYDROCARBONS (PAHS),HYDROCARBONS,NA,308067530,New Row: Needs Review,TADA.AliasMatch,NA
"POLYCYCLIC AROMATIC HYDROCARBONS, LOW MOLECULAR WEIGHT",POLYCYCLIC AROMATIC HYDROCARBONS,POLYCYCLIC AROMATIC HYDROCARBONS (PAHS),LOW MOLECULAR WEIGHT POLYCYCLIC AROMATIC HYDROCARBONS (LMW PAHS),NA,,New Row: Needs Review,TADA.AliasMatch,NA
"POLYCYCLIC AROMATIC HYDROCARBONS, LOW MOLECULAR WEIGHT",POLYCYCLIC AROMATIC HYDROCARBONS,POLYCYCLIC AROMATIC HYDROCARBONS (PAHS),LOW MOLECULAR WEIGHT POLYCYCLIC AROMATIC HYDROCARBONS (LMW PAHS) IN SEDIMENT,NA,,New Row: Needs Review,TADA.AliasMatch,NA
POLYCYCLIC AROMATIC HYDROCARBONS,POLYCYCLIC AROMATIC HYDROCARBONS,POLYCYCLIC AROMATIC HYDROCARBONS (PAHS),PAH1 - 2 & 3 RING POLYCYCLIC AROMATIC HYDROCARBONS,NA,130498292,New Row: Needs Review,TADA.AliasMatch,NA
POLYCYCLIC AROMATIC HYDROCARBONS,POLYCYCLIC AROMATIC HYDROCARBONS,POLYCYCLIC AROMATIC HYDROCARBONS (PAHS),PAH2 - 4 RING POLYCYCLIC AROMATIC HYDROCARBONS,NA,130498292,New Row: Needs Review,TADA.AliasMatch,NA
POLYCYCLIC AROMATIC HYDROCARBONS,POLYCYCLIC AROMATIC HYDROCARBONS,POLYCYCLIC AROMATIC HYDROCARBONS (PAHS),PAH3 - 5 & 6 RING POLYCYCLIC AROMATIC HYDROCARBONS,NA,130498292,New Row: Needs Review,TADA.AliasMatch,NA
"POLYCYCLIC AROMATIC HYDROCARBONS, HIGH MOLECULAR WEIGHT",POLYCYCLIC AROMATIC HYDROCARBONS (PAHS),POLYCYCLIC AROMATIC HYDROCARBONS (PAHS),HIGH MOLECULAR WEIGHT POLYCYCLIC AROMATIC HYDROCARBONS (HMW PAHS),NA,,New Row: Needs Review,TADA.AliasMatch,NA
"POLYCYCLIC AROMATIC HYDROCARBONS, HIGH MOLECULAR WEIGHT",POLYCYCLIC AROMATIC HYDROCARBONS (PAHS),POLYCYCLIC AROMATIC HYDROCARBONS (PAHS),HIGH MOLECULAR WEIGHT POLYCYCLIC AROMATIC HYDROCARBONS (HMW PAHS) IN SEDIMENT,NA,,New Row: Needs Review,TADA.AliasMatch,NA
HYDROCARBONS,POLYCYCLIC AROMATIC HYDROCARBONS (PAHS),POLYCYCLIC AROMATIC HYDROCARBONS (PAHS),HYDROCARBONS,NA,308067530,New Row: Needs Review,TADA.AliasMatch,NA
"POLYCYCLIC AROMATIC HYDROCARBONS, LOW MOLECULAR WEIGHT",POLYCYCLIC AROMATIC HYDROCARBONS (PAHS),POLYCYCLIC AROMATIC HYDROCARBONS (PAHS),LOW MOLECULAR WEIGHT POLYCYCLIC AROMATIC HYDROCARBONS (LMW PAHS),NA,,New Row: Needs Review,TADA.AliasMatch,NA
"POLYCYCLIC AROMATIC HYDROCARBONS, LOW MOLECULAR WEIGHT",POLYCYCLIC AROMATIC HYDROCARBONS (PAHS),POLYCYCLIC AROMATIC HYDROCARBONS (PAHS),LOW MOLECULAR WEIGHT POLYCYCLIC AROMATIC HYDROCARBONS (LMW PAHS) IN SEDIMENT,NA,,New Row: Needs Review,TADA.AliasMatch,NA
POLYCYCLIC AROMATIC HYDROCARBONS,POLYCYCLIC AROMATIC HYDROCARBONS (PAHS),POLYCYCLIC AROMATIC HYDROCARBONS (PAHS),POLYCYCLIC AROMATIC HYDROCARBONS (PAHS) (AQUATIC ECOSYSTEMS),NA,130498292,New Row: Needs Review,TADA.AliasMatch,NA
POLYCYCLIC AROMATIC HYDROCARBONS,POLYCYCLIC AROMATIC HYDROCARBONS (PAHS),POLYCYCLIC AROMATIC HYDROCARBONS (PAHS),POLYCYCLIC AROMATIC HYDROCARBONS (PAHS) IN FISH TISSUE,NA,130498292,New Row: Needs Review,TADA.AliasMatch,NA
HYDROCARBONS,POLYNUCLEAR AROMATIC HYDROCARBONS,POLYCYCLIC AROMATIC HYDROCARBONS (PAHS),HYDROCARBONS,NA,308067530,New Row: Needs Review,TADA.AliasMatch,NA
HYDROCARBONS,POLYNUCLEAR AROMATIC HYDROCARBONS (PAHS),POLYCYCLIC AROMATIC HYDROCARBONS (PAHS),HYDROCARBONS,NA,308067530,New Row: Needs Review,TADA.AliasMatch,NA
AMMONIUM,QUATERNARY AMMONIUM COMPOUNDS,QUATERNARY AMMONIUM COMPOUNDS,AMMONIUM,NA,14798039,New Row: Needs Review,TADA.AliasMatch,NA
RADIUM,RADIUM 226 + RADIUM 228,RADIUM 226 AND 228 COMBINED,RADIUM,NA,7440144,New Row: Needs Review,TADA.AliasMatch,NA
RADIUM,RADIUM 226 AND 228,RADIUM 226 AND 228 COMBINED,RADIUM,NA,7440144,New Row: Needs Review,TADA.AliasMatch,NA
RADIUM,RADIUM 226 AND 228 COMBINED,RADIUM 226 AND 228 COMBINED,RADIUM,NA,7440144,New Row: Needs Review,TADA.AliasMatch,NA
RADIUM,RADIUM 226 AND RADIUM 228,RADIUM 226 AND 228 COMBINED,RADIUM,NA,7440144,New Row: Needs Review,TADA.AliasMatch,NA
RADIUM,"RADIUM 226, 228 (COMBINED)",RADIUM 226 AND 228 COMBINED,RADIUM,NA,7440144,New Row: Needs Review,TADA.AliasMatch,NA
NA,RDX,RDX,"RDX (HEXAHYDRO-1,3,5-TRINITRO-1,3,5-TRIAZINE)",121824,NA,New Row: Needs Review,TADA.AliasMatch,NA
CHLORINE,RESIDUAL CHLORINE,RESIDUAL CHLORINE,CHLORINE,NA,7782505,New Row: Needs Review,TADA.AliasMatch,NA
CHLORINE DEMAND,RESIDUAL CHLORINE,RESIDUAL CHLORINE,"CHLORINE, RESIDUAL (CHLORINE DEMAND)",NA,,New Row: Needs Review,TADA.AliasMatch,NA
"CHLORINE, TOTAL RESIDUAL",RESIDUAL CHLORINE,RESIDUAL CHLORINE,"CHLORINE, TOTAL RESIDUAL (TRC)",NA,7782505,New Row: Needs Review,TADA.AliasMatch,NA
FLOW,SALINITY,SALINITY,SALINITY CHANGE DUE TO CHANGE IN FLOW,NA,,New Row: Needs Review,TADA.AliasMatch,NA
SEDIMENT,SEDIMENT PARTICLES,SEDIMENT PARTICLES,SEDIMENT,NA,,New Row: Needs Review,TADA.AliasMatch,NA
SEDIMENT,SELENIUM,SELENIUM,SELENIUM IN SEDIMENT,7782492,,New Row: Needs Review,TADA.AliasMatch,NA
SELENIUM,SELENIUM (V),SELENIUM (V),SELENIUM,NA,7782492,New Row: Needs Review,TADA.AliasMatch,NA
SEDIMENT,SILVER,SILVER,SILVER IN SEDIMENT,7440224,,New Row: Needs Review,TADA.AliasMatch,NA
SODIUM,SODIUM,SODIUM,SODIUM ADSORPTION RATIO,NA,7440235,New Row: Needs Review,TADA.AliasMatch,NA
POTASSIUM,SODIUM + POTASSIUM,SODIUM + POTASSIUM,POTASSIUM,NA,"	7440097",New Row: Needs Review,TADA.AliasMatch,NA
SODIUM,SODIUM + POTASSIUM,SODIUM + POTASSIUM,SODIUM,NA,7440235,New Row: Needs Review,TADA.AliasMatch,NA
SODIUM,SODIUM ADSORPTION RATIO,SODIUM ADSORPTION RATIO,SODIUM,NA,7440235,New Row: Needs Review,TADA.AliasMatch,NA
SODIUM,SODIUM ADSORPTION RATIO,SODIUM ADSORPTION RATIO,SODIUM ADSORPTION RATIO,NA,7440235,New Row: Needs Review,TADA.AliasMatch,NA
SODIUM,SODIUM ADSORPTION RATIO,SODIUM ADSORPTION RATIO,VISIBLE OIL AND SODIUM ADSORPTION RATIO (SAR),NA,7440235,New Row: Needs Review,TADA.AliasMatch,NA
SODIUM,SODIUM ADSORPTION RATIO (SAR),SODIUM ADSORPTION RATIO (SAR),SODIUM,NA,7440235,New Row: Needs Review,TADA.AliasMatch,NA
SODIUM,SODIUM ADSORPTION RATIO (SAR),SODIUM ADSORPTION RATIO (SAR),SODIUM ADSORPTION RATIO,NA,7440235,New Row: Needs Review,TADA.AliasMatch,NA
SODIUM,SODIUM ADSORPTION RATIO (SAR),SODIUM ADSORPTION RATIO (SAR),VISIBLE OIL AND SODIUM ADSORPTION RATIO (SAR),NA,7440235,New Row: Needs Review,TADA.AliasMatch,NA
SODIUM,SODIUM CHLORIDES AND SULFATES,SODIUM CHLORIDES AND SULFATES,SODIUM,NA,7440235,New Row: Needs Review,TADA.AliasMatch,NA
SALINITY,SOLIDS DISSOLVED AND SALINITY,SOLIDS DISSOLVED AND SALINITY,SALINITY,NA,,New Row: Needs Review,TADA.AliasMatch,NA
TURBIDITY,SOLIDS SUSPENDED AND TURBIDITY,SOLIDS SUSPENDED AND TURBIDITY,TURBIDITY,NA,,New Row: Needs Review,TADA.AliasMatch,NA
PHOSPHORUS,SOLUBLE PHOSPHORUS,SOLUBLE PHOSPHORUS,PHOSPHORUS,NA,7723140,New Row: Needs Review,TADA.AliasMatch,NA
STRONTIUM,STRONTIUM 89,STRONTIUM 89,STRONTIUM,NA,7440246,New Row: Needs Review,TADA.AliasMatch,NA
STRONTIUM,STRONTIUM 90,STRONTIUM 90,STRONTIUM,NA,7440246,New Row: Needs Review,TADA.AliasMatch,NA
ENDOSULFAN SULFATE,SULFATE,SULFATE,ENDOSULFAN SULFATE,NA,1031078,New Row: Needs Review,TADA.AliasMatch,NA
ENDOSULFAN SULFATE,SULFATE,SULFATE,ENDOSULFAN SULFATE IN FISH TISSUE,NA,1031078,New Row: Needs Review,TADA.AliasMatch,NA
SULFATE,SULFATE,SULFATE,SULFATE,NA,14808798,New Row: Needs Review,TADA.AliasMatch,NA
CHLORIDE,SULFATE,SULFATE,SULFATE + CHLORIDE,NA,16887006,New Row: Needs Review,TADA.AliasMatch,NA
SULFATE,SULFATE,SULFATE,SULFATE + CHLORIDE,NA,14808798,New Row: Needs Review,TADA.AliasMatch,NA
FIPRONIL SULFIDE,SULFIDE,SULFIDE,FIPRONIL SULFIDE,NA,120067836,New Row: Needs Review,TADA.AliasMatch,NA
HYDROGEN SULFIDE,SULFIDE,SULFIDE,HYDROGEN SULFIDE,NA,"	7783064",New Row: Needs Review,TADA.AliasMatch,NA
HYDROGEN SULFIDE,SULFIDE (UNDISSOCIATED HYDROGEN SULFIDE),SULFIDE,HYDROGEN SULFIDE,NA,"	7783064",New Row: Needs Review,TADA.AliasMatch,NA
SEDIMENT,SUSPENDED SEDIMENT,SOLIDS SUSPENDED AND TURBIDITY,SEDIMENT,NA,,New Row: Needs Review,TADA.AliasMatch,NA
SEDIMENT,SUSPENDED SEDIMENT,SOLIDS SUSPENDED AND TURBIDITY,TOTAL SUSPENDED SEDIMENT,NA,,New Row: Needs Review,TADA.AliasMatch,NA
TOTAL SUSPENDED SOLIDS,SUSPENDED SOLIDS,SOLIDS SUSPENDED AND TURBIDITY,TOTAL SUSPENDED SOLIDS (TSS),NA,,New Row: Needs Review,TADA.AliasMatch,NA
TEMPERATURE,TEMPERATURE DECREASE BELOW AMBIENT,TEMPERATURE DECREASE BELOW AMBIENT,TEMPERATURE,NA,,New Row: Needs Review,TADA.AliasMatch,NA
TEMPERATURE,TEMPERATURE RISE ABOVE AMBIENT,TEMPERATURE RISE ABOVE AMBIENT,TEMPERATURE,NA,,New Row: Needs Review,TADA.AliasMatch,NA
NITROGEN,TKN,TOTAL KJEHLDAL NITROGEN,TOTAL KJEHLDAHL NITROGEN (TKN),NA,7727379,New Row: Needs Review,TADA.AliasMatch,NA
ALKALINITY,TOTAL ALKALINITY,ALKALINITY,ALKALINITY,NA,471341,New Row: Needs Review,TADA.AliasMatch,NA
AMMONIA,TOTAL AMMONIA NITROGEN,TOTAL AMMONIA NITROGEN,AMMONIA,NA,7664417,New Row: Needs Review,TADA.AliasMatch,NA
AMMONIA,TOTAL AMMONIA NITROGEN,TOTAL AMMONIA NITROGEN,"AMMONIA, TOTAL",NA,7664417,New Row: Needs Review,TADA.AliasMatch,NA
NITROGEN,TOTAL AMMONIA NITROGEN,TOTAL AMMONIA NITROGEN,NITROGEN,NA,7727379,New Row: Needs Review,TADA.AliasMatch,NA
AMMONIA,TOTAL AMMONIA NITROGEN,TOTAL AMMONIA NITROGEN,"NITROGEN, AMMONIA",NA,7664417,New Row: Needs Review,TADA.AliasMatch,NA
NITROGEN,TOTAL AMMONIA NITROGEN,TOTAL AMMONIA NITROGEN,"NITROGEN, AMMONIA",NA,7727379,New Row: Needs Review,TADA.AliasMatch,NA
TOTAL KJELDAHL NITROGEN,TOTAL AMMONIA NITROGEN,TOTAL AMMONIA NITROGEN,"NITROGEN, TOTAL",NA,,New Row: Needs Review,TADA.AliasMatch,NA
TOTAL PARTICULATE NITROGEN,TOTAL AMMONIA NITROGEN,TOTAL AMMONIA NITROGEN,"NITROGEN, TOTAL",NA,,New Row: Needs Review,TADA.AliasMatch,NA
HYDROCARBONS,TOTAL AQUEOUS HYDROCARBONS,TOTAL AQUEOUS HYDROCARBONS,HYDROCARBONS,NA,308067530,New Row: Needs Review,TADA.AliasMatch,NA
HYDROCARBONS,TOTAL AROMATIC HYDROCARBONS,TOTAL AROMATIC HYDROCARBONS,HYDROCARBONS,NA,308067530,New Row: Needs Review,TADA.AliasMatch,NA
HYDROCARBONS,TOTAL AROMATIC HYDROCARBONS,TOTAL AROMATIC HYDROCARBONS,TOTAL AROMATIC HYDROCARBONS,NA,308067530,New Row: Needs Review,TADA.AliasMatch,NA
CHLORINATED PHENOLS,TOTAL CHLORINATED PHENOLS AND CHLORINATED CRESOLS,TOTAL CHLORINATED PHENOLS AND CHLORINATED CRESOLS,CHLORINATED PHENOLS,NA,1336352,New Row: Needs Review,TADA.AliasMatch,NA
NA,TOTAL DISSOLVED GAS,TOTAL DISSOLVED GASES,TOTAL DISSOLVED GAS,NA,NA,New Row: Needs Review,TADA.AliasMatch,NA
NITROGEN,TOTAL DISSOLVED NITROGEN,TOTAL NITROGEN,NITROGEN,NA,7727379,New Row: Needs Review,TADA.AliasMatch,NA
TOTAL KJELDAHL NITROGEN,TOTAL DISSOLVED NITROGEN,TOTAL NITROGEN,"NITROGEN, TOTAL",NA,,New Row: Needs Review,TADA.AliasMatch,NA
TOTAL PARTICULATE NITROGEN,TOTAL DISSOLVED NITROGEN,TOTAL NITROGEN,"NITROGEN, TOTAL",NA,,New Row: Needs Review,TADA.AliasMatch,NA
PHOSPHORUS,TOTAL DISSOLVED PHOSPHORUS,TOTAL PHOSPHORUS,PHOSPHORUS,NA,7723140,New Row: Needs Review,TADA.AliasMatch,NA
TOTAL PARTICULATE PHOSPHORUS,TOTAL DISSOLVED PHOSPHORUS,TOTAL PHOSPHORUS,"PHOSPHORUS, TOTAL",NA,,New Row: Needs Review,TADA.AliasMatch,NA
NITROGEN,TOTAL INORGANIC NITROGEN,TOTAL INORGANIC NITROGEN,NITROGEN,NA,7727379,New Row: Needs Review,TADA.AliasMatch,NA
TOTAL KJELDAHL NITROGEN,TOTAL INORGANIC NITROGEN,TOTAL INORGANIC NITROGEN,"NITROGEN, TOTAL",NA,,New Row: Needs Review,TADA.AliasMatch,NA
TOTAL PARTICULATE NITROGEN,TOTAL INORGANIC NITROGEN,TOTAL INORGANIC NITROGEN,"NITROGEN, TOTAL",NA,,New Row: Needs Review,TADA.AliasMatch,NA
NITROGEN,TOTAL KJEHLDAL NITROGEN,TOTAL KJEHLDAL NITROGEN,NITROGEN,NA,7727379,New Row: Needs Review,TADA.AliasMatch,NA
TOTAL KJELDAHL NITROGEN,TOTAL KJEHLDAL NITROGEN,TOTAL KJEHLDAL NITROGEN,"NITROGEN, TOTAL",NA,,New Row: Needs Review,TADA.AliasMatch,NA
TOTAL PARTICULATE NITROGEN,TOTAL KJEHLDAL NITROGEN,TOTAL KJEHLDAL NITROGEN,"NITROGEN, TOTAL",NA,,New Row: Needs Review,TADA.AliasMatch,NA
NITRATE,TOTAL NITRATE AND NITRITE,NITRATE + NITRITE,NITRATE,NA,14797558,New Row: Needs Review,TADA.AliasMatch,NA
NITRITE,TOTAL NITRATE AND NITRITE,NITRATE + NITRITE,NITRITE,NA,14797650,New Row: Needs Review,TADA.AliasMatch,NA
NITROGEN,TOTAL NITROGEN,TOTAL NITROGEN,NITROGEN,NA,7727379,New Row: Needs Review,TADA.AliasMatch,NA
TOTAL KJELDAHL NITROGEN,TOTAL NITROGEN,TOTAL NITROGEN,"NITROGEN, TOTAL",NA,,New Row: Needs Review,TADA.AliasMatch,NA
TOTAL PARTICULATE NITROGEN,TOTAL NITROGEN,TOTAL NITROGEN,"NITROGEN, TOTAL",NA,,New Row: Needs Review,TADA.AliasMatch,NA
NITROGEN,TOTAL NITROGEN,TOTAL NITROGEN,TOTAL KJEHLDAHL NITROGEN (TKN),NA,7727379,New Row: Needs Review,TADA.AliasMatch,NA
CARBON,TOTAL ORGANIC CARBON,TOTAL ORGANIC CARBON,CARBON,NA,7440440,New Row: Needs Review,TADA.AliasMatch,NA
ORGANIC CARBON,TOTAL ORGANIC CARBON,TOTAL ORGANIC CARBON,TOTAL ORGANIC CARBON (TOC),NA,,New Row: Needs Review,TADA.AliasMatch,NA
TOTAL CARBON,TOTAL ORGANIC CARBON,TOTAL ORGANIC CARBON,TOTAL ORGANIC CARBON (TOC),NA,,New Row: Needs Review,TADA.AliasMatch,NA
HYDROCARBONS,TOTAL PETROLEUM HYDROCARBONS,TOTAL PETROLEUM HYDROCARBONS,HYDROCARBONS,NA,308067530,New Row: Needs Review,TADA.AliasMatch,NA
"HYDROCARBONS, PETROLEUM",TOTAL PETROLEUM HYDROCARBONS,TOTAL PETROLEUM HYDROCARBONS,PETROLEUM HYDROCARBONS,NA,,New Row: Needs Review,TADA.AliasMatch,NA
"(1,1,1,2,2-PENTAFLUORO-4-METHYLHEPTAN-4-YL) PHOSPHATE",TOTAL PHOSPHATE,TOTAL PHOSPHATE,PHOSPHATE,NA,,New Row: Needs Review,TADA.AliasMatch,NA
"(4-ETHYL-1,1,1,2,2-PENTAFLUOROHEPTAN-4-YL) PHOSPHATE",TOTAL PHOSPHATE,TOTAL PHOSPHATE,PHOSPHATE,NA,,New Row: Needs Review,TADA.AliasMatch,NA
"3-ETHYL-7,8,8,9,9,10,10,11,11,12,12,13,13,13-TETRADECAFLUOROTRIDEC-6-EN-6-YL PHOSPHATE",TOTAL PHOSPHATE,TOTAL PHOSPHATE,PHOSPHATE,NA,113138480,New Row: Needs Review,TADA.AliasMatch,NA
BIS((PERFLUORO-9-METHYLDECYL)ETHYL) PHOSPHATE,TOTAL PHOSPHATE,TOTAL PHOSPHATE,PHOSPHATE,NA,93857557,New Row: Needs Review,TADA.AliasMatch,NA
"BIS(3,3,4,4,5,5,6,6,7,7,8,8,9,9,10,10,10-HEPTADECAFLUORODECYL) PHOSPHATE",TOTAL PHOSPHATE,TOTAL PHOSPHATE,PHOSPHATE,NA,1411713911,New Row: Needs Review,TADA.AliasMatch,NA
D-GALACTOSE-6-[5-[(3(-PERFLUOROOCTYL)-1-NONYLPROPYL)OXY]PENTYLHYDROGEN PHOSPHATE],TOTAL PHOSPHATE,TOTAL PHOSPHATE,PHOSPHATE,NA,172916277,New Row: Needs Review,TADA.AliasMatch,NA
HYDROGEN PHOSPHATE,TOTAL PHOSPHATE,TOTAL PHOSPHATE,PHOSPHATE,NA,14066194,New Row: Needs Review,TADA.AliasMatch,NA
OLEANDOMYCIN PHOSPHATE,TOTAL PHOSPHATE,TOTAL PHOSPHATE,PHOSPHATE,NA,7060744,New Row: Needs Review,TADA.AliasMatch,NA
TRI-O-CRESYL PHOSPHATE,TOTAL PHOSPHATE,TOTAL PHOSPHATE,PHOSPHATE,NA,78308,New Row: Needs Review,TADA.AliasMatch,NA
TRI-P-TOLYL PHOSPHATE,TOTAL PHOSPHATE,TOTAL PHOSPHATE,PHOSPHATE,NA,78320,New Row: Needs Review,TADA.AliasMatch,NA
TRIBUTYL PHOSPHATE,TOTAL PHOSPHATE,TOTAL PHOSPHATE,PHOSPHATE,NA,126738,New Row: Needs Review,TADA.AliasMatch,NA
TRICALCIUM PHOSPHATE,TOTAL PHOSPHATE,TOTAL PHOSPHATE,PHOSPHATE,NA,7758874,New Row: Needs Review,TADA.AliasMatch,NA
TRICRESYL PHOSPHATE,TOTAL PHOSPHATE,TOTAL PHOSPHATE,PHOSPHATE,NA,1330785,New Row: Needs Review,TADA.AliasMatch,NA
TRIETHYL PHOSPHATE,TOTAL PHOSPHATE,TOTAL PHOSPHATE,PHOSPHATE,NA,78400,New Row: Needs Review,TADA.AliasMatch,NA
TRIMETHYL PHOSPHATE,TOTAL PHOSPHATE,TOTAL PHOSPHATE,PHOSPHATE,NA,512561,New Row: Needs Review,TADA.AliasMatch,NA
TRIPHENYL PHOSPHATE,TOTAL PHOSPHATE,TOTAL PHOSPHATE,PHOSPHATE,NA,115866,New Row: Needs Review,TADA.AliasMatch,NA
TRIPROPYL PHOSPHATE,TOTAL PHOSPHATE,TOTAL PHOSPHATE,PHOSPHATE,NA,513086,New Row: Needs Review,TADA.AliasMatch,NA
"TRIS(1,1,2,2,2-PENTAFLUOROETHYL) PHOSPHATE",TOTAL PHOSPHATE,TOTAL PHOSPHATE,PHOSPHATE,NA,,New Row: Needs Review,TADA.AliasMatch,NA
TRIS(1-CHLORO-2-PROPYL) PHOSPHATE,TOTAL PHOSPHATE,TOTAL PHOSPHATE,PHOSPHATE,NA,13674845,New Row: Needs Review,TADA.AliasMatch,NA
"TRIS(1H,1H,2H,2H-PERFLUOROHEXYL) PHOSPHATE",TOTAL PHOSPHATE,TOTAL PHOSPHATE,PHOSPHATE,NA,1887067551,New Row: Needs Review,TADA.AliasMatch,NA
"TRIS(2,2,3,3,4,4,5,5-OCTAFLUOROPENTYL) PHOSPHATE",TOTAL PHOSPHATE,TOTAL PHOSPHATE,PHOSPHATE,NA,355862,New Row: Needs Review,TADA.AliasMatch,NA
"TRIS(2,3-DIBROMOPROPYL) PHOSPHATE",TOTAL PHOSPHATE,TOTAL PHOSPHATE,PHOSPHATE,NA,126727,New Row: Needs Review,TADA.AliasMatch,NA
TRIS(2-BUTOXYETHYL) PHOSPHATE,TOTAL PHOSPHATE,TOTAL PHOSPHATE,PHOSPHATE,NA,78513,New Row: Needs Review,TADA.AliasMatch,NA
TRIS(2-CHLOROETHYL) PHOSPHATE,TOTAL PHOSPHATE,TOTAL PHOSPHATE,PHOSPHATE,NA,115968,New Row: Needs Review,TADA.AliasMatch,NA
TRIS(2-ETHYLHEXYL) PHOSPHATE,TOTAL PHOSPHATE,TOTAL PHOSPHATE,PHOSPHATE,NA,78422,New Row: Needs Review,TADA.AliasMatch,NA
"TRIS(3,3,4,4,5,5,6,6,7,7,8,8,8-TRIDECAFLUOROOCTYL) PHOSPHATE",TOTAL PHOSPHATE,TOTAL PHOSPHATE,PHOSPHATE,NA,165325622,New Row: Needs Review,TADA.AliasMatch,NA
"TRIS(3,3,4,4,5,5,6,6,7,7,8,8,9,9,10,10,10-HEPTADECAFLUORODECYL) PHOSPHATE",TOTAL PHOSPHATE,TOTAL PHOSPHATE,PHOSPHATE,NA,149790227,New Row: Needs Review,TADA.AliasMatch,NA
"TRIS(3,3,4,4,5,5,6,6,7,7,8,8,9,9,10,10,11,11,12,12,12-HENICOSAFLUORODODECYL) PHOSPHATE",TOTAL PHOSPHATE,TOTAL PHOSPHATE,PHOSPHATE,NA,106554169,New Row: Needs Review,TADA.AliasMatch,NA
PHOSPHORUS,TOTAL PHOSPHORUS,TOTAL PHOSPHORUS,PHOSPHORUS,NA,7723140,New Row: Needs Review,TADA.AliasMatch,NA
TOTAL PARTICULATE PHOSPHORUS,TOTAL PHOSPHORUS,TOTAL PHOSPHORUS,"PHOSPHORUS, TOTAL",NA,,New Row: Needs Review,TADA.AliasMatch,NA
CHLORINE,TOTAL RESIDUAL CHLORINE,CHLORINE,CHLORINE,NA,7782505,New Row: Needs Review,TADA.AliasMatch,NA
"CHLORINE, TOTAL RESIDUAL",TOTAL RESIDUAL CHLORINE,CHLORINE,"CHLORINE, TOTAL RESIDUAL (TRC)",NA,7782505,New Row: Needs Review,TADA.AliasMatch,NA
NITROGEN,TOTAL SOLUBLE INORGANIC NITROGEN,TOTAL SOLUBLE INORGANIC NITROGEN,NITROGEN,NA,7727379,New Row: Needs Review,TADA.AliasMatch,NA
TOTAL KJELDAHL NITROGEN,TOTAL SOLUBLE INORGANIC NITROGEN,TOTAL SOLUBLE INORGANIC NITROGEN,"NITROGEN, TOTAL",NA,,New Row: Needs Review,TADA.AliasMatch,NA
TOTAL PARTICULATE NITROGEN,TOTAL SOLUBLE INORGANIC NITROGEN,TOTAL SOLUBLE INORGANIC NITROGEN,"NITROGEN, TOTAL",NA,,New Row: Needs Review,TADA.AliasMatch,NA
SEDIMENT,TOXAPHENE,TOXAPHENE,TOXAPHENE IN SEDIMENT,8001352,,New Row: Needs Review,TADA.AliasMatch,NA
NA,"TRANS-1,2-DICHLOROETHENE","TRANS-1,2-DICHLOROETHYLENE","TRANS-1,2-DICHLOROETHENE",156605,NA,New Row: Needs Review,TADA.AliasMatch,NA
"TRANSPARENCY, SECCHI TUBE WITH DISK",TRANSPARENCY,TRANSPARENCY,SECCHI DISK TRANSPARENCY,NA,,New Row: Needs Review,TADA.AliasMatch,NA
NA,TRANSPARENCY,TRANSPARENCY,TRANSPARENCY / CLARITY,NA,NA,New Row: Needs Review,TADA.AliasMatch,NA
"CHLORINE, TOTAL RESIDUAL",TRC,TRC,"CHLORINE, TOTAL RESIDUAL (TRC)",NA,7782505,New Row: Needs Review,TADA.AliasMatch,NA
NA,TRICHLORINATED ETHANES,TRICHLORINATED ETHANES,TRICHLORINATED ETHANES,25323891,NA,New Row: Needs Review,TADA.AliasMatch,NA
"(1,1,1,2,2-PENTAFLUORO-4-METHYLHEPTAN-4-YL) PHOSPHATE",TRIPHENYL PHOSPHATE,TRIPHENYL PHOSPHATE,PHOSPHATE,115866,,New Row: Needs Review,TADA.AliasMatch,NA
"(4-ETHYL-1,1,1,2,2-PENTAFLUOROHEPTAN-4-YL) PHOSPHATE",TRIPHENYL PHOSPHATE,TRIPHENYL PHOSPHATE,PHOSPHATE,115866,,New Row: Needs Review,TADA.AliasMatch,NA
"TRIS(1,1,2,2,2-PENTAFLUOROETHYL) PHOSPHATE",TRIPHENYL PHOSPHATE,TRIPHENYL PHOSPHATE,PHOSPHATE,115866,,New Row: Needs Review,TADA.AliasMatch,NA
TURBIDITY,TURBIDITY INCREASE,TURBIDITY INCREASE,TURBIDITY,NA,,New Row: Needs Review,TADA.AliasMatch,NA
PRESENCE OF PATHOGENS OR PESTS (CHOICE LIST),VIRUSES & PATHOGENS,VIRUSES & PATHOGENS,PATHOGENS,NA,,New Row: Needs Review,TADA.AliasMatch,NA
PHOSPHORUS,WHITE PHOSPHORUS,WHITE PHOSPHORUS,PHOSPHORUS,NA,7723140,New Row: Needs Review,TADA.AliasMatch,NA
SEDIMENT,ZINC,ZINC,ZINC IN SEDIMENT,7440666,,New Row: Needs Review,TADA.AliasMatch,NA
ZINEB,ZINEB,ZINEB,ZINEB,NA,12122677,New Row: Needs Review,TADA.AliasMatch,NA
"1,2-PROPANEDIOL, 3,3,3-TRIFLUORO-2-(TRIFLUOROMETHYL)-",NA,NA,"1,2-PROPANEDIOL",NA,143471083,New Row: Needs Review,TADA.AliasMatch,NA
"2,3,5,6-TETRACHLOROPHENOL",NA,NA,"2,3,5,6-TETRACHLOROPHENOL",NA,935955,New Row: Needs Review,TADA.AliasMatch,NA
"2-BUTANONE, 1,1,1,3,4,4,4-HEPTAFLUORO-3-(TRIFLUOROMETHYL)-",NA,NA,2-BUTANONE,NA,756127,New Row: Needs Review,TADA.AliasMatch,NA
"2-BUTANONE, 1,1,1,4,4,4-HEXAFLUORO-3,3-BIS(TRIFLUOROMETHYL)-",NA,NA,2-BUTANONE,NA,88995839,New Row: Needs Review,TADA.AliasMatch,NA
"2-BUTANONE, 3,3,4,4-TETRAFLUORO-",NA,NA,2-BUTANONE,NA,679970,New Row: Needs Review,TADA.AliasMatch,NA
"2-BUTANONE, O,O',O''-[[3-(1,1,2,2-TETRAFLUOROETHOXY)PROPYL]SILYLIDYNE]OXIME,(2E,2'E,2''E)-",NA,NA,2-BUTANONE,NA,94232710,New Row: Needs Review,TADA.AliasMatch,NA
2-CHORO-6-ETHYLAMINO-4-AMINO-S-TRIAZINE,NA,NA,2-CHORO-6-ETHYLAMINO-4-AMINO-S-TRIAZINE,NA,1007289,New Row: Needs Review,TADA.AliasMatch,NA
2-HYDROXYATRAZINE,NA,NA,2-HYDROXYATRAZINE,NA,2163680,New Row: Needs Review,TADA.AliasMatch,NA
SEDIMENT,NA,NA,2-METHYLNAPHTHALENE IN SEDIMENT,NA,,New Row: Needs Review,TADA.AliasMatch,NA
SEDIMENT,NA,NA,2-METHYLPHENOL IN SEDIMENT,NA,,New Row: Needs Review,TADA.AliasMatch,NA
"PHENOL, 4,4'-METHYLENEBIS-",NA,NA,"4,4'-METHYLENEBIS",NA,620928,New Row: Needs Review,TADA.AliasMatch,NA
SEDIMENT,NA,NA,4-METHYLPHENOL IN SEDIMENT,NA,,New Row: Needs Review,TADA.AliasMatch,NA
GROWTH,NA,NA,ALGAL/MACROPHYTE GROWTH,NA,,New Row: Needs Review,TADA.AliasMatch,NA
GROWTH,NA,NA,ALGAL/WEED GROWTH,NA,,New Row: Needs Review,TADA.AliasMatch,NA
ALKYLBENZENE SULFONATE,NA,NA,ALKYLBENZENE,NA,,New Row: Needs Review,TADA.AliasMatch,NA
AMMONIA-NITROGEN,NA,NA,AMMONIA-NITROGEN,NA,,New Row: Needs Review,TADA.AliasMatch,NA
AMMONIA-NITROGEN,NA,NA,AMMONIA-NITROGEN - ACUTE,NA,,New Row: Needs Review,TADA.AliasMatch,NA
AMMONIA-NITROGEN,NA,NA,AMMONIA-NITROGEN - CHRONIC EARLY LIFE STAGE,NA,,New Row: Needs Review,TADA.AliasMatch,NA
AMMONIA-NITROGEN,NA,NA,AMMONIA-NITROGEN - CHRONIC NO EARLY LIFE STAGE,NA,,New Row: Needs Review,TADA.AliasMatch,NA
"BANK EROSION, LEFT",NA,NA,BANK EROSION,NA,,New Row: Needs Review,TADA.AliasMatch,NA
"BANK EROSION, RIGHT",NA,NA,BANK EROSION,NA,,New Row: Needs Review,TADA.AliasMatch,NA
SEDIMENT,NA,NA,BENZOFLUORANTHENES TOTAL (B+K+J) IN SEDIMENT,NA,,New Row: Needs Review,TADA.AliasMatch,NA
BENZO[A]PYRENE,NA,NA,BENZO[A]PYRENE,NA,50328,New Row: Needs Review,TADA.AliasMatch,NA
BENZO[A]PYRENE,NA,NA,BENZO[A]PYRENE IN FISH TISSUE,NA,50328,New Row: Needs Review,TADA.AliasMatch,NA
BENZO(B)FLUORANTHENE,NA,NA,BENZO[B]FLUORANTHENE,NA,205992,New Row: Needs Review,TADA.AliasMatch,NA
BENZO(B)FLUORANTHENE,NA,NA,BENZO[B]FLUORANTHENE IN FISH TISSUE,NA,205992,New Row: Needs Review,TADA.AliasMatch,NA
BENZO[K]FLUORANTHENE,NA,NA,BENZO[K]FLUORANTHENE,NA,207089,New Row: Needs Review,TADA.AliasMatch,NA
BENZO[K]FLUORANTHENE,NA,NA,BENZO[K]FLUORANTHENE IN FISH TISSUE,NA,207089,New Row: Needs Review,TADA.AliasMatch,NA
BENZ[A]ANTHRACENE,NA,NA,BENZ[A]ANTHRACENE,NA,56553,New Row: Needs Review,TADA.AliasMatch,NA
BIS(2-CHLOROETHOXY)METHANE,NA,NA,BIS(2-CHLOROETHOXY)METHANE,NA,111911,New Row: Needs Review,TADA.AliasMatch,NA
UNNATURAL BOTTOM DEPOSITS (CHOICE LIST),NA,NA,BOTTOM DEPOSITS,NA,,New Row: Needs Review,TADA.AliasMatch,NA
CFC-113,NA,NA,CFC-113,NA,76131,New Row: Needs Review,TADA.AliasMatch,NA
"CHLORAMINES, TOTAL",NA,NA,CHLORAMINES,NA,,New Row: Needs Review,TADA.AliasMatch,NA
"ETHANE, 1-CHLORO-1,1,2,2,2-PENTAFLUORO-, COMPD. WITH CHLORODIFLUOROMETHANE (1:1)",NA,NA,CHLORODIFLUOROMETHANE,NA,39432810,New Row: Needs Review,TADA.AliasMatch,NA
HERBICIDES,NA,NA,"CHLOROPHENOXY HERBICIDES (2,4,5,-TP)",NA,,New Row: Needs Review,TADA.AliasMatch,NA
CIS-CHLORDANE,NA,NA,CIS-CHLORDANE,NA,5103719,New Row: Needs Review,TADA.AliasMatch,NA
CLOPYRALID,NA,NA,CLOPYRALID,NA,1702176,New Row: Needs Review,TADA.AliasMatch,NA
BENZO[A]PYRENE,NA,NA,CONTAMINATED SEDIMENTS (BENZO[A]PYRENE),NA,50328,New Row: Needs Review,TADA.AliasMatch,NA
CRESOL,NA,NA,CRESOL (MIXED ISOMERS),NA,1319773,New Row: Needs Review,TADA.AliasMatch,NA
CYANAZINE,NA,NA,CYANAZINE,NA,21725462,New Row: Needs Review,TADA.AliasMatch,NA
SEDIMENT,NA,NA,DDD IN SEDIMENT,NA,,New Row: Needs Review,TADA.AliasMatch,NA
LARGE WOODY DEBRIS DIAMETER,NA,NA,DEBRIS,NA,,New Row: Needs Review,TADA.AliasMatch,NA
LARGE WOODY DEBRIS LENGTH,NA,NA,DEBRIS,NA,,New Row: Needs Review,TADA.AliasMatch,NA
LARGE WOODY DEBRIS VOLUME,NA,NA,DEBRIS,NA,,New Row: Needs Review,TADA.AliasMatch,NA
SUBSTRATE - WOODY DEBRIS,NA,NA,DEBRIS,NA,,New Row: Needs Review,TADA.AliasMatch,NA
DESETHYLATRAZINE (ISO-PROPYL-D7),NA,NA,DESETHYLATRAZINE,NA,1216649318,New Row: Needs Review,TADA.AliasMatch,NA
SEDIMENT,NA,NA,DIBENZOFURAN IN SEDIMENT,NA,,New Row: Needs Review,TADA.AliasMatch,NA
ORGANIC CARBON,NA,NA,DISSOLVED ORGANIC CARBON (DOC),NA,,New Row: Needs Review,TADA.AliasMatch,NA
EPTC R248722,NA,NA,EPTC,NA,,New Row: Needs Review,TADA.AliasMatch,NA
FENPROPATHRIN,NA,NA,FENPROPATHRIN,NA,39515418,New Row: Needs Review,TADA.AliasMatch,NA
FISH - PASSAGE BARRIER (Y/N) (CHOICE LIST),NA,NA,FISH PASSAGE BARRIER,NA,,New Row: Needs Review,TADA.AliasMatch,NA
FLOATING DEBRIS (Y/N) (CHOICE LIST),NA,NA,FLOATING DEBRIS,NA,,New Row: Needs Review,TADA.AliasMatch,NA
DEPTH,NA,NA,FLOW ALTERATION-CHANGES IN DEPTH AND FLOW VELOCITY,NA,,New Row: Needs Review,TADA.AliasMatch,NA
SEDIMENT,NA,NA,GOLD IN SEDIMENT,NA,,New Row: Needs Review,TADA.AliasMatch,NA
PHYSICAL SUBSTRATE HABITAT ALTERATIONS (Y/N) (CHOICE LIST),NA,NA,HABITAT ALTERATIONS,NA,,New Row: Needs Review,TADA.AliasMatch,NA
"RBP2, HIGH G, HABITAT ASSESSMENT TOTAL RATING",NA,NA,HABITAT ASSESSMENT,NA,,New Row: Needs Review,TADA.AliasMatch,NA
"RBP2, HIGH G, HABITAT ASSESSMENT TOTAL SCORE",NA,NA,HABITAT ASSESSMENT,NA,,New Row: Needs Review,TADA.AliasMatch,NA
"RBP2, LOW G, HABITAT ASSESSMENT TOTAL RATING",NA,NA,HABITAT ASSESSMENT,NA,,New Row: Needs Review,TADA.AliasMatch,NA
"RBP2, LOW G, HABITAT ASSESSMENT TOTAL SCORE",NA,NA,HABITAT ASSESSMENT,NA,,New Row: Needs Review,TADA.AliasMatch,NA
"RBP2, MID G, HABITAT ASSESSMENT TOTAL SCORE",NA,NA,HABITAT ASSESSMENT,NA,,New Row: Needs Review,TADA.AliasMatch,NA
ISOPROPANOL,NA,NA,ISOPROPANOL,NA,67630,New Row: Needs Review,TADA.AliasMatch,NA
LOW FLOW ALTERATIONS (Y/N) (CHOICE LIST),NA,NA,LOW FLOW ALTERATIONS,NA,,New Row: Needs Review,TADA.AliasMatch,NA
MCPA,NA,NA,MCPA,NA,94746,New Row: Needs Review,TADA.AliasMatch,NA
METHYL ISOBUTYL KETONE,NA,NA,METHYL ISOBUTYL KETONE,NA,108101,New Row: Needs Review,TADA.AliasMatch,NA
O-CHLOROTOLUENE,NA,NA,O-CHLOROTOLUENE,NA,95498,New Row: Needs Review,TADA.AliasMatch,NA
POLAR ORGANIC CHEMICALS,NA,NA,ORGANIC CHEMICALS,NA,,New Row: Needs Review,TADA.AliasMatch,NA
HALOGENATED ORGANICS,NA,NA,ORGANICS,NA,,New Row: Needs Review,TADA.AliasMatch,NA
"ORGANICS, SEMIVOLATILE",NA,NA,ORGANICS,NA,,New Row: Needs Review,TADA.AliasMatch,NA
"DDD, O,P'- AND P,P'- ISOMERS",NA,NA,"P,P' DDD",NA,,New Row: Needs Review,TADA.AliasMatch,NA
P-CHLOROTOLUENE,NA,NA,P-CHLOROTOLUENE,NA,106434,New Row: Needs Review,TADA.AliasMatch,NA
P-CYMENE,NA,NA,P-CYMENE,NA,99876,New Row: Needs Review,TADA.AliasMatch,NA
PERFLUOROHEXANE,NA,NA,PERFLUOROHEXANE SULFONIC ACID (PFHxS),NA,355420,New Row: Needs Review,TADA.AliasMatch,NA
PERFLUOROHEXANE,NA,NA,PERFLUOROHEXANE SULFONIC ACID (PFHxS) IN FISH TISSUE,NA,355420,New Row: Needs Review,TADA.AliasMatch,NA
PERFLUOROOCTANE SULFONATE,NA,NA,PERFLUOROOCTANE SULFONATE (PFOS),NA,,New Row: Needs Review,TADA.AliasMatch,NA
PERFLUOROOCTANE SULFONATE,NA,NA,PERFLUOROOCTANE SULFONATE (PFOS) IN FISH TISSUE,NA,,New Row: Needs Review,TADA.AliasMatch,NA
CARBAMATE PESTICIDES,NA,NA,PESTICIDES,NA,,New Row: Needs Review,TADA.AliasMatch,NA
ORGANOCHLORINE PESTICIDES,NA,NA,PESTICIDES,NA,,New Row: Needs Review,TADA.AliasMatch,NA
ORGANOPHOSPHATE PESTICIDES,NA,NA,PESTICIDES,NA,,New Row: Needs Review,TADA.AliasMatch,NA
ORGANOPHOSPHORUS PESTICIDES,NA,NA,PESTICIDES,NA,,New Row: Needs Review,TADA.AliasMatch,NA
PHOSPHATED PESTICIDES,NA,NA,PESTICIDES,NA,,New Row: Needs Review,TADA.AliasMatch,NA
PHEOPHYTIN,NA,NA,PHEOPHYTIN A,NA,603178,New Row: Needs Review,TADA.AliasMatch,NA
PHYSICAL SUBSTRATE HABITAT ALTERATIONS (Y/N) (CHOICE LIST),NA,NA,PHYSICAL SUBSTRATE HABITAT ALTERATIONS,NA,,New Row: Needs Review,TADA.AliasMatch,NA
PYRETHRIN I,NA,NA,PYRETHRIN,NA,121211,New Row: Needs Review,TADA.AliasMatch,NA
PYRETHRIN II,NA,NA,PYRETHRIN,NA,121299,New Row: Needs Review,TADA.AliasMatch,NA
"CONDITION CLASS, RIPARIAN DISTURBANCE",NA,NA,RIPARIAN DISTURBANCE,NA,,New Row: Needs Review,TADA.AliasMatch,NA
RIPARIAN DISTURBANCE INTENSITY-EXTENT INDEX,NA,NA,RIPARIAN DISTURBANCE,NA,,New Row: Needs Review,TADA.AliasMatch,NA
SEAGRASS COVERAGE,NA,NA,SEAGRASS,NA,,New Row: Needs Review,TADA.AliasMatch,NA
SEAGRASS HEIGHT,NA,NA,SEAGRASS,NA,,New Row: Needs Review,TADA.AliasMatch,NA
HYDROLOGIC STRESSORS: RECENT SEDIMENTATION (CHOICE LIST),NA,NA,SEDIMENTATION,NA,,New Row: Needs Review,TADA.AliasMatch,NA
SLUDGE DEPTH,NA,NA,SLUDGE,NA,,New Row: Needs Review,TADA.AliasMatch,NA
WATER TASTE (CHOICE LIST),NA,NA,TASTE,NA,,New Row: Needs Review,TADA.AliasMatch,NA
RIPARIAN - TRASH (CHOICE LIST),NA,NA,TRASH,NA,,New Row: Needs Review,TADA.AliasMatch,NA
TRIBENURON-METHYL,NA,NA,TRIBENURON-METHYL,NA,101200480,New Row: Needs Review,TADA.AliasMatch,NA
TRIETHYLENE GLYCOL,NA,NA,TRIETHYLENE GLYCOL DICHLORIDE,NA,112276,New Row: Needs Review,TADA.AliasMatch,NA
SEDIMENT,NA,NA,UNSPECIFIED METALS IN SEDIMENT,NA,,New Row: Needs Review,TADA.AliasMatch,NA
WATER,NA,NA,WATER COLUMN BIOASSAY,NA,7732185,New Row: Needs Review,TADA.AliasMatch,NA
WHOLE EFFLUENT TOXICITY,NA,NA,WHOLE EFFLUENT TOXICITY (WET),NA,,New Row: Needs Review,TADA.AliasMatch,NA
((PERFLUORO-11-METHYLDODECYL)ETHYL) DIHYDROGEN PHOSPHATE,PHOSPHATE,PHOSPHATE,NA,NA,NA,New Row: Needs Review,TADA.AliasMatch,NA
(10H-PERFLUORODECYL)METHANOL PHOSPHATE AMMONIUM SALT (2:1),PHOSPHATE,PHOSPHATE,NA,NA,NA,New Row: Needs Review,TADA.AliasMatch,NA
"(1H,1H,7H-PERFLUOROHEPTYL)-2-SULFOHEXADECANOATE SODIUM SALT",SODIUM,SODIUM,NA,NA,NA,New Row: Needs Review,TADA.AliasMatch,NA
"(1Z)-2,2,3,3,4,4,4-HEPTAFLUORO-N-(1,1,2,2,3,3,4,4,4-NONAFLUOROBUTYL)BUTANIMIDOYL FLUORIDE",FLUORIDE,FLUORIDE,NA,7681494,NA,New Row: Needs Review,TADA.AliasMatch,NA
"(1Z)-2,2,3,3,4,4,4-HEPTAFLUORO-N-(4-METHOXY-2-METHYLPHENYL)BUTANIMIDOYL CHLORIDE",CHLORIDE,CHLORIDE,NA,16887006,NA,New Row: Needs Review,TADA.AliasMatch,NA
"(1Z)-N-[2-(BROMOMETHYL)-4-METHOXYPHENYL]-2,2,3,3,4,4,4-HEPTAFLUOROBUTANIMIDOYL CHLORIDE",CHLORIDE,CHLORIDE,NA,16887006,NA,New Row: Needs Review,TADA.AliasMatch,NA
"(2,2-DICHLORO-1,1,2-TRIFLUOROETHOXY)(DIFLUORO)ACETYL FLUORIDE",FLUORIDE,FLUORIDE,NA,7681494,NA,New Row: Needs Review,TADA.AliasMatch,NA
(4-FLUOROPHENYL)(HEPTADECAFLUOROOCTYL)IODANIUM HYDROGEN SULFATE,SULFATE,SULFATE,NA,NA,NA,New Row: Needs Review,TADA.AliasMatch,NA
(5-DIFLUOROMETHYLPERFLUORO-1-PENTYL)METHANESULFINIC ACID SODIUM,SODIUM,SODIUM,NA,NA,NA,New Row: Needs Review,TADA.AliasMatch,NA
(CHLOROMETHYL)(PENTAFLUOROETHYL)PHOSPHINIC CHLORIDE,CHLORIDE,CHLORIDE,NA,16887006,NA,New Row: Needs Review,TADA.AliasMatch,NA
(E)-PERFLUORO-4-METHYLPENT-2-ENOYL FLUORIDE,FLUORIDE,FLUORIDE,NA,7681494,NA,New Row: Needs Review,TADA.AliasMatch,NA
(PENTAFLUOROETHYL)(PHENYL)IODANIUM HYDROGEN SULFATE,SULFATE,SULFATE,NA,NA,NA,New Row: Needs Review,TADA.AliasMatch,NA
(PERFLUORO-13-METHYLTETRADECYL)ETHYL DIHYDROGEN PHOSPHATE,PHOSPHATE,PHOSPHATE,NA,NA,NA,New Row: Needs Review,TADA.AliasMatch,NA
(PERFLUORO-15-METHYLHEXADECYL)ETHYL DIHYDROGEN PHOSPHATE,PHOSPHATE,PHOSPHATE,NA,NA,NA,New Row: Needs Review,TADA.AliasMatch,NA
(PERFLUORO-7-METHYLOCTYL)-2-HYDROXYPROPYL DIHYDROGEN PHOSPHATE,PHOSPHATE,PHOSPHATE,NA,NA,NA,New Row: Needs Review,TADA.AliasMatch,NA
(PERFLUORO-9-METHYLDECYL)ETHYL DIHYDROGEN PHOSPHATE,PHOSPHATE,PHOSPHATE,NA,NA,NA,New Row: Needs Review,TADA.AliasMatch,NA
(PERFLUOROBUTYL)BENZENESULFONIC ACID SODIUM SALT,SODIUM,SODIUM,NA,NA,NA,New Row: Needs Review,TADA.AliasMatch,NA
(PERFLUOROHEXYL)ETHYL (PERFLUORODECYL)ETHYL HYDROGEN PHOSPHATE,PHOSPHATE,PHOSPHATE,NA,NA,NA,New Row: Needs Review,TADA.AliasMatch,NA
(PERFLUOROHEXYL)ETHYL (PERFLUORODODECYL)ETHYL HYDROGEN PHOSPHATE,PHOSPHATE,PHOSPHATE,NA,NA,NA,New Row: Needs Review,TADA.AliasMatch,NA
(PERFLUORONONYLOXY)BENZOATE SODIUM,SODIUM,SODIUM,NA,NA,NA,New Row: Needs Review,TADA.AliasMatch,NA
(PERFLUOROOCTYL)-2-HYDROXYPROPYL DIHYDROGEN PHOSPHATE,PHOSPHATE,PHOSPHATE,NA,NA,NA,New Row: Needs Review,TADA.AliasMatch,NA
(PERFLUOROOCTYL)ETHYL (PERFLUORODODECYL)ETHYL HYDROGEN PHOSPHATE,PHOSPHATE,PHOSPHATE,NA,NA,NA,New Row: Needs Review,TADA.AliasMatch,NA
(PERFLUOROOCTYL)PROPANOYL CHLORIDE,CHLORIDE,CHLORIDE,NA,16887006,NA,New Row: Needs Review,TADA.AliasMatch,NA
".ALPHA.,2,6-TRICHLOROTOLUENE","ALPHA,2,6-TRICHLOROTOLUENE","ALPHA,2,6-TRICHLOROTOLUENE",NA,2014837,NA,New Row: Needs Review,TADA.AliasMatch,NA
.ALPHA.-HEXACHLOROCYCLOHEXANE,ALPHA-HEXACHLOROCYCLOHEXANE,ALPHA-HEXACHLOROCYCLOHEXANE (HCH),NA,319846,NA,New Row: Needs Review,TADA.AliasMatch,NA
.ALPHA.-HEXACHLOROCYCLOHEXANE,ALPHA-HEXACHLOROCYCLOHEXANE (HCH),ALPHA-HEXACHLOROCYCLOHEXANE (HCH),NA,319846,NA,New Row: Needs Review,TADA.AliasMatch,NA
.ALPHA.-METHYLSTYRENE,ALPHA-METHYLSTYRENE,ALPHA-METHYLSTYRENE,NA,98839,NA,New Row: Needs Review,TADA.AliasMatch,NA
.BETA.-HEXACHLOROCYCLOHEXANE,BETA-HEXACHLOROCYCLOHEXANE,BETA-HEXACHLOROCYCLOHEXANE (HCH),NA,319857,NA,New Row: Needs Review,TADA.AliasMatch,NA
.BETA.-HEXACHLOROCYCLOHEXANE,BETA-HEXACHLOROCYCLOHEXANE (HCH),BETA-HEXACHLOROCYCLOHEXANE (HCH),NA,319857,NA,New Row: Needs Review,TADA.AliasMatch,NA
.DELTA.-HEXACHLOROCYCLOHEXANE,DELTA-HEXACHLOROCYCLOHEXANE,HEXACHLOROCYCLOHEXANE DELTA,NA,319868,NA,New Row: Needs Review,TADA.AliasMatch,NA
.GAMMA.-HEXACHLOROCYCLOHEXANE***RETIRED***USE LINDANE,LINDANE,GAMMA-HEXACHLOROCYCLOHEXANE (HCH) (LINDANE),NA,58899,NA,New Row: Needs Review,TADA.AliasMatch,NA
"1,1'-BIPHENYL, 4-(1,1,2,2-TETRAFLUOROETHOXY)-","1,1-BIPHENYL","1,1-BIPHENYL",NA,NA,NA,New Row: Needs Review,TADA.AliasMatch,NA
"1,1'-BIPHENYL, 4-(1,1,2,3,3,3-HEXAFLUOROPROPOXY)-","1,1-BIPHENYL","1,1-BIPHENYL",NA,NA,NA,New Row: Needs Review,TADA.AliasMatch,NA
"1,1,1-TRIFLUORO-N-(PENTAFLUOROETHYL)METHANESULFINIMIDOYL FLUORIDE",FLUORIDE,FLUORIDE,NA,7681494,NA,New Row: Needs Review,TADA.AliasMatch,NA
"1,1,2,2,2-PENTAFLUOROETHYL TRIFLUOROMETHYL PHOSPHATE",PHOSPHATE,PHOSPHATE,NA,NA,NA,New Row: Needs Review,TADA.AliasMatch,NA
"1,1,2,2,3,3,4,4,5,5,6,6,6-TRIDECAFLUOROHEXANE-1-SULPHONYL CHLORIDE",CHLORIDE,CHLORIDE,NA,16887006,NA,New Row: Needs Review,TADA.AliasMatch,NA
"1,1,2,2,3,3,4,4,5,5,6,6,7,7,8,8-HEXADECAFLUOROOCTANOL PHOSPHATE DISODIUM SALT",PHOSPHATE,PHOSPHATE,NA,NA,NA,New Row: Needs Review,TADA.AliasMatch,NA
"1,1,2,2,3,4,4-HEPTAFLUOROBUT-3-ENE-1-SULFONYL FLUORIDE",FLUORIDE,FLUORIDE,NA,7681494,NA,New Row: Needs Review,TADA.AliasMatch,NA
"1,1,2,2-TETRAFLUORO-2-(1,1,2,2,3,3,4,4-OCTAFLUORO-4-IODOBUTOXY)ETHANE-1-SULFONYL FLUORIDE",FLUORIDE,FLUORIDE,NA,7681494,NA,New Row: Needs Review,TADA.AliasMatch,NA
"1,1,2,2-TETRAFLUORO-2-(1,1,2,2-TETRAFLUORO-4-IODOBUTOXY)ETHANE-1-SULFONYL FLUORIDE",FLUORIDE,FLUORIDE,NA,7681494,NA,New Row: Needs Review,TADA.AliasMatch,NA
"1,1,2,2-TETRAFLUORO-2-(1,1,2,2-TETRAFLUOROETHOXY)ETHANE-1-SULFONYL CHLORIDE",CHLORIDE,CHLORIDE,NA,16887006,NA,New Row: Needs Review,TADA.AliasMatch,NA
"1,1,2,2-TETRAFLUORO-2-(1,1,2,2-TETRAFLUOROETHOXY)ETHANE-1-SULFONYL FLUORIDE",FLUORIDE,FLUORIDE,NA,7681494,NA,New Row: Needs Review,TADA.AliasMatch,NA
"1,1,2,2-TETRAFLUORO-2-(1,2,2,2-TETRAFLUOROETHOXY)ETHANE-1-SULFONYL FLUORIDE",FLUORIDE,FLUORIDE,NA,7681494,NA,New Row: Needs Review,TADA.AliasMatch,NA
"1,1,2,2-TETRAFLUORO-2-(NONAFLUOROBUTOXY)ETHANE-1-SULFONYL FLUORIDE",FLUORIDE,FLUORIDE,NA,7681494,NA,New Row: Needs Review,TADA.AliasMatch,NA
"1,1,2,2-TETRAFLUORO-2-(PENTAFLUOROETHOXY)ETHANE-1-SULFONYL FLUORIDE",FLUORIDE,FLUORIDE,NA,7681494,NA,New Row: Needs Review,TADA.AliasMatch,NA
"1,1,2,2-TETRAFLUORO-2-(TRIFLUOROMETHOXY)ETHANE-1-SULFONYL FLUORIDE",FLUORIDE,FLUORIDE,NA,7681494,NA,New Row: Needs Review,TADA.AliasMatch,NA
"1,1,2,2-TETRAFLUORO-2-HYDROXYETHANE-1-SULFONYL FLUORIDE",FLUORIDE,FLUORIDE,NA,7681494,NA,New Row: Needs Review,TADA.AliasMatch,NA
"1,1,2,2-TETRAFLUORO-2-[(1,1,2,2-TETRAFLUORO-4-IODOBUT-3-EN-1-YL)OXY]ETHANE-1-SULFONYL FLUORIDE",FLUORIDE,FLUORIDE,NA,7681494,NA,New Row: Needs Review,TADA.AliasMatch,NA
"1,1,2,2-TETRAFLUORO-2-[(OXIRAN-2-YL)METHOXY]ETHANE-1-SULFONYL FLUORIDE",FLUORIDE,FLUORIDE,NA,7681494,NA,New Row: Needs Review,TADA.AliasMatch,NA
"1,1,2,2-TETRAFLUORO-2-[(PENTAFLUOROALLYL)OXY]ETHANESULFONYL FLUORIDE",FLUORIDE,FLUORIDE,NA,7681494,NA,New Row: Needs Review,TADA.AliasMatch,NA
"1,1,2,2-TETRAFLUORO-2-[(TRIDECAFLUOROHEXYL)OXY]ETHANE-1-SULFONYL FLUORIDE",FLUORIDE,FLUORIDE,NA,7681494,NA,New Row: Needs Review,TADA.AliasMatch,NA
"1,1,2,2-TETRAFLUORO-2-[[1,1,1,2,3,3-HEXAFLUORO-3-(PENTAFLUOROETHOXY)PROPAN-2-YL]OXY]ETHANE-1-SULFONYL FLUORIDE",FLUORIDE,FLUORIDE,NA,7681494,NA,New Row: Needs Review,TADA.AliasMatch,NA
"1,1-DI-(4-METHOXYPHENYL)-1-[4-(1H,1H,2H,2H-PERFLUORODECYL)PHENYL]METHYL CHLORIDE",CHLORIDE,CHLORIDE,NA,16887006,NA,New Row: Needs Review,TADA.AliasMatch,NA
"1,1-DICHLOROETHENE***RETIRED***USE 1,1-DICHLOROETHYLENE","1,1-DICHLOROETHYLENE","1,1-DICHLOROETHYLENE",NA,75354,NA,New Row: Needs Review,TADA.AliasMatch,NA
"1,2,2,2-TETRAFLUORO-1-(TRIETHOXYSILYL)ETHANE-1-SULFONYL FLUORIDE",FLUORIDE,FLUORIDE,NA,7681494,NA,New Row: Needs Review,TADA.AliasMatch,NA
"1,2,2,3,3,3-HEXAFLUOROPROPYL HYDROGEN SULFATE",SULFATE,SULFATE,NA,NA,NA,New Row: Needs Review,TADA.AliasMatch,NA
"1,2,2,3,3,4,4,5,5,6,6-UNDECAFLUOROCYCLOHEXANE-1-CARBONYL CHLORIDE",CHLORIDE,CHLORIDE,NA,16887006,NA,New Row: Needs Review,TADA.AliasMatch,NA
"1,2,2,3,3,4,4,5,5,6,7,7-DODECAFLUOROHEPT-6-ENE-1-SULFONYL FLUORIDE",FLUORIDE,FLUORIDE,NA,7681494,NA,New Row: Needs Review,TADA.AliasMatch,NA
"1,2,3,4,5,6,6,7,7,7-DECAFLUOROHEPTYL HYDROGEN SULFATE",SULFATE,SULFATE,NA,NA,NA,New Row: Needs Review,TADA.AliasMatch,NA
"1,2,3,4,5,6,7,8,8,9,9,9-DODECAFLUORONONYL HYDROGEN SULFATE",SULFATE,SULFATE,NA,NA,NA,New Row: Needs Review,TADA.AliasMatch,NA
"1,2,3,4,5,6,7,8,9,10,10,11,11,11-TETRADECAFLUOROUNDECYL HYDROGEN SULFATE",SULFATE,SULFATE,NA,NA,NA,New Row: Needs Review,TADA.AliasMatch,NA
"1,2,3,4,5,6,7,8,9,10,11,12,12,13,13,13-HEXADECAFLUOROTRIDECYL HYDROGEN SULFATE",SULFATE,SULFATE,NA,NA,NA,New Row: Needs Review,TADA.AliasMatch,NA
"1,2,3,4,5,6,7,8,9,10,11,12,13,14,14,15,15,15-OCTADECAFLUOROPENTADECYL HYDROGEN SULFATE",SULFATE,SULFATE,NA,NA,NA,New Row: Needs Review,TADA.AliasMatch,NA
"1,2,3-PROPANETRICARBOXYLIC ACID, 1-SULFO-, C,C,C-TRIS[1-[(2,2,3,3,3-PENTAFLUOROPROPOXY)METHYL]PROPYL] ESTER, SODIUM SALT (1:1)",SODIUM,SODIUM,NA,NA,NA,New Row: Needs Review,TADA.AliasMatch,NA
"1,2,4-TRIMETHYLBENZENE & .BETA.-PINENE","1,2,4-TRIMETHYLBENZENE","1,2,4-TRIMETHYLBENZENE",NA,95636,NA,New Row: Needs Review,TADA.AliasMatch,NA
"1,2,4-TRIMETHYLBENZENE & SEC-BUTYLBENZENE","1,2,4-TRIMETHYLBENZENE","1,2,4-TRIMETHYLBENZENE",NA,95636,NA,New Row: Needs Review,TADA.AliasMatch,NA
"1,2,4-TRIMETHYLBENZENE & SEC-BUTYLBENZENE",SEC-BUTYLBENZENE,SEC-BUTYLBENZENE,NA,135988,NA,New Row: Needs Review,TADA.AliasMatch,NA
"1,2-DICHLORO-1,2,2-TRIFLUOROETHANE-1-SULFONYL CHLORIDE",CHLORIDE,CHLORIDE,NA,16887006,NA,New Row: Needs Review,TADA.AliasMatch,NA
"1,2-DICHLORO-1,2,2-TRIFLUOROETHANE-1-SULFONYL FLUORIDE",FLUORIDE,FLUORIDE,NA,7681494,NA,New Row: Needs Review,TADA.AliasMatch,NA
"1,2-DICHLOROBENZENE/1,4-DICHLOROBENZENE***RETIRED***USE BENZENE, 1,2(OR 1,4)-DICHLORO-",BENZENE,BENZENE,NA,71432,NA,New Row: Needs Review,TADA.AliasMatch,NA
"1,3,5-TRIAZINE-2,4(1H,3H)-DIONE, 3-CYCLOHEXYL-1-METHYL-6-(METHYLAMINO)-***RETIRED***USE DEMETHYL HEXAZINONE B",HEXAZINONE,HEXAZINONE,NA,51235042,NA,New Row: Needs Review,TADA.AliasMatch,NA
"1,3-BIS[(6H-PERFLUOROHEXYL)METHOXY]-2-PROPANOL HYDROGEN SULFATE SODIUM",SODIUM,SODIUM,NA,NA,NA,New Row: Needs Review,TADA.AliasMatch,NA
"1,3-BIS[(6H-PERFLUOROHEXYL)METHOXY]-2-PROPANOL HYDROGEN SULFATE SODIUM",SULFATE,SULFATE,NA,NA,NA,New Row: Needs Review,TADA.AliasMatch,NA
"1,3-DICHLOROBENZENE***RETIRED***USE M-DICHLOROBENZENE",M-DICHLOROBENZENE,"1,3-DICHLOROBENZENE",NA,541731,NA,New Row: Needs Review,TADA.AliasMatch,NA
"1,3-DIOXOLANE-2-CARBONYL FLUORIDE, 4,4,5-TRIFLUORO-2,5-BIS(TRIFLUOROMETHYL)-",FLUORIDE,FLUORIDE,NA,7681494,NA,New Row: Needs Review,TADA.AliasMatch,NA
"1,3-DIOXOLANE-2-CARBONYL FLUORIDE, 4-FLUORO-5-OXO-2,4-BIS(TRIFLUOROMETHYL)-",FLUORIDE,FLUORIDE,NA,7681494,NA,New Row: Needs Review,TADA.AliasMatch,NA
"1,3-PROPANEDISULFONIC ACID, 1,1,2,2,3,3-HEXAFLUORO-, LITHIUM SALT (1:2)",LITHIUM,LITHIUM,NA,7439932,NA,New Row: Needs Review,TADA.AliasMatch,NA
"1,4-BENZENEDICARBOXYLIC ACID, DIMETHYL ESTER, REACTION PRODUCTS WITH BIS(2-HYDROXYETHYL) TEREPHTHALATE, ETHYLENE GLYCOL, .ALPHA.-FLUORO-.OMEGA.-(2-HYDROXYETHYL)POLY(DIFLUOROMETHYLENE), HEXAKIS(METHOXYMETHYL)MELAMINE AND POLYETHYLENE GLYCOL",ETHYLENE GLYCOL,ETHYLENE GLYCOL,NA,107211,NA,New Row: Needs Review,TADA.AliasMatch,NA
"1,4-BIS(1H,1H,9H-PERFLUORONONYL) SULFOBUTANEDIOATE SODIUM",SODIUM,SODIUM,NA,NA,NA,New Row: Needs Review,TADA.AliasMatch,NA
1-((PERFLUORO-6-(1-METHYLETHOXY)HEXYL)ETHYL)PYRIDINIUM SULFATE (2:1),SULFATE,SULFATE,NA,NA,NA,New Row: Needs Review,TADA.AliasMatch,NA
1-((PERFLUORO[3-[1-METHYLETHOXY]PROPYL])ETHYL)PYRIDINIUM CHLORIDE,CHLORIDE,CHLORIDE,NA,16887006,NA,New Row: Needs Review,TADA.AliasMatch,NA
"1-(2,2,3,3,4,4,5,5-OCTAFLUOROPENTYL) 4-[2-(OCTYLOXY)ETHYL] 2-SULFOBUTANEDIOATE SODIUM SALT",SODIUM,SODIUM,NA,NA,NA,New Row: Needs Review,TADA.AliasMatch,NA
1-(2-HYDROXYETHYL)-1-METHYL-4-(PERFLUORO-1-OXOHEPTYL)PIPERAZINIUM CHLORIDE,CHLORIDE,CHLORIDE,NA,16887006,NA,New Row: Needs Review,TADA.AliasMatch,NA
1-(2-HYDROXYETHYL)-1-METHYL-4-(PERFLUORO-1-OXOOCTYL)PIPERAZINIUM CHLORIDE (1:1),CHLORIDE,CHLORIDE,NA,16887006,NA,New Row: Needs Review,TADA.AliasMatch,NA
"1-(3,3,4,4,5,5,6,6,6-NONAFLUOROHEXYL)PYRIDIN-1-IUM BROMIDE",BROMIDE,BROMIDE,NA,NA,NA,New Row: Needs Review,TADA.AliasMatch,NA
"1-(4,4,5,5,5-PENTAFLUOROPENTYL)THIOLAN-1-IUM CHLORIDE",CHLORIDE,CHLORIDE,NA,16887006,NA,New Row: Needs Review,TADA.AliasMatch,NA
"1-(4-ETHOXYPHENYL)-2,2,3,3-TETRAFLUOROCYCLOBUTANE-1-CARBONYL CHLORIDE",CHLORIDE,CHLORIDE,NA,16887006,NA,New Row: Needs Review,TADA.AliasMatch,NA
1-(PERFLUOROOCTYL)NONANOL SULFATE SODIUM,SODIUM,SODIUM,NA,NA,NA,New Row: Needs Review,TADA.AliasMatch,NA
1-(PERFLUOROOCTYL)NONANOL SULFATE SODIUM,SULFATE,SULFATE,NA,NA,NA,New Row: Needs Review,TADA.AliasMatch,NA
"1-BUTANESULFINIC ACID, 1,1,2,2,3,3,4,4,4-NONAFLUORO-, SODIUM SALT (1:1)",SODIUM,SODIUM,NA,NA,NA,New Row: Needs Review,TADA.AliasMatch,NA
"1-BUTANESULFONAMIDE, 1,1,2,2,3,3,4,4,4-NONAFLUORO-N-(2-HYDROXYETHYL)-N-METHYL-, PHOSPHATE (ESTER)",PHOSPHATE,PHOSPHATE,NA,NA,NA,New Row: Needs Review,TADA.AliasMatch,NA
"1-BUTANESULFONAMIDE, 1,1,2,2,3,3,4,4,4-NONAFLUORO-N-[(1,1,2,2,3,3,4,4,4-NONAFLUOROBUTYL)SULFONYL]-, POTASSIUM SALT (1:1)",POTASSIUM,POTASSIUM,NA,NA,NA,New Row: Needs Review,TADA.AliasMatch,NA
"1-BUTANESULFONIC ACID, 1,1,2,2,3,3,4,4,4-NONAFLUORO-, POTASSIUM SALT (1:1)",POTASSIUM,POTASSIUM,NA,NA,NA,New Row: Needs Review,TADA.AliasMatch,NA
"1-BUTANESULFONYL FLUORIDE, 1,1,2,2,3,3,4,4,4-NONAFLUORO-",FLUORIDE,FLUORIDE,NA,7681494,NA,New Row: Needs Review,TADA.AliasMatch,NA
"1-BUTANESULFONYL FLUORIDE, 1,1,2,2,3,3,4,4-OCTAFLUORO-4-[(1,2,2-TRIFLUOROETHENYL)OXY]-",FLUORIDE,FLUORIDE,NA,7681494,NA,New Row: Needs Review,TADA.AliasMatch,NA
"1-BUTYL-3-METHYL-2,3-DIHYDRO-1H-IMIDAZOL-1-IUM 2,2,3,3,4,4,5,5-OCTAFLUOROPENTYL SULFATE",SULFATE,SULFATE,NA,NA,NA,New Row: Needs Review,TADA.AliasMatch,NA
"1-CHLORO-1,2,2,2-TETRAFLUOROETHANE-1-SULFINYL CHLORIDE",CHLORIDE,CHLORIDE,NA,16887006,NA,New Row: Needs Review,TADA.AliasMatch,NA
"1-CYANO-2,2,3,3,4,4,4-HEPTAFLUOROBUTYL DIMETHYL PHOSPHATE",PHOSPHATE,PHOSPHATE,NA,NA,NA,New Row: Needs Review,TADA.AliasMatch,NA
"1-DECANESULFONYL CHLORIDE, 3,3,4,4,5,5,6,6,7,7,8,8,9,9,10,10,10-HEPTADECAFLUORO-",CHLORIDE,CHLORIDE,NA,16887006,NA,New Row: Needs Review,TADA.AliasMatch,NA
"1-DECANESULFONYL FLUORIDE, 1,1,2,2,3,3,4,4,5,5,6,6,7,7,8,8,9,9,10,10,10-HENEICOSAFLUORO-",FLUORIDE,FLUORIDE,NA,7681494,NA,New Row: Needs Review,TADA.AliasMatch,NA
"1-DECANOL, 3,3,4,4,5,5,6,6,7,7,8,8,9,10,10,10-HEXADECAFLUORO-9-(TRIFLUOROMETHYL)-, DIHYDROGEN PHOSPHATE",PHOSPHATE,PHOSPHATE,NA,NA,NA,New Row: Needs Review,TADA.AliasMatch,NA
"1-DECANOL, 3,3,4,4,5,5,6,6,7,7,8,8,9,9,10,10,10-HEPTADECAFLUORO-, 1,1'-(HYDROGEN PHOSPHATE)",PHOSPHATE,PHOSPHATE,NA,NA,NA,New Row: Needs Review,TADA.AliasMatch,NA
"1-DECANOL, 3,3,4,4,5,5,6,6,7,7,8,8,9,9,10,10,10-HEPTADECAFLUORO-, DIHYDROGEN PHOSPHATE",PHOSPHATE,PHOSPHATE,NA,NA,NA,New Row: Needs Review,TADA.AliasMatch,NA
"1-DECANOL, 3,3,4,4,5,5,6,6,7,7,8,8,9,9,10,10,10-HEPTADECAFLUORO-, DIHYDROGEN PHOSPHATE (ESTER), DIAMMONIUM SALT",PHOSPHATE,PHOSPHATE,NA,NA,NA,New Row: Needs Review,TADA.AliasMatch,NA
"1-DECANOL, 3,3,4,4,5,5,6,6,7,7,8,8,9,9,10,10,10-HEPTADECAFLUORO-, REACTION PRODUCTS WITH [(TRIMETHYLSILYL)OXY]-MODIFIED SILICA",SILICA,SILICA,NA,NA,NA,New Row: Needs Review,TADA.AliasMatch,NA
"1-DECANOL-1,2-13C2, 3,3,4,4,5,5,6,6,7,7,8,8,9,9,10,10,10-HEPTADECAFLUORO-, DIHYDROGEN PHOSPHATE, SODIUM SALT (1:1)",PHOSPHATE,PHOSPHATE,NA,NA,NA,New Row: Needs Review,TADA.AliasMatch,NA
"1-DECANOL-1,2-13C2, 3,3,4,4,5,5,6,6,7,7,8,8,9,9,10,10,10-HEPTADECAFLUORO-, DIHYDROGEN PHOSPHATE, SODIUM SALT (1:1)",SODIUM,SODIUM,NA,NA,NA,New Row: Needs Review,TADA.AliasMatch,NA
"1-DODECANESULFONYL CHLORIDE, 3,3,4,4,5,5,6,6,7,7,8,8,9,9,10,10,11,11,12,12,12-HENEICOSAFLUORO-",CHLORIDE,CHLORIDE,NA,16887006,NA,New Row: Needs Review,TADA.AliasMatch,NA
"1-DODECANOL, 3,3,4,4,5,5,6,6,7,7,8,8,9,9,10,10,11,11,12,12,12-HENEICOSAFLUORO-, 1-(DIHYDROGEN PHOSPHATE)",PHOSPHATE,PHOSPHATE,NA,NA,NA,New Row: Needs Review,TADA.AliasMatch,NA
"1-DODECANOL, 3,3,4,4,5,5,6,6,7,7,8,8,9,9,10,10,11,11,12,12,12-HENEICOSAFLUORO-, 1-(DIHYDROGEN PHOSPHATE), AMMONIUM SALT (1:2)",PHOSPHATE,PHOSPHATE,NA,NA,NA,New Row: Needs Review,TADA.AliasMatch,NA
"1-HEPTANESULFINIC ACID, 1,1,2,2,3,3,4,4,5,5,6,6,7,7,7-PENTADECAFLUORO-, SODIUM SALT (1:1)",SODIUM,SODIUM,NA,NA,NA,New Row: Needs Review,TADA.AliasMatch,NA
"1-HEPTANESULFONIC ACID, 1,1,2,2,3,3,4,4,5,5,6,6,7,7,7-PENTADECAFLUORO-, LITHIUM SALT (1:1)",LITHIUM,LITHIUM,NA,7439932,NA,New Row: Needs Review,TADA.AliasMatch,NA
"1-HEPTANESULFONIC ACID, 1,1,2,2,3,3,4,4,5,5,6,6,7,7,7-PENTADECAFLUORO-, POTASSIUM SALT (1:1)",POTASSIUM,POTASSIUM,NA,NA,NA,New Row: Needs Review,TADA.AliasMatch,NA
"1-HEPTANESULFONYL CHLORIDE, 3,3,4,4,5,5,6,6,7,7,7-UNDECAFLUORO-",CHLORIDE,CHLORIDE,NA,16887006,NA,New Row: Needs Review,TADA.AliasMatch,NA
"1-HEPTANESULFONYL FLUORIDE, 1,1,2,2,3,3,4,4,5,5,6,6,7,7,7-PENTADECAFLUORO-",FLUORIDE,FLUORIDE,NA,7681494,NA,New Row: Needs Review,TADA.AliasMatch,NA
"1-HEXADECANAMINIUM, N,N-DIMETHYL-N-[2-[(2-METHYL-1-OXO-PROPEN-1-YL)OXY]ETHYL]-, BROMIDE (1:1), POLYMERS WITH BU ACRYLATE, BU METHACRYLATE AND 2-[METHYL[(PERFLUORO-C4-8-ALKYL)SULFONYL]AMINO]ETHYL ACRYLATE",BROMIDE,BROMIDE,NA,NA,NA,New Row: Needs Review,TADA.AliasMatch,NA
"1-HEXADECANOL, 3,3,4,4,5,5,6,6,7,7,8,8,9,9,10,10,11,11,12,12,13,13,14,14,15,15,16,16,16-NONACOSAFLUORO-, DIHYDROGEN PHOSPHATE",PHOSPHATE,PHOSPHATE,NA,NA,NA,New Row: Needs Review,TADA.AliasMatch,NA
"1-HEXADECANOL, 3,3,4,4,5,5,6,6,7,7,8,8,9,9,10,10,11,11,12,12,13,13,14,14,15,15,16,16,16-NONACOSAFLUORO-, DIHYDROGEN PHOSPHATE (ESTER), DIAMMONIUM SALT",PHOSPHATE,PHOSPHATE,NA,NA,NA,New Row: Needs Review,TADA.AliasMatch,NA
"1-HEXANESULFONIC ACID, 1,1,2,2,3,3,4,4,5,5,6,6,6-TRIDECAFLUORO-, LITHIUM SALT (1:1)",LITHIUM,LITHIUM,NA,7439932,NA,New Row: Needs Review,TADA.AliasMatch,NA
"1-HEXANESULFONIC ACID, 1,1,2,2,3,3,4,4,5,5,6,6,6-TRIDECAFLUORO-, POTASSIUM SALT",POTASSIUM,POTASSIUM,NA,NA,NA,New Row: Needs Review,TADA.AliasMatch,NA
"1-HEXANESULFONIC ACID, 1,1,2,2,3,3,4,4,5,5,6,6,6-TRIDECAFLUORO-, POTASSIUM SALT (1:1)***RETIRED***USE 1-HEXANESULFONIC ACID, 1,1,2,2,3,3,4,4,5,5,6,6,6-TRIDECAFLUORO-, POTASSIUM SALT",POTASSIUM,POTASSIUM,NA,NA,NA,New Row: Needs Review,TADA.AliasMatch,NA
"1-HEXANESULFONIC ACID, SODIUM SALT",SODIUM,SODIUM,NA,NA,NA,New Row: Needs Review,TADA.AliasMatch,NA
"1-HEXANESULFONYL CHLORIDE, 3,3,4,4,5,5,6,6,6-NONAFLUORO-",CHLORIDE,CHLORIDE,NA,16887006,NA,New Row: Needs Review,TADA.AliasMatch,NA
"1-HEXANESULFONYL FLUORIDE, 1,1,2,2,3,3,4,4,5,5,6,6,6-TRIDECAFLUORO-",FLUORIDE,FLUORIDE,NA,7681494,NA,New Row: Needs Review,TADA.AliasMatch,NA
"1-HEXANOL, 3,3,4,4,5,5,6,6,6-NONAFLUORO-, 1,1'-(HYDROGEN PHOSPHATE)",PHOSPHATE,PHOSPHATE,NA,NA,NA,New Row: Needs Review,TADA.AliasMatch,NA
"1-NONANESULFONYL CHLORIDE, 3,3,4,4,5,5,6,6,7,7,8,8,9,9,9-PENTADECAFLUORO-",CHLORIDE,CHLORIDE,NA,16887006,NA,New Row: Needs Review,TADA.AliasMatch,NA
"1-NONANESULFONYL FLUORIDE, 1,1,2,2,3,3,4,4,5,5,6,6,7,7,8,8,9,9,9-NONADECAFLUORO-",FLUORIDE,FLUORIDE,NA,7681494,NA,New Row: Needs Review,TADA.AliasMatch,NA
"1-NONANOL, 3,3,4,4,5,5,6,6,7,7,8,8,9,9,9-PENTADECAFLUORO-, 1,1'-(HYDROGEN PHOSPHATE)",PHOSPHATE,PHOSPHATE,NA,NA,NA,New Row: Needs Review,TADA.AliasMatch,NA
"1-NONANOL, 3,3,4,4,5,5,6,6,7,7,8,8,9,9,9-PENTADECAFLUORO-, 1-(DIHYDROGEN PHOSPHATE)",PHOSPHATE,PHOSPHATE,NA,NA,NA,New Row: Needs Review,TADA.AliasMatch,NA
"1-OCTADECANOL, 3,3,4,4,5,5,6,6,7,7,8,8,9,9,10,10,11,11,12,12,13,13,14,14,15,15,16,16,17,17,18,18,18-TRITRIACONTAFLUORO-, DIHYDROGEN PHOSPHATE",PHOSPHATE,PHOSPHATE,NA,NA,NA,New Row: Needs Review,TADA.AliasMatch,NA
"1-OCTADECANOL, 3,3,4,4,5,5,6,6,7,7,8,8,9,9,10,10,11,11,12,12,13,13,14,14,15,15,16,16,17,17,18,18,18-TRITRIACONTAFLUORO-, DIHYDROGEN PHOSPHATE (ESTER), DIAMMONIUM SALT",PHOSPHATE,PHOSPHATE,NA,NA,NA,New Row: Needs Review,TADA.AliasMatch,NA
"1-OCTANESULFINIC ACID, 1,1,2,2,3,3,4,4,5,5,6,6,7,7,8,8,8-HEPTADECAFLUORO-, SODIUM SALT (1:1)",SODIUM,SODIUM,NA,NA,NA,New Row: Needs Review,TADA.AliasMatch,NA
"1-OCTANESULFONAMIDE, 1,1,2,2,3,3,4,4,5,5,6,6,7,7,8,8,8-HEPTADECAFLUORO-, LITHIUM SALT (1:1)",LITHIUM,LITHIUM,NA,7439932,NA,New Row: Needs Review,TADA.AliasMatch,NA
"1-OCTANESULFONAMIDE, 1,1,2,2,3,3,4,4,5,5,6,6,7,7,8,8,8-HEPTADECAFLUORO-, POTASSIUM SALT (1:1)",POTASSIUM,POTASSIUM,NA,NA,NA,New Row: Needs Review,TADA.AliasMatch,NA
"1-OCTANESULFONAMIDE, 1,1,2,2,3,3,4,4,5,5,6,6,7,7,8,8,8-HEPTADECAFLUORO-N-METHYL-, REACTION PRODUCTS WITH BENZENE-CHLORINE-SULFUR CHLORIDE (S2CL2) REACTION PRODUCTS CHLORIDES",CHLORIDE,CHLORIDE,NA,16887006,NA,New Row: Needs Review,TADA.AliasMatch,NA
"1-OCTANESULFONAMIDE, 1,1,2,2,3,3,4,4,5,5,6,6,7,7,8,8,8-HEPTADECAFLUORO-N-METHYL-, REACTION PRODUCTS WITH BENZENE-CHLORINE-SULFUR CHLORIDE (S2CL2) REACTION PRODUCTS CHLORIDES",CHLORIDES,CHLORIDE,NA,16887006,NA,New Row: Needs Review,TADA.AliasMatch,NA
"1-OCTANESULFONAMIDE, N-ETHYL-1,1,2,2,3,3,4,4,5,5,6,6,7,7,8,8,8-HEPTADECAFLUORO-N-[2-(PHOSPHONOOXY)ETHYL]-, AMMONIUM SALT (1:2)***RETIRED***USE 1-OCTANESULFONAMIDE, N-ETHYL- ...., DIAMMONIUM SALT","2,4,5-TRICHLOROTOLUENE ","2,4,5-TRICHLOROTOLUENE ",NA,NA,NA,New Row: Needs Review,TADA.AliasMatch,NA
"1-OCTANESULFONAMIDE, N-ETHYL-1,1,2,2,3,3,4,4,5,5,6,6,7,7,8,8,8-HEPTADECAFLUORO-N-[2-(PHOSPHONOOXY)ETHYL]-, AMMONIUM SALT (1:2)***RETIRED***USE 1-OCTANESULFONAMIDE, N-ETHYL- ...., DIAMMONIUM SALT","2,4,6-TRINITROTOLUENE ","2,4,6-TRINITROTOLUENE ",NA,NA,NA,New Row: Needs Review,TADA.AliasMatch,NA
"1-OCTANESULFONAMIDE, N-ETHYL-1,1,2,2,3,3,4,4,5,5,6,6,7,7,8,8,8-HEPTADECAFLUORO-N-[2-(PHOSPHONOOXY)ETHYL]-, AMMONIUM SALT (1:2)***RETIRED***USE 1-OCTANESULFONAMIDE, N-ETHYL- ...., DIAMMONIUM SALT",PENDIMETHALIN ,PENDIMETHALIN ,NA,NA,NA,New Row: Needs Review,TADA.AliasMatch,NA
"1-OCTANESULFONAMIDE, N-[3-(DIMETHYLOXIDOAMINO)PROPYL]-1,1,2,2,3,3,4,4,5,5,6,6,7,7,8,8,8-HEPTADECAFLUORO-, POTASSIUM SALT",POTASSIUM,POTASSIUM,NA,NA,NA,New Row: Needs Review,TADA.AliasMatch,NA
"1-OCTANESULFONAMIDE, N-[3-(DIMETHYLOXIDOAMINO)PROPYL]-1,1,2,2,3,3,4,4,5,5,6,6,7,7,8,8,8-HEPTADECAFLUORO-, POTASSIUM SALT (1:1)***RETIRED***USE 1-OCTANESULFONAMIDE, N-[3-(DIMETHYLOXIDOAMINO)PROPYL]- ...., POTASSIUM SALT","2,4,5-TRICHLOROTOLUENE ","2,4,5-TRICHLOROTOLUENE ",NA,NA,NA,New Row: Needs Review,TADA.AliasMatch,NA
"1-OCTANESULFONAMIDE, N-[3-(DIMETHYLOXIDOAMINO)PROPYL]-1,1,2,2,3,3,4,4,5,5,6,6,7,7,8,8,8-HEPTADECAFLUORO-, POTASSIUM SALT (1:1)***RETIRED***USE 1-OCTANESULFONAMIDE, N-[3-(DIMETHYLOXIDOAMINO)PROPYL]- ...., POTASSIUM SALT","2,4,6-TRINITROTOLUENE ","2,4,6-TRINITROTOLUENE ",NA,NA,NA,New Row: Needs Review,TADA.AliasMatch,NA
"1-OCTANESULFONAMIDE, N-[3-(DIMETHYLOXIDOAMINO)PROPYL]-1,1,2,2,3,3,4,4,5,5,6,6,7,7,8,8,8-HEPTADECAFLUORO-, POTASSIUM SALT (1:1)***RETIRED***USE 1-OCTANESULFONAMIDE, N-[3-(DIMETHYLOXIDOAMINO)PROPYL]- ...., POTASSIUM SALT",PENDIMETHALIN ,PENDIMETHALIN ,NA,NA,NA,New Row: Needs Review,TADA.AliasMatch,NA
"1-OCTANESULFONAMIDE, N-[3-(DIMETHYLOXIDOAMINO)PROPYL]-1,1,2,2,3,3,4,4,5,5,6,6,7,7,8,8,8-HEPTADECAFLUORO-, POTASSIUM SALT (1:1)***RETIRED***USE 1-OCTANESULFONAMIDE, N-[3-(DIMETHYLOXIDOAMINO)PROPYL]- ...., POTASSIUM SALT",POTASSIUM,POTASSIUM,NA,NA,NA,New Row: Needs Review,TADA.AliasMatch,NA
"1-OCTANESULFONIC ACID, 1,1,2,2,3,3,4,4,5,5,6,6,7,7,8,8,8-HEPTADECAFLUORO-, BRANCHED, POTASSIUM SALT",POTASSIUM,POTASSIUM,NA,NA,NA,New Row: Needs Review,TADA.AliasMatch,NA
"1-OCTANESULFONIC ACID, 1,1,2,2,3,3,4,4,5,5,6,6,7,7,8,8,8-HEPTADECAFLUORO-, LITHIUM SALT (1:1)***RETIRED***USE LITHIUM (PERFLUOROOCTANE)SULFONATE",LITHIUM,LITHIUM,NA,7439932,NA,New Row: Needs Review,TADA.AliasMatch,NA
"1-OCTANESULFONIC ACID, 1,1,2,2,3,3,4,4,5,5,6,6,7,7,8,8,8-HEPTADECAFLUORO-, MAGNESIUM SALT (2:1)",MAGNESIUM,MAGNESIUM,NA,7439954,NA,New Row: Needs Review,TADA.AliasMatch,NA
"1-OCTANESULFONIC ACID, 1,1,2,2,3,3,4,4,5,5,6,6,7,7,8,8,8-HEPTADECAFLUORO-, POTASSIUM SALT (1:1)***RETIRED***USE POTASSIUM PERFLUOROOCTANESULFONATE",POTASSIUM,POTASSIUM,NA,NA,NA,New Row: Needs Review,TADA.AliasMatch,NA
"1-OCTANESULFONIC ACID, 1,1,2,2,3,3,4,4,5,5,6,6,7,7,8,8,8-HEPTADECAFLUORO-, SODIUM SALT (1:1)",SODIUM,SODIUM,NA,NA,NA,New Row: Needs Review,TADA.AliasMatch,NA
"1-OCTANESULFONIC ACID, 3,3,4,4,5,5,6,6,7,7,8,8,8-TRIDECAFLUORO-, BARIUM SALT (2:1)",BARIUM,BARIUM,NA,7440393,NA,New Row: Needs Review,TADA.AliasMatch,NA
"1-OCTANESULFONIC ACID, 3,3,4,4,5,5,6,6,7,7,8,8,8-TRIDECAFLUORO-, POTASSIUM SALT (1:1)",POTASSIUM,POTASSIUM,NA,NA,NA,New Row: Needs Review,TADA.AliasMatch,NA
"1-OCTANESULFONYL CHLORIDE, 3,3,4,4,5,5,6,6,7,7,8,8,8-TRIDECAFLUORO-",CHLORIDE,CHLORIDE,NA,16887006,NA,New Row: Needs Review,TADA.AliasMatch,NA
"1-OCTANESULFONYL FLUORIDE, 1,1,2,2,3,3,4,4,5,5,6,6,7,7,8,8,8-HEPTADECAFLUORO-***RETIRED***USE PERFLUOROOCTYLSULFONYL FLUORIDE",FLUORIDE,FLUORIDE,NA,7681494,NA,New Row: Needs Review,TADA.AliasMatch,NA
"1-OCTANESULFONYL FLUORIDE, 1,1,2,2,3,3,4,4,5,5,6,6,7,7,8,8,8-HEPTADECAFLUORO-, BRANCHED",FLUORIDE,FLUORIDE,NA,7681494,NA,New Row: Needs Review,TADA.AliasMatch,NA
"1-OCTANOL, 3,3,4,4,5,5,6,6,7,7,8,8,8-TRIDECAFLUORO-, 1,1'-(HYDROGEN PHOSPHATE)",PHOSPHATE,PHOSPHATE,NA,NA,NA,New Row: Needs Review,TADA.AliasMatch,NA
"1-OCTANOL, 3,3,4,4,5,5,6,6,7,7,8,8,8-TRIDECAFLUORO-, 1-(DIHYDROGEN PHOSPHATE)",PHOSPHATE,PHOSPHATE,NA,NA,NA,New Row: Needs Review,TADA.AliasMatch,NA
"1-OCTANOL, 3,3,4,4,5,5,6,6,7,7,8,8,8-TRIDECAFLUORO-, 1-(DIHYDROGEN PHOSPHATE), AMMONIUM SALT (1:1)",PHOSPHATE,PHOSPHATE,NA,NA,NA,New Row: Needs Review,TADA.AliasMatch,NA
"1-OCTANOL, 3,3,4,4,5,5,6,6,7,7,8,8,8-TRIDECAFLUORO-, REACTION PRODUCTS WITH 1,6-DIISOCYANATOHEXANE, EPICHLOROHYDRIN, (3-",EPICHLOROHYDRIN,EPICHLOROHYDRIN,NA,106898,NA,New Row: Needs Review,TADA.AliasMatch,NA
"1-OCTANOL, 3,3,4,4,5,5,6,6,7,7,8,8,8-TRIDECAFLUORO-, REACTION PRODUCTS WITH 1,6-DIISOCYANATOHEXANE, EPICHLOROHYDRIN, RED",EPICHLOROHYDRIN,EPICHLOROHYDRIN,NA,106898,NA,New Row: Needs Review,TADA.AliasMatch,NA
"1-OCTANOL, 3,3,4,4,5,5,6,6,7,7,8,8,8-TRIDECAFLUORO-, REACTION PRODUCTS WITH PHOSPHORUS OXIDE (P2O5), POTASSIUM SALTS",PHOSPHORUS,PHOSPHOROUS (YELLOW),NA,7723140,NA,New Row: Needs Review,TADA.AliasMatch,NA
"1-OCTANOL, 3,3,4,4,5,5,6,6,7,7,8,8,8-TRIDECAFLUORO-, REACTION PRODUCTS WITH PHOSPHORUS OXIDE (P2O5), POTASSIUM SALTS",POTASSIUM,POTASSIUM,NA,NA,NA,New Row: Needs Review,TADA.AliasMatch,NA
"1-PENTANESULFONIC ACID, 1,1,2,2,3,3,4,4,5,5,5-UNDECAFLUORO-, AMMONIUM SALT (1:1)***RETIRED***USE 1-PENTANESULFONIC ACID, ...., AMMONIUM SALT","2,4,5-TRICHLOROTOLUENE ","2,4,5-TRICHLOROTOLUENE ",NA,NA,NA,New Row: Needs Review,TADA.AliasMatch,NA
"1-PENTANESULFONIC ACID, 1,1,2,2,3,3,4,4,5,5,5-UNDECAFLUORO-, AMMONIUM SALT (1:1)***RETIRED***USE 1-PENTANESULFONIC ACID, ...., AMMONIUM SALT","2,4,6-TRINITROTOLUENE ","2,4,6-TRINITROTOLUENE ",NA,NA,NA,New Row: Needs Review,TADA.AliasMatch,NA
"1-PENTANESULFONIC ACID, 1,1,2,2,3,3,4,4,5,5,5-UNDECAFLUORO-, AMMONIUM SALT (1:1)***RETIRED***USE 1-PENTANESULFONIC ACID, ...., AMMONIUM SALT",PENDIMETHALIN ,PENDIMETHALIN ,NA,NA,NA,New Row: Needs Review,TADA.AliasMatch,NA
"1-PENTANESULFONIC ACID, 1,1,2,2,3,3,4,4,5,5,5-UNDECAFLUORO-, POTASSIUM SALT",POTASSIUM,POTASSIUM,NA,NA,NA,New Row: Needs Review,TADA.AliasMatch,NA
"1-PENTANESULFONIC ACID, 1,1,2,2,3,3,4,4,5,5,5-UNDECAFLUORO-, POTASSIUM SALT (1:1)***RETIRED***USE 1-PENTANESULFONIC ACID, 1,1,2,2,3,3,4,4,5,5,5-UNDECAFLUORO-, POTASSIUM SALT",POTASSIUM,POTASSIUM,NA,NA,NA,New Row: Needs Review,TADA.AliasMatch,NA
"1-PENTANESULFONYL FLUORIDE, 1,1,2,2,3,3,4,4,5,5,5-UNDECAFLUORO-",FLUORIDE,FLUORIDE,NA,7681494,NA,New Row: Needs Review,TADA.AliasMatch,NA
"1-PROPANAMINIUM, 2-HYDROXY-N,N,N-TRIMETHYL-, 3-[(.GAMMA.-.OMEGA.-PERFLUORO-C6-20-ALKYL)THIO] DERIVS., CHLORIDES",CHLORIDES,CHLORIDE,NA,16887006,NA,New Row: Needs Review,TADA.AliasMatch,NA
"1-PROPANAMINIUM, 2-HYDROXY-N,N,N-TRIMETHYL-3-[(2-METHYL-1-OXO-2-PROPEN-1-YL)OXY]-, CHLORIDE (1:1), POLYMER WITH .ALPHA.-FLUORO-.OMEGA.-[2-[(2-METHYL-1-OXO-2-PROPEN-1-YL)OXY]ETHYL]POLY(DIFLUOROMETHYLENE), 2-HYDROXYETHYL 2-METHYL-2-PROPENOATE, N-(HYDROXYMET",CHLORIDE,CHLORIDE,NA,16887006,NA,New Row: Needs Review,TADA.AliasMatch,NA
"1-PROPANAMINIUM, 2-HYDROXY-N,N,N-TRIMETHYL-3-[(3,3,4,4,5,5,6,6,7,7,8,8,8-TRIDECAFLUOROOCTYL)THIO]-, CHLORIDE (1:1)",CHLORIDE,CHLORIDE,NA,16887006,NA,New Row: Needs Review,TADA.AliasMatch,NA
"1-PROPANAMINIUM, 3-[[(1,1,2,2,3,3,4,4,5,5,6,6,7,7,8,8,8-HEPTADECAFLUOROOCTYL)SULFONYL]AMINO]-N,N,N-TRIMETHYL-, CHLORIDE (1:1)***RETIRED***USE 1-PROPANAMINIUM, 3-[[(HEPTADECAFLUOROOCTYL)SULFONYL]AMINO]-N,N,N-TRIMETHYL-, CHLORIDE",CHLORIDE,CHLORIDE,NA,16887006,NA,New Row: Needs Review,TADA.AliasMatch,NA
"1-PROPANAMINIUM, 3-[[(1,1,2,2,3,3,4,4,5,5,6,6,7,7,8,8,8-HEPTADECAFLUOROOCTYL)SULFONYL]AMINO]-N,N,N-TRIMETHYL-, SULFATE (2:1)",SULFATE,SULFATE,NA,NA,NA,New Row: Needs Review,TADA.AliasMatch,NA
"1-PROPANAMINIUM, 3-[[(HEPTADECAFLUOROOCTYL)SULFONYL]AMINO]-N,N,N-TRIMETHYL-, CHLORIDE",CHLORIDE,CHLORIDE,NA,16887006,NA,New Row: Needs Review,TADA.AliasMatch,NA
"1-PROPANAMINIUM, N,N,N-TRIMETHYL-2(OR 3)-[[[4-[[4,4,5,5,5-PENTAFLUORO-3-(PENTAFLUOROETHYL)-1,2,3-TRIS(TRIFLUOROMETHYL)-1-PENTENYL]OXY]PHENYL]SULFONYL]AMINO]-, METHYL SULFATE",SULFATE,SULFATE,NA,NA,NA,New Row: Needs Review,TADA.AliasMatch,NA
"1-PROPANAMINIUM, N,N,N-TRIMETHYL-3-[[(1,1,2,2,3,3,4,4,4-NONAFLUOROBUTYL)SULFONYL]AMINO]-, CHLORIDE (1:1)",CHLORIDE,CHLORIDE,NA,16887006,NA,New Row: Needs Review,TADA.AliasMatch,NA
"1-PROPANAMINIUM, N,N,N-TRIMETHYL-3-[[(1,1,2,2,3,3,4,4,4-NONAFLUOROBUTYL)SULFONYL]AMINO]-, SULFATE (2:1)",SULFATE,SULFATE,NA,NA,NA,New Row: Needs Review,TADA.AliasMatch,NA
"1-PROPANAMINIUM, N,N,N-TRIMETHYL-3-[[(1,1,2,2,3,3,4,4,5,5,5-UNDECAFLUOROPENTYL)SULFONYL]AMINO]-, CHLORIDE (1:1)***RETIRED***USE 1-PROPANAMINIUM, N,N,N-TRIMETHYL-3-[[(UNDECAFLUOROPENTYL)SULFONYL]AMINO]-, CHLORIDE",CHLORIDE,CHLORIDE,NA,16887006,NA,New Row: Needs Review,TADA.AliasMatch,NA
"1-PROPANAMINIUM, N,N,N-TRIMETHYL-3-[[(1,1,2,2,3,3,4,4,5,5,5-UNDECAFLUOROPENTYL)SULFONYL]AMINO]-, SULFATE (2:1)",SULFATE,SULFATE,NA,NA,NA,New Row: Needs Review,TADA.AliasMatch,NA
"1-PROPANAMINIUM, N,N,N-TRIMETHYL-3-[[(1,1,2,2,3,3,4,4,5,5,6,6,6-TRIDECAFLUOROHEXYL)SULFONYL]AMINO]-, CHLORIDE (1:1)***RETIRED***USE 1-PROPANAMINIUM, N,N,N-TRIMETHYL-3-[[(TRIDECAFLUOROHEXYL)SULFONYL]AMINO]-, CHLORIDE",CHLORIDE,CHLORIDE,NA,16887006,NA,New Row: Needs Review,TADA.AliasMatch,NA
"1-PROPANAMINIUM, N,N,N-TRIMETHYL-3-[[(1,1,2,2,3,3,4,4,5,5,6,6,6-TRIDECAFLUOROHEXYL)SULFONYL]AMINO]-, SULFATE (2:1)",SULFATE,SULFATE,NA,NA,NA,New Row: Needs Review,TADA.AliasMatch,NA
"1-PROPANAMINIUM, N,N,N-TRIMETHYL-3-[[(1,1,2,2,3,3,4,4,5,5,6,6,7,7,7-PENTADECAFLUOROHEPTYL)SULFONYL]AMINO]-, CHLORIDE (1:1)***RETIRED***USE 1-PROPANAMINIUM, N,N,N-TRIMETHYL-3-[[(PENTADECAFLUOROHEPTYL)SULFONYL]AMINO]-, CHLORIDE",CHLORIDE,CHLORIDE,NA,16887006,NA,New Row: Needs Review,TADA.AliasMatch,NA
"1-PROPANAMINIUM, N,N,N-TRIMETHYL-3-[[(1,1,2,2,3,3,4,4,5,5,6,6,7,7,7-PENTADECAFLUOROHEPTYL)SULFONYL]AMINO]-, SULFATE (2:1)",SULFATE,SULFATE,NA,NA,NA,New Row: Needs Review,TADA.AliasMatch,NA
"1-PROPANAMINIUM, N,N,N-TRIMETHYL-3-[[(PENTADECAFLUOROHEPTYL)SULFONYL]AMINO]-, CHLORIDE",CHLORIDE,CHLORIDE,NA,16887006,NA,New Row: Needs Review,TADA.AliasMatch,NA
"1-PROPANAMINIUM, N,N,N-TRIMETHYL-3-[[(TRIDECAFLUOROHEXYL)SULFONYL]AMINO]-, CHLORIDE",CHLORIDE,CHLORIDE,NA,16887006,NA,New Row: Needs Review,TADA.AliasMatch,NA
"1-PROPANAMINIUM, N,N,N-TRIMETHYL-3-[[(UNDECAFLUOROPENTYL)SULFONYL]AMINO]-, CHLORIDE",CHLORIDE,CHLORIDE,NA,16887006,NA,New Row: Needs Review,TADA.AliasMatch,NA
"1-PROPANAMINIUM, N-(2-HYDROXYETHYL)-3-[(2-HYDROXY-3-SULFOPROPYL)[(1,1,2,2,3,3,4,4,5,5,6,6,6-TRIDECAFLUOROHEXYL)SULFONYL]AMINO]-N,N-DIMETHYL-, HYDROXIDE, SODIUM SALT (1:1:1)",SODIUM,SODIUM,NA,NA,NA,New Row: Needs Review,TADA.AliasMatch,NA
"1-PROPANAMINIUM, N-(2-HYDROXYETHYL)-N,N-DIMETHYL-3-[[(TRIDECAFLUOROHEXYL)SULFONYL]AMINO]-, CHLORIDE",CHLORIDE,CHLORIDE,NA,16887006,NA,New Row: Needs Review,TADA.AliasMatch,NA
"1-PROPANESULFONIC ACID, 1,1,2,3,3,3-HEXAFLUORO-, SODIUM SALT (1:1)",SODIUM,SODIUM,NA,NA,NA,New Row: Needs Review,TADA.AliasMatch,NA
"1-PROPANESULFONIC ACID, 2-METHYL-, 2-[[1-OXO-3-[(.GAMMA.-.OMEGA.-PERFLUORO-C4-16-ALKYL)THIO]PROPYL]AMINO] DERIVS., SODIUM SALTS",SODIUM,SODIUM,NA,NA,NA,New Row: Needs Review,TADA.AliasMatch,NA
"1-PROPANESULFONIC ACID, 2-METHYL-2-[[1-OXO-3-[(3,3,4,4,5,5,6,6,7,7,8,8,8-TRIDECAFLUOROOCTYL)THIO]PROPYL]AMINO]-, SODIUM SALT (1:1)",SODIUM,SODIUM,NA,NA,NA,New Row: Needs Review,TADA.AliasMatch,NA
"1-PROPANESULFONIC ACID, 3-[ETHYL[(HEPTADECAFLUOROOCTYL)SULFONYL]AMINO]-, SODIUM SALT",SODIUM,SODIUM,NA,NA,NA,New Row: Needs Review,TADA.AliasMatch,NA
"1-PROPANESULFONIC ACID, 3-[[3-(DIMETHYLAMINO)PROPYL][(1,1,2,2,3,3,4,4,5,5,6,6,6-TRIDECAFLUOROHEXYL)SULFONYL]AMINO]-2-HYDROXY-, SODIUM SALT (1:1)",SODIUM,SODIUM,NA,NA,NA,New Row: Needs Review,TADA.AliasMatch,NA
"1-PROPANESULFONIC ACID, 3-[[3-(DIMETHYLAMINO)PROPYL][(1,1,2,2,3,3,4,4,5,5,6,6,7,7,8,8,8-HEPTADECAFLUOROOCTYL)SULFONYL]AMINO]-2-HYDROXY-, SODIUM SALT (1:1)",SODIUM,SODIUM,NA,NA,NA,New Row: Needs Review,TADA.AliasMatch,NA
"1-PROPANESULFONYL FLUORIDE, 1,1,2,2,3,3-HEXAFLUORO-3-[(1,2,2-TRIFLUOROETHENYL)OXY]-",FLUORIDE,FLUORIDE,NA,7681494,NA,New Row: Needs Review,TADA.AliasMatch,NA
"1-PROPANOL, 2,3,3,3-TETRAFLUORO-2-(1,1,2,2,3,3,3-HEPTAFLUOROPROPOXY)-, 1-(DIHYDROGEN PHOSPHATE)",PHOSPHATE,PHOSPHATE,NA,NA,NA,New Row: Needs Review,TADA.AliasMatch,NA
"1-PROPENE, 1,1,2,3,3,3-HEXAFLUORO-, OXIDIZED, POLYMD., REDUCED, HYDROLYZED, REACTION PRODUCTS WITH AMMONIA",AMMONIA,AMMONIA,NA,7664417,NA,New Row: Needs Review,TADA.AliasMatch,NA
"1-PROPENE, 1,1,2,3,3,3-HEXAFLUORO-, OXIDIZED, POLYMD., REDUCED, REACTION PRODUCTS WITH AMMONIA",AMMONIA,AMMONIA,NA,7664417,NA,New Row: Needs Review,TADA.AliasMatch,NA
"1-PROPENE, 1,1,2,3,3,3-HEXAFLUORO-, OXIDIZED, POLYMD., REDUCED, REACTION PRODUCTS WITH AMMONIA, DEHYDRATED",AMMONIA,AMMONIA,NA,7664417,NA,New Row: Needs Review,TADA.AliasMatch,NA
"1-PROPENE, 1,1,2,3,3,3-HEXAFLUORO-, OXIDIZED, POLYMD., REDUCED, REACTION PRODUCTS WITH AMMONIA, REDUCED",AMMONIA,AMMONIA,NA,7664417,NA,New Row: Needs Review,TADA.AliasMatch,NA
"1-PROPENE, 1,1,2,3,3,3-HEXAFLUORO-, OXIDIZED, POLYMD., TELOMERS WITH CHLORINE, REDUCED, HYDROLYZED",CHLORINE,CHLORINE,NA,7782505,NA,New Row: Needs Review,TADA.AliasMatch,NA
"1-PROPENE, 1,1,2,3,3,3-HEXAFLUORO-, OXIDIZED, POLYMD., TELOMERS WITH CHLORINE, REDUCED, REACTION PRODUCTS WITH AMMONIA",AMMONIA,AMMONIA,NA,7664417,NA,New Row: Needs Review,TADA.AliasMatch,NA
"1-PROPENE, 1,1,2,3,3,3-HEXAFLUORO-, OXIDIZED, POLYMD., TELOMERS WITH CHLORINE, REDUCED, REACTION PRODUCTS WITH AMMONIA",CHLORINE,CHLORINE,NA,7782505,NA,New Row: Needs Review,TADA.AliasMatch,NA
"1-PROPENE, 1,1,2,3,3,3-HEXAFLUORO-, OXIDIZED, POLYMD., TELOMERS WITH CHLORINE, REDUCED, REACTION PRODUCTS WITH AMMONIA, DEHYDRATED",AMMONIA,AMMONIA,NA,7664417,NA,New Row: Needs Review,TADA.AliasMatch,NA
"1-PROPENE, 1,1,2,3,3,3-HEXAFLUORO-, OXIDIZED, POLYMD., TELOMERS WITH CHLORINE, REDUCED, REACTION PRODUCTS WITH AMMONIA, DEHYDRATED",CHLORINE,CHLORINE,NA,7782505,NA,New Row: Needs Review,TADA.AliasMatch,NA
"1-PROPENE, 1,1,2,3,3,3-HEXAFLUORO-, OXIDIZED, POLYMD., TELOMERS WITH CHLORINE, REDUCED, REACTION PRODUCTS WITH AMMONIA, REDUCED",AMMONIA,AMMONIA,NA,7664417,NA,New Row: Needs Review,TADA.AliasMatch,NA
"1-PROPENE, 1,1,2,3,3,3-HEXAFLUORO-, OXIDIZED, POLYMD., TELOMERS WITH CHLORINE, REDUCED, REACTION PRODUCTS WITH AMMONIA, REDUCED",CHLORINE,CHLORINE,NA,7782505,NA,New Row: Needs Review,TADA.AliasMatch,NA
"1-PROPENE-1-SULFONYL FLUORIDE, 1,2,3,3,3-PENTAFLUORO-",FLUORIDE,FLUORIDE,NA,7681494,NA,New Row: Needs Review,TADA.AliasMatch,NA
"1-TETRADECANESULFONYL CHLORIDE, 3,3,4,4,5,5,6,6,7,7,8,8,9,9,10,10,11,11,12,12,13,13,14,14,14-PENTACOSAFLUORO-",CHLORIDE,CHLORIDE,NA,16887006,NA,New Row: Needs Review,TADA.AliasMatch,NA
"1-TETRADECANOL, 3,3,4,4,5,5,6,6,7,7,8,8,9,9,10,10,11,11,12,12,13,13,14,14,14-PENTACOSAFLUORO-, DIHYDROGEN PHOSPHATE",PHOSPHATE,PHOSPHATE,NA,NA,NA,New Row: Needs Review,TADA.AliasMatch,NA
"1-TETRADECANOL, 3,3,4,4,5,5,6,6,7,7,8,8,9,9,10,10,11,11,12,12,13,13,14,14,14-PENTACOSAFLUORO-, DIHYDROGEN PHOSPHATE (ESTER), DIAMMONIUM SALT",PHOSPHATE,PHOSPHATE,NA,NA,NA,New Row: Needs Review,TADA.AliasMatch,NA
"1-UNDECANESULFONYL CHLORIDE, 3,3,4,4,5,5,6,6,7,7,8,8,9,9,10,10,11,11,11-NONADECAFLUORO-",CHLORIDE,CHLORIDE,NA,16887006,NA,New Row: Needs Review,TADA.AliasMatch,NA
1-[2-(PERFLUOROOCTYL)-1-ETHYLSULFONYL]PROLINE LITHIUM SALT,LITHIUM,LITHIUM,NA,7439932,NA,New Row: Needs Review,TADA.AliasMatch,NA
1-[2-[(PERFLUORO-1-OXOOCTYL)AMINO]ETHYL]PYRIDINIUM BROMIDE,BROMIDE,BROMIDE,NA,NA,NA,New Row: Needs Review,TADA.AliasMatch,NA
1-[2-[(PERFLUORO-1-OXOOCTYL)AMINO]ETHYL]PYRIDINIUM CHLORIDE,CHLORIDE,CHLORIDE,NA,16887006,NA,New Row: Needs Review,TADA.AliasMatch,NA
1-[2-[ETHYL[(PERFLUOROOCTYL)SULFONYL]AMINO]ETHYL] BUTANEDIOATE POTASSIUM,POTASSIUM,POTASSIUM,NA,NA,NA,New Row: Needs Review,TADA.AliasMatch,NA
1-[4-(NONAFLUOROBUTYL)PHENYL]BUTYL DIPHENYL PHOSPHATE,PHOSPHATE,PHOSPHATE,NA,NA,NA,New Row: Needs Review,TADA.AliasMatch,NA
"10-(2,2,3,3,4,4,5,5,5-NONAFLUOROPENTYL)OCTACOSANOYL CHLORIDE",CHLORIDE,CHLORIDE,NA,16887006,NA,New Row: Needs Review,TADA.AliasMatch,NA
10:2 FLUOROTELOMER SULFATE,SULFATE,SULFATE,NA,NA,NA,New Row: Needs Review,TADA.AliasMatch,NA
10:2 FLUOROTELOMER SULFIDE (1-METHANOL 2-METHANOL) PROPANOATE,SULFIDE,SULFIDE,NA,NA,NA,New Row: Needs Review,TADA.AliasMatch,NA
10:2/12:2 FLUOROTELOMER PHOSPHATE DIESTER,PHOSPHATE,PHOSPHATE,NA,NA,NA,New Row: Needs Review,TADA.AliasMatch,NA
11-CHLOROPERFLUORO-3-OXAUNDECANESULFONYL FLUORIDE,FLUORIDE,FLUORIDE,NA,7681494,NA,New Row: Needs Review,TADA.AliasMatch,NA
"12,12,13,13,14,14,15,15,15-NONAFLUOROPENTADECANOYL CHLORIDE",CHLORIDE,CHLORIDE,NA,16887006,NA,New Row: Needs Review,TADA.AliasMatch,NA
"12,12,13,13,14,14,15,15,16,16,17,17,17-TRIDECAFLUOROHEPTADECANOYL CHLORIDE",CHLORIDE,CHLORIDE,NA,16887006,NA,New Row: Needs Review,TADA.AliasMatch,NA
12:2 FLUOROTELOMER SULFATE,SULFATE,SULFATE,NA,NA,NA,New Row: Needs Review,TADA.AliasMatch,NA
12:2 FLUOROTELOMER SULFIDE (1-METHANOL 2-METHANOL) PROPANOIC ACID,SULFIDE,SULFIDE,NA,NA,NA,New Row: Needs Review,TADA.AliasMatch,NA
13C-GHCH (LINDANE),LINDANE,GAMMA-HEXACHLOROCYCLOHEXANE (HCH) (LINDANE),NA,58899,NA,New Row: Needs Review,TADA.AliasMatch,NA
"13C4, 15N2-FIPRONIL SULFIDE",SULFIDE,SULFIDE,NA,NA,NA,New Row: Needs Review,TADA.AliasMatch,NA
14:2 FLUOROTELOMER SULFATE,SULFATE,SULFATE,NA,NA,NA,New Row: Needs Review,TADA.AliasMatch,NA
14:2 FLUOROTELOMER SULFIDE (1-METHANOL 2-METHANOL) PROPANOATE,SULFIDE,SULFIDE,NA,NA,NA,New Row: Needs Review,TADA.AliasMatch,NA
"18-(PERFLUOROOCTYL)-17-METHYL-5,8,11,14-TETRAOXA-18-THIA-17-AZAOCTADECANE-1-SULFONATE 18,18-DIOXIDE SODIUM",SODIUM,SODIUM,NA,NA,NA,New Row: Needs Review,TADA.AliasMatch,NA
"1H, 1H, 2H, 2H-[1,2-13C2] PERFLUOROOCTYL PHOSPHATE",PHOSPHATE,PHOSPHATE,NA,NA,NA,New Row: Needs Review,TADA.AliasMatch,NA
"1H, 1H, 2H, 2H-[1,2-13C2] PERFLUOROOCTYLDIHYDROGEN PHOSPHATE",PHOSPHATE,PHOSPHATE,NA,NA,NA,New Row: Needs Review,TADA.AliasMatch,NA
"1H,1H,2H,2H-PERFLUORODECANOL SULFATE AMMONIUM SALT",SULFATE,SULFATE,NA,NA,NA,New Row: Needs Review,TADA.AliasMatch,NA
"1H,1H,2H,2H-PERFLUORODODECANOL SULFATE AMMONIUM SALT",SULFATE,SULFATE,NA,NA,NA,New Row: Needs Review,TADA.AliasMatch,NA
"1H,1H,2H,2H-PERFLUOROHEXYL BROMIDE",BROMIDE,BROMIDE,NA,NA,NA,New Row: Needs Review,TADA.AliasMatch,NA
"1H,1H,2H,2H-PERFLUOROOCTANOL SULFATE AMMONIUM SALT",SULFATE,SULFATE,NA,NA,NA,New Row: Needs Review,TADA.AliasMatch,NA
"1H,1H,2H,2H-PERFLUOROTETRADECANOL SULFATE AMMONIUM SALT",SULFATE,SULFATE,NA,NA,NA,New Row: Needs Review,TADA.AliasMatch,NA
"1H-BENZOTRIAZOLE, SODIUM SALT",SODIUM,SODIUM,NA,NA,NA,New Row: Needs Review,TADA.AliasMatch,NA
"1H-PYRAZOLE-3-CARBONITRILE, 5-AMINO-1-[2,6-DICHLORO-4-(TRIFLUOROMETHYL)PHENYL]-4-(TR***RETIRED***USE FIPRONIL DESULFINYL",FIPRONIL,FIPRONIL,NA,NA,NA,New Row: Needs Review,TADA.AliasMatch,NA
"1H-PYRAZOLE-3-CARBOXAMIDE, 5-AMINO-1-[2,6-DICHLORO-4-(TRIFLUOROMETHYL)PHENYL]-4-[(TRIFLUOROMETHYL)SULFINYL]-***RETIRED***USE FIPRONIL AMIDE",FIPRONIL,FIPRONIL,NA,NA,NA,New Row: Needs Review,TADA.AliasMatch,NA
"2,2'-OXYBIS(TETRAFLUOROETHANE-1-SULFONYL FLUORIDE)",FLUORIDE,FLUORIDE,NA,7681494,NA,New Row: Needs Review,TADA.AliasMatch,NA
"2,2'-[(1,1,2,2-TETRAFLUOROETHANE-1,2-DIYL)BIS(OXY)]BIS(DIFLUOROACETYL FLUORIDE)",FLUORIDE,FLUORIDE,NA,7681494,NA,New Row: Needs Review,TADA.AliasMatch,NA
"2,2'-{OXYBIS[(1,1,2,2-TETRAFLUOROETHANE-2,1-DIYL)OXY]}BIS(DIFLUOROACETYL FLUORIDE)",FLUORIDE,FLUORIDE,NA,7681494,NA,New Row: Needs Review,TADA.AliasMatch,NA
"2,2,2-TRIFLUORO-N-(PENTAFLUOROETHYL)ETHANIMIDOYL FLUORIDE",FLUORIDE,FLUORIDE,NA,7681494,NA,New Row: Needs Review,TADA.AliasMatch,NA
"2,2,3,3,3-PENTAFLUOROPROPAN-1-AMINE--HYDROGEN CHLORIDE (1/1)",CHLORIDE,CHLORIDE,NA,16887006,NA,New Row: Needs Review,TADA.AliasMatch,NA
"2,2,3,3,3-PENTAFLUOROPROPANIMIDAMIDE--HYDROGEN CHLORIDE (1/1)",CHLORIDE,CHLORIDE,NA,16887006,NA,New Row: Needs Review,TADA.AliasMatch,NA
"2,2,3,3,3-PENTAFLUOROPROPANOYL NITRITE",NITRITE,NITRITE,NA,14797650,NA,New Row: Needs Review,TADA.AliasMatch,NA
"2,2,3,3,4,4,4-HEPTAFLUORO-1-PHENYLBUTYL DIPHENYL PHOSPHATE",PHOSPHATE,PHOSPHATE,NA,NA,NA,New Row: Needs Review,TADA.AliasMatch,NA
"2,2,3,3,4,4,4-HEPTAFLUORO-N-(NONAFLUOROBUTYL)BUTANIMIDOYL FLUORIDE",FLUORIDE,FLUORIDE,NA,7681494,NA,New Row: Needs Review,TADA.AliasMatch,NA
"2,2,3,3,4,4,4-HEPTAFLUOROBUTAN-1-AMINE-HYDROGEN CHLORIDE (1:1)",CHLORIDE,CHLORIDE,NA,16887006,NA,New Row: Needs Review,TADA.AliasMatch,NA
"2,2,3,3,4,4,4-HEPTAFLUOROBUTANIMIDAMIDE-HYDROGEN CHLORIDE (1:1)",CHLORIDE,CHLORIDE,NA,16887006,NA,New Row: Needs Review,TADA.AliasMatch,NA
"2,2,3,3,4,4,4-HEPTAFLUOROBUTANOYL NITRITE",NITRITE,NITRITE,NA,14797650,NA,New Row: Needs Review,TADA.AliasMatch,NA
"2,2,3,3,4,4,4-HEPTAFLUOROBUTYL HYDROGEN PHOSPHATE",PHOSPHATE,PHOSPHATE,NA,NA,NA,New Row: Needs Review,TADA.AliasMatch,NA
"2,2,3,3,4,4,5,5,5-NONAFLUORO-1-PHENYLPENTYL BIS(2,2,2-TRIFLUOROETHYL) PHOSPHATE",PHOSPHATE,PHOSPHATE,NA,NA,NA,New Row: Needs Review,TADA.AliasMatch,NA
"2,2,3,3,4,4,5,5,6,6,7,7,7-TRIDECAFLUORO-1-[4-(2-HYDROXYETHYL)PIPERAZIN-1-YL]HEPTAN-1-ONE-HYDROGEN CHLORIDE (1:1)",CHLORIDE,CHLORIDE,NA,16887006,NA,New Row: Needs Review,TADA.AliasMatch,NA
"2,2,3,3,4,4,5,5,6,6,7,7,8,8,8-PENTADECAFLUOROOCTAN-1-AMINE-HYDROGEN CHLORIDE (1:1)",CHLORIDE,CHLORIDE,NA,16887006,NA,New Row: Needs Review,TADA.AliasMatch,NA
"2,2,3,3,4,4,5,5,6,6,7,7,8,8,9,9,10,10,11,11-ICOSAFLUOROUNDECANOYL CHLORIDE",CHLORIDE,CHLORIDE,NA,16887006,NA,New Row: Needs Review,TADA.AliasMatch,NA
"2,2,3,3,4,4,5,5,6,6,7,7,8,8,9,9-HEXADECAFLUORONONANOYL BROMIDE",BROMIDE,BROMIDE,NA,NA,NA,New Row: Needs Review,TADA.AliasMatch,NA
"2,2,3,3,4,4,5,5,6,6,7,7,8,8,9,9-HEXADECAFLUORONONANOYL CHLORIDE",CHLORIDE,CHLORIDE,NA,16887006,NA,New Row: Needs Review,TADA.AliasMatch,NA
"2,2,3,3,4,4,5,5,6,6,7,7-DODECAFLUOROHEPTANOYL FLUORIDE",FLUORIDE,FLUORIDE,NA,7681494,NA,New Row: Needs Review,TADA.AliasMatch,NA
"2,2,3,3,4,4,5,5-OCTAFLUORO-5-IODOPENTANOYL FLUORIDE",FLUORIDE,FLUORIDE,NA,7681494,NA,New Row: Needs Review,TADA.AliasMatch,NA
"2,2,3,3,4,4,5,5-OCTAFLUOROPENTANOYL BROMIDE",BROMIDE,BROMIDE,NA,NA,NA,New Row: Needs Review,TADA.AliasMatch,NA
"2,2,3,3,4,4,5,5-OCTAFLUOROPENTYL DIHYDROGEN PHOSPHATE",PHOSPHATE,PHOSPHATE,NA,NA,NA,New Row: Needs Review,TADA.AliasMatch,NA
"2,2,3,3,4,4-HEXAFLUORO-4-(1,1,2-TRIFLUORO-2-OXOETHOXY)BUTANOYL FLUORIDE",FLUORIDE,FLUORIDE,NA,7681494,NA,New Row: Needs Review,TADA.AliasMatch,NA
"2,2,3,3,4,4-HEXAFLUORO-4-(FLUOROSULFONYL)BUTANOYL FLUORIDE",FLUORIDE,FLUORIDE,NA,7681494,NA,New Row: Needs Review,TADA.AliasMatch,NA
"2,2,3,3,4,4-HEXAFLUORO-4-IODOBUTANOYL FLUORIDE",FLUORIDE,FLUORIDE,NA,7681494,NA,New Row: Needs Review,TADA.AliasMatch,NA
"2,2,3,3,4,4-HEXAFLUORO-4-[(1,1,1,2,3-PENTAFLUORO-3-OXOPROPAN-2-YL)OXY]BUTANOYL FLUORIDE",FLUORIDE,FLUORIDE,NA,7681494,NA,New Row: Needs Review,TADA.AliasMatch,NA
"2,2,3,3,4,4-HEXAFLUOROPENTANE-1,5-DIAMINE--HYDROGEN CHLORIDE (1/1)",CHLORIDE,CHLORIDE,NA,16887006,NA,New Row: Needs Review,TADA.AliasMatch,NA
"2,2,3,3,4,5,5,5-OCTAFLUORO-4-(TRIFLUOROMETHYL)PENTANOYL CHLORIDE",CHLORIDE,CHLORIDE,NA,16887006,NA,New Row: Needs Review,TADA.AliasMatch,NA
"2,2,3,3,4,5,5,5-OCTAFLUORO-4-[1,1,2,2-TETRAFLUORO-2-(FLUOROSULFONYL)ETHOXY]PENTANOYL FLUORIDE",FLUORIDE,FLUORIDE,NA,7681494,NA,New Row: Needs Review,TADA.AliasMatch,NA
"2,2,3,3-TETRAFLUORO-1-(METHYL)CYCLOBUTANECARBONYL CHLORIDE",CHLORIDE,CHLORIDE,NA,16887006,NA,New Row: Needs Review,TADA.AliasMatch,NA
"2,2,3,3-TETRAFLUORO-2,3-DIHYDRO-1,4-BENZODIOXINE-6-CARBONYL CHLORIDE",CHLORIDE,CHLORIDE,NA,16887006,NA,New Row: Needs Review,TADA.AliasMatch,NA
"2,2,3,3-TETRAFLUORO-3-(FLUOROSULFONYL)PROPANOYL FLUORIDE",FLUORIDE,FLUORIDE,NA,7681494,NA,New Row: Needs Review,TADA.AliasMatch,NA
"2,2,3,3-TETRAFLUORO-3-(METHYLSULFANYL)PROPANOYL FLUORIDE",FLUORIDE,FLUORIDE,NA,7681494,NA,New Row: Needs Review,TADA.AliasMatch,NA
"2,2,3,3-TETRAFLUORO-3-IODOPROPANOYL FLUORIDE",FLUORIDE,FLUORIDE,NA,7681494,NA,New Row: Needs Review,TADA.AliasMatch,NA
"2,2,3,3-TETRAFLUORO-3-METHOXYPROPANOYL FLUORIDE",FLUORIDE,FLUORIDE,NA,7681494,NA,New Row: Needs Review,TADA.AliasMatch,NA
"2,2,3,3-TETRAFLUORO-3-[1,1,2,2-TETRAFLUORO-2-(FLUOROSULFONYL)ETHOXY]PROPANOYL FLUORIDE",FLUORIDE,FLUORIDE,NA,7681494,NA,New Row: Needs Review,TADA.AliasMatch,NA
"2,2,3,3-TETRAFLUOROPROPANOL DIHYDROGEN PHOSPHATE",PHOSPHATE,PHOSPHATE,NA,NA,NA,New Row: Needs Review,TADA.AliasMatch,NA
"2,2,3,3-TETRAFLUOROPROPYL BROMIDE",BROMIDE,BROMIDE,NA,NA,NA,New Row: Needs Review,TADA.AliasMatch,NA
"2,2,4,5,5-PENTAFLUORO-1,3-DIOXOLANE-4-CARBONYL FLUORIDE",FLUORIDE,FLUORIDE,NA,7681494,NA,New Row: Needs Review,TADA.AliasMatch,NA
"2,2-BIS(TRIFLUOROMETHYL)PROPIONYL FLUORIDE",FLUORIDE,FLUORIDE,NA,7681494,NA,New Row: Needs Review,TADA.AliasMatch,NA
"2,2-DIFLUORO-2-[1,1,2,2-TETRAFLUORO-2-(TRIFLUOROMETHOXY)ETHOXY]ACETYL CHLORIDE",CHLORIDE,CHLORIDE,NA,16887006,NA,New Row: Needs Review,TADA.AliasMatch,NA
"2,2-DIFLUORO-3-(NONAFLUOROBUTOXY)PROPANOYL FLUORIDE",FLUORIDE,FLUORIDE,NA,7681494,NA,New Row: Needs Review,TADA.AliasMatch,NA
"2,3,3,3-TETRAFLUORO-2-(FLUOROSULFONYL)PROPANOYL FLUORIDE",FLUORIDE,FLUORIDE,NA,7681494,NA,New Row: Needs Review,TADA.AliasMatch,NA
"2,3,3,3-TETRAFLUORO-2-(HEPTAFLUOROPROPOXY)PROPANOYL CHLORIDE",CHLORIDE,CHLORIDE,NA,16887006,NA,New Row: Needs Review,TADA.AliasMatch,NA
"2,3,3,3-TETRAFLUORO-2-(NONAFLUOROBUTOXY)PROPANOYL FLUORIDE",FLUORIDE,FLUORIDE,NA,7681494,NA,New Row: Needs Review,TADA.AliasMatch,NA
"2,3,3,3-TETRAFLUORO-2-PHENOXYPROPANOYL FLUORIDE",FLUORIDE,FLUORIDE,NA,7681494,NA,New Row: Needs Review,TADA.AliasMatch,NA
"2,3,3,3-TETRAFLUORO-2-[1,1,2,2,3,3,4,4-OCTAFLUORO-4-(FLUOROSULFONYL)BUTOXY]PROPANOYL FLUORIDE",FLUORIDE,FLUORIDE,NA,7681494,NA,New Row: Needs Review,TADA.AliasMatch,NA
"2,3,3,4,4,4-HEXAFLUORO-2-(PENTAFLUOROETHYL)BUTANOYL FLUORIDE",FLUORIDE,FLUORIDE,NA,7681494,NA,New Row: Needs Review,TADA.AliasMatch,NA
"2,3,3,4,4,4-HEXAFLUORO-2-(TRIFLUOROMETHYL)BUTANOYL FLUORIDE",FLUORIDE,FLUORIDE,NA,7681494,NA,New Row: Needs Review,TADA.AliasMatch,NA
"2,3,3-TRICHLORO-2-PROPENE-1-SULFONIC ACID (SODIUM SALT)",SODIUM,SODIUM,NA,NA,NA,New Row: Needs Review,TADA.AliasMatch,NA
"2,3,4,4,5,5,6,6,6-NONAFLUOROHEX-2-ENOYL FLUORIDE",FLUORIDE,FLUORIDE,NA,7681494,NA,New Row: Needs Review,TADA.AliasMatch,NA
"2,3,4,6-TETRACHLOROPHENOL MIXT. WITH 2,3,5,6-TETRACHLOROPHENOL","2,3,4,6-TETRACHLOROPHENOL","2,3,4,6-TETRACHLOROPHENOL",NA,58902,NA,New Row: Needs Review,TADA.AliasMatch,NA
"2,3,6-TRICHLOROTOLUENE","2,3,6-TRICHLOROTOLUENE","2,3,6-TRICHLOROTOLUENE",NA,NA,NA,New Row: Needs Review,TADA.AliasMatch,NA
"2,3,7,8-TETRACHLORODIBENZO-P-DIOXIN, TEC","2,3,7,8-TETRACHLORODIBENZOP-DIOXIN","2,3,7,8-TCDD (DIOXIN)",NA,1746016,NA,New Row: Needs Review,TADA.AliasMatch,NA
"2,3,7,8-TETRACHLORODIBENZO-P-DIOXIN, TEQ","2,3,7,8-TETRACHLORODIBENZOP-DIOXIN","2,3,7,8-TCDD (DIOXIN)",NA,1746016,NA,New Row: Needs Review,TADA.AliasMatch,NA
"2,3,7,8-TETRACHLORODIBENZO-P-DIOXIN, TTE","2,3,7,8-TETRACHLORODIBENZOP-DIOXIN","2,3,7,8-TCDD (DIOXIN)",NA,1746016,NA,New Row: Needs Review,TADA.AliasMatch,NA
"2,3-DICHLORO-2,3,3-TRIFLUOROPROPANOYL FLUORIDE",FLUORIDE,FLUORIDE,NA,7681494,NA,New Row: Needs Review,TADA.AliasMatch,NA
"2,4,5-T","2,4,5-T","2,4,5-T",NA,93765,NA,New Row: Needs Review,TADA.AliasMatch,NA
"2,4,5-T + SILVEX","2,4,5-T","2,4,5-T",NA,93765,NA,New Row: Needs Review,TADA.AliasMatch,NA
"2,4,5-T + SILVEX",SILVEX,"CHLOROPHENOXY HERBICIDE (2,4,5-TP) [SILVEX]",NA,93721,NA,New Row: Needs Review,TADA.AliasMatch,NA
"2,4,5-T ISOOCTYL ESTER","2,4,5-T","2,4,5-T",NA,93765,NA,New Row: Needs Review,TADA.AliasMatch,NA
"2,4,5-T ISOPROPYL ESTER","2,4,5-T","2,4,5-T",NA,93765,NA,New Row: Needs Review,TADA.AliasMatch,NA
"2,4,5-TRICHLOROTOLUENE","2,4,5-TRICHLOROTOLUENE ","2,4,5-TRICHLOROTOLUENE ",NA,NA,NA,New Row: Needs Review,TADA.AliasMatch,NA
"2,4,6,8,10-PENTAOXADODECAN-12-OYL FLUORIDE, 1,1,1,3,3,5,5,7,7,9,9,11,11-TRIDECAFLUORO-",FLUORIDE,FLUORIDE,NA,7681494,NA,New Row: Needs Review,TADA.AliasMatch,NA
"2,4,6-TRICHLORO-2,3,3,4,5,5,6-HEPTAFLUORO-6-IODOHEXANOYL CHLORIDE",CHLORIDE,CHLORIDE,NA,16887006,NA,New Row: Needs Review,TADA.AliasMatch,NA
"2,4-BIS[(1,2,3,3,4,4,5,5,6,6,7,7,8,8,9,9,9-HEPTADECAFLUORONON-1-EN-1-YL)OXY]BENZENE-1-SULFONYL CHLORIDE",CHLORIDE,CHLORIDE,NA,16887006,NA,New Row: Needs Review,TADA.AliasMatch,NA
"2,4-D","2,4 DICHLOROPHENOXYACETIC ACID (2,4-D)","CHLOROPHENOXY HERBICIDE (2,4-D)",NA,94757,NA,New Row: Needs Review,TADA.AliasMatch,NA
"2,4-D","2,4-DICHLORO-PHENOXYACETIC ACID (2,4-D)","CHLOROPHENOXY HERBICIDE (2,4-D)",NA,94757,NA,New Row: Needs Review,TADA.AliasMatch,NA
"2,4-D","2-4-DICHLOROPHENOXYACETIC ACID (2,4-D)","CHLOROPHENOXY HERBICIDE (2,4-D)",NA,94757,NA,New Row: Needs Review,TADA.AliasMatch,NA
"2,4-D","CHLOROPHENOXY HERBICIDE (2,4-D)","CHLOROPHENOXY HERBICIDE (2,4-D)",NA,94757,NA,New Row: Needs Review,TADA.AliasMatch,NA
"2,4-D 2-BUTOXYETHYL ESTER","2,4-D","CHLOROPHENOXY HERBICIDE (2,4-D)",NA,94757,NA,New Row: Needs Review,TADA.AliasMatch,NA
"2,4-D 2-BUTOXYETHYL ESTER",2-4-D,"CHLOROPHENOXY HERBICIDE (2,4-D)",NA,94757,NA,New Row: Needs Review,TADA.AliasMatch,NA
"2,4-D 2-ETHYLHEXYL ESTER","2,4-D","CHLOROPHENOXY HERBICIDE (2,4-D)",NA,94757,NA,New Row: Needs Review,TADA.AliasMatch,NA
"2,4-D 2-ETHYLHEXYL ESTER",2-4-D,"CHLOROPHENOXY HERBICIDE (2,4-D)",NA,94757,NA,New Row: Needs Review,TADA.AliasMatch,NA
"2,4-D DIMETHYLAMINE SALT","2,4-D","CHLOROPHENOXY HERBICIDE (2,4-D)",NA,94757,NA,New Row: Needs Review,TADA.AliasMatch,NA
"2,4-D DIMETHYLAMINE SALT",2-4-D,"CHLOROPHENOXY HERBICIDE (2,4-D)",NA,94757,NA,New Row: Needs Review,TADA.AliasMatch,NA
"2,4-D ESTERS","2,4-D","CHLOROPHENOXY HERBICIDE (2,4-D)",NA,94757,NA,New Row: Needs Review,TADA.AliasMatch,NA
"2,4-D ESTERS",2-4-D,"CHLOROPHENOXY HERBICIDE (2,4-D)",NA,94757,NA,New Row: Needs Review,TADA.AliasMatch,NA
"2,4-D ISOBUTYL ESTER","2,4-D","CHLOROPHENOXY HERBICIDE (2,4-D)",NA,94757,NA,New Row: Needs Review,TADA.AliasMatch,NA
"2,4-D ISOBUTYL ESTER",2-4-D,"CHLOROPHENOXY HERBICIDE (2,4-D)",NA,94757,NA,New Row: Needs Review,TADA.AliasMatch,NA
"2,4-D ISOPROPYL ESTER","2,4-D","CHLOROPHENOXY HERBICIDE (2,4-D)",NA,94757,NA,New Row: Needs Review,TADA.AliasMatch,NA
"2,4-D ISOPROPYL ESTER",2-4-D,"CHLOROPHENOXY HERBICIDE (2,4-D)",NA,94757,NA,New Row: Needs Review,TADA.AliasMatch,NA
"2,4-D METHYL ESTER","2,4-D","CHLOROPHENOXY HERBICIDE (2,4-D)",NA,94757,NA,New Row: Needs Review,TADA.AliasMatch,NA
"2,4-D METHYL ESTER",2-4-D,"CHLOROPHENOXY HERBICIDE (2,4-D)",NA,94757,NA,New Row: Needs Review,TADA.AliasMatch,NA
"2,4-D METHYL ESTER-D3","2,4-D","CHLOROPHENOXY HERBICIDE (2,4-D)",NA,94757,NA,New Row: Needs Review,TADA.AliasMatch,NA
"2,4-D METHYL ESTER-D3",2-4-D,"CHLOROPHENOXY HERBICIDE (2,4-D)",NA,94757,NA,New Row: Needs Review,TADA.AliasMatch,NA
"2,4-D SEC-BUTYL ESTER","2,4-D","CHLOROPHENOXY HERBICIDE (2,4-D)",NA,94757,NA,New Row: Needs Review,TADA.AliasMatch,NA
"2,4-D SEC-BUTYL ESTER",2-4-D,"CHLOROPHENOXY HERBICIDE (2,4-D)",NA,94757,NA,New Row: Needs Review,TADA.AliasMatch,NA
"2,4-D, SALTS AND ESTERS","2,4-D","CHLOROPHENOXY HERBICIDE (2,4-D)",NA,94757,NA,New Row: Needs Review,TADA.AliasMatch,NA
"2,4-D, SALTS AND ESTERS",2-4-D,"CHLOROPHENOXY HERBICIDE (2,4-D)",NA,94757,NA,New Row: Needs Review,TADA.AliasMatch,NA
"2,4-D, TRIISOPROPANOLAMINE SALT","2,4-D","CHLOROPHENOXY HERBICIDE (2,4-D)",NA,94757,NA,New Row: Needs Review,TADA.AliasMatch,NA
"2,4-D, TRIISOPROPANOLAMINE SALT",2-4-D,"CHLOROPHENOXY HERBICIDE (2,4-D)",NA,94757,NA,New Row: Needs Review,TADA.AliasMatch,NA
"2,4-DICHLOROPHENOL MIXT. WITH 2,5-DICHLOROPHENOL","2,4-DICHLOROPHENOL","2,4-DICHLOROPHENOL",NA,120832,NA,New Row: Needs Review,TADA.AliasMatch,NA
"2,4-DICHLOROPHENOL MIXT. WITH 2,5-DICHLOROPHENOL","2,5-DICHLOROPHENOL","2,5-DICHLOROPHENOL",NA,583788,NA,New Row: Needs Review,TADA.AliasMatch,NA
"2,5-DIMETHYL PHENANTHRENE",PHENANTHRENE,PHENANTHRENE,NA,85018,NA,New Row: Needs Review,TADA.AliasMatch,NA
"2,5-FURANDIONE, POLYMER WITH 2-METHYL-3-[1,2,2,2-TETRAFLUORO-1-(TRIFLUOROMETHYL)ETHOXY]-1-PROPENE, SODIUM SALT",SODIUM,SODIUM,NA,NA,NA,New Row: Needs Review,TADA.AliasMatch,NA
"2,6-DICHLOROTOLUENE","2,6-DICHLOROTOLUENE","2,6-DICHLOROTOLUENE",NA,118694,NA,New Row: Needs Review,TADA.AliasMatch,NA
"2-(1,1,2,2-TETRAFLUORO-2-PHENYLETHYL)ANILINE-HYDROGEN CHLORIDE (1/1)",CHLORIDE,CHLORIDE,NA,16887006,NA,New Row: Needs Review,TADA.AliasMatch,NA
"2-(1-ETHENOXY-1,1,2,3,3,3-HEXAFLUOROPROPAN-2-YL)OXY-1,1,2,2-TETRAFLUOROETHANESULFONYL FLUORIDE",FLUORIDE,FLUORIDE,NA,7681494,NA,New Row: Needs Review,TADA.AliasMatch,NA
"2-(2-BROMO-1,1,2,2-TETRAFLUOROETHOXY)-2,3,3,3-TETRAFLUOROPROPANOYL FLUORIDE",FLUORIDE,FLUORIDE,NA,7681494,NA,New Row: Needs Review,TADA.AliasMatch,NA
"2-(2-CHLORO-1,1,2,2-TETRAFLUOROETHOXY)-1,1,2,2-TETRAFLUOROETHANE-1-SULFONYL FLUORIDE",FLUORIDE,FLUORIDE,NA,7681494,NA,New Row: Needs Review,TADA.AliasMatch,NA
"2-(4-BROMOPHENOXY)-1,1,2,2-TETRAFLUOROETHANE-1-SULFONYL FLUORIDE",FLUORIDE,FLUORIDE,NA,7681494,NA,New Row: Needs Review,TADA.AliasMatch,NA
"2-(6-FLUORO-1H-INDOL-3-YL)-N-{[3-(2,2,3,3-TETRAFLUOROPROPOXY)PHENYL]METHYL}ETHAN-1-AMINE-HYDROGEN CHLORIDE (1:1)",CHLORIDE,CHLORIDE,NA,16887006,NA,New Row: Needs Review,TADA.AliasMatch,NA
2-(P-IODOPHENYL)-3-(P-NITROPHENYL)-5-PHENYLTETRAZOLIUM CHLORIDE,CHLORIDE,CHLORIDE,NA,16887006,NA,New Row: Needs Review,TADA.AliasMatch,NA
2-(PERFLUOROHEXYL)-1-ETHANOL 1-(HYDROGEN SULFATE),SULFATE,SULFATE,NA,NA,NA,New Row: Needs Review,TADA.AliasMatch,NA
2-(PERFLUOROHEXYL)ETHANOL DIHYDROGEN PHOSPHATE BIS(2-HYDROXYETHYL)AMINE,PHOSPHATE,PHOSPHATE,NA,NA,NA,New Row: Needs Review,TADA.AliasMatch,NA
2-(PERFLUOROVINYLOXY)PERFLUOROETHANESULFONIC ACID SODIUM SALT,SODIUM,SODIUM,NA,NA,NA,New Row: Needs Review,TADA.AliasMatch,NA
"2-({1-[1,2,2-TRIFLUORO-2-(2,2,2-TRIFLUOROETHOXY)ETHOXY]PERFLUOROPROPAN-2-YL}OXY)PERFLUOROETHANE-1-SULFINATE SODIUM",SODIUM,SODIUM,NA,NA,NA,New Row: Needs Review,TADA.AliasMatch,NA
"2-4-DINITROPHENOL***RETIRED***USE 2,4-DINITROPHENOL","2,4-DINITROPHENOL","2,4-DINITROPHENOL",NA,51285,NA,New Row: Needs Review,TADA.AliasMatch,NA
2-ALLYLOXYPERFLUOROETHANESULFONYL FLUORIDE,FLUORIDE,FLUORIDE,NA,7681494,NA,New Row: Needs Review,TADA.AliasMatch,NA
"2-BROMO-2,3,3,3-TETRAFLUOROPROPANOYL BROMIDE",BROMIDE,BROMIDE,NA,NA,NA,New Row: Needs Review,TADA.AliasMatch,NA
"2-BROMO-2,3,3,3-TETRAFLUOROPROPANOYL CHLORIDE",CHLORIDE,CHLORIDE,NA,16887006,NA,New Row: Needs Review,TADA.AliasMatch,NA
"2-BROMO-2,3,3,3-TETRAFLUOROPROPANOYL FLUORIDE",FLUORIDE,FLUORIDE,NA,7681494,NA,New Row: Needs Review,TADA.AliasMatch,NA
"2-BUTENEDIOIC ACID (2Z)-, BIS(2-ETHYLHEXYL) ESTER, POLYMERS WITH N,N-DIMETHYL-2-PROPENAMIDE, .GAMMA.-.OMEGA.-PERFLUORO-C8-20-ALKYL ACRYLATE AND VINYL CHLORIDE",CHLORIDE,CHLORIDE,NA,16887006,NA,New Row: Needs Review,TADA.AliasMatch,NA
"2-BUTENEDIOIC ACID (2Z)-, BIS(2-ETHYLHEXYL) ESTER, POLYMERS WITH N,N-DIMETHYL-2-PROPENAMIDE, .GAMMA.-.OMEGA.-PERFLUORO-C8-20-ALKYL ACRYLATE AND VINYL CHLORIDE",VINYL CHLORIDE,VINYL CHLORIDE,NA,75014,NA,New Row: Needs Review,TADA.AliasMatch,NA
"2-BUTENEDIOIC ACID (2Z)-, BIS(2-ETHYLHEXYL) ESTER, POLYMERS WITH N-(HYDROXYMETHYL)-2-PROPENAMIDE, .GAMMA.-.OMEGA.-PERFLUORO-C8-18-ALKYL ACRYLATE AND VINYL CHLORIDE",CHLORIDE,CHLORIDE,NA,16887006,NA,New Row: Needs Review,TADA.AliasMatch,NA
"2-BUTENEDIOIC ACID (2Z)-, BIS(2-ETHYLHEXYL) ESTER, POLYMERS WITH N-(HYDROXYMETHYL)-2-PROPENAMIDE, .GAMMA.-.OMEGA.-PERFLUORO-C8-18-ALKYL ACRYLATE AND VINYL CHLORIDE",VINYL CHLORIDE,VINYL CHLORIDE,NA,75014,NA,New Row: Needs Review,TADA.AliasMatch,NA
"2-BUTENEDIOIC ACID (2Z)-, BIS(2-ETHYLHEXYL) ESTER, POLYMERS WITH N-(HYDROXYMETHYL)-2-PROPENAMIDE,.GAMMA.-.OMEGA.-PERFLUORO-C8-20-ALKYL ACRYLATE AND VINYL CHLORIDE",CHLORIDE,CHLORIDE,NA,16887006,NA,New Row: Needs Review,TADA.AliasMatch,NA
"2-BUTENEDIOIC ACID (2Z)-, BIS(2-ETHYLHEXYL) ESTER, POLYMERS WITH N-(HYDROXYMETHYL)-2-PROPENAMIDE,.GAMMA.-.OMEGA.-PERFLUORO-C8-20-ALKYL ACRYLATE AND VINYL CHLORIDE",VINYL CHLORIDE,VINYL CHLORIDE,NA,75014,NA,New Row: Needs Review,TADA.AliasMatch,NA
"2-BUTENEDIOIC ACID (2Z)-, SODIUM SALT, POLYMER WITH ETHENYLBENZENE AND 2,2,3,3-TETRAFLUOROPROPYL HYDROGEN (2Z)-2-BUTENEDIOATE",SODIUM,SODIUM,NA,NA,NA,New Row: Needs Review,TADA.AliasMatch,NA
"2-BUTENEDIOIC ACID (Z)-, DI-C1-20-ALKYL ESTERS, POLYMER WITH .ALPHA.-FLUORO-.OMEGA.-[2-[(1-OXO-2-PROPENYL)OXY]ETHYL]POLY(DIFLUOROMETHYLENE), 2-HYDROXYETHYL ACRYLATE AND VINYL CHLORIDE",CHLORIDE,CHLORIDE,NA,16887006,NA,New Row: Needs Review,TADA.AliasMatch,NA
"2-BUTENEDIOIC ACID (Z)-, DI-C1-20-ALKYL ESTERS, POLYMER WITH .ALPHA.-FLUORO-.OMEGA.-[2-[(1-OXO-2-PROPENYL)OXY]ETHYL]POLY(DIFLUOROMETHYLENE), 2-HYDROXYETHYL ACRYLATE AND VINYL CHLORIDE",VINYL CHLORIDE,VINYL CHLORIDE,NA,75014,NA,New Row: Needs Review,TADA.AliasMatch,NA
"2-BUTENEDIOIC ACID (Z)-, DI-C1-20-ALKYL ESTERS, POLYMER WITH ACRYLAMIDE N-[(C1-10-ALKYLOXY)METHYL]DERIVS.,.ALPHA.-FLUORO-.OMEGA.-[2-[(1-OXO-2-PROPENYL)OXY]ETHYL] POLY (DIFLUOROMETHYLENE) AND VINYLCHLORIDE",ACRYLAMIDE,ACRYLAMIDE,NA,79061,NA,New Row: Needs Review,TADA.AliasMatch,NA
"2-BUTENEDIOIC ACID(Z)-, MONO(2,2,3,3-TETRAFLUOROPROPYL)ESTER, SODIUM SALT, POLYMER WITH ETHENYLBENZENE",SODIUM,SODIUM,NA,NA,NA,New Row: Needs Review,TADA.AliasMatch,NA
"2-BUTENEDIOIC ACID, 1-(2,2,3,3-TETRAFLUOROPROPYL) ESTER, SODIUM SALT (1:1), POLYMER WITH ETHENYLBENZENE AND SODIUM 2-BUT",SODIUM,SODIUM,NA,NA,NA,New Row: Needs Review,TADA.AliasMatch,NA
"2-BUTENEDIOIC ACID, 1-(2,2,3,3-TETRAFLUOROPROPYL) ESTER, SODIUM SALT (1:1), POLYMER WITH ETHENYLBENZENE AND SODIUM 2-BUTENEDIOATE (2:1)",SODIUM,SODIUM,NA,NA,NA,New Row: Needs Review,TADA.AliasMatch,NA
"2-BUTENEDIOIC ACID, 2-METHYL-, (2Z)-, POLYMERS WITH .GAMMA.-.OMEGA.-PERFLUORO-C8-16-ALKYL ACRYLATE, STEARYL ACRYLATE AND STYRENE",STYRENE,STYRENE,NA,100425,NA,New Row: Needs Review,TADA.AliasMatch,NA
"2-CHLORO-1,1,2,2-TETRAFLUOROETHANE-1-SULFONYL CHLORIDE",CHLORIDE,CHLORIDE,NA,16887006,NA,New Row: Needs Review,TADA.AliasMatch,NA
"2-CHLORO-2,3,3,3-TETRAFLUOROPROPANOYL BROMIDE",BROMIDE,BROMIDE,NA,NA,NA,New Row: Needs Review,TADA.AliasMatch,NA
"2-CHLORO-2,3,3,3-TETRAFLUOROPROPANOYL CHLORIDE",CHLORIDE,CHLORIDE,NA,16887006,NA,New Row: Needs Review,TADA.AliasMatch,NA
"2-CHLORO-2,3,3,3-TETRAFLUOROPROPANOYL FLUORIDE",FLUORIDE,FLUORIDE,NA,7681494,NA,New Row: Needs Review,TADA.AliasMatch,NA
"2-CHLORO-2,3,3-TRIFLUORO-1-METHYLCYCLOBUTANE-1-CARBONYL CHLORIDE",CHLORIDE,CHLORIDE,NA,16887006,NA,New Row: Needs Review,TADA.AliasMatch,NA
"2-CHLORO-2,3,3-TRIFLUOROCYCLOBUTANE-1-CARBONYL CHLORIDE",CHLORIDE,CHLORIDE,NA,16887006,NA,New Row: Needs Review,TADA.AliasMatch,NA
"2-CHLORO-4,4,5,5,6,6,7,7,8,8,9,9,10,11,11,11-HEXADECAFLUORO-10-(TRIFLUOROMETHYL)-1-UNDECANOL DIHYDROGEN PHOSPHATE",PHOSPHATE,PHOSPHATE,NA,NA,NA,New Row: Needs Review,TADA.AliasMatch,NA
"2-CYANO-2,3,3,3-TETRAFLUOROPROPANOYL FLUORIDE",FLUORIDE,FLUORIDE,NA,7681494,NA,New Row: Needs Review,TADA.AliasMatch,NA
2-DIMETHYLAMINO QUINOLINE,QUINOLINE,QUINOLINE,NA,91225,NA,New Row: Needs Review,TADA.AliasMatch,NA
"2-ETHYL-3,3,4,4,5,5,5-HEPTAFLUOROPENTAN-1-AMINE-HYDROGEN CHLORIDE (1:1)",CHLORIDE,CHLORIDE,NA,16887006,NA,New Row: Needs Review,TADA.AliasMatch,NA
2-ETHYLHEXYL DIPHENYL PHOSPHATE,PHOSPHATE,PHOSPHATE,NA,NA,NA,New Row: Needs Review,TADA.AliasMatch,NA
2-FLUORO-4-NITROPHENOL POTASSIUM SALT,POTASSIUM,POTASSIUM,NA,NA,NA,New Row: Needs Review,TADA.AliasMatch,NA
"2-FURANCARBONYL FLUORIDE, 2,3,3,4,4,5,5-HEPTAFLUOROTETRAHYDRO-",FLUORIDE,FLUORIDE,NA,7681494,NA,New Row: Needs Review,TADA.AliasMatch,NA
"2-METHYL-2-[[1-OXO-3-[(3,3,4,4,5,5, 6,6,7,7,8,8,8-TRIDECAFLUOROOCTYL)THIO]PROPYL]AMINO]-1-PROPANESULFONIC ACID MAGNESIUM SALT (2:1)",MAGNESIUM,MAGNESIUM,NA,7439954,NA,New Row: Needs Review,TADA.AliasMatch,NA
"2-PROPANOL, 1,1'-[(3,3,4,4,5,5,6,6,6-NONAFLUOROHEXYL)IMINO]BIS[3-CHLORO-",2-PROPANOL,2-PROPANOL,NA,67630,NA,New Row: Needs Review,TADA.AliasMatch,NA
"2-PROPANOL, 1,1,1,3,3,3-HEXAFLUORO-",2-PROPANOL,2-PROPANOL,NA,67630,NA,New Row: Needs Review,TADA.AliasMatch,NA
"2-PROPANOL, 1,1,1,3,3,3-HEXAFLUORO-, 2-(4-METHYLBENZENESULFONATE)",2-PROPANOL,2-PROPANOL,NA,67630,NA,New Row: Needs Review,TADA.AliasMatch,NA
"2-PROPANOL, 1,1,1,3,3,3-HEXAFLUORO-, 2-FORMATE",2-PROPANOL,2-PROPANOL,NA,67630,NA,New Row: Needs Review,TADA.AliasMatch,NA
"2-PROPANOL, 1,1,1,3,3,3-HEXAFLUORO-, BENZOATE",2-PROPANOL,2-PROPANOL,NA,67630,NA,New Row: Needs Review,TADA.AliasMatch,NA
"2-PROPANOL, 1,1,1,3,3,3-HEXAFLUORO-, COMPD. WITH METHANESULFONIC ACID (1:1)",2-PROPANOL,2-PROPANOL,NA,67630,NA,New Row: Needs Review,TADA.AliasMatch,NA
"2-PROPANOL, 1,1,1,3,3,3-HEXAFLUORO-, COMPD. WITH PYRIDINE(1:1)",2-PROPANOL,2-PROPANOL,NA,67630,NA,New Row: Needs Review,TADA.AliasMatch,NA
"2-PROPANOL, 1,1,1,3,3,3-HEXAFLUORO-, COMPD. WITH SULFUROUS ACID (2:1)",2-PROPANOL,2-PROPANOL,NA,67630,NA,New Row: Needs Review,TADA.AliasMatch,NA
"2-PROPANOL, 1,1,1,3,3,3-HEXAFLUORO-2-(2,2,2-TRIFLUOROETHOXY)-",2-PROPANOL,2-PROPANOL,NA,67630,NA,New Row: Needs Review,TADA.AliasMatch,NA
"2-PROPANOL, 1,1,1,3,3,3-HEXAFLUORO-2-(2-PYRIDINYLAMINO)-",2-PROPANOL,2-PROPANOL,NA,67630,NA,New Row: Needs Review,TADA.AliasMatch,NA
"2-PROPANOL, 1,1,1,3,3,3-HEXAFLUORO-2-(TRICYCLO[3.3.1.13,7]DEC-1-YLAMINO)-, HYDRATE (2:3)",2-PROPANOL,2-PROPANOL,NA,67630,NA,New Row: Needs Review,TADA.AliasMatch,NA
"2-PROPANOL, 1,1,1,3,3,3-HEXAFLUORO-2-(TRIFLUOROMETHYL)-",2-PROPANOL,2-PROPANOL,NA,67630,NA,New Row: Needs Review,TADA.AliasMatch,NA
"2-PROPANOL, 1,1,1,3,3,3-HEXAFLUORO-2-(TRIFLUOROMETHYL)-, ACETATE",2-PROPANOL,2-PROPANOL,NA,67630,NA,New Row: Needs Review,TADA.AliasMatch,NA
"2-PROPANOL, 1,1,1,3,3,3-HEXAFLUORO-2-(TRIFLUOROMETHYL)-, POTASSIUM SALT (1:1)",2-PROPANOL,2-PROPANOL,NA,67630,NA,New Row: Needs Review,TADA.AliasMatch,NA
"2-PROPANOL, 1,1,1,3,3,3-HEXAFLUORO-2-(TRIFLUOROMETHYL)-, POTASSIUM SALT (1:1)",POTASSIUM,POTASSIUM,NA,NA,NA,New Row: Needs Review,TADA.AliasMatch,NA
"2-PROPANOL, 1,1,1,3,3,3-HEXAFLUORO-2-(TRIFLUOROMETHYL)-, PROPANOATE",2-PROPANOL,2-PROPANOL,NA,67630,NA,New Row: Needs Review,TADA.AliasMatch,NA
"2-PROPANOL, 1,1,1,3,3,3-HEXAFLUORO-2-HYDROPEROXY-",2-PROPANOL,2-PROPANOL,NA,67630,NA,New Row: Needs Review,TADA.AliasMatch,NA
"2-PROPANOL, 1,1,1,3,3,3-HEXAFLUORO-2-METHOXY-",2-PROPANOL,2-PROPANOL,NA,67630,NA,New Row: Needs Review,TADA.AliasMatch,NA
"2-PROPANOL, 1,1,1,3,3,3-HEXAFLUORO-2-METHYL-",2-PROPANOL,2-PROPANOL,NA,67630,NA,New Row: Needs Review,TADA.AliasMatch,NA
"2-PROPANOL, 1,1,1,3,3,3-HEXAFLUORO-2-[(2-HYDROXYETHYL)AMINO]-",2-PROPANOL,2-PROPANOL,NA,67630,NA,New Row: Needs Review,TADA.AliasMatch,NA
"2-PROPANOL, 1,1,1,3,3,3-HEXAFLUORO-2-[(METHYLAMINO)METHYL]-",2-PROPANOL,2-PROPANOL,NA,67630,NA,New Row: Needs Review,TADA.AliasMatch,NA
"2-PROPANOL, 1,1,1,3,3,3-HEXAFLUORO-2-[[(2-METHOXYETHYL)AMINO]METHYL]-",2-PROPANOL,2-PROPANOL,NA,67630,NA,New Row: Needs Review,TADA.AliasMatch,NA
"2-PROPANOL, 1,1,1-TRICHLORO-3,3,3-TRIFLUORO-2-(TRIFLUOROMETHYL)-",2-PROPANOL,2-PROPANOL,NA,67630,NA,New Row: Needs Review,TADA.AliasMatch,NA
"2-PROPANOL, 1-CHLORO-1,1,3,3,3-PENTAFLUORO-2-(TRIFLUOROMETHYL)-",2-PROPANOL,2-PROPANOL,NA,67630,NA,New Row: Needs Review,TADA.AliasMatch,NA
"2-PROPANOL, 1-[4-(1-METHYLPROPYL)PHENOXY]-3-(2,2,3,3-TETRAFLUOROPROPOXY)-",2-PROPANOL,2-PROPANOL,NA,67630,NA,New Row: Needs Review,TADA.AliasMatch,NA
"2-PROPANOL, 2,2'-PHOSPHINIDENEBIS[1,1,1,3,3,3-HEXAFLUORO-",2-PROPANOL,2-PROPANOL,NA,67630,NA,New Row: Needs Review,TADA.AliasMatch,NA
"2-PROPANOL, 2-(BROMOMETHYL)-1,1,1,3,3,3-HEXAFLUORO-",2-PROPANOL,2-PROPANOL,NA,67630,NA,New Row: Needs Review,TADA.AliasMatch,NA
"2-PROPANOL, 2-(CHLOROMETHYL)-1,1,1,3,3,3-HEXAFLUORO-",2-PROPANOL,2-PROPANOL,NA,67630,NA,New Row: Needs Review,TADA.AliasMatch,NA
"2-PROPANOL, 2-(DIFLUOROMETHYL)-1,1,1,3,3,3-HEXAFLUORO-",2-PROPANOL,2-PROPANOL,NA,67630,NA,New Row: Needs Review,TADA.AliasMatch,NA
"2-PROPANOL, 2-ETHOXY-1,1,1,3,3,3-HEXAFLUORO-",2-PROPANOL,2-PROPANOL,NA,67630,NA,New Row: Needs Review,TADA.AliasMatch,NA
"2-PROPANOL, 2-[(1,1-DIMETHYLETHYL)DIOXY]-1,1,1,3,3,3-HEXAFLUORO-",2-PROPANOL,2-PROPANOL,NA,67630,NA,New Row: Needs Review,TADA.AliasMatch,NA
"2-PROPANOL, 2-[(2-AMINOETHYL)THIO]-1,1,1,3,3,3-HEXAFLUORO-",2-PROPANOL,2-PROPANOL,NA,67630,NA,New Row: Needs Review,TADA.AliasMatch,NA
"2-PROPANOL, 2-[(2-AMINOETHYL)THIO]-1,1,1,3,3,3-HEXAFLUORO-, HYDROCHLORIDE (1:1)",2-PROPANOL,2-PROPANOL,NA,67630,NA,New Row: Needs Review,TADA.AliasMatch,NA
"2-PROPANOL, 2-[(BICYCLO[2.2.1]HEPT-5-EN-2-YLOXY)METHYL]-1,1,1,3,3,3-HEXAFLUORO-",2-PROPANOL,2-PROPANOL,NA,67630,NA,New Row: Needs Review,TADA.AliasMatch,NA
"2-PROPANOL, 2-[(DIPHENYLPHOSPHINO)METHYL]-1,1,1,3,3,3-HEXAFLUORO-[",2-PROPANOL,2-PROPANOL,NA,67630,NA,New Row: Needs Review,TADA.AliasMatch,NA
"2-PROPANOL, 2-[2,2-BIS(TRIFLUOROMETHYL)HYDRAZINYL]-1,1,1,3,3,3-HEXAFLUORO-",2-PROPANOL,2-PROPANOL,NA,67630,NA,New Row: Needs Review,TADA.AliasMatch,NA
"2-PROPANOL, 2-[[(1,1-DIMETHYLETHYL)AMINO]METHYL]-1,1,1,3,3,3-HEXAFLUORO-",2-PROPANOL,2-PROPANOL,NA,67630,NA,New Row: Needs Review,TADA.AliasMatch,NA
"2-PROPANOL, 2-[[2-(DIMETHYLAMINO)ETHYL]AMINO]-1,1,1,3,3,3-HEXAFLUORO-",2-PROPANOL,2-PROPANOL,NA,67630,NA,New Row: Needs Review,TADA.AliasMatch,NA
"2-PROPANONE, MIXT. WITH 1,1,2-TRICHLORO-1,2,2-TRIFLUOROETHANE","1,1,2-TRICHLORO-1,2,2-TRIFLUOROETHANE","1,1,2-TRICHLORO-1,2,2-TRIFLUOROETHANE",NA,76131,NA,New Row: Needs Review,TADA.AliasMatch,NA
"2-PROPEN-1-OL, REACTION PRODUCTS WITH PENTAFLUOROIODOETHANE-TETRAFLUOROETHYLENE TELOMER, DEHYDROIODINATED, REACTION PRODUCTS WITH EPICHLOROHYDRIN AND TRIETHYLENETETRAMINE",EPICHLOROHYDRIN,EPICHLOROHYDRIN,NA,106898,NA,New Row: Needs Review,TADA.AliasMatch,NA
"2-PROPENOIC ACID, .GAMMA.-.OMEGA.-PERFLUORO-C8-20-ALKYL ESTERS, POLYMER WITH ACRYLONITRILE, POLYETHYLENE GLYCOL DIMETHACRYLATE AND POLYETHYLENE GLYCOL METHACRYLATE ME ETHER",ACRYLONITRILE,ACRYLONITRILE,NA,107131,NA,New Row: Needs Review,TADA.AliasMatch,NA
"2-PROPENOIC ACID, 2-ETHYLHEXYL ESTER, POLYMER WITH 1,1-DICHLOROETHENE AND .ALPHA.-FLUORO-.OMEGA.-[2-[(2-METHYL-1-OXO-2-PROPENYL)OXY]ETHYL]POL Y(DIFLUOROMETHYLENE)","1,1-DICHLOROETHENE","1,1-DICHLOROETHYLENE",NA,75354,NA,New Row: Needs Review,TADA.AliasMatch,NA
"2-PROPENOIC ACID, 2-METHYL-, 2-(DIMETHYLAMINO)ETHYL ESTER, POLYMERS WITH ACRYLONITRILE, .GAMMA.-.OMEGA.-PERFLUORO-C8-14-ALKYL ACRYLATE, POLYETHYLENE GLYCOL MONOMETHACRYLATE AND STYRENE",ACRYLONITRILE,ACRYLONITRILE,NA,107131,NA,New Row: Needs Review,TADA.AliasMatch,NA
"2-PROPENOIC ACID, 2-METHYL-, 2-(DIMETHYLAMINO)ETHYL ESTER, POLYMERS WITH ACRYLONITRILE, .GAMMA.-.OMEGA.-PERFLUORO-C8-14-ALKYL ACRYLATE, POLYETHYLENE GLYCOL MONOMETHACRYLATE AND STYRENE",STYRENE,STYRENE,NA,100425,NA,New Row: Needs Review,TADA.AliasMatch,NA
"2-PROPENOIC ACID, 2-METHYL-, 2-HYDROXYETHYL ESTER, POLYMER WITH 1,1-DICHLOROETHENE, 3,3,4,4,5,5,6,6,7,7,8,8,9,9,10,10,11,11,12,12,12-HENEICOSAFLUORODODECYL 2-PROPENOATE, 3,3,4,4,5,5,6,6,7,7,8,8,9,9,10,10,10-HEPTADECAFLUORODECYL 2-PROPENOATE, N-(HYDROXYMET","1,1-DICHLOROETHENE","1,1-DICHLOROETHYLENE",NA,75354,NA,New Row: Needs Review,TADA.AliasMatch,NA
"2-PROPENOIC ACID, 2-METHYL-, 2-HYDROXYETHYL ESTER, POLYMER WITH 1-ETHENYL-2-PYRROLIDINONE, 2-PROPENOIC ACID AND 3,3,4,4,5,5,6,6,7,7,8,8,8-TRIDECAFLUOROOCTYL 2-PROPENOATE, SODIUM SALT",SODIUM,SODIUM,NA,NA,NA,New Row: Needs Review,TADA.AliasMatch,NA
"2-PROPENOIC ACID, 2-METHYL-, 2-HYDROXYETHYL ESTER, POLYMER WITH 2-PROPENOIC ACID AND 3,3,4,4,5,5,6,6,7,7,8,8,8-TRIDECAFLUOROOCTYL 2-METHYL-2-PROPENOATE, SODIUM SALT",SODIUM,SODIUM,NA,NA,NA,New Row: Needs Review,TADA.AliasMatch,NA
"2-PROPENOIC ACID, 2-METHYL-, 3-CHLORO-2-HYDROXYPROPYL ESTER, POLYMERS WITH N-(1,1-DIMETHYL-3-OXOBUTYL)-2-PROPENAMIDE, 2-ETHYLHEXYL ACRYLATE, .GAMMA.-.OMEGA.-PERFLUORO-C8-16-ALKYL ACRYLATE, STEARYL ACRYLATE AND VINYL CHLORIDE, 2,2'-AZOBIS[2-METHYLPROPANIMI",CHLORIDE,CHLORIDE,NA,16887006,NA,New Row: Needs Review,TADA.AliasMatch,NA
"2-PROPENOIC ACID, 2-METHYL-, 3-CHLORO-2-HYDROXYPROPYL ESTER, POLYMERS WITH N-(1,1-DIMETHYL-3-OXOBUTYL)-2-PROPENAMIDE, 2-ETHYLHEXYL ACRYLATE, .GAMMA.-.OMEGA.-PERFLUORO-C8-16-ALKYL ACRYLATE, STEARYL ACRYLATE AND VINYL CHLORIDE, 2,2'-AZOBIS[2-METHYLPROPANIMI",VINYL CHLORIDE,VINYL CHLORIDE,NA,75014,NA,New Row: Needs Review,TADA.AliasMatch,NA
"2-PROPENOIC ACID, 2-METHYL-, 3-CHLORO-2-HYDROXYPROPYL ESTER, POLYMERS WITH N-HYDROXYMETHYL-2-PROPENAMIDE,.GAMMA.-.OMEGA.-PERFLUORO-C8-16-ALKYL ACRYLATE, STEARYL ACRYLATE AND VINYL CHLORIDE",CHLORIDE,CHLORIDE,NA,16887006,NA,New Row: Needs Review,TADA.AliasMatch,NA
"2-PROPENOIC ACID, 2-METHYL-, 3-CHLORO-2-HYDROXYPROPYL ESTER, POLYMERS WITH N-HYDROXYMETHYL-2-PROPENAMIDE,.GAMMA.-.OMEGA.-PERFLUORO-C8-16-ALKYL ACRYLATE, STEARYL ACRYLATE AND VINYL CHLORIDE",VINYL CHLORIDE,VINYL CHLORIDE,NA,75014,NA,New Row: Needs Review,TADA.AliasMatch,NA
"2-PROPENOIC ACID, 2-METHYL-, C2-18-ALKYL ESTERS, POLYMERS WITH .ALPHA.-FLUORO-.OMEGA.-[2-[(1-OXO-2-PROPENYL)OXY]ETHYL]POLY(DIFLUOROMETHYLENE) AND VINYLIDENE CHLORIDE",CHLORIDE,CHLORIDE,NA,16887006,NA,New Row: Needs Review,TADA.AliasMatch,NA
"2-PROPENOIC ACID, 2-METHYL-, DODECYL ESTER, POLYMERS WITH 2-[METHYL[(PERFLUORO-C4-8-ALKYL)SULFONYL]AMINO]ETHYL ACRYLATE AND VINYLIDENE CHLORIDE",CHLORIDE,CHLORIDE,NA,16887006,NA,New Row: Needs Review,TADA.AliasMatch,NA
"2-PROPENOIC ACID, 2-METHYL-, DODECYL ESTER, POLYMERS WITH N-(HYDROXYMETHYL)-2-PROPENAMIDE, 2-[METHYL[(PERFLUORO-C4-8-ALKYL)SULFONYL]AMINO]ETHYL METHACRYLATE, STEARYL METHACRYLATE AND VINYLIDENE CHLORIDE",CHLORIDE,CHLORIDE,NA,16887006,NA,New Row: Needs Review,TADA.AliasMatch,NA
"2-PROPENOIC ACID, 2-METHYL-, OCTADECYL ESTER, POLYMER WITH 1,1-DICHLOROETHENE, 2-[[(1,1,2,2,3,3,4,4,5,5,6,6,7,7,8,8,8-HEPTADECAFLUOROOCTYL)SULFONYL]METHYLAMINO]ETHYL 2-PROPENOATE, N-(HYDROXYMETHYL)-2-PROPENAMIDE, 2-[METHYL[(1,1,2,2,3,3,4,4,4-NONAFLUOROBUT","1,1-DICHLOROETHENE","1,1-DICHLOROETHYLENE",NA,75354,NA,New Row: Needs Review,TADA.AliasMatch,NA
"2-PROPENOIC ACID, 2-METHYL-, PHENYLMETHYL ESTER, POLYMER WITH 1,1-DICHLOROETHENE, 3,3,4,4,5,5,6,6,7,7,8,8,9,9,10,10,11,11,12,12,12-HENEICOSAFLUORODODECYL 2-PROPENOATE, 3,3,4,4,5,5,6,6,7,7,8,8,9,9,10,10,10-HEPTADECAFLUORODECYL 2-PROPENOATE, 2-HYDROXYETHYL","1,1-DICHLOROETHENE","1,1-DICHLOROETHYLENE",NA,75354,NA,New Row: Needs Review,TADA.AliasMatch,NA
"2-PROPENOIC ACID, 2-METHYL-, POLYMER WITH 2-HYDROXYETHYL 2-METHYL-2-PROPENOATE, .ALPHA.-(1-OXO-2-PROPEN-1-YL)-.OMEGA.-HYDROXYPOLY(OXY-1,2-ETHANEDIYL) AND 3,3,4,4,5,5,6,6,7,7,8,8,8-TRIDECAFLUOROOCTYL 2-PROPENOATE, SODIUM SALT",SODIUM,SODIUM,NA,NA,NA,New Row: Needs Review,TADA.AliasMatch,NA
"2-PROPENOIC ACID, BUTYL ESTER, POLYMERS WITH ACRYLAMIDE, 2-[METHYL[(PERFLUORO-C4-8-ALKYL)SULFONYL]AMINO]ETHYL ACRYLATE AND VINYLIDENE CHLORIDE",ACRYLAMIDE,ACRYLAMIDE,NA,79061,NA,New Row: Needs Review,TADA.AliasMatch,NA
"2-PROPENOIC ACID, BUTYL ESTER, POLYMERS WITH ACRYLAMIDE, 2-[METHYL[(PERFLUORO-C4-8-ALKYL)SULFONYL]AMINO]ETHYL ACRYLATE AND VINYLIDENE CHLORIDE",CHLORIDE,CHLORIDE,NA,16887006,NA,New Row: Needs Review,TADA.AliasMatch,NA
"2-PROPENOIC ACID, COMPOUNDS, 2-METHYL-, POLYMERS WITH ETHYLENE DIMETHACRYLATE, ETHYLENE OXIDE, NONADECYL ACRYLATE, .GAMMA.-.OMEGA.-PERFLUORO-C6-16-ALKYL ACRYLATE AND PROPYLENE OXIDE",PROPYLENE OXIDE,PROPYLENE OXIDE,NA,75569,NA,New Row: Needs Review,TADA.AliasMatch,NA
"2-PROPENOIC ACID, ESTERS, .GAMMA.-.OMEGA.-PERFLUORO-C6-16-ALKYL ESTERS, POLYMERS WITH ACRYLONITRILE, N-(BUTOXYMETHYL)-2-PROPENAMIDE, POLYETHYLENE GLYCOL DIMETHACRYLATE AND POLYETHYLENE GLYCOL METHACRYLATE ME ETHER",ACRYLONITRILE,ACRYLONITRILE,NA,107131,NA,New Row: Needs Review,TADA.AliasMatch,NA
"2-PROPENOIC ACID, ESTERS, 2-METHYL-, .GAMMA.-.OMEGA.-PERFLUORO-C6-16-ALKYL ESTERS, POLYMERS WITH 1-(3,4-DICHLOROPHENYL)-1H-PYRROLE-2,5-DIONE AND SODIUM 4-ETHENYLBENZENESULFONATE (1:1)",SODIUM,SODIUM,NA,NA,NA,New Row: Needs Review,TADA.AliasMatch,NA
"2-PROPENOIC ACID, POLYMER WITH BUTYL 2-PROPENOATE AND 2,5-FURANDIONE, .GAMMA.,.OMEGA.-PERFLUOROALKYL(C8-14) ESTERS, POTASSIUM SALTS, TERT-BU-BENZENE CARBOPEROXOATE INITIATED",POTASSIUM,POTASSIUM,NA,NA,NA,New Row: Needs Review,TADA.AliasMatch,NA
"2-[(1,2,3,3,4,4,5,5,6,6,7,7,8,8,9,9,9-HEPTADECAFLUORONON-1-EN-1-YL)OXY]BENZOYL CHLORIDE",CHLORIDE,CHLORIDE,NA,16887006,NA,New Row: Needs Review,TADA.AliasMatch,NA
"2-[(3,4,4,5,5,6,6,7,7,8,8,9,9,10,10,10-HEXADECAFLUORODEC-2-EN-1-YL)DIMETHYLAZANIUMYL]ETHYL SULFATE",SULFATE,SULFATE,NA,NA,NA,New Row: Needs Review,TADA.AliasMatch,NA
2-[(PERFLUOROOCTYL)ETHYLTHIO]ETHANESULFONIC ACID LITHIUM SALT,LITHIUM,LITHIUM,NA,7439932,NA,New Row: Needs Review,TADA.AliasMatch,NA
"2-[13-(PERFLUOROOCTYL)-12-(1-METHYLETHYL)-13,13-DIOXIDO-3,6,9-TRIOXA-13-THIA-12-AZATRIDECA-1-YLOXY]-N,N,N-TRIMETHYLETHANAMINIUM CHLORIDE (1:1)",CHLORIDE,CHLORIDE,NA,16887006,NA,New Row: Needs Review,TADA.AliasMatch,NA
"2-[2-[(PERFLUORONONYL)ETHOXY]ETHOXY]ETHANOL DIHYDROGEN PHOSPHATE, DISODIUM SALT",PHOSPHATE,PHOSPHATE,NA,NA,NA,New Row: Needs Review,TADA.AliasMatch,NA
"2-[3-[[(PERFLUOROOCTYL)SULFONYL]AMINO]PROPOXY]-N,N,N-TRIMETHYLETHANAMINIUM CHLORIDE",CHLORIDE,CHLORIDE,NA,16887006,NA,New Row: Needs Review,TADA.AliasMatch,NA
"2-[4-(1,1,2,2-TETRAFLUORO-2-PHENYLETHYL)PHENYL]PROPAN-2-AMINE--HYDROGEN CHLORIDE (1/1)",CHLORIDE,CHLORIDE,NA,16887006,NA,New Row: Needs Review,TADA.AliasMatch,NA
"2-[BIS(TRIFLUOROMETHYL)AMINO]-1,1,2,2-TETRAFLUOROETHANE-1-SULFONYL FLUORIDE",FLUORIDE,FLUORIDE,NA,7681494,NA,New Row: Needs Review,TADA.AliasMatch,NA
"2-[BIS(TRIFLUOROMETHYL)AMINO]-2,3,3,3-TETRAFLUOROPROPIONYL FLUORIDE",FLUORIDE,FLUORIDE,NA,7681494,NA,New Row: Needs Review,TADA.AliasMatch,NA
"2-[METHYL[(NONAFLUOROBUTYL)SULFONYL]AMINO]ETHYL 2-METHYL-2-PROPENOATE, POLYMER WITH 1,1-DICHLOROETHENE AND OCTADECYL 2-METHYL-2-PROPENOATE","1,1-DICHLOROETHENE","1,1-DICHLOROETHYLENE",NA,75354,NA,New Row: Needs Review,TADA.AliasMatch,NA
"2-[[(PERFLUOROOCTYL)SULFONYL]AMINO]-N,N,N-TRIMETHYLETHANAMINIUM SULFATE (1:1)",SULFATE,SULFATE,NA,NA,NA,New Row: Needs Review,TADA.AliasMatch,NA
2:2 FLUOROTELOMER SULFATE,SULFATE,SULFATE,NA,NA,NA,New Row: Needs Review,TADA.AliasMatch,NA
2:2 FLUOROTELOMER SULFIDE (1-METHANOL 2-METHANOL) PROPANOATE,SULFIDE,SULFIDE,NA,NA,NA,New Row: Needs Review,TADA.AliasMatch,NA
"2H-PYRAN-2-CARBONYL FLUORIDE, 2,3,3,4,4,5,5,6,6-NONAFLUOROTETRAHYDRO-",FLUORIDE,FLUORIDE,NA,7681494,NA,New Row: Needs Review,TADA.AliasMatch,NA
"3,3,4,4,4-PENTAFLUORO-2-METHYLIDENEBUTANOYL CHLORIDE",CHLORIDE,CHLORIDE,NA,16887006,NA,New Row: Needs Review,TADA.AliasMatch,NA
"3,3,4,4,5,5,6,6,6-NONAFLUORO-1-HEXANESULFONIC ACID SODIUM SALT (1:1)",SODIUM,SODIUM,NA,NA,NA,New Row: Needs Review,TADA.AliasMatch,NA
"3,3,4,4,5,5,6,6,6-NONAFLUOROHEXANOYL CHLORIDE",CHLORIDE,CHLORIDE,NA,16887006,NA,New Row: Needs Review,TADA.AliasMatch,NA
"3,3,4,4,5,5,6,6,6-NONAFLUOROHEXYL 3,3,4,4,5,5,6,6,7,7,8,8,8-TRIDECAFLUOROOCTYL PHOSPHATE",PHOSPHATE,PHOSPHATE,NA,NA,NA,New Row: Needs Review,TADA.AliasMatch,NA
"3,3,4,4,5,5,6,6,6-NONAFLUOROHEXYL NITRATE",NITRATE,NITRATES,NA,14797558,NA,New Row: Needs Review,TADA.AliasMatch,NA
"3,3,4,4,5,5,6,6,7,7,8,8,8-TRIDECAFLUOROOCTANOL PHOSPHATE AMMONIUM SALT",PHOSPHATE,PHOSPHATE,NA,NA,NA,New Row: Needs Review,TADA.AliasMatch,NA
"3,3,4,4,5,5,6,6,7,7,8,8,8-TRIDECAFLUOROOCTYL 2-METHYL-2-PROPENOATE POLYMER WITH OXIRANYLMETHYL 2-METHYL-2-PROPENOATE, 2-HYDROXYETHYL 2-METHYL-2-PROPENOATE, OCTADECYL 2-PROPENOATE AND 1,1-DICHLOROETHENE","1,1-DICHLOROETHENE","1,1-DICHLOROETHYLENE",NA,75354,NA,New Row: Needs Review,TADA.AliasMatch,NA
"3,3,4,4,5,5,6,6,7,7,8,8,8-TRIDECAFLUOROOCTYL CHLORIDE",CHLORIDE,CHLORIDE,NA,16887006,NA,New Row: Needs Review,TADA.AliasMatch,NA
"3,3,4,4,5,5,6,6,7,7,8,8,9,9,10,10,10-HEPTADECAFLUORO-1-DECANESULFONIC ACID SODIUM SALT (1:1)",SODIUM,SODIUM,NA,NA,NA,New Row: Needs Review,TADA.AliasMatch,NA
"3,3,4,4,5,5,6,6,7,7,8,8,9,9,10,10,10-HEPTADECAFLUORODECANOYL CHLORIDE",CHLORIDE,CHLORIDE,NA,16887006,NA,New Row: Needs Review,TADA.AliasMatch,NA
"3,3,4,4,5,5,6,6,7,7,8,8,9,9,10,10,11,11,12,12,12-HENEICOSAFLUORO-1-DODECANESULFONIC ACID, SODIUM SALT (1:1)",SODIUM,SODIUM,NA,NA,NA,New Row: Needs Review,TADA.AliasMatch,NA
"3,3,4,4,5,5,6,6,7,7,8,8,9,9,10,10,11,11,12,12,12-HENICOSAFLUORODODECANOYL CHLORIDE",CHLORIDE,CHLORIDE,NA,16887006,NA,New Row: Needs Review,TADA.AliasMatch,NA
"3,3,4,4,5,5,6,6,7,7,8,8,9,9,10,10,11,11,12,12,12-HENICOSAFLUORODODECYL 3,3,4,4,5,5,6,6,7,7,8,8,9,9,10,10,10-HEPTADECAFLUORODECYL HYDROGEN PHOSPHATE",PHOSPHATE,PHOSPHATE,NA,NA,NA,New Row: Needs Review,TADA.AliasMatch,NA
"3,3-DICHLORO-2,2,3-TRIFLUOROPROPANOYL CHLORIDE",CHLORIDE,CHLORIDE,NA,16887006,NA,New Row: Needs Review,TADA.AliasMatch,NA
"3,3-OXYBIS[2,2,3,3-TETRAFLUOROPROPANOYL FLUORIDE]",FLUORIDE,FLUORIDE,NA,7681494,NA,New Row: Needs Review,TADA.AliasMatch,NA
"3,4,4,5,5,6,6,7,7,8,8,9,9,10,10,10-HEXADECAFLUORO-N-(2-HYDROXYETHYL)-N,N-DIMETHYL-2-DECEN-1-AMINIUM CHLORIDE (1:1)",CHLORIDE,CHLORIDE,NA,16887006,NA,New Row: Needs Review,TADA.AliasMatch,NA
"3,4-BIS((PERFLUORO-1-OXOOCTYL)AMINO)BENZENESULFONYL CHLORIDE",CHLORIDE,CHLORIDE,NA,16887006,NA,New Row: Needs Review,TADA.AliasMatch,NA
"3,4-DIBROMO-2,2,3,4,4-PENTAFLUOROBUTANOYL CHLORIDE",CHLORIDE,CHLORIDE,NA,16887006,NA,New Row: Needs Review,TADA.AliasMatch,NA
"3,4-DICHLOROBENZOTRIFLUORIDE","3,4-DICHLOROBENZOTRIFLUORIDE","3,4-DICHLOROBENZOTRIFLUORIDE",NA,328847,NA,New Row: Needs Review,TADA.AliasMatch,NA
"3,5,6-TRICHLORO-2,2,3,4,4,5,6,6-OCTAFLUOROHEXANOYL CHLORIDE",CHLORIDE,CHLORIDE,NA,16887006,NA,New Row: Needs Review,TADA.AliasMatch,NA
"3,5-OCTANEDIONE, 6,6,7,7,8,8,8-HEPTAFLUORO-2,2-DIMETHYL-, COBALT SALT (3:1)",COBALT,COBALT,NA,7440484,NA,New Row: Needs Review,TADA.AliasMatch,NA
"3,5-OCTANEDIONE, 6,6,7,7,8,8,8-HEPTAFLUORO-2,2-DIMETHYL-, IRON SALT (3:1)",IRON,IRON,NA,7439896,NA,New Row: Needs Review,TADA.AliasMatch,NA
"3,5-OCTANEDIONE, 6,6,7,7,8,8,8-HEPTAFLUORO-2,2-DIMETHYL-, VANADIUM SALT (3:1)",VANADIUM,VANADIUM,NA,7440622,NA,New Row: Needs Review,TADA.AliasMatch,NA
"3,6,9,12,15,18,21,24,27-NONAOXATRIACONTANOYL FLUORIDE, 2,4,4,5,7,7,8,10,10,11,13,13,14,16,16,17,19,19,20,22,22,23,25,25,26,28,28,29,29,30,30,30-DOTRIACONTAFLUORO-2,5,8,11,14,17,20,23,26-NONAKIS(TRIFLUOROMETHYL)-",FLUORIDE,FLUORIDE,NA,7681494,NA,New Row: Needs Review,TADA.AliasMatch,NA
"3,6,9,12,15,18,21,24-OCTAOXAHEPTACOSANOYL FLUORIDE, 2,4,4,5,7,7,8,10,10,11,13,13,14,16,16,17,19,19,20,22,22,23,25,25,26,26,27,27,27-NONACOSAFLUORO-2,5,8,11,14,17,20,23-OCTAKIS(TRIFLUOROMETHYL)-",FLUORIDE,FLUORIDE,NA,7681494,NA,New Row: Needs Review,TADA.AliasMatch,NA
"3,6,9,12,15,18,21-HEPTAOXATETRACOSANOYL FLUORIDE, 2,4,4,5,7,7,8,10,10,11,13,13,14,16,16,17,19,19,20,22,22,23,23,24,24,24-HEXACOSAFLUORO-2,5,8,11,14,17,20-HEPTAKIS(TRIFLUOROMETHYL)-",FLUORIDE,FLUORIDE,NA,7681494,NA,New Row: Needs Review,TADA.AliasMatch,NA
"3,6,9,12,15,18-HEXAOXAHENEICOSANOYL FLUORIDE, 2,4,4,5,7,7,8,10,10,11,13,13,14,16,16,17,19,19,20,20,21,21,21-TRICOSAFLUORO-2,5,8,11,14,17-HEXAKIS(TRIFLUOROMETHYL)-",FLUORIDE,FLUORIDE,NA,7681494,NA,New Row: Needs Review,TADA.AliasMatch,NA
"3,6,9,12,15-PENTAOXAOCTADECANOYL FLUORIDE, 2,4,4,5,7,7,8,10,10,11,13,13,14,16,16,17,17,18,18,18-EICOSAFLUORO-2,5,8,11,14-PENTAKIS(TRIFLUOROMETHYL)-",FLUORIDE,FLUORIDE,NA,7681494,NA,New Row: Needs Review,TADA.AliasMatch,NA
"3,6,9,12-TETRAOXAPENTADECANOYL FLUORIDE, 2,4,4,5,7,7,8,10,10,11,13,13,14,14,15,15,15-HEPTADECAFLUORO-2,5,8,11-TETRAKIS(TRIFLUOROMETHYL)-",FLUORIDE,FLUORIDE,NA,7681494,NA,New Row: Needs Review,TADA.AliasMatch,NA
"3-(CHLOROSULFONYL)-2,2,3,3-TETRAFLUOROPROPANOYL CHLORIDE",CHLORIDE,CHLORIDE,NA,16887006,NA,New Row: Needs Review,TADA.AliasMatch,NA
"3-(ETHANESULFONYL)-2,2,3,3-TETRAFLUOROPROPANOYL FLUORIDE",FLUORIDE,FLUORIDE,NA,7681494,NA,New Row: Needs Review,TADA.AliasMatch,NA
"3-(ETHYLSULFANYL)-2,2,3,3-TETRAFLUOROPROPANOYL FLUORIDE",FLUORIDE,FLUORIDE,NA,7681494,NA,New Row: Needs Review,TADA.AliasMatch,NA
"3-(PERFLUORO(1-(ETHENYLOXY)PROPAN-2-YL)OXY}-2,2,3,3-TETRAFLUOROPROPYL DIHYDROGEN PHOSPHATE",PHOSPHATE,PHOSPHATE,NA,NA,NA,New Row: Needs Review,TADA.AliasMatch,NA
3-(PERFLUORO(11-METHYLDODECYL))-2-HYDROXYPROPYL DIHYDROGEN PHOSPHATE,PHOSPHATE,PHOSPHATE,NA,NA,NA,New Row: Needs Review,TADA.AliasMatch,NA
3-(PERFLUORO(13-METHYLTETRADECYL))-2-HYDROXYPROPYL DIHYDROGEN PHOSPHATE,PHOSPHATE,PHOSPHATE,NA,NA,NA,New Row: Needs Review,TADA.AliasMatch,NA
3-(PERFLUORO(7-METHYLOCTYL))-2-HYDROXYPROPYL PHOSPHATE DIAMMONIUM,PHOSPHATE,PHOSPHATE,NA,NA,NA,New Row: Needs Review,TADA.AliasMatch,NA
3-(PERFLUORO(9-METHYLDECYL))-2-HYDROXYPROPYL DIHYDROGEN PHOSPHATE,PHOSPHATE,PHOSPHATE,NA,NA,NA,New Row: Needs Review,TADA.AliasMatch,NA
"3-(PERFLUORO-5-METHYLHEXYL)-1,2-PROPANEDIOL 1-(DIHYDROGEN PHOSPHATE)",PHOSPHATE,PHOSPHATE,NA,NA,NA,New Row: Needs Review,TADA.AliasMatch,NA
3-(PERFLUORODECYL)-2-HYDROXYPROPYL DIHYDROGEN PHOSPHATE,PHOSPHATE,PHOSPHATE,NA,NA,NA,New Row: Needs Review,TADA.AliasMatch,NA
3-(PERFLUORODODECYL)-2-HYDROXYPROPYL DIHYDROGEN PHOSPHATE,PHOSPHATE,PHOSPHATE,NA,NA,NA,New Row: Needs Review,TADA.AliasMatch,NA
3-(PERFLUOROHEXADECYL)-2-HYDROXYPROPYL DIHYDROGEN PHOSPHATE,PHOSPHATE,PHOSPHATE,NA,NA,NA,New Row: Needs Review,TADA.AliasMatch,NA
3-(PERFLUOROTETRADECYL)-2-HYDROXYPROPYL DIHYDROGEN PHOSPHATE,PHOSPHATE,PHOSPHATE,NA,NA,NA,New Row: Needs Review,TADA.AliasMatch,NA
"3-AZIDO-2,3,3-TRIFLUORO-2-(HEPTAFLUOROPROPOXY)PROPANOYL FLUORIDE",FLUORIDE,FLUORIDE,NA,7681494,NA,New Row: Needs Review,TADA.AliasMatch,NA
"3-BROMO-3-CHLORO-2,2,3-TRIFLUOROPROPANOYL CHLORIDE",CHLORIDE,CHLORIDE,NA,16887006,NA,New Row: Needs Review,TADA.AliasMatch,NA
"3-CHLORO-2,2,3,3-TETRAFLUOROPROPANOYL CHLORIDE",CHLORIDE,CHLORIDE,NA,16887006,NA,New Row: Needs Review,TADA.AliasMatch,NA
"3-CHLORO-2,2,3,3-TETRAFLUOROPROPANOYL FLUORIDE",FLUORIDE,FLUORIDE,NA,7681494,NA,New Row: Needs Review,TADA.AliasMatch,NA
"3-CHLORO-2,2,3-TRIFLUORO-3-IODOPROPANOYL CHLORIDE",CHLORIDE,CHLORIDE,NA,16887006,NA,New Row: Needs Review,TADA.AliasMatch,NA
"3-CYCLOHEXENE-1-CARBOXYLIC ACID, 6-[(DI-2-PROPEN-1-YLAMINO)CARBONYL]-, SODIUM SALT (1:1), (1R,6R)-REL-, REACTION PRODUCT",SODIUM,SODIUM,NA,NA,NA,New Row: Needs Review,TADA.AliasMatch,NA
"3-PENTANOL, 1,1,1,2,4,5,5,5-OCTAFLUORO-2,4-BIS(TRIFLUOROMETHYL)-, COMPD. WITH TETRAHYDROFURAN (1:1)",TETRAHYDROFURAN,TETRAHYDROFURAN,NA,109999,NA,New Row: Needs Review,TADA.AliasMatch,NA
"3-[(3,3,4,4,5,5,6,6,7,7,8,8,8-TRIDECAFLUOROOCTYL)THIO]PROPANOIC ACID LITHIUM SALT",LITHIUM,LITHIUM,NA,7439932,NA,New Row: Needs Review,TADA.AliasMatch,NA
"3-[(3,3,4,4,5,5,6,6,7,7,8,8,9,9,10,10,10-HEPTADECAFLUORODECYL)THIO]-2-METHYLPROPANOIC ACID LITHIUM SALT",LITHIUM,LITHIUM,NA,7439932,NA,New Row: Needs Review,TADA.AliasMatch,NA
"3-[(CARBOXYLATOMETHYL)[(PERFLUOROHEXYL)SULFONYL]AMINO]-N,N,N-TRIMETHYL-1-PROPANAMINIUM HYDROXIDE SODIUM SALT (1:1:1)",SODIUM,SODIUM,NA,NA,NA,New Row: Needs Review,TADA.AliasMatch,NA
"3-[(PERFLUORO-1-OXOBUTYL)AMINO]-N,N,N-TRIMETHYL-1-PROPANAMINIUM CHLORIDE",CHLORIDE,CHLORIDE,NA,16887006,NA,New Row: Needs Review,TADA.AliasMatch,NA
"3-[(PERFLUORO-1-OXONONYL)AMINO]-N-(2-HYDROXYETHYL)-N,N-DIMETHYL-1-PROPANAMINIUM CHLORIDE",CHLORIDE,CHLORIDE,NA,16887006,NA,New Row: Needs Review,TADA.AliasMatch,NA
"3-[(PERFLUOROBUTANE-1-SULFONYL)AMINO]-N,N-DIMETHYLPROPAN-1-AMINE N-OXIDE POTASSIUM SALT",POTASSIUM,POTASSIUM,NA,NA,NA,New Row: Needs Review,TADA.AliasMatch,NA
"3-[(PERFLUOROHEPTANE-1-SULFONYL)AMINO]-N,N-DIMETHYLPROPAN-1-AMINE N-OXIDE POTASSIUM SALT",POTASSIUM,POTASSIUM,NA,NA,NA,New Row: Needs Review,TADA.AliasMatch,NA
"3-[(PERFLUOROHEXANE-1-SULFONYL)AMINO]-N,N-DIMETHYLPROPAN-1-AMINE N-OXIDE POTASSIUM SALT",POTASSIUM,POTASSIUM,NA,NA,NA,New Row: Needs Review,TADA.AliasMatch,NA
"3-[(PERFLUOROPENTANE-1-SULFONYL)AMINO]-N,N-DIMETHYLPROPAN-1-AMINE N-OXIDE POTASSIUM SALT",POTASSIUM,POTASSIUM,NA,NA,NA,New Row: Needs Review,TADA.AliasMatch,NA
3-[ETHYL(PERFLUORO-1-OXOOCTYL)AMINO]-1-PROPANESULFONIC ACID SODIUM SALT,SODIUM,SODIUM,NA,NA,NA,New Row: Needs Review,TADA.AliasMatch,NA
"3-[[(PERFLUOROHEPTYL)SULFONYL]AMINO]-N,N,N-TRIMETHYL-1-PROPANAMINIUM BROMIDE (1:1)",BROMIDE,BROMIDE,NA,NA,NA,New Row: Needs Review,TADA.AliasMatch,NA
"3-[[(PERFLUOROHEXYL)SULFONYL]AMINO]-N,N,N-TRIMETHYL-1-PROPANAMINIUM CHLORIDE, SODIUM SALT (1:1:1)",CHLORIDE,CHLORIDE,NA,16887006,NA,New Row: Needs Review,TADA.AliasMatch,NA
"3-[[(PERFLUOROHEXYL)SULFONYL]AMINO]-N,N,N-TRIMETHYL-1-PROPANAMINIUM CHLORIDE, SODIUM SALT (1:1:1)",SODIUM,SODIUM,NA,NA,NA,New Row: Needs Review,TADA.AliasMatch,NA
"3-[[(PERFLUORONONYL)SULFONYL]AMINO]-N,N,N-TRIMETHYL-1-PROPANAMINIUM BROMIDE",BROMIDE,BROMIDE,NA,NA,NA,New Row: Needs Review,TADA.AliasMatch,NA
"3-[[(PERFLUOROOCTYL)SULFONYL]AMINO]-N,N,N-TRIMETHYL-1-PROPANAMINIUM FLUORIDE",FLUORIDE,FLUORIDE,NA,7681494,NA,New Row: Needs Review,TADA.AliasMatch,NA
"3-[[(PERFLUOROOCTYL)SULFONYL]AMINO]-N,N,N-TRIMETHYL-1-PROPANAMINIUM SULFATE (1:1)",SULFATE,SULFATE,NA,NA,NA,New Row: Needs Review,TADA.AliasMatch,NA
"3-[[(PERFLUOROOCTYL)SULFONYL]AMINO]-N,N-DIMETHYL-N-PROPYL-1-PROPANAMINIUM BROMIDE",BROMIDE,BROMIDE,NA,NA,NA,New Row: Needs Review,TADA.AliasMatch,NA
"3-[[(PERFLUOROOCTYL)SULFONYL]ETHYLAMINO]-N,N,N-TRIMETHYL-1-PROPANAMINIUM BROMIDE",BROMIDE,BROMIDE,NA,NA,NA,New Row: Needs Review,TADA.AliasMatch,NA
"3-[[(PERFLUOROOCTYL)SULFONYL]METHYLAMINO]-N,N,N-TRIMETHYL-1-PROPANAMINIUM SULFATE (1:1)",SULFATE,SULFATE,NA,NA,NA,New Row: Needs Review,TADA.AliasMatch,NA
"4,4''-BIS((PERFLUOROPROPYL)-1,3-DIOXOPROPYL)-O-TERPHENYL-4'-SULFONYL CHLORIDE",CHLORIDE,CHLORIDE,NA,16887006,NA,New Row: Needs Review,TADA.AliasMatch,NA
"4,4'-DIBROMODIPHENYL ETHER***RETIRED***USE P,P'-DIBROMODIPHENYL ETHER","4,4'-DIBROMODIPHENYL ETHER","4,4'-DIBROMODIPHENYL ETHER",NA,NA,NA,New Row: Needs Review,TADA.AliasMatch,NA
"4,4'-METHYLENEBIS(2-CHLOROANILINE)","4,4'METHYLENE-BIS-(2-CHLOROANILINE)","4,4'METHYLENE-BIS-(2-CHLOROANILINE)",NA,NA,NA,New Row: Needs Review,TADA.AliasMatch,NA
"4,4'-METHYLENEBIS[N,N-DIMETHYLANILINE]","4,4'METHYLENE-BIS-(N,N'DIMETHYL)ANILINE","4,4'METHYLENE-BIS-(N,N'DIMETHYL)ANILINE",NA,NA,NA,New Row: Needs Review,TADA.AliasMatch,NA
"4,5-DICHLOROPERFLUORO-3-OXAPENTANESULFONYL FLUORIDE",FLUORIDE,FLUORIDE,NA,7681494,NA,New Row: Needs Review,TADA.AliasMatch,NA
4-((HEPTADECAFLUORONONENYL)OXY)BENZENESULPHONYL CHLORIDE,CHLORIDE,CHLORIDE,NA,16887006,NA,New Row: Needs Review,TADA.AliasMatch,NA
"4-(1,1,1,2,3,3,3-HEPTAFLUOROPROPAN-2-YL)-N-HYDROXY-2,6-DIMETHYLBENZENECARBOXIMIDOYL CHLORIDE",CHLORIDE,CHLORIDE,NA,16887006,NA,New Row: Needs Review,TADA.AliasMatch,NA
4-(HYDROXYMETHYL) PENDIMETHALIN,PENDIMETHALIN ,PENDIMETHALIN ,NA,NA,NA,New Row: Needs Review,TADA.AliasMatch,NA
"4-(PERFLUOROBUTYL)-3,3-DIFLUOROBUTANESULFONYL CHLORIDE",CHLORIDE,CHLORIDE,NA,16887006,NA,New Row: Needs Review,TADA.AliasMatch,NA
"4-(PERFLUOROBUTYL)-3,3-DIFLUOROBUTANOL 1-(DIHYDROGEN PHOSPHATE) AMMONIUM SALT (1:2)",PHOSPHATE,PHOSPHATE,NA,NA,NA,New Row: Needs Review,TADA.AliasMatch,NA
"4-(PERFLUOROHEXYL)-3,3-DIFLUOROBUTANOL 1-(DIHYDROGEN PHOSPHATE) AMMONIUM SALT (1:2)",PHOSPHATE,PHOSPHATE,NA,NA,NA,New Row: Needs Review,TADA.AliasMatch,NA
4-(PERFLUORONONYL)OXYBENZENESULFONATE SODIUM,SODIUM,SODIUM,NA,NA,NA,New Row: Needs Review,TADA.AliasMatch,NA
4-AMINO MUSK XYLENE,XYLENE,XYLENE,NA,1330207,NA,New Row: Needs Review,TADA.AliasMatch,NA
4-CARBETHOXYHEXAFLUOROBUTYRYL CHLORIDE,CHLORIDE,CHLORIDE,NA,16887006,NA,New Row: Needs Review,TADA.AliasMatch,NA
4-CHLORO-2-METHYLPHENOL,4-CHLORO-2-METHYLPHENOL,4-CHLORO-2-METHYLPHENOL,NA,NA,NA,New Row: Needs Review,TADA.AliasMatch,NA
4-CHLORO-O-TOLUIDINE HYDROCHLORIDE,4-CHLORO-O-TOLUIDINE,4-CHLORO-O-TOLUIDINE,NA,NA,NA,New Row: Needs Review,TADA.AliasMatch,NA
4-HEPTADECAFLUOROOCTANESULFONAMIDOBENZENESULFONIC ACID SODIUM SALT,SODIUM,SODIUM,NA,NA,NA,New Row: Needs Review,TADA.AliasMatch,NA
"4-HEPTEN-3-ONE, 1,1,1,7,7,7-HEXAFLUORO-5-HYDROXY-2,2,6,6-TETRAKIS(TRIFLUOROMETHYL)-, CALCIUM SALT, (4Z)-, HYDRATE (2:1:1)",CALCIUM,CALCIUM,NA,NA,NA,New Row: Needs Review,TADA.AliasMatch,NA
4-HYDROXY MOLINATE,MOLINATE,MOLINATE,NA,2212671,NA,New Row: Needs Review,TADA.AliasMatch,NA
"4-[(1,2,3,3,4,4,5,5,6,6,7,7,8,8,9,9,9-HEPTADECAFLUORONON-1-EN-1-YL)OXY]BENZOYL CHLORIDE",CHLORIDE,CHLORIDE,NA,16887006,NA,New Row: Needs Review,TADA.AliasMatch,NA
"4-[(NONADECAFLUORODECENYL)OXY]BENZENESULFONIC ACID, SODIUM SALT",SODIUM,SODIUM,NA,NA,NA,New Row: Needs Review,TADA.AliasMatch,NA
4-[(PERFLUORO-1-ETHYL-2-METHYL-1-PROPEN-1-YL)OXY]BENZOIC ACID SODIUM SALT,SODIUM,SODIUM,NA,NA,NA,New Row: Needs Review,TADA.AliasMatch,NA
4-[(PERFLUOROHEXYL)OXY]BENZENESULFONIC ACID SODIUM SALT,SODIUM,SODIUM,NA,NA,NA,New Row: Needs Review,TADA.AliasMatch,NA
4-[(PERFLUOROOCTYL)OXY]BENZENESULFONIC ACID SODIUM,SODIUM,SODIUM,NA,NA,NA,New Row: Needs Review,TADA.AliasMatch,NA
4-[(PERFLUOROOCTYL)SULFONYL]-1-(2-HYDROXYETHYL)-1-METHYLPIPERAZINIUM BROMIDE,BROMIDE,BROMIDE,NA,NA,NA,New Row: Needs Review,TADA.AliasMatch,NA
4-[ETHYL[(PERFLUOROOCTYL)SULFONYL]AMINO]BUTANESULFONIC ACID POTASSIUM SALT (1:1),POTASSIUM,POTASSIUM,NA,NA,NA,New Row: Needs Review,TADA.AliasMatch,NA
"4-[[2,3,4,4,4-PENTAFLUORO-1,3-BIS(TRIFLUOROMETHYL)-1-BUTEN-1-YL]OXY]BENZENESULFONYL CHLORIDE",CHLORIDE,CHLORIDE,NA,16887006,NA,New Row: Needs Review,TADA.AliasMatch,NA
"4-{[(1E)-1,2,3,3,4,4,5,5,6,6,6-UNDECAFLUOROHEX-1-EN-1-YL]OXY}BENZENE-1-SULFONYL CHLORIDE",CHLORIDE,CHLORIDE,NA,16887006,NA,New Row: Needs Review,TADA.AliasMatch,NA
4:2 FLUOROTELOMER SULFATE,SULFATE,SULFATE,NA,NA,NA,New Row: Needs Review,TADA.AliasMatch,NA
4:2 FLUOROTELOMER SULFIDE (1-METHANOL 2-METHANOL) PROPANOATE,SULFIDE,SULFIDE,NA,NA,NA,New Row: Needs Review,TADA.AliasMatch,NA
"4H-1,3,2-DITHIAZINE, 4,4,5,5,6,6-HEXAFLUORODIHYDRO-, 1,1,3,3-TETRAOXIDE, LITHIUM SALT (1:1)",LITHIUM,LITHIUM,NA,7439932,NA,New Row: Needs Review,TADA.AliasMatch,NA
"5,5,6,6,7,7,7-HEPTAFLUOROHEPTAN-3-AMINE-HYDROGEN CHLORIDE (1:1)",CHLORIDE,CHLORIDE,NA,16887006,NA,New Row: Needs Review,TADA.AliasMatch,NA
"5-AMINO-1,1,1,2,2,3,3-HEPTAFLUOROHEPTAN-4-OL-HYDROGEN CHLORIDE (1:1)",CHLORIDE,CHLORIDE,NA,16887006,NA,New Row: Needs Review,TADA.AliasMatch,NA
"5-AMINO-1-2,6-DICHLORO-4-TRIFLUOROMETHYLPHENYL-4-TRIFLUOROMETHYLTHIOPYRAZOLE-3-CARBONIT***RETIRED***USE FIPRONIL SULFIDE",FIPRONIL,FIPRONIL,NA,NA,NA,New Row: Needs Review,TADA.AliasMatch,NA
"5-AMINO-1-2,6-DICHLORO-4-TRIFLUOROMETHYLPHENYL-4-TRIFLUOROMETHYLTHIOPYRAZOLE-3-CARBONIT***RETIRED***USE FIPRONIL SULFIDE",SULFIDE,SULFIDE,NA,NA,NA,New Row: Needs Review,TADA.AliasMatch,NA
"5-BROMO-3,5-DICHLORO-2,2,3,4,4,5-HEXAFLUOROPENTANOYL CHLORIDE",CHLORIDE,CHLORIDE,NA,16887006,NA,New Row: Needs Review,TADA.AliasMatch,NA
5-CHLORO-O-TOLUIDINE,5-CHLORO-O-TOLUIDINE,5-CHLORO-O-TOLUIDINE,NA,NA,NA,New Row: Needs Review,TADA.AliasMatch,NA
5-CHLOROPERFLUOROPENTANOYL FLUORIDE,FLUORIDE,FLUORIDE,NA,7681494,NA,New Row: Needs Review,TADA.AliasMatch,NA
"5-HEXENOIC ACID, 2,2,3,3,4,4,5,6,6-NONAFLUORO-, SODIUM SALT (1:1)",SODIUM,SODIUM,NA,NA,NA,New Row: Needs Review,TADA.AliasMatch,NA
5-IODOPERFLUORO-3-OXAPENTANESULFONYL FLUORIDE,FLUORIDE,FLUORIDE,NA,7681494,NA,New Row: Needs Review,TADA.AliasMatch,NA
5-[2-[[(PERFLUOROOCTYL)SULFONYL]PROPYLAMINO]ETHOXY]-1-PENTANESULFONIC ACID POTASSIUM SALT,POTASSIUM,POTASSIUM,NA,NA,NA,New Row: Needs Review,TADA.AliasMatch,NA
5H-OCTAFLUOROPENTANOYL CHLORIDE,CHLORIDE,CHLORIDE,NA,16887006,NA,New Row: Needs Review,TADA.AliasMatch,NA
5H-OCTAFLUOROPENTANOYL FLUORIDE,FLUORIDE,FLUORIDE,NA,7681494,NA,New Row: Needs Review,TADA.AliasMatch,NA
"6,6,7,7,7-PENTAFLUOROHEPTANOYL CHLORIDE",CHLORIDE,CHLORIDE,NA,16887006,NA,New Row: Needs Review,TADA.AliasMatch,NA
"6-(PERFLUOROBUTYL)-3,3,5,5-TETRAFLUOROHEXANOL 1-(DIHYDROGEN PHOSPHATE) AMMONIUM SALT (1:2)",PHOSPHATE,PHOSPHATE,NA,NA,NA,New Row: Needs Review,TADA.AliasMatch,NA
"6-(PERFLUOROHEXYL)-3,3,5,5-TETRAFLUOROHEXANOL 1-(DIHYDROGEN PHOSPHATE) AMMONIUM SALT (1:2)",PHOSPHATE,PHOSPHATE,NA,NA,NA,New Row: Needs Review,TADA.AliasMatch,NA
"6-CHLORO-2,2,3,3,4,4,5,5,6,6-DECAFLUOROHEXANOYL FLUORIDE",FLUORIDE,FLUORIDE,NA,7681494,NA,New Row: Needs Review,TADA.AliasMatch,NA
6:2 FLUOROTELOMER SULFIDE (1-METHANOL 2-METHANOL) PROPANOATE,SULFIDE,SULFIDE,NA,NA,NA,New Row: Needs Review,TADA.AliasMatch,NA
"7-CHLORO-2,2,3,3,4,4,5,5,6,6,7,7-DODECAFLUOROHEPTANOYL FLUORIDE",FLUORIDE,FLUORIDE,NA,7681494,NA,New Row: Needs Review,TADA.AliasMatch,NA
7-CHLOROPERFLUOROHEPTANOYL CHLORIDE,CHLORIDE,CHLORIDE,NA,16887006,NA,New Row: Needs Review,TADA.AliasMatch,NA
7H-PERFLUOROHEPTANOYL CHLORIDE,CHLORIDE,CHLORIDE,NA,16887006,NA,New Row: Needs Review,TADA.AliasMatch,NA
8:2 FLUOROTELOMER SULFATE,SULFATE,SULFATE,NA,NA,NA,New Row: Needs Review,TADA.AliasMatch,NA
8:2 FLUOROTELOMER SULFIDE (1-METHANOL 2-METHANOL) PROPANOIC ACID,SULFIDE,SULFIDE,NA,NA,NA,New Row: Needs Review,TADA.AliasMatch,NA
8:2 FLUOROTELOMER THIOETHER HYDROXYAMMONIUM CHLORIDE,CHLORIDE,CHLORIDE,NA,16887006,NA,New Row: Needs Review,TADA.AliasMatch,NA
9-DIFLUOROMETHYL(PERFLUORO-1-NONYL)METHYL HYDROGEN PHOSPHATE AMMONIUM,PHOSPHATE,PHOSPHATE,NA,NA,NA,New Row: Needs Review,TADA.AliasMatch,NA
9-IODOPERFLUORO-3-OXANONANESULPHONYL FLUORIDE,FLUORIDE,FLUORIDE,NA,7681494,NA,New Row: Needs Review,TADA.AliasMatch,NA
ACETIC ACID,4-CHLORO-2 METHYLPHENOXY ACETIC ACID,4-CHLORO-2 METHYLPHENOXY ACETIC ACID,NA,94746,NA,New Row: Needs Review,TADA.AliasMatch,NA
"ACETIC ACID, 2,2,2-TRIFLUORO-, ALUMINUM SALT (3:1)",ALUMINUM,ALUMINUM,NA,7429905,NA,New Row: Needs Review,TADA.AliasMatch,NA
"ACETIC ACID, 2,2,2-TRIFLUORO-, MERCURY SALT, COMPD. WITH HYDROPEROXIDE, (1,1-DIMETHYLETHYL)DIMETHYLSILYL (2:1:1)",MERCURY,MERCURY,NA,7439976,NA,New Row: Needs Review,TADA.AliasMatch,NA
"ACETIC ACID, 2,2,2-TRIFLUORO-, POTASSIUM SALT (1:1)",POTASSIUM,POTASSIUM,NA,NA,NA,New Row: Needs Review,TADA.AliasMatch,NA
"ACETIC ACID, 2,2,2-TRIFLUORO-, ZINC SALT (2:1)",ZINC,ZINC,NA,7440666,NA,New Row: Needs Review,TADA.AliasMatch,NA
"ACETIC ACID, 2,2-DIFLUORO-2-(TRIFLUOROMETHOXY)-, SODIUM SALT (1:1)",SODIUM,SODIUM,NA,NA,NA,New Row: Needs Review,TADA.AliasMatch,NA
"ACETIC ACID, 2,2-DIFLUORO-2-[[2,2,4,5-TETRAFLUORO-5-(TRIFLUOROMETHOXY)-1,3-DIOXOLAN-4-YL]OXY]-, POTASSIUM SALT (1:1)",POTASSIUM,POTASSIUM,NA,NA,NA,New Row: Needs Review,TADA.AliasMatch,NA
"ACETIC ACID, BIS[(.GAMMA.-.OMEGA.-PERFLUORO-C8-20-ALKYL)THIO] DERIVS., SODIUM SALTS",SODIUM,SODIUM,NA,NA,NA,New Row: Needs Review,TADA.AliasMatch,NA
"ACETIC ACID, COMPOUNDS, CHLORO-, SODIUM SALT, REACTION PRODUCTS WITH N-(3-AMINOPROPYL)-1,1,2,2,3,3,4,4,5,5,6,6,7,7,8,8,8-HEPTADECAFLUORO-1-OCTANESULFONAMIDE AND 3-CHLORO-2-HYDROXY-1-PROPANESULFONIC ACID MONOSODIUM SALT",SODIUM,SODIUM,NA,NA,NA,New Row: Needs Review,TADA.AliasMatch,NA
"ACETIC ACID, [1-[DIFLUORO[(1,2,2-TRIFLUOROETHENYL)OXY]METHYL]-1,2,2,2-TETRAFLUOROETHOXY]DIFLUORO-, POTASSIUM SALT (1:1), POLYMER WITH 1,1,2,2-TETRAFLUOROETHENE",POTASSIUM,POTASSIUM,NA,NA,NA,New Row: Needs Review,TADA.AliasMatch,NA
ACETOCHLOR ESA,ACETOCHLOR,ACETOCHLOR,NA,34256821,NA,New Row: Needs Review,TADA.AliasMatch,NA
ACETOCHLOR OA,ACETOCHLOR,ACETOCHLOR,NA,34256821,NA,New Row: Needs Review,TADA.AliasMatch,NA
ACETOCHLOR OXA,ACETOCHLOR,ACETOCHLOR,NA,34256821,NA,New Row: Needs Review,TADA.AliasMatch,NA
ACETOCHLOR OXANILIC ACID,ACETOCHLOR,ACETOCHLOR,NA,34256821,NA,New Row: Needs Review,TADA.AliasMatch,NA
ACETOCHLOR OXANILIC ACID-D5,ACETOCHLOR,ACETOCHLOR,NA,34256821,NA,New Row: Needs Review,TADA.AliasMatch,NA
ACETOCHLOR SAA,ACETOCHLOR,ACETOCHLOR,NA,34256821,NA,New Row: Needs Review,TADA.AliasMatch,NA
ACETOCHLOR SULFINYLACETIC ACID,ACETOCHLOR,ACETOCHLOR,NA,34256821,NA,New Row: Needs Review,TADA.AliasMatch,NA
ACETOCHLOR SULFONIC ACID,ACETOCHLOR,ACETOCHLOR,NA,34256821,NA,New Row: Needs Review,TADA.AliasMatch,NA
ACETOCHLOR SULFONIC ACID-D5,ACETOCHLOR,ACETOCHLOR,NA,34256821,NA,New Row: Needs Review,TADA.AliasMatch,NA
ACETOCHLOR SULFONIC ACID/ALACHLOR SULFONIC ACID,ACETOCHLOR,ACETOCHLOR,NA,34256821,NA,New Row: Needs Review,TADA.AliasMatch,NA
ACETOCHLOR SULFYNILACETIC ACID,ACETOCHLOR,ACETOCHLOR,NA,34256821,NA,New Row: Needs Review,TADA.AliasMatch,NA
"ACETYL CHLORIDE, CHLORO-, REACTION PRODUCTS WITH ETHYLENE OXIDE, PYRIDINE AND REDUCED METHANOL-REDUCED POLYMD. OXIDIZED 1,1,2,2,3,3,3-HEXAFLUORO-1-PROPENE REACTION PRODUCT",CHLORIDE,CHLORIDE,NA,16887006,NA,New Row: Needs Review,TADA.AliasMatch,NA
"ACETYL CHLORIDE, CHLORO-, REACTION PRODUCTS WITH ETHYLENE OXIDE, PYRIDINE AND REDUCED METHANOL-REDUCED POLYMD. OXIDIZED 1,1,2,2,3,3,3-HEXAFLUORO-1-PROPENE REACTION PRODUCT",PYRIDINE,PYRIDINE,NA,110861,NA,New Row: Needs Review,TADA.AliasMatch,NA
"ACETYL CHLORIDE, CHLORO-, REACTION PRODUCTS WITH PROPYLENE OXIDE, PYRIDINE AND REDUCED METHANOL-REDUCED POLYMD. OXIDIZED 1,1,2,3,3,3-HEXAFLUORO-1-PROPENE REACTION PRODUCT",CHLORIDE,CHLORIDE,NA,16887006,NA,New Row: Needs Review,TADA.AliasMatch,NA
"ACETYL CHLORIDE, CHLORO-, REACTION PRODUCTS WITH PROPYLENE OXIDE, PYRIDINE AND REDUCED METHANOL-REDUCED POLYMD. OXIDIZED 1,1,2,3,3,3-HEXAFLUORO-1-PROPENE REACTION PRODUCT",PROPYLENE OXIDE,PROPYLENE OXIDE,NA,75569,NA,New Row: Needs Review,TADA.AliasMatch,NA
"ACETYL CHLORIDE, CHLORO-, REACTION PRODUCTS WITH PROPYLENE OXIDE, PYRIDINE AND REDUCED METHANOL-REDUCED POLYMD. OXIDIZED 1,1,2,3,3,3-HEXAFLUORO-1-PROPENE REACTION PRODUCT",PYRIDINE,PYRIDINE,NA,110861,NA,New Row: Needs Review,TADA.AliasMatch,NA
"ACETYL FLUORIDE, 2,2,2-TRIFLUORO-",FLUORIDE,FLUORIDE,NA,7681494,NA,New Row: Needs Review,TADA.AliasMatch,NA
"ACETYL FLUORIDE, 2,2-DIFLUORO-2-(1,1,2,2-TETRAFLUOROETHOXY)-",FLUORIDE,FLUORIDE,NA,7681494,NA,New Row: Needs Review,TADA.AliasMatch,NA
"ACETYL FLUORIDE, 2-[DIFLUORO(TRIFLUOROMETHOXY)METHOXY]-2,2-DIFLUORO-",FLUORIDE,FLUORIDE,NA,7681494,NA,New Row: Needs Review,TADA.AliasMatch,NA
"ACETYL FLUORIDE, 2-[[DIFLUORO(TRIFLUOROMETHOXY)METHOXY]DIFLUOROMETHOXY]-2,2-DIFLUORO-",FLUORIDE,FLUORIDE,NA,7681494,NA,New Row: Needs Review,TADA.AliasMatch,NA
"ACETYL FLUORIDE, 2-[[[DIFLUORO(TRIFLUOROMETHOXY)METHOXY]-DIFLUOROMETHOXY]-DIFLUOROMETHOXY]-2,2-DIFLUORO-",FLUORIDE,FLUORIDE,NA,7681494,NA,New Row: Needs Review,TADA.AliasMatch,NA
"ACETYL FLUORIDE, DIFLUORO(TRIFLUOROMETHOXY)-",FLUORIDE,FLUORIDE,NA,7681494,NA,New Row: Needs Review,TADA.AliasMatch,NA
"ACID CHLORIDES, C8-14, .BETA.-.OMEGA.-PERFLUORO",CHLORIDES,CHLORIDE,NA,16887006,NA,New Row: Needs Review,TADA.AliasMatch,NA
ACID NEUTRALIZATION POTENTIAL ACIDITY (ANPA),ACIDITY,ACIDITY,NA,NA,NA,New Row: Needs Review,TADA.AliasMatch,NA
ACID VOLATILE SULFIDE/PYRITIC SULFIDE,SULFIDE,SULFIDE,NA,NA,NA,New Row: Needs Review,TADA.AliasMatch,NA
ACID VOLATILE SULFIDES,SULFIDES,SULFIDES,NA,NA,NA,New Row: Needs Review,TADA.AliasMatch,NA
"ACIDITY***RETIRED***USE ACIDITY, (H+)",ACIDITY,ACIDITY,NA,NA,NA,New Row: Needs Review,TADA.AliasMatch,NA
"ACIDITY, (H+)",ACIDITY,ACIDITY,NA,NA,NA,New Row: Needs Review,TADA.AliasMatch,NA
"ACIDITY, MINERAL METHYL ORANGE (AS CACO3)",ACIDITY,ACIDITY,NA,NA,NA,New Row: Needs Review,TADA.AliasMatch,NA
"ACIDITY, TOTAL, PHENOLPHTHALEIN (AS CACO3)",ACIDITY,ACIDITY,NA,NA,NA,New Row: Needs Review,TADA.AliasMatch,NA
"ACIFLUORFEN, SODIUM SALT",ACIFLUORFEN,ACIFLUORFEN,NA,62476599,NA,New Row: Needs Review,TADA.AliasMatch,NA
"ACIFLUORFEN, SODIUM SALT",SODIUM,SODIUM,NA,NA,NA,New Row: Needs Review,TADA.AliasMatch,NA
ACRYLIC ACID SODIUM PHOSPHINATE POLYMER,SODIUM,SODIUM,NA,NA,NA,New Row: Needs Review,TADA.AliasMatch,NA
"ACRYLIC ACID, ESTER WITH 1,1,2,2,3,3,4,4,5,5,6,6,7,7,8,8,8-HEPTADECAFLUORO-N-(2-HYDROXYETHYL)-N-PROPYL-1-OCTANESULFONAMIDE, POLYMER WITH ACRYLAMIDE AND STYRENE",ACRYLAMIDE,ACRYLAMIDE,NA,79061,NA,New Row: Needs Review,TADA.AliasMatch,NA
"ACRYLIC ACID, ESTER WITH 1,1,2,2,3,3,4,4,5,5,6,6,7,7,8,8,8-HEPTADECAFLUORO-N-(2-HYDROXYETHYL)-N-PROPYL-1-OCTANESULFONAMIDE, POLYMER WITH ACRYLAMIDE AND STYRENE",STYRENE,STYRENE,NA,100425,NA,New Row: Needs Review,TADA.AliasMatch,NA
ACTINOLITE ASBESTOS,ASBESTOS,ASBESTOS,NA,1332214,NA,New Row: Needs Review,TADA.AliasMatch,NA
ADJUSTED GROSS ALPHA ACTIVITY,GROSS ALPHA,GROSS ALPHA PARTICLES,NA,NA,NA,New Row: Needs Review,TADA.AliasMatch,NA
ALACHLOR ESA,ALACHLOR,ALACHLOR,NA,15972608,NA,New Row: Needs Review,TADA.AliasMatch,NA
ALACHLOR OXANILIC ACID,ALACHLOR,ALACHLOR,NA,15972608,NA,New Row: Needs Review,TADA.AliasMatch,NA
ALACHLOR SAA,ALACHLOR,ALACHLOR,NA,15972608,NA,New Row: Needs Review,TADA.AliasMatch,NA
ALACHLOR SULFINYLACETIC ACID,ALACHLOR,ALACHLOR,NA,15972608,NA,New Row: Needs Review,TADA.AliasMatch,NA
ALACHLOR SULFYNILACETIC ACID,ALACHLOR,ALACHLOR,NA,15972608,NA,New Row: Needs Review,TADA.AliasMatch,NA
ALBUMINOID NITROGEN,NITROGEN,TOTAL NITROGEN,NA,NA,NA,New Row: Needs Review,TADA.AliasMatch,NA
"ALCOHOLS, C3-12, .BETA.-.OMEGA.-PERFLUORO-.OMEGA.-HYDRO, SODIUM SALTS",SODIUM,SODIUM,NA,NA,NA,New Row: Needs Review,TADA.AliasMatch,NA
"ALCOHOLS, C8-14, .GAMMA.-.OMEGA.-PERFLUORO, POLYMERS WITH .ALPHA.-FLUORO-.OMEGA.-[2-[(2-METHYL-1-OXO-2PROPENYL)OXY]ETHYL]POLY(DIFLUOROMETHYLENE), METHANOL, STEARYL ACRYLATE, STEARYL METHACRYLATE, 2,4-TDI AND VINYL CHLORIDE",CHLORIDE,CHLORIDE,NA,16887006,NA,New Row: Needs Review,TADA.AliasMatch,NA
"ALCOHOLS, C8-14, .GAMMA.-.OMEGA.-PERFLUORO, POLYMERS WITH .ALPHA.-FLUORO-.OMEGA.-[2-[(2-METHYL-1-OXO-2PROPENYL)OXY]ETHYL]POLY(DIFLUOROMETHYLENE), METHANOL, STEARYL ACRYLATE, STEARYL METHACRYLATE, 2,4-TDI AND VINYL CHLORIDE",METHANOL,METHANOL,NA,67561,NA,New Row: Needs Review,TADA.AliasMatch,NA
"ALCOHOLS, C8-14, .GAMMA.-.OMEGA.-PERFLUORO, POLYMERS WITH .ALPHA.-FLUORO-.OMEGA.-[2-[(2-METHYL-1-OXO-2PROPENYL)OXY]ETHYL]POLY(DIFLUOROMETHYLENE), METHANOL, STEARYL ACRYLATE, STEARYL METHACRYLATE, 2,4-TDI AND VINYL CHLORIDE",VINYL CHLORIDE,VINYL CHLORIDE,NA,75014,NA,New Row: Needs Review,TADA.AliasMatch,NA
"ALCOHOLS, C8-14, .GAMMA.-.OMEGA.-PERFLUORO, REACTION PRODUCTS WITH 5,5'-CARBONYLBIS[1,3-BISBENZOFURANDIONE] AND EPICHLOROHYDRIN",EPICHLOROHYDRIN,EPICHLOROHYDRIN,NA,106898,NA,New Row: Needs Review,TADA.AliasMatch,NA
"ALCOHOLS, C8-14, .GAMMA.-.OMEGA.-PERFLUORO, REACTION PRODUCTS WITH EPICHLOROHYDRIN AND PROPYLENE OXIDE, TRIMETHYLAMINE-QUATERNIZED",EPICHLOROHYDRIN,EPICHLOROHYDRIN,NA,106898,NA,New Row: Needs Review,TADA.AliasMatch,NA
"ALCOHOLS, C8-14, .GAMMA.-.OMEGA.-PERFLUORO, REACTION PRODUCTS WITH EPICHLOROHYDRIN AND PROPYLENE OXIDE, TRIMETHYLAMINE-QUATERNIZED",PROPYLENE OXIDE,PROPYLENE OXIDE,NA,75569,NA,New Row: Needs Review,TADA.AliasMatch,NA
"ALCOHOLS, C8-14, .GAMMA.-.OMEGA.-PERFLUORO, REACTION PRODUCTS WITH EPICHLOROHYDRIN, POLYETHYLENE GLYCOL MONOMETHYL ETHER AND N,N',2-TRIS(6-ISOCYANATOHEXYL) IMIDODICARBONIC DIAMIDE",EPICHLOROHYDRIN,EPICHLOROHYDRIN,NA,106898,NA,New Row: Needs Review,TADA.AliasMatch,NA
"ALCOHOLS, C8-14, .GAMMA.-.OMEGA.-PERFLUORO, REACTION PRODUCTS WITH EPICHLOROHYDRIN, TETRAHYDROFURAN HOMOPOLYMER AND N,N',2-TRIS(6-ISOCYANATOHEXYL)IMIDODICARBONIC DIAMIDE",EPICHLOROHYDRIN,EPICHLOROHYDRIN,NA,106898,NA,New Row: Needs Review,TADA.AliasMatch,NA
"ALCOHOLS, C8-14, .GAMMA.-.OMEGA.-PERFLUORO, REACTION PRODUCTS WITH EPICHLOROHYDRIN, TETRAHYDROFURAN HOMOPOLYMER AND N,N',2-TRIS(6-ISOCYANATOHEXYL)IMIDODICARBONIC DIAMIDE",TETRAHYDROFURAN,TETRAHYDROFURAN,NA,109999,NA,New Row: Needs Review,TADA.AliasMatch,NA
ALDICARB NITRILE,ALDICARB,ALDICARB,NA,116063,NA,New Row: Needs Review,TADA.AliasMatch,NA
ALDICARB OXIME,ALDICARB,ALDICARB,NA,116063,NA,New Row: Needs Review,TADA.AliasMatch,NA
"ALDRIN + DIELDRIN MIX, UNSPECIFIED",ALDRIN,ALDRIN,NA,309002,NA,New Row: Needs Review,TADA.AliasMatch,NA
"ALDRIN + DIELDRIN MIX, UNSPECIFIED",DIELDRIN,DIELDRIN,NA,60571,NA,New Row: Needs Review,TADA.AliasMatch,NA
"ALGAE, BLUE-GREEN (PHYLUM CYANOPHYTA) DENSITY",BLUE-GREEN ALGAE,BLUE-GREEN ALGAE,NA,NA,NA,New Row: Needs Review,TADA.AliasMatch,NA
"ALGAE, BLUE-GREEN (PHYLUM CYANOPHYTA) PERCENT",BLUE-GREEN ALGAE,BLUE-GREEN ALGAE,NA,NA,NA,New Row: Needs Review,TADA.AliasMatch,NA
"ALKALINITY, BICARBONATE",ALKALINITY,ALKALINITY,NA,NA,NA,New Row: Needs Review,TADA.AliasMatch,NA
"ALKALINITY, BICARBONATE",BICARBONATE,BICARBONATE,NA,NA,NA,New Row: Needs Review,TADA.AliasMatch,NA
"ALKALINITY, BORATE",ALKALINITY,ALKALINITY,NA,NA,NA,New Row: Needs Review,TADA.AliasMatch,NA
"ALKALINITY, CARBONATE",ALKALINITY,ALKALINITY,NA,NA,NA,New Row: Needs Review,TADA.AliasMatch,NA
"ALKALINITY, HYDROXIDE",ALKALINITY,ALKALINITY,NA,NA,NA,New Row: Needs Review,TADA.AliasMatch,NA
"ALKALINITY, PHENOLPHTHALEIN (TOTAL HYDROXIDE+1/2 CARBONATE)",ALKALINITY,ALKALINITY,NA,NA,NA,New Row: Needs Review,TADA.AliasMatch,NA
"ALKALINITY, PHENOLPHTHALEIN (TOTAL HYDROXIDE+1/2 CARBONATE)",TOTAL ALKALINITY,ALKALINITY,NA,NA,NA,New Row: Needs Review,TADA.AliasMatch,NA
"ALKALINITY, TOTAL",ALKALINITY,ALKALINITY,NA,NA,NA,New Row: Needs Review,TADA.AliasMatch,NA
"ALKALINITY, TOTAL",TOTAL ALKALINITY,ALKALINITY,NA,NA,NA,New Row: Needs Review,TADA.AliasMatch,NA
ALPHA PARTICLE,GROSS ALPHA PARTICLE ACTIVITY,GROSS ALPHA PARTICLES,NA,NA,NA,New Row: Needs Review,TADA.AliasMatch,NA
ALPHA-HCH (ALINDANE)***RETIRED***USE .ALPHA.-HEXACHLOROCYCLOHEXANE,ALPHA-HEXACHLOROCYCLOHEXANE,ALPHA-HEXACHLOROCYCLOHEXANE (HCH),NA,319846,NA,New Row: Needs Review,TADA.AliasMatch,NA
ALUMINUM PERFLUORO-6-METHYLHEPTANOATE,ALUMINUM,ALUMINUM,NA,7429905,NA,New Row: Needs Review,TADA.AliasMatch,NA
ALUMINUM PHOSPHIDE,ALUMINUM,ALUMINUM,NA,7429905,NA,New Row: Needs Review,TADA.AliasMatch,NA
ALUMINUM SULFATE,ALUMINUM,ALUMINUM,NA,7429905,NA,New Row: Needs Review,TADA.AliasMatch,NA
ALUMINUM SULFATE,SULFATE,SULFATE,NA,NA,NA,New Row: Needs Review,TADA.AliasMatch,NA
"ALUMINUM, ORGANIC + INORGANIC MONOMERIC (REACTIVE ALUMINUM)",ALUMINUM,ALUMINUM,NA,7429905,NA,New Row: Needs Review,TADA.AliasMatch,NA
"ALUMINUM, ORGANIC MONOMERIC (REACTIVE ALUMINUM)",ALUMINUM,ALUMINUM,NA,7429905,NA,New Row: Needs Review,TADA.AliasMatch,NA
AMERICIUM,AMERICIUM 241,AMERICIUM 241,NA,NA,NA,New Row: Needs Review,TADA.AliasMatch,NA
"AMINES, C12-14-TERT-ALKYL, COMPDS. WITH .GAMMA.-.OMEGA.-PERFLUORO-C6-12-ALKYL DIHYDROGEN PHOSPHATE (1:1)",PHOSPHATE,PHOSPHATE,NA,NA,NA,New Row: Needs Review,TADA.AliasMatch,NA
"AMINES, C12-14-TERT-ALKYL, COMPDS. WITH BIS(.GAMMA.-.OMEGA.-PERFLUORO-C6-12-ALKYL) HYDROGEN PHOSPHATE (1:1)",PHOSPHATE,PHOSPHATE,NA,NA,NA,New Row: Needs Review,TADA.AliasMatch,NA
"AMINOMETHYLPHOSPHONIC ACID (AMPA), SPIKE",AMINOMETHYLPHOSPHONIC ACID (AMPA),AMINOMETHYLPHOSPHONIC ACID (AMPA),NA,NA,NA,New Row: Needs Review,TADA.AliasMatch,NA
AMINOPYRALID,AMINOPYRALID,AMINOPYRALID,NA,NA,NA,New Row: Needs Review,TADA.AliasMatch,NA
AMMONIA AND AMMONIUM,AMMONIA,AMMONIA,NA,7664417,NA,New Row: Needs Review,TADA.AliasMatch,NA
AMMONIA UPTAKE,AMMONIA,AMMONIA,NA,7664417,NA,New Row: Needs Review,TADA.AliasMatch,NA
AMMONIA/ORGANIC NITROGEN,NITROGEN,TOTAL NITROGEN,NA,NA,NA,New Row: Needs Review,TADA.AliasMatch,NA
AMMONIUM 2-[METHYL-2-(PERFLUOROPENTYL)ETHYLAMINO]ETHANOL HYDROGEN PHOSPHATE,PHOSPHATE,PHOSPHATE,NA,NA,NA,New Row: Needs Review,TADA.AliasMatch,NA
AMMONIUM 7:2 FLUOROTELOMER PHOSPHATE DIESTER,PHOSPHATE,PHOSPHATE,NA,NA,NA,New Row: Needs Review,TADA.AliasMatch,NA
AMMONIUM BIS((PERFLUORO-11-METHYLDODECYL)ETHYL) PHOSPHATE,PHOSPHATE,PHOSPHATE,NA,NA,NA,New Row: Needs Review,TADA.AliasMatch,NA
AMMONIUM BIS((PERFLUORO-13-METHYLTETRADECYL)ETHYL) PHOSPHATE,PHOSPHATE,PHOSPHATE,NA,NA,NA,New Row: Needs Review,TADA.AliasMatch,NA
AMMONIUM BIS((PERFLUORO-15-METHYLHEXADECYL)ETHYL) PHOSPHATE,PHOSPHATE,PHOSPHATE,NA,NA,NA,New Row: Needs Review,TADA.AliasMatch,NA
AMMONIUM BIS((PERFLUORO-7-METHYLOCTYL)ETHYL) PHOSPHATE,PHOSPHATE,PHOSPHATE,NA,NA,NA,New Row: Needs Review,TADA.AliasMatch,NA
AMMONIUM BIS((PERFLUORODECYL)ETHYL) PHOSPHATE,PHOSPHATE,PHOSPHATE,NA,NA,NA,New Row: Needs Review,TADA.AliasMatch,NA
AMMONIUM BIS((PERFLUOROTETRADECYL)ETHYL) PHOSPHATE,PHOSPHATE,PHOSPHATE,NA,NA,NA,New Row: Needs Review,TADA.AliasMatch,NA
"AMMONIUM BIS(2,2,3,3,4,4,5,5,6,6,7,7,8,8,9,9-HEXADECAFLUORONONYL) PHOSPHATE",PHOSPHATE,PHOSPHATE,NA,NA,NA,New Row: Needs Review,TADA.AliasMatch,NA
AMMONIUM BIS(2-(PERFLUORO-9-METHYLDECYL)ETHYL) PHOSPHATE,PHOSPHATE,PHOSPHATE,NA,NA,NA,New Row: Needs Review,TADA.AliasMatch,NA
AMMONIUM BIS(2-(PERFLUORODODECYL)ETHYL) PHOSPHATE,PHOSPHATE,PHOSPHATE,NA,NA,NA,New Row: Needs Review,TADA.AliasMatch,NA
AMMONIUM BIS(2-(PERFLUOROHEXADECYL)ETHYL) PHOSPHATE,PHOSPHATE,PHOSPHATE,NA,NA,NA,New Row: Needs Review,TADA.AliasMatch,NA
"AMMONIUM BIS(3,3,4,4,5,5,6,6,7,7,8,8,9,9,10,10,10-HEPTADECAFLUORODECYL) PHOSPHATE",PHOSPHATE,PHOSPHATE,NA,NA,NA,New Row: Needs Review,TADA.AliasMatch,NA
"AMMONIUM BIS(5,5,6,6,7,7,8,8,8-NONAFLUORO-1-OCTYL) PHOSPHATE",PHOSPHATE,PHOSPHATE,NA,NA,NA,New Row: Needs Review,TADA.AliasMatch,NA
AMMONIUM BIS[2-(PERFLUOROHEXYL)ETHYL] PHOSPHATE,PHOSPHATE,PHOSPHATE,NA,NA,NA,New Row: Needs Review,TADA.AliasMatch,NA
AMMONIUM BROMIDE,BROMIDE,BROMIDE,NA,NA,NA,New Row: Needs Review,TADA.AliasMatch,NA
AMMONIUM FLUORIDE,FLUORIDE,FLUORIDE,NA,7681494,NA,New Row: Needs Review,TADA.AliasMatch,NA
AMMONIUM NITRATE,NITRATE,NITRATES,NA,14797558,NA,New Row: Needs Review,TADA.AliasMatch,NA
AMMONIUM PERCHLORATE,PERCHLORATE,PERCHLORATE,NA,7601903,NA,New Row: Needs Review,TADA.AliasMatch,NA
AMMONIUM SULFAMATE,AMMONIUM SULFAMATE,AMMONIUM SULFAMATE,NA,773060,NA,New Row: Needs Review,TADA.AliasMatch,NA
AMMONIUM SULFATE,SULFATE,SULFATE,NA,NA,NA,New Row: Needs Review,TADA.AliasMatch,NA
AMOSITE ASBESTOS,ASBESTOS,ASBESTOS,NA,1332214,NA,New Row: Needs Review,TADA.AliasMatch,NA
AMPA (GLYPHOSATE METABOLITE)***RETIRED***USE AMINOMETHYLPHOSPHONIC ACID,AMINOMETHYLPHOSPHONIC ACID (AMPA),AMINOMETHYLPHOSPHONIC ACID (AMPA),NA,NA,NA,New Row: Needs Review,TADA.AliasMatch,NA
AMPA (GLYPHOSATE METABOLITE)***RETIRED***USE AMINOMETHYLPHOSPHONIC ACID,GLYPHOSATE,GLYPHOSATE,NA,1071836,NA,New Row: Needs Review,TADA.AliasMatch,NA
ANATOXIN-A,ANATOXIN-A,ANATOXIN-A,NA,64285069,NA,New Row: Needs Review,TADA.AliasMatch,NA
ANATOXIN-A EQUIVALENTS,ANATOXIN-A,ANATOXIN-A,NA,64285069,NA,New Row: Needs Review,TADA.AliasMatch,NA
ANDROSTERONE SULFATE,SULFATE,SULFATE,NA,NA,NA,New Row: Needs Review,TADA.AliasMatch,NA
ANTHOPHYLLITE ASBESTOS,ASBESTOS,ASBESTOS,NA,1332214,NA,New Row: Needs Review,TADA.AliasMatch,NA
ANTIMONY POTASSIUM TARTRATE,ANTIMONY,ANTIMONY,NA,7440360,NA,New Row: Needs Review,TADA.AliasMatch,NA
ANTIMONY POTASSIUM TARTRATE,POTASSIUM,POTASSIUM,NA,NA,NA,New Row: Needs Review,TADA.AliasMatch,NA
"ANTIMONY, TRIPHENYLBIS[(2,2,2-TRIFLUOROACETYL)OXY]-",ANTIMONY,ANTIMONY,NA,7440360,NA,New Row: Needs Review,TADA.AliasMatch,NA
APATITE INORGANIC PHOSPHORUS,PHOSPHORUS,PHOSPHOROUS (YELLOW),NA,7723140,NA,New Row: Needs Review,TADA.AliasMatch,NA
APPARENT COLOR,COLOR,COLOR,NA,NA,NA,New Row: Needs Review,TADA.AliasMatch,NA
APPARENT OXYGEN UTILIZATION,OXYGEN,DISSOLVED OXYGEN,NA,7782447,NA,New Row: Needs Review,TADA.AliasMatch,NA
AQUATIC BACTERIA,BACTERIA,BACTERIA,NA,NA,NA,New Row: Needs Review,TADA.AliasMatch,NA
ARSENIC (III)***RETIRED***USE ARSENIC ION (3+),ARSENIC,ARSENIC,NA,7440382,NA,New Row: Needs Review,TADA.AliasMatch,NA
ARSENIC (V)***RETIRED***USE ARSENIC ION (5+),ARSENIC,ARSENIC,NA,7440382,NA,New Row: Needs Review,TADA.AliasMatch,NA
ARSENIC ACID,ARSENIC,ARSENIC,NA,7440382,NA,New Row: Needs Review,TADA.AliasMatch,NA
ARSENIC ION (3+),ARSENIC,ARSENIC,NA,7440382,NA,New Row: Needs Review,TADA.AliasMatch,NA
ARSENIC ION (5+),ARSENIC,ARSENIC,NA,7440382,NA,New Row: Needs Review,TADA.AliasMatch,NA
ARSENIC PENTAFLUORIDE,ARSENIC,ARSENIC,NA,7440382,NA,New Row: Needs Review,TADA.AliasMatch,NA
"ARSENIC, DIMETHYL",ARSENIC,ARSENIC,NA,7440382,NA,New Row: Needs Review,TADA.AliasMatch,NA
"ARSENIC, MONOMETHYL",ARSENIC,ARSENIC,NA,7440382,NA,New Row: Needs Review,TADA.AliasMatch,NA
ATORVASTATIN CALCIUM,CALCIUM,CALCIUM,NA,NA,NA,New Row: Needs Review,TADA.AliasMatch,NA
ATRAZINE + N-DEALKYLATED METABOLITES,ATRAZINE,ATRAZINE,NA,1912249,NA,New Row: Needs Review,TADA.AliasMatch,NA
AZINPHOS-METHYL,AZINPHOSMETHYL,GUTHION,NA,86500,NA,New Row: Needs Review,TADA.AliasMatch,NA
AZINPHOS-METHYL OXYGEN ANALOG,AZINPHOSMETHYL,GUTHION,NA,86500,NA,New Row: Needs Review,TADA.AliasMatch,NA
AZINPHOS-METHYL OXYGEN ANALOG,OXYGEN,DISSOLVED OXYGEN,NA,7782447,NA,New Row: Needs Review,TADA.AliasMatch,NA
AZINPHOSMETHYL OXON,AZINPHOSMETHYL,GUTHION,NA,86500,NA,New Row: Needs Review,TADA.AliasMatch,NA
"BACTERIA MIX, UNSPECIFIED",BACTERIA,BACTERIA,NA,NA,NA,New Row: Needs Review,TADA.AliasMatch,NA
"BACTERIA, COMPLEX WITH AMYLASE AND PROTEINASE",BACTERIA,BACTERIA,NA,NA,NA,New Row: Needs Review,TADA.AliasMatch,NA
"BACTERIA, DENITRIFIERS",BACTERIA,BACTERIA,NA,NA,NA,New Row: Needs Review,TADA.AliasMatch,NA
"BACTERIA, IRON OXIDIZING",BACTERIA,BACTERIA,NA,NA,NA,New Row: Needs Review,TADA.AliasMatch,NA
"BACTERIA, IRON OXIDIZING",IRON,IRON,NA,7439896,NA,New Row: Needs Review,TADA.AliasMatch,NA
"BACTERIA, IRON REDUCING",BACTERIA,BACTERIA,NA,NA,NA,New Row: Needs Review,TADA.AliasMatch,NA
"BACTERIA, IRON REDUCING",IRON,IRON,NA,7439896,NA,New Row: Needs Review,TADA.AliasMatch,NA
"BACTERIA, IRON+SULFUR FIXERS",BACTERIA,BACTERIA,NA,NA,NA,New Row: Needs Review,TADA.AliasMatch,NA
"BACTERIA, NITRIFIERS",BACTERIA,BACTERIA,NA,NA,NA,New Row: Needs Review,TADA.AliasMatch,NA
"BACTERIA, SLIME-FORMING",BACTERIA,BACTERIA,NA,NA,NA,New Row: Needs Review,TADA.AliasMatch,NA
"BACTERIA, SULFATE REDUCING",BACTERIA,BACTERIA,NA,NA,NA,New Row: Needs Review,TADA.AliasMatch,NA
"BACTERIA, SULFATE REDUCING",SULFATE,SULFATE,NA,NA,NA,New Row: Needs Review,TADA.AliasMatch,NA
"BARIUM BIS(6,6,7,7,8,8,8-HEPTAFLUORO-2,2-DIMETHYL-5-OXOOCT-3-EN-3-OLATE)",BARIUM,BARIUM,NA,7440393,NA,New Row: Needs Review,TADA.AliasMatch,NA
BENDIOCARB PHENOL,PHENOL,PHENOL,NA,108952,NA,New Row: Needs Review,TADA.AliasMatch,NA
BENTAZON AIBA,BENTAZON,BENTAZON,NA,25057890,NA,New Row: Needs Review,TADA.AliasMatch,NA
BENTAZON METHYL,BENTAZON,BENTAZON,NA,25057890,NA,New Row: Needs Review,TADA.AliasMatch,NA
BENTAZONE***RETIRED***USE BENTAZON,BENTAZON,BENTAZON,NA,25057890,NA,New Row: Needs Review,TADA.AliasMatch,NA
BENZALKONIUM CHLORIDE,CHLORIDE,CHLORIDE,NA,16887006,NA,New Row: Needs Review,TADA.AliasMatch,NA
"BENZENE & 1,2-DICHLOROETHANE","1,2-DICHLOROETHANE","1,2-DICHLOROETHANE",NA,107062,NA,New Row: Needs Review,TADA.AliasMatch,NA
"BENZENE & 1,2-DICHLOROETHANE",BENZENE,BENZENE,NA,71432,NA,New Row: Needs Review,TADA.AliasMatch,NA
"BENZENE HEXACHLORIDE, ALPHA (BHC)***RETIRED***USE .ALPHA.-HEXACHLOROCYCLOHEXANE",ALPHA-HEXACHLOROCYCLOHEXANE,ALPHA-HEXACHLOROCYCLOHEXANE (HCH),NA,319846,NA,New Row: Needs Review,TADA.AliasMatch,NA
"BENZENE HEXACHLORIDE, ALPHA (BHC)***RETIRED***USE .ALPHA.-HEXACHLOROCYCLOHEXANE",BENZENE,BENZENE,NA,71432,NA,New Row: Needs Review,TADA.AliasMatch,NA
"BENZENE HEXACHLORIDE, BETA (BHC)***RETIRED***USE .BETA.-HEXACHLOROCYCLOHEXANE",BENZENE,BENZENE,NA,71432,NA,New Row: Needs Review,TADA.AliasMatch,NA
"BENZENE HEXACHLORIDE, BETA (BHC)***RETIRED***USE .BETA.-HEXACHLOROCYCLOHEXANE",BETA-HEXACHLOROCYCLOHEXANE,BETA-HEXACHLOROCYCLOHEXANE (HCH),NA,319857,NA,New Row: Needs Review,TADA.AliasMatch,NA
"BENZENE HEXACHLORIDE, DELTA (BHC)***RETIRED***USE .DELTA.-HEXACHLOROCYCLOHEXANE",BENZENE,BENZENE,NA,71432,NA,New Row: Needs Review,TADA.AliasMatch,NA
"BENZENE HEXACHLORIDE, DELTA (BHC)***RETIRED***USE .DELTA.-HEXACHLOROCYCLOHEXANE",DELTA-HEXACHLOROCYCLOHEXANE,HEXACHLOROCYCLOHEXANE DELTA,NA,319868,NA,New Row: Needs Review,TADA.AliasMatch,NA
"BENZENE, (1,1,2,2-TETRAFLUOROETHOXY)-",BENZENE,BENZENE,NA,71432,NA,New Row: Needs Review,TADA.AliasMatch,NA
"BENZENE, (1,1,2,3,3,3-HEXAFLUOROPROPOXY)-",BENZENE,BENZENE,NA,71432,NA,New Row: Needs Review,TADA.AliasMatch,NA
"BENZENE, (1,2,2,2-TETRAFLUOROETHYL)-",BENZENE,BENZENE,NA,71432,NA,New Row: Needs Review,TADA.AliasMatch,NA
"BENZENE, (1-ETHYLDECYL)-",BENZENE,BENZENE,NA,71432,NA,New Row: Needs Review,TADA.AliasMatch,NA
"BENZENE, (2,2,3,3-TETRAFLUOROCYCLOPROPYL)-",BENZENE,BENZENE,NA,71432,NA,New Row: Needs Review,TADA.AliasMatch,NA
"BENZENE, (2,2-DICHLORO-1,1,2-TRIFLUOROETHYL)-",BENZENE,BENZENE,NA,71432,NA,New Row: Needs Review,TADA.AliasMatch,NA
"BENZENE, (3,3,4,5,5,5-HEXAFLUORO-2,2-DIMETHYLPENTYL)-",BENZENE,BENZENE,NA,71432,NA,New Row: Needs Review,TADA.AliasMatch,NA
"BENZENE, (HEPTADECAFLUOROOCTYL)-",BENZENE,BENZENE,NA,71432,NA,New Row: Needs Review,TADA.AliasMatch,NA
"BENZENE, (NONAFLUOROBUTYL)-",BENZENE,BENZENE,NA,71432,NA,New Row: Needs Review,TADA.AliasMatch,NA
"BENZENE, 1,1'-(1,2-ETHANEDIYL)BIS[2,3,4,5,6-PENTABROMO-",BENZENE,BENZENE,NA,71432,NA,New Row: Needs Review,TADA.AliasMatch,NA
"BENZENE, 1,1'-(1,3-DIMETHYLBUTYLIDENE)BIS[4-(1,1,2,2-TETRAFLUOROETHOXY)-",BENZENE,BENZENE,NA,71432,NA,New Row: Needs Review,TADA.AliasMatch,NA
"BENZENE, 1,1'-(1-METHYLETHYLIDENE)BIS[4-(1,1,2,2-TETRAFLUOROETHOXY)-",BENZENE,BENZENE,NA,71432,NA,New Row: Needs Review,TADA.AliasMatch,NA
"BENZENE, 1,1'-(1-METHYLHEPTYLIDENE)BIS[4-(1,1,2,2-TETRAFLUOROETHOXY)-",BENZENE,BENZENE,NA,71432,NA,New Row: Needs Review,TADA.AliasMatch,NA
"BENZENE, 1,1'-(2,2,3,4,4,4-HEXAFLUOROBUTYLIDENE)BIS-",BENZENE,BENZENE,NA,71432,NA,New Row: Needs Review,TADA.AliasMatch,NA
"BENZENE, 1,1'-(2,3,3,3-TETRAFLUORO-1-PROPEN-1-YLIDENE)BIS-",BENZENE,BENZENE,NA,71432,NA,New Row: Needs Review,TADA.AliasMatch,NA
"BENZENE, 1,1'-OXYBIS[(2,2,4-TRIMETHYLPENTYL)-",BENZENE,BENZENE,NA,71432,NA,New Row: Needs Review,TADA.AliasMatch,NA
"BENZENE, 1,1'-OXYBIS[2,3,4,5,6-PENTABROMO-***RETIRED***USE DECABROMODIPHENYL OXIDE",BENZENE,BENZENE,NA,71432,NA,New Row: Needs Review,TADA.AliasMatch,NA
"BENZENE, 1,1'-OXYBIS[2,4,5-TRIBROMO-***RETIRED***USE BDE-153",BENZENE,BENZENE,NA,71432,NA,New Row: Needs Review,TADA.AliasMatch,NA
"BENZENE, 1,1'-OXYBIS[2,4-DIBROMO-***RETIRED***USE 2,2',4,4'-TETRABROMODIPHENYL ETHER",BENZENE,BENZENE,NA,71432,NA,New Row: Needs Review,TADA.AliasMatch,NA
"BENZENE, 1,1'-[1,2-ETHANEDIYLBIS(OXY)]BIS[2,4,6-TRIBROMO-***RETIRED***USE 1,2-BIS(2,4,6-TRIBROMOPHENOXY)ETHANE",BENZENE,BENZENE,NA,71432,NA,New Row: Needs Review,TADA.AliasMatch,NA
"BENZENE, 1,1'-[2,2,2-TRIFLUORO-1-(TRIFLUOROMETHYL)ETHYLIDENE]BIS-",BENZENE,BENZENE,NA,71432,NA,New Row: Needs Review,TADA.AliasMatch,NA
"BENZENE, 1,1'-[2,2,2-TRIFLUORO-1-(TRIFLUOROMETHYL)ETHYLIDENE]BIS[3,4-DIMETHYL-",BENZENE,BENZENE,NA,71432,NA,New Row: Needs Review,TADA.AliasMatch,NA
"BENZENE, 1,1'-[2,2,2-TRIFLUORO-1-(TRIFLUOROMETHYL)ETHYLIDENE]BIS[3-ETHYNYL-",BENZENE,BENZENE,NA,71432,NA,New Row: Needs Review,TADA.AliasMatch,NA
"BENZENE, 1,1'-[2,2,2-TRIFLUORO-1-(TRIFLUOROMETHYL)ETHYLIDENE]BIS[3-NITRO-",BENZENE,BENZENE,NA,71432,NA,New Row: Needs Review,TADA.AliasMatch,NA
"BENZENE, 1,1'-[2,2,2-TRIFLUORO-1-(TRIFLUOROMETHYL)ETHYLIDENE]BIS[4-BROMO-",BENZENE,BENZENE,NA,71432,NA,New Row: Needs Review,TADA.AliasMatch,NA
"BENZENE, 1,1'-[2,2,2-TRIFLUORO-1-(TRIFLUOROMETHYL)ETHYLIDENE]BIS[4-CHLORO-",BENZENE,BENZENE,NA,71432,NA,New Row: Needs Review,TADA.AliasMatch,NA
"BENZENE, 1,1'-[2,2,2-TRIFLUORO-1-(TRIFLUOROMETHYL)ETHYLIDENE]BIS[4-ETHYNYL-",BENZENE,BENZENE,NA,71432,NA,New Row: Needs Review,TADA.AliasMatch,NA
"BENZENE, 1,1'-[2,2,2-TRIFLUORO-1-(TRIFLUOROMETHYL)ETHYLIDENE]BIS[4-IODO-",BENZENE,BENZENE,NA,71432,NA,New Row: Needs Review,TADA.AliasMatch,NA
"BENZENE, 1,1'-[2,2,2-TRIFLUORO-1-(TRIFLUOROMETHYL)ETHYLIDENE]BIS[4-ISOCYANATO-",BENZENE,BENZENE,NA,71432,NA,New Row: Needs Review,TADA.AliasMatch,NA
"BENZENE, 1,1'-[2,2,2-TRIFLUORO-1-(TRIFLUOROMETHYL)ETHYLIDENE]BIS[4-METHYL-",BENZENE,BENZENE,NA,71432,NA,New Row: Needs Review,TADA.AliasMatch,NA
"BENZENE, 1,1'-[2,2,2-TRIFLUORO-1-(TRIFLUOROMETHYL)ETHYLIDENE]BIS[4-[(1,2,2-TRIFLUOROETHENYL)OXY]-",BENZENE,BENZENE,NA,71432,NA,New Row: Needs Review,TADA.AliasMatch,NA
"BENZENE, 1,1-OXYBIS[3,4-DIBROMO-",BENZENE,BENZENE,NA,71432,NA,New Row: Needs Review,TADA.AliasMatch,NA
"BENZENE, 1,2(OR 1,4)-DICHLORO-",BENZENE,BENZENE,NA,71432,NA,New Row: Needs Review,TADA.AliasMatch,NA
"BENZENE, 1,2,3,4,5,6-HEXABROMO- ***RETIRED**USE HEXABROMOBENZENE",BENZENE,BENZENE,NA,71432,NA,New Row: Needs Review,TADA.AliasMatch,NA
"BENZENE, 1,2,3,4,5-PENTABROMO-6-(2,3,4,5-TETRABROMOPHENOXY)-***RETIRED***USE NONABROMOPHENOXYBENZENE",BENZENE,BENZENE,NA,71432,NA,New Row: Needs Review,TADA.AliasMatch,NA
"BENZENE, 1,2,3,4,5-PENTABROMO-6-(2,3,4,6-TETRABROMOPHENOXY)-***RETIRED***USE BDE-207",BENZENE,BENZENE,NA,71432,NA,New Row: Needs Review,TADA.AliasMatch,NA
"BENZENE, 1,2,3,4,5-PENTABROMO-6-(2,3,5,6-TETRABROMOPHENOXY)-***RETIRED***USE BDE-208",BENZENE,BENZENE,NA,71432,NA,New Row: Needs Review,TADA.AliasMatch,NA
"BENZENE, 1,2,3,4,5-PENTABROMO-6-(2,4,5-TRIBROMOPHENOXY)-***RETIRED***USE 2,2',3,4,4',5,5',6-OCBDE",BENZENE,BENZENE,NA,71432,NA,New Row: Needs Review,TADA.AliasMatch,NA
"BENZENE, 1,2,3,4,5-PENTABROMO-6-(2,4-DIBROMOPHENOXY)-***RETIRED***USE 2,2',3,4,4',5,6-HEPTABROMODIPHENYL ETHER",BENZENE,BENZENE,NA,71432,NA,New Row: Needs Review,TADA.AliasMatch,NA
"BENZENE, 1,2,3,4,5-PENTABROMO-6-(3,4-DIBROMOPHENOXY)-",BENZENE,BENZENE,NA,71432,NA,New Row: Needs Review,TADA.AliasMatch,NA
"BENZENE, 1,2,3,4,5-PENTABROMO-6-ETHYL-***RETIRED***USE PENTABROMOETHYLBENZENE",BENZENE,BENZENE,NA,71432,NA,New Row: Needs Review,TADA.AliasMatch,NA
"BENZENE, 1,2,3,4,5-PENTACHLORO-6-(METHYLTHIO)-",BENZENE,BENZENE,NA,71432,NA,New Row: Needs Review,TADA.AliasMatch,NA
"BENZENE, 1,2,3,4,5-PENTAFLUORO-6-(2,2,3,3-TETRAFLUOROPROPOXY)-",BENZENE,BENZENE,NA,71432,NA,New Row: Needs Review,TADA.AliasMatch,NA
"BENZENE, 1,2,3,4-TETRABROMO-5-(2,4,5-TRIBROMOPHENOXY)-***RETIRED***USE BDE-180",BENZENE,BENZENE,NA,71432,NA,New Row: Needs Review,TADA.AliasMatch,NA
"BENZENE, 1,2,3,5-TETRABROMO-4-(2,3,4,5-TETRABROMOPHENOXY)-***RETIRED***USE BDE-201",BENZENE,BENZENE,NA,71432,NA,New Row: Needs Review,TADA.AliasMatch,NA
"BENZENE, 1,2,3,5-TETRABROMO-4-(2,3,4,6-TETRABROMOPHENOXY)-***RETIRED***USE BDE-196",BENZENE,BENZENE,NA,71432,NA,New Row: Needs Review,TADA.AliasMatch,NA
"BENZENE, 1,2,3,5-TETRABROMO-4-(2,4,5-TRIBROMOPHENOXY)-***RETIRED***USE 2,2',3,4,4',5',6-HEPTABROMODIPHENYL ETHER",BENZENE,BENZENE,NA,71432,NA,New Row: Needs Review,TADA.AliasMatch,NA
"BENZENE, 1,2,3,5-TETRABROMO-4-(3,4,5-TRIBROMOPHENOXY)-***RETIRED***USE BDE-191",BENZENE,BENZENE,NA,71432,NA,New Row: Needs Review,TADA.AliasMatch,NA
"BENZENE, 1,2,3,5-TETRABROMO-6-(2,4,6-TRIBROMOPHENOXY)-***RETIRED***USE BDE-190",BENZENE,BENZENE,NA,71432,NA,New Row: Needs Review,TADA.AliasMatch,NA
"BENZENE, 1,2,3-TRIBROMO-4-(2,3,4-TRIBROMOPHENOXY)-",BENZENE,BENZENE,NA,71432,NA,New Row: Needs Review,TADA.AliasMatch,NA
"BENZENE, 1,2,3-TRIBROMO-4-(2,4,5-TRIBROMOPHENOXY)-***RETIRED***USE 2,2',3,4,4',5'-HEXABROMODIPHENYL ETHER",BENZENE,BENZENE,NA,71432,NA,New Row: Needs Review,TADA.AliasMatch,NA
"BENZENE, 1,2,3-TRIBROMO-4-(2,4-DIBROMOPHENOXY)-***RETIRED***USE BDE-085",BENZENE,BENZENE,NA,71432,NA,New Row: Needs Review,TADA.AliasMatch,NA
"BENZENE, 1,2,3-TRIBROMO-4-(3,4-DIBROMOPHENOXY)-***RETIRED***USE 2,3,3',4,4'-PEBDE",BENZENE,BENZENE,NA,71432,NA,New Row: Needs Review,TADA.AliasMatch,NA
"BENZENE, 1,2,3-TRIBROMO-5-(3,4-DIBROMOPHENOXY)-***RETIRED***USE 3,3',4,4',5-PEBDE",BENZENE,BENZENE,NA,71432,NA,New Row: Needs Review,TADA.AliasMatch,NA
"BENZENE, 1,2,3-TRICHLORO-4,5-DIMETHOXY-",BENZENE,BENZENE,NA,71432,NA,New Row: Needs Review,TADA.AliasMatch,NA
"BENZENE, 1,2,3-TRIMETHOXY-",BENZENE,BENZENE,NA,71432,NA,New Row: Needs Review,TADA.AliasMatch,NA
"BENZENE, 1,2,4,5-TETRACHLORO- AND/OR 1,2,3,5-TETRACHLOROBENZENE","1,2,3,5-TETRACHLOROBENZENE","1,2,3,5-TETRACHLOROBENZENE",NA,634902,NA,New Row: Needs Review,TADA.AliasMatch,NA
"BENZENE, 1,2,4,5-TETRACHLORO- AND/OR 1,2,3,5-TETRACHLOROBENZENE",BENZENE,BENZENE,NA,71432,NA,New Row: Needs Review,TADA.AliasMatch,NA
"BENZENE, 1,2,4,5-TETRAFLUORO-3,6-BIS(2,2,3,3-TETRAFLUOROPROPOXY)-",BENZENE,BENZENE,NA,71432,NA,New Row: Needs Review,TADA.AliasMatch,NA
"BENZENE, 1,2,4-TRIBROMO-5-(2,4-DIBROMOPHENOXY)-***RETIRED***USE BDE-099",BENZENE,BENZENE,NA,71432,NA,New Row: Needs Review,TADA.AliasMatch,NA
"BENZENE, 1,2,4-TRIBROMO-5-(3,4-DIBROMOPHENOXY)-",BENZENE,BENZENE,NA,71432,NA,New Row: Needs Review,TADA.AliasMatch,NA
"BENZENE, 1,2,4-TRIBROMO-5-(3,5-DIBROMOPHENOXY)-",BENZENE,BENZENE,NA,71432,NA,New Row: Needs Review,TADA.AliasMatch,NA
"BENZENE, 1,2-BIS(1,1,2,2-TETRAFLUOROETHOXY)-",BENZENE,BENZENE,NA,71432,NA,New Row: Needs Review,TADA.AliasMatch,NA
"BENZENE, 1,2-DIBROMO-4-(2,4-DIBROMOPHENOXY)-***RETIRED***USE BDE-066",BENZENE,BENZENE,NA,71432,NA,New Row: Needs Review,TADA.AliasMatch,NA
"BENZENE, 1,2-DIBROMO-4-(2-BROMOPHENOXY)-***RETIRED***USE BDE-033",BENZENE,BENZENE,NA,71432,NA,New Row: Needs Review,TADA.AliasMatch,NA
"BENZENE, 1,2-DIBROMO-4-(3,5-DIBROMOPHENOXY)-***RETIRED***USE BDE-079",BENZENE,BENZENE,NA,71432,NA,New Row: Needs Review,TADA.AliasMatch,NA
"BENZENE, 1,2-DIBROMO-4-(3-BROMOPHENOXY)-***RETIRED***USE 3,3',4-TRBDE",BENZENE,BENZENE,NA,71432,NA,New Row: Needs Review,TADA.AliasMatch,NA
"BENZENE, 1,2-DIBROMO-4-(4-BROMOPHENOXY)-***RETIRED***USE 3,4,4'-TRBDE",BENZENE,BENZENE,NA,71432,NA,New Row: Needs Review,TADA.AliasMatch,NA
"BENZENE, 1,2-DIBROMO-4-PHENOXY-***RETIRED**USE 3,4-DIBDE",BENZENE,BENZENE,NA,71432,NA,New Row: Needs Review,TADA.AliasMatch,NA
"BENZENE, 1,2-DICHLORO-4-ISOCYANATO-",BENZENE,BENZENE,NA,71432,NA,New Row: Needs Review,TADA.AliasMatch,NA
"BENZENE, 1,2-DICHLORO-4-METHYL-",BENZENE,BENZENE,NA,71432,NA,New Row: Needs Review,TADA.AliasMatch,NA
"BENZENE, 1,3,5-TRIBROMO-2-(2,4,5-TRIBROMOPHENOXY)-***RETIRED***USE BDE-154",BENZENE,BENZENE,NA,71432,NA,New Row: Needs Review,TADA.AliasMatch,NA
"BENZENE, 1,3,5-TRIBROMO-2-(2,4,6-TRIBROMOPHENOXY)-***RETIRED***USE BDE-155",BENZENE,BENZENE,NA,71432,NA,New Row: Needs Review,TADA.AliasMatch,NA
"BENZENE, 1,3,5-TRIBROMO-2-(2,4-DIBROMOPHENOXY)-***RETIRED***USE BDE-100",BENZENE,BENZENE,NA,71432,NA,New Row: Needs Review,TADA.AliasMatch,NA
"BENZENE, 1,3,5-TRIBROMO-2-(3,4-DIBROMOPHENOXY)-***RETIRED***USE BDE-119",BENZENE,BENZENE,NA,71432,NA,New Row: Needs Review,TADA.AliasMatch,NA
"BENZENE, 1,3,5-TRIBROMO-2-(4-BROMOPHENOXY)-***RETIRED***USE BDE-075",BENZENE,BENZENE,NA,71432,NA,New Row: Needs Review,TADA.AliasMatch,NA
"BENZENE, 1,3,5-TRIBROMO-2-PHENOXY-***RETIRED***USE 2,4,6-TRBDE",BENZENE,BENZENE,NA,71432,NA,New Row: Needs Review,TADA.AliasMatch,NA
"BENZENE, 1,3-BIS[2,2,2-TRIFLUORO-1-METHOXY-1-(TRIFLUOROMETHYL)ETHYL]-",BENZENE,BENZENE,NA,71432,NA,New Row: Needs Review,TADA.AliasMatch,NA
"BENZENE, 1,3-DIBROMO-2-(2,4-DIBROMOPHENOXY)-***RETIRED***USE 2,2',4,6'-TETRABROMODIPHENYL ETHER",BENZENE,BENZENE,NA,71432,NA,New Row: Needs Review,TADA.AliasMatch,NA
"BENZENE, 1,3-DIBROMO-2-(3,4-DIBROMOPHENOXY)-***RETIRED***USE 2,3',4',6-TEBDE",BENZENE,BENZENE,NA,71432,NA,New Row: Needs Review,TADA.AliasMatch,NA
"BENZENE, 1,3-DIBROMO-2-(4-BROMOPHENOXY)-",BENZENE,BENZENE,NA,71432,NA,New Row: Needs Review,TADA.AliasMatch,NA
"BENZENE, 1,3-DIBROMO-2-PHENOXY-***RETIRED***USE 2,6-DIBDE",BENZENE,BENZENE,NA,71432,NA,New Row: Needs Review,TADA.AliasMatch,NA
"BENZENE, 1,3-DIBROMO-4-(2-BROMOPHENOXY)-",BENZENE,BENZENE,NA,71432,NA,New Row: Needs Review,TADA.AliasMatch,NA
"BENZENE, 1,3-DIBROMO-4-(3-BROMOPHENOXY)-",BENZENE,BENZENE,NA,71432,NA,New Row: Needs Review,TADA.AliasMatch,NA
"BENZENE, 1,3-DICHLORO-5-ISOCYANATO-2-(1,1,2,2-TETRAFLUOROETHOXY)-",BENZENE,BENZENE,NA,71432,NA,New Row: Needs Review,TADA.AliasMatch,NA
"BENZENE, 1,3-DICHLORO-5-NITRO-",BENZENE,BENZENE,NA,71432,NA,New Row: Needs Review,TADA.AliasMatch,NA
"BENZENE, 1,3-DIISOCYANATOMETHYL-, POLYMERS WITH HYDROLYZED ME ESTERS OF REDUCED POLYMD. OXIDIZED TETRAFLUOROETHYLENE",BENZENE,BENZENE,NA,71432,NA,New Row: Needs Review,TADA.AliasMatch,NA
"BENZENE, 1,3-DINITRO-5-[[(3,3,4,4,5,5,6,6,6-NONAFLUOROHEXYL)OXY]METHYL]-",BENZENE,BENZENE,NA,71432,NA,New Row: Needs Review,TADA.AliasMatch,NA
"BENZENE, 1,4-BIS(1,1,2,2,3,3,4,4,5,5,6,6,7,7,8,8,8-HEPTADECAFLUOROOCTYL)-",BENZENE,BENZENE,NA,71432,NA,New Row: Needs Review,TADA.AliasMatch,NA
"BENZENE, 1,4-BIS(1,1,2,2-TETRAFLUOROETHOXY)-",BENZENE,BENZENE,NA,71432,NA,New Row: Needs Review,TADA.AliasMatch,NA
"BENZENE, 1,4-DIBROMO-2-(2,4-DIBROMOPHENOXY)-***RETIRED***USE 2,2',4,5'-TEBDE",BENZENE,BENZENE,NA,71432,NA,New Row: Needs Review,TADA.AliasMatch,NA
"BENZENE, 1,4-DICHLORO-2-ISOCYANATO-",BENZENE,BENZENE,NA,71432,NA,New Row: Needs Review,TADA.AliasMatch,NA
"BENZENE, 1-(1,1,2,2-TETRAFLUOROETHOXY)-4-(1,1,3,3-TETRAMETHYLBUTYL)-",BENZENE,BENZENE,NA,71432,NA,New Row: Needs Review,TADA.AliasMatch,NA
"BENZENE, 1-(1,1,2,3,3,3-HEXAFLUOROPROPOXY)-4-NITRO-",BENZENE,BENZENE,NA,71432,NA,New Row: Needs Review,TADA.AliasMatch,NA
"BENZENE, 1-(1-METHYLETHENYL)-4-[(1,2,3,3,4,4,5,5,6,6,7,7,8,8,9,9,10,10,11,11,12,12,12-TRICOSAFLUORO-1-DODECEN-1-YL)OXY]-",BENZENE,BENZENE,NA,71432,NA,New Row: Needs Review,TADA.AliasMatch,NA
"BENZENE, 1-(1-METHYLPROPYL)-2-(1,1,2,2-TETRAFLUOROETHOXY)-",BENZENE,BENZENE,NA,71432,NA,New Row: Needs Review,TADA.AliasMatch,NA
"BENZENE, 1-(2,2,3,4,4,4-HEXAFLUOROBUTYL)-3-METHYL-",BENZENE,BENZENE,NA,71432,NA,New Row: Needs Review,TADA.AliasMatch,NA
"BENZENE, 1-BROMO-2-(1,1,2,3,3,3-HEXAFLUOROPROPOXY)-",BENZENE,BENZENE,NA,71432,NA,New Row: Needs Review,TADA.AliasMatch,NA
"BENZENE, 1-BROMO-2-(4-BROMOPHENOXY)-***RETIRED***USE 2,4'-DIBDE",BENZENE,BENZENE,NA,71432,NA,New Row: Needs Review,TADA.AliasMatch,NA
"BENZENE, 1-BROMO-2-(TRIFLUOROMETHYL)-",BENZENE,BENZENE,NA,71432,NA,New Row: Needs Review,TADA.AliasMatch,NA
"BENZENE, 1-BROMO-2-CHLORO-",BENZENE,BENZENE,NA,71432,NA,New Row: Needs Review,TADA.AliasMatch,NA
"BENZENE, 1-BROMO-3-(1,1,2,2-TETRAFLUOROETHOXY)-",BENZENE,BENZENE,NA,71432,NA,New Row: Needs Review,TADA.AliasMatch,NA
"BENZENE, 1-BROMO-3-(2,2,3,3-TETRAFLUOROCYCLOPROPYL)-",BENZENE,BENZENE,NA,71432,NA,New Row: Needs Review,TADA.AliasMatch,NA
"BENZENE, 1-BROMO-3-(4-BROMOPHENOXY)-***RETIRED***USE 2,4',6-TRBDE",BENZENE,BENZENE,NA,71432,NA,New Row: Needs Review,TADA.AliasMatch,NA
"BENZENE, 1-BROMO-3-CHLORO-",BENZENE,BENZENE,NA,71432,NA,New Row: Needs Review,TADA.AliasMatch,NA
"BENZENE, 1-BROMO-3-FLUORO-",BENZENE,BENZENE,NA,71432,NA,New Row: Needs Review,TADA.AliasMatch,NA
"BENZENE, 1-BROMO-4-(1,1,2,3,3,3-HEXAFLUOROPROPOXY)-",BENZENE,BENZENE,NA,71432,NA,New Row: Needs Review,TADA.AliasMatch,NA
"BENZENE, 1-BROMO-4-(2,2,3,3-TETRAFLUOROCYCLOPROPYL)-",BENZENE,BENZENE,NA,71432,NA,New Row: Needs Review,TADA.AliasMatch,NA
"BENZENE, 1-BROMO-4-(PENTAFLUOROETHOXY)-",BENZENE,BENZENE,NA,71432,NA,New Row: Needs Review,TADA.AliasMatch,NA
"BENZENE, 1-BROMO-4-PHENOXY-***RETIRED***USE BDE-003",BENZENE,BENZENE,NA,71432,NA,New Row: Needs Review,TADA.AliasMatch,NA
"BENZENE, 1-CHLORO-2-(1,1,2,2-TETRAFLUOROETHOXY)-",BENZENE,BENZENE,NA,71432,NA,New Row: Needs Review,TADA.AliasMatch,NA
"BENZENE, 1-CHLORO-2-ISOCYANATO-",BENZENE,BENZENE,NA,71432,NA,New Row: Needs Review,TADA.AliasMatch,NA
"BENZENE, 1-CHLORO-3-(2,2,3,3-TETRAFLUOROCYCLOPROPYL)-",BENZENE,BENZENE,NA,71432,NA,New Row: Needs Review,TADA.AliasMatch,NA
"BENZENE, 1-CHLORO-4-(1,1,2,2-TETRAFLUOROETHOXY)-",BENZENE,BENZENE,NA,71432,NA,New Row: Needs Review,TADA.AliasMatch,NA
"BENZENE, 1-CHLORO-4-(1,2,3,3,3-PENTAFLUORO-1-PROPEN-1-YL)-",BENZENE,BENZENE,NA,71432,NA,New Row: Needs Review,TADA.AliasMatch,NA
"BENZENE, 1-CHLORO-4-(2,2,3,3-TETRAFLUOROCYCLOPROPYL)-",BENZENE,BENZENE,NA,71432,NA,New Row: Needs Review,TADA.AliasMatch,NA
"BENZENE, 1-CHLORO-4-(METHYLSULFONYL)-",BENZENE,BENZENE,NA,71432,NA,New Row: Needs Review,TADA.AliasMatch,NA
"BENZENE, 1-CHLORO-4-METHYL-2-NITRO-",BENZENE,BENZENE,NA,71432,NA,New Row: Needs Review,TADA.AliasMatch,NA
"BENZENE, 1-CHLORO-4-[(1,1,2,2,3,3,4,4-OCTAFLUOROBUTYL)THIO]-",BENZENE,BENZENE,NA,71432,NA,New Row: Needs Review,TADA.AliasMatch,NA
"BENZENE, 1-CHLORO-4-[(1,2,3,3,4,4,5,5,6,6,6-UNDECAFLUORO-1-HEXEN-1-YL)OXY]-",BENZENE,BENZENE,NA,71432,NA,New Row: Needs Review,TADA.AliasMatch,NA
"BENZENE, 1-CHLORO-4-[(2,2,3,3-TETRAFLUOROPROPYL)THIO]-",BENZENE,BENZENE,NA,71432,NA,New Row: Needs Review,TADA.AliasMatch,NA
"BENZENE, 1-CHLORO-4-[3,3,3-TRIFLUORO-2-(TRIFLUOROMETHYL)-1-PROPEN-1-YL]-",BENZENE,BENZENE,NA,71432,NA,New Row: Needs Review,TADA.AliasMatch,NA
"BENZENE, 1-ETHENYL-4-[[(3,3,4,4,5,5,6,6,6-NONAFLUOROHEXYL)OXY]METHYL]-",BENZENE,BENZENE,NA,71432,NA,New Row: Needs Review,TADA.AliasMatch,NA
"BENZENE, 1-ETHOXY-2-(1,1,2,2-TETRAFLUOROETHOXY)-",BENZENE,BENZENE,NA,71432,NA,New Row: Needs Review,TADA.AliasMatch,NA
"BENZENE, 1-ETHYL-3-(1-METHYLETHYL)-",BENZENE,BENZENE,NA,71432,NA,New Row: Needs Review,TADA.AliasMatch,NA
"BENZENE, 1-FLUORO-4-(1,1,2,2-TETRAFLUOROETHOXY)-",BENZENE,BENZENE,NA,71432,NA,New Row: Needs Review,TADA.AliasMatch,NA
"BENZENE, 1-FLUORO-4-[2,2,2-TRIFLUORO-1,1-BIS(TRIFLUOROMETHYL)ETHYL]-",BENZENE,BENZENE,NA,71432,NA,New Row: Needs Review,TADA.AliasMatch,NA
"BENZENE, 1-IODO-4-(1,1,2,2-TETRAFLUOROETHOXY)-",BENZENE,BENZENE,NA,71432,NA,New Row: Needs Review,TADA.AliasMatch,NA
"BENZENE, 1-ISOCYANATO-3-(1,1,2,2-TETRAFLUOROETHOXY)-",BENZENE,BENZENE,NA,71432,NA,New Row: Needs Review,TADA.AliasMatch,NA
"BENZENE, 1-METHOXY-2-[(1,2,3,3,3-PENTAFLUORO-1-PROPEN-1-YL)THIO]-",BENZENE,BENZENE,NA,71432,NA,New Row: Needs Review,TADA.AliasMatch,NA
"BENZENE, 1-METHOXY-3-(1,1,2,2-TETRAFLUOROETHOXY)-",BENZENE,BENZENE,NA,71432,NA,New Row: Needs Review,TADA.AliasMatch,NA
"BENZENE, 1-METHOXY-3-(2,2,3,3-TETRAFLUOROCYCLOPROPYL)-",BENZENE,BENZENE,NA,71432,NA,New Row: Needs Review,TADA.AliasMatch,NA
"BENZENE, 1-METHOXY-4-(1,2,3,3,3-PENTAFLUORO-1-PROPEN-1-YL)-",BENZENE,BENZENE,NA,71432,NA,New Row: Needs Review,TADA.AliasMatch,NA
"BENZENE, 1-METHOXY-4-(2,2,3,3-TETRAFLUOROCYCLOPROPYL)-",BENZENE,BENZENE,NA,71432,NA,New Row: Needs Review,TADA.AliasMatch,NA
"BENZENE, 1-METHYL-2-(1,1,2,2-TETRAFLUOROETHOXY)-",BENZENE,BENZENE,NA,71432,NA,New Row: Needs Review,TADA.AliasMatch,NA
"BENZENE, 1-METHYL-3-(2,2,3,3-TETRAFLUOROCYCLOPROPYL)-",BENZENE,BENZENE,NA,71432,NA,New Row: Needs Review,TADA.AliasMatch,NA
"BENZENE, 1-METHYL-4-(1,1,2,2-TETRAFLUOROETHOXY)-",BENZENE,BENZENE,NA,71432,NA,New Row: Needs Review,TADA.AliasMatch,NA
"BENZENE, 1-METHYL-4-(1,2,3,3,3-PENTAFLUORO-1-PROPEN-1-YL)-",BENZENE,BENZENE,NA,71432,NA,New Row: Needs Review,TADA.AliasMatch,NA
"BENZENE, 1-METHYL-4-(2,2,3,3-TETRAFLUOROCYCLOPROPYL)-",BENZENE,BENZENE,NA,71432,NA,New Row: Needs Review,TADA.AliasMatch,NA
"BENZENE, 1-METHYL-4-(2-PROPENYL)-",BENZENE,BENZENE,NA,71432,NA,New Row: Needs Review,TADA.AliasMatch,NA
"BENZENE, 1-METHYL-4-[2,2,2-TRIFLUORO-1-(TRIFLUOROMETHYL)ETHYL]-",BENZENE,BENZENE,NA,71432,NA,New Row: Needs Review,TADA.AliasMatch,NA
"BENZENE, 1-NITRO-2-(1,1,2,2-TETRAFLUOROETHOXY)-",BENZENE,BENZENE,NA,71432,NA,New Row: Needs Review,TADA.AliasMatch,NA
"BENZENE, 1-NITRO-2-(P-METHYLPHENYL ETHYNYL)",BENZENE,BENZENE,NA,71432,NA,New Row: Needs Review,TADA.AliasMatch,NA
"BENZENE, 1-NITRO-3-(1,1,2,2,3,3,4,4,5,5,6,6,6-TRIDECAFLUOROHEXYL)-",BENZENE,BENZENE,NA,71432,NA,New Row: Needs Review,TADA.AliasMatch,NA
"BENZENE, 1-NITRO-3-(1,1,2,2-TETRAFLUOROETHOXY)-",BENZENE,BENZENE,NA,71432,NA,New Row: Needs Review,TADA.AliasMatch,NA
"BENZENE, 1-NITRO-4-(1,1,2,2-TETRAFLUOROETHOXY)-",BENZENE,BENZENE,NA,71432,NA,New Row: Needs Review,TADA.AliasMatch,NA
"BENZENE, 1-NITRO-4-(3,3,4,4-TETRAFLUORO-1-BUTEN-1-YL)-",BENZENE,BENZENE,NA,71432,NA,New Row: Needs Review,TADA.AliasMatch,NA
"BENZENE, 1-NITRO-4-[2,2,2-TRIFLUORO-1,1-BIS(TRIFLUOROMETHYL)ETHYL]-",BENZENE,BENZENE,NA,71432,NA,New Row: Needs Review,TADA.AliasMatch,NA
"BENZENE, 1-NITRO-4-[3,3,3-TRIFLUORO-2-(TRIFLUOROMETHYL)-1-PROPEN-1-YL]-",BENZENE,BENZENE,NA,71432,NA,New Row: Needs Review,TADA.AliasMatch,NA
"BENZENE, 1-[(1,1,2,3,3,3-HEXAFLUOROPROPYL)THIO]-2-METHOXY-",BENZENE,BENZENE,NA,71432,NA,New Row: Needs Review,TADA.AliasMatch,NA
"BENZENE, 1-[(1,1,2,3,3,3-HEXAFLUOROPROPYL)THIO]-4-METHYL-",BENZENE,BENZENE,NA,71432,NA,New Row: Needs Review,TADA.AliasMatch,NA
"BENZENE, 1-[(1,2,3,3,4,4,5,5,6,6,7,7,8,8,9,9,9-HEPTADECAFLUORO-1-NONEN-1-YL)OXY]-4-(1-METHYLETHENYL)-",BENZENE,BENZENE,NA,71432,NA,New Row: Needs Review,TADA.AliasMatch,NA
"BENZENE, 1-[1-BROMO-2,2,2-TRIFLUORO-1-(TRIFLUOROMETHYL)ETHYL]-2-METHOXY-",BENZENE,BENZENE,NA,71432,NA,New Row: Needs Review,TADA.AliasMatch,NA
"BENZENE, 1-[1-BROMO-2,2,2-TRIFLUORO-1-(TRIFLUOROMETHYL)ETHYL]-4-FLUORO-",BENZENE,BENZENE,NA,71432,NA,New Row: Needs Review,TADA.AliasMatch,NA
"BENZENE, 1-[1-[DIFLUORO[(1,2,2-TRIFLUOROETHENYL)OXY]METHYL]-1,2,2,2-TETRAFLUOROETHOXY]-2,3,4,5,6-PENTAFLUORO-",BENZENE,BENZENE,NA,71432,NA,New Row: Needs Review,TADA.AliasMatch,NA
"BENZENE, 1-[1-[DIFLUORO[(1,2,2-TRIFLUOROETHENYL)OXY]METHYL]-1,2,2,2-TETRAFLUOROETHOXY]-2,3,4,5,6-PENTAFLUORO-, POLYMER WITH 1,1,2,2-TETRAFLUOROETHENE AND 1,1,2-TRIFLUORO-2-(TRIFLUOROMETHOXY)ETHENE",BENZENE,BENZENE,NA,71432,NA,New Row: Needs Review,TADA.AliasMatch,NA
"BENZENE, 2,4-DIBROMO-1-(2,4-DIBROMOPHENOXY)-***RETIRED***USE 2,2',4,4'-TETRACHLOROBIPHENYL",BENZENE,BENZENE,NA,71432,NA,New Row: Needs Review,TADA.AliasMatch,NA
"BENZENE, 2,4-DIBROMO-1-(4-BROMOPHENOXY)-***RETIRED***USE 2,4,4'-TRIBROMODIPHENYL ETHER",BENZENE,BENZENE,NA,71432,NA,New Row: Needs Review,TADA.AliasMatch,NA
"BENZENE, 2,4-DIBROMO-1-PHENOXY-",BENZENE,BENZENE,NA,71432,NA,New Row: Needs Review,TADA.AliasMatch,NA
"BENZENE, 2,4-DIISOCYANATO-1-METHYL-, REACTION PRODUCTS WITH REDUCED ME ESTERS OF REDUCED POLYMD. OXIDIZED TETRAFLUOROETH",BENZENE,BENZENE,NA,71432,NA,New Row: Needs Review,TADA.AliasMatch,NA
"BENZENE, 2-METHYL-4-NITRO-1-(1,1,2,2-TETRAFLUOROETHOXY)-",BENZENE,BENZENE,NA,71432,NA,New Row: Needs Review,TADA.AliasMatch,NA
"BENZENE, 4-BROMO-2-FLUORO-1-(1,1,2,3,3,3-HEXAFLUOROPROPOXY)-",BENZENE,BENZENE,NA,71432,NA,New Row: Needs Review,TADA.AliasMatch,NA
"BENZENE, 4-CHLORO-1-METHYL-2-NITRO-",BENZENE,BENZENE,NA,71432,NA,New Row: Needs Review,TADA.AliasMatch,NA
"BENZENE, C6-12-ALKYL DERIVS.",BENZENE,BENZENE,NA,71432,NA,New Row: Needs Review,TADA.AliasMatch,NA
"BENZENE, CHLORO-4-(CHLOROTETRAFLUOROETHYL)-1-(TRIFLUOROMETHYL)-",BENZENE,BENZENE,NA,71432,NA,New Row: Needs Review,TADA.AliasMatch,NA
"BENZENE, ETHENYL-, POLYMER WITH 1,1,2,3,3,3-HEXAFLUORO-1-PROPENE AND 1,1,2,2-TETRAFLUOROETHENE, GRAFT",BENZENE,BENZENE,NA,71432,NA,New Row: Needs Review,TADA.AliasMatch,NA
"BENZENE, METHYL-, REACTION PRODUCTS WITH SULFUR CHLORIDE (S2CL2), HEXAFLUOROPHOSPHATES(1-)",BENZENE,BENZENE,NA,71432,NA,New Row: Needs Review,TADA.AliasMatch,NA
"BENZENE, METHYL-, REACTION PRODUCTS WITH SULFUR CHLORIDE (S2CL2), HEXAFLUOROPHOSPHATES(1-)",CHLORIDE,CHLORIDE,NA,16887006,NA,New Row: Needs Review,TADA.AliasMatch,NA
"BENZENE, METHYL-, REACTION PRODUCTS WITH SULFUR CHLORIDE (S2CL2), HEXAFLUOROPHOSPHATES(1-)",METHYL CHLORIDE,METHYL CHLORIDE,NA,74873,NA,New Row: Needs Review,TADA.AliasMatch,NA
"BENZENE, NONYL-",BENZENE,BENZENE,NA,71432,NA,New Row: Needs Review,TADA.AliasMatch,NA
"BENZENE, PENTABROMO(4-BROMOPHENOXY)-***RETIRED***USE BDE-166",BENZENE,BENZENE,NA,71432,NA,New Row: Needs Review,TADA.AliasMatch,NA
"BENZENE, PENTABROMOPHENOXY-",BENZENE,BENZENE,NA,71432,NA,New Row: Needs Review,TADA.AliasMatch,NA
"BENZENE, PENTAMETHYL-",BENZENE,BENZENE,NA,71432,NA,New Row: Needs Review,TADA.AliasMatch,NA
"BENZENE, REACTION PRODUCTS WITH CHLORINE AND SULFUR CHLORIDE (S2CL2), HEXAFLUOROANTIMONATES(1-)",BENZENE,BENZENE,NA,71432,NA,New Row: Needs Review,TADA.AliasMatch,NA
"BENZENE, REACTION PRODUCTS WITH CHLORINE AND SULFUR CHLORIDE (S2CL2), HEXAFLUOROANTIMONATES(1-)",CHLORIDE,CHLORIDE,NA,16887006,NA,New Row: Needs Review,TADA.AliasMatch,NA
"BENZENE, REACTION PRODUCTS WITH CHLORINE AND SULFUR CHLORIDE (S2CL2), HEXAFLUOROANTIMONATES(1-)",CHLORINE,CHLORINE,NA,7782505,NA,New Row: Needs Review,TADA.AliasMatch,NA
"BENZENE, REACTION PRODUCTS WITH CHLORINE AND SULFUR CHLORIDE (S2CL2), HEXAFLUOROPHOSPHATES(1-)",BENZENE,BENZENE,NA,71432,NA,New Row: Needs Review,TADA.AliasMatch,NA
"BENZENE, REACTION PRODUCTS WITH CHLORINE AND SULFUR CHLORIDE (S2CL2), HEXAFLUOROPHOSPHATES(1-)",CHLORIDE,CHLORIDE,NA,16887006,NA,New Row: Needs Review,TADA.AliasMatch,NA
"BENZENE, REACTION PRODUCTS WITH CHLORINE AND SULFUR CHLORIDE (S2CL2), HEXAFLUOROPHOSPHATES(1-)",CHLORINE,CHLORINE,NA,7782505,NA,New Row: Needs Review,TADA.AliasMatch,NA
"BENZENE, TETRAFLUORO-",BENZENE,BENZENE,NA,71432,NA,New Row: Needs Review,TADA.AliasMatch,NA
"BENZENE, TOLUENE, ETHYL BENZENE, XYLENES MIX",BENZENE,BENZENE,NA,71432,NA,New Row: Needs Review,TADA.AliasMatch,NA
"BENZENE, TOLUENE, ETHYL BENZENE, XYLENES MIX",TOLUENE,TOLUENE,NA,108883,NA,New Row: Needs Review,TADA.AliasMatch,NA
"BENZENE, TOLUENE, ETHYL BENZENE, XYLENES MIX",XYLENES,XYLENE,NA,1330207,NA,New Row: Needs Review,TADA.AliasMatch,NA
"BENZENE, [(1,1,2,2-TETRAFLUOROETHOXY)METHYL]-",BENZENE,BENZENE,NA,71432,NA,New Row: Needs Review,TADA.AliasMatch,NA
"BENZENE, [(1,1,2,2-TETRAFLUOROETHYL)THIO]-",BENZENE,BENZENE,NA,71432,NA,New Row: Needs Review,TADA.AliasMatch,NA
"BENZENE, [1,1,2-TRIFLUORO-2-(HEPTAFLUOROPROPOXY)ETHOXY]-",BENZENE,BENZENE,NA,71432,NA,New Row: Needs Review,TADA.AliasMatch,NA
"BENZENE, [1-CHLORO-2,2,2-TRIFLUORO-1-(TRIFLUOROMETHYL)ETHYL]-",BENZENE,BENZENE,NA,71432,NA,New Row: Needs Review,TADA.AliasMatch,NA
"BENZENE, [2,2,2-TRIFLUORO-1,1-BIS(TRIFLUOROMETHYL)ETHYL]-",BENZENE,BENZENE,NA,71432,NA,New Row: Needs Review,TADA.AliasMatch,NA
"BENZENE, [2,2,2-TRIFLUORO-1-(TRIFLUOROMETHYL)-1-[(TRIMETHYLSILYL)OXY]ETHYL]-",BENZENE,BENZENE,NA,71432,NA,New Row: Needs Review,TADA.AliasMatch,NA
"BENZENE, [2,4,4,4-TETRAFLUORO-3-(TRIFLUOROMETHYL)-1-BUTEN-1-YL]-",BENZENE,BENZENE,NA,71432,NA,New Row: Needs Review,TADA.AliasMatch,NA
"BENZENE, [3,3,4,4,5,5,5-HEPTAFLUORO-2,2-BIS(TRIFLUOROMETHYL)PENTYL]-",BENZENE,BENZENE,NA,71432,NA,New Row: Needs Review,TADA.AliasMatch,NA
"BENZENE, [3,3-DIFLUORO-2-(1,2,2,2-TETRAFLUOROETHYLIDENE)CYCLOBUTYL]-",BENZENE,BENZENE,NA,71432,NA,New Row: Needs Review,TADA.AliasMatch,NA
"BENZENE, [4,4,4-TRIFLUORO-3-(TRIFLUOROMETHYL)-3-[(TRIMETHYLSILYL)OXY]-1-BUTEN-1-YL]-",BENZENE,BENZENE,NA,71432,NA,New Row: Needs Review,TADA.AliasMatch,NA
"BENZENE, [TRIS[(2,2,3,3,4,4,5,5,6,6,7,7-DODECAFLUOROHEPTYL)OXY]METHYL]-",BENZENE,BENZENE,NA,71432,NA,New Row: Needs Review,TADA.AliasMatch,NA
"BENZENE, [[(16,16,17,17,18,18,18-HEPTAFLUOROOCTADECYL)OXY]METHYL]-",BENZENE,BENZENE,NA,71432,NA,New Row: Needs Review,TADA.AliasMatch,NA
"BENZENE, [[(2,2,3,3-TETRAFLUOROPROPYL)SULFONYL]METHYL]-",BENZENE,BENZENE,NA,71432,NA,New Row: Needs Review,TADA.AliasMatch,NA
"BENZENE, [[1,2,2,2-TETRAFLUORO-1-(TRIFLUOROMETHYL)ETHYL]THIO]-",BENZENE,BENZENE,NA,71432,NA,New Row: Needs Review,TADA.AliasMatch,NA
"BENZENE, [[2,2,3,3,4,4,4-HEPTAFLUORO-1,1-BIS(TRIFLUOROMETHYL)BUTYL]THIO]-",BENZENE,BENZENE,NA,71432,NA,New Row: Needs Review,TADA.AliasMatch,NA
"BENZENEDIAZONIUM, 2-METHOXY-4-(PHENYLAMINO)-, CHLORIDE (1:1), POLYMER WITH FORMALDEHYDE AND HYDROGEN HEXAFLUOROPHOSPHATE(1-)",CHLORIDE,CHLORIDE,NA,16887006,NA,New Row: Needs Review,TADA.AliasMatch,NA
"BENZENEDIAZONIUM, 2-METHOXY-4-(PHENYLAMINO)-, CHLORIDE (1:1), POLYMER WITH FORMALDEHYDE AND HYDROGEN HEXAFLUOROPHOSPHATE(1-)",FORMALDEHYDE,FORMALDEHYDE,NA,50000,NA,New Row: Needs Review,TADA.AliasMatch,NA
"BENZENEDIAZONIUM, 4-(PHENYLAMINO)-, HEXAFLUOROPHOSPHATE(1-) (1:1), POLYMER WITH FORMALDEHYDE",FORMALDEHYDE,FORMALDEHYDE,NA,50000,NA,New Row: Needs Review,TADA.AliasMatch,NA
"BENZENEDIAZONIUM, 4-(PHENYLAMINO)-, HEXAFLUOROPHOSPHATE(1-) (1:1), POLYMER WITH FORMALDEHYDE, ZINC CHLORIDE COMPLEXES",CHLORIDE,CHLORIDE,NA,16887006,NA,New Row: Needs Review,TADA.AliasMatch,NA
"BENZENEDIAZONIUM, 4-(PHENYLAMINO)-, HEXAFLUOROPHOSPHATE(1-) (1:1), POLYMER WITH FORMALDEHYDE, ZINC CHLORIDE COMPLEXES",FORMALDEHYDE,FORMALDEHYDE,NA,50000,NA,New Row: Needs Review,TADA.AliasMatch,NA
"BENZENEDIAZONIUM, 4-(PHENYLAMINO)-, HEXAFLUOROPHOSPHATE(1-) (1:1), POLYMER WITH FORMALDEHYDE, ZINC CHLORIDE COMPLEXES",ZINC,ZINC,NA,7440666,NA,New Row: Needs Review,TADA.AliasMatch,NA
"BENZENEETHANAMINE, .ALPHA.-METHYL-, (.ALPHA.S)-, SULFATE (2:1)",SULFATE,SULFATE,NA,NA,NA,New Row: Needs Review,TADA.AliasMatch,NA
"BENZENEMETHANOL, .ALPHA.,.ALPHA.-BIS(TRIFLUOROMETHYL)-, SODIUM SALT (1:1)",SODIUM,SODIUM,NA,NA,NA,New Row: Needs Review,TADA.AliasMatch,NA
"BENZENESULFONIC ACID, 4-[[3,4,4,4-TETRAFLUORO-2-[1,2,2,2-TETRAFLUORO-1-(TRIFLUOROMETHYL)ETHYL]-1,3-BIS(TRIFLUOROMETHYL)-1-BUTEN-1-YL]OXY]-, SODIUM SALT (1:1)",SODIUM,SODIUM,NA,NA,NA,New Row: Needs Review,TADA.AliasMatch,NA
"BENZENESULFONIC ACID, 4-[[4,4,5,5,5-PENTAFLUORO-3-(1,1,2,2,2-PENTAFLUOROETHYL)-1,2,3-TRIS(TRIFLUOROMETHYL)-1-PENTEN-1-YL]OXY]-, SODIUM SALT (1:1)",SODIUM,SODIUM,NA,NA,NA,New Row: Needs Review,TADA.AliasMatch,NA
"BENZENESULFONIC ACID, AR-[[[(1,1,2,2,3,3,4,4,5,5,6,6,7,7,7-PENTADECAFLUOROHEPTYL)SULFONYL]AMINO]METHYL]-, SODIUM SALT (1:1)",SODIUM,SODIUM,NA,NA,NA,New Row: Needs Review,TADA.AliasMatch,NA
"BENZENESULFONIC ACID, C10-13-ALKYL DERIVS., SODIUM SALTS",SODIUM,SODIUM,NA,NA,NA,New Row: Needs Review,TADA.AliasMatch,NA
"BENZENESULFONIC ACID, [[[(1,1,2,2,3,3,4,4,4-NONAFLUOROBUTYL)SULFONYL]AMINO]METHYL]-, SODIUM SALT (1:1)",SODIUM,SODIUM,NA,NA,NA,New Row: Needs Review,TADA.AliasMatch,NA
"BENZENESULFONIC ACID, [[[(1,1,2,2,3,3,4,4,5,5,5-UNDECAFLUOROPENTYL)SULFONYL]AMINO]METHYL]-, SODIUM SALT (1:1)",SODIUM,SODIUM,NA,NA,NA,New Row: Needs Review,TADA.AliasMatch,NA
"BENZENESULFONIC ACID, [[[(1,1,2,2,3,3,4,4,5,5,6,6,6-TRIDECAFLUOROHEXYL)SULFONYL]AMINO]METHYL]-, SODIUM SALT (1:1)",SODIUM,SODIUM,NA,NA,NA,New Row: Needs Review,TADA.AliasMatch,NA
"BENZENESULFONIC ACID, [[[(1,1,2,2,3,3,4,4,5,5,6,6,7,7,8,8,8-HEPTADECAFLUOROOCTYL)SULFONYL]AMINO]METHYL]-, SODIUM SALT (1:1)",SODIUM,SODIUM,NA,NA,NA,New Row: Needs Review,TADA.AliasMatch,NA
"BENZENESULFONYL CHLORIDE, ((((HEPTADECAFLUOROOCTYL)SULFONYL)AMINO)METHYL)-, BRANCHED AND LINEAR",CHLORIDE,CHLORIDE,NA,16887006,NA,New Row: Needs Review,TADA.AliasMatch,NA
"BENZENESULFONYL CHLORIDE, 3-(1,1,2,2,3,3,4,4,5,5,6,6,7,7,8,8,8-HEPTADECAFLUOROOCTYL)-",CHLORIDE,CHLORIDE,NA,16887006,NA,New Row: Needs Review,TADA.AliasMatch,NA
"BENZENESULFONYL CHLORIDE, 4-(1,1,2,2-TETRAFLUOROETHOXY)-",CHLORIDE,CHLORIDE,NA,16887006,NA,New Row: Needs Review,TADA.AliasMatch,NA
"BENZENESULFONYL CHLORIDE, 4-METHYL-, REACTION PRODUCTS WITH ETHYLENE OXIDE, PYRIDINE AND REDUCED METHANOL-REDUCED POLYMD. OXIDIZED 1,1,2,2,3,3,3-HEXAFLUORO-1-PROPENE REACTION PRODUCT",CHLORIDE,CHLORIDE,NA,16887006,NA,New Row: Needs Review,TADA.AliasMatch,NA
"BENZENESULFONYL CHLORIDE, 4-METHYL-, REACTION PRODUCTS WITH ETHYLENE OXIDE, PYRIDINE AND REDUCED METHANOL-REDUCED POLYMD. OXIDIZED 1,1,2,2,3,3,3-HEXAFLUORO-1-PROPENE REACTION PRODUCT",PYRIDINE,PYRIDINE,NA,110861,NA,New Row: Needs Review,TADA.AliasMatch,NA
"BENZENESULFONYL CHLORIDE, 4-[(HEPTADECAFLUORONONYL)OXY]-",CHLORIDE,CHLORIDE,NA,16887006,NA,New Row: Needs Review,TADA.AliasMatch,NA
"BENZENESULFONYL CHLORIDE, 4-[(UNDECAFLUOROHEXYL)OXY]-",CHLORIDE,CHLORIDE,NA,16887006,NA,New Row: Needs Review,TADA.AliasMatch,NA
"BENZENESULFONYL CHLORIDE, 4-[[4,4,5,5,5-PENTAFLUORO-3-(1,1,2,2,2-PENTAFLUOROETHYL)-1,2,3-TRIS(TRIFLUOROMETHYL)-1-PENTEN-1-YL]OXY]-",CHLORIDE,CHLORIDE,NA,16887006,NA,New Row: Needs Review,TADA.AliasMatch,NA
"BENZENESULFONYL CHLORIDE, [[(2,2,3,3,4,4,5,5,6,6,7,7,8,8,8-PENTADECAFLUORO-1-OXOOCTYL)AMINO]METHYL]-, BRANCHED AND LINEAR",CHLORIDE,CHLORIDE,NA,16887006,NA,New Row: Needs Review,TADA.AliasMatch,NA
"BENZOIC ACID, 2,3,4,5-TETRACHLORO-6-[[[3-[[(1,1,2,2,3,3,4,4,4-NONAFLUOROBUTYL)SULFONYL]OXY]PHENYL]AMINO]CARBONYL]-, POTASSIUM SALT (1:1)",POTASSIUM,POTASSIUM,NA,NA,NA,New Row: Needs Review,TADA.AliasMatch,NA
"BENZOIC ACID, 2,3,4,5-TETRACHLORO-6-[[[3-[[(1,1,2,2,3,3,4,4,5,5,5-UNDECAFLUOROPENTYL)SULFONYL]OXY]PHENYL]AMINO]CARBONYL]-, POTASSIUM SALT (1:1)",POTASSIUM,POTASSIUM,NA,NA,NA,New Row: Needs Review,TADA.AliasMatch,NA
"BENZOIC ACID, 2,3,4,5-TETRACHLORO-6-[[[3-[[(1,1,2,2,3,3,4,4,5,5,6,6,6-TRIDECAFLUOROHEXYL)SULFONYL]OXY]PHENYL]AMINO]CARBONYL]-, POTASSIUM SALT (1:1)",POTASSIUM,POTASSIUM,NA,NA,NA,New Row: Needs Review,TADA.AliasMatch,NA
"BENZOIC ACID, 2,3,4,5-TETRACHLORO-6-[[[3-[[(1,1,2,2,3,3,4,4,5,5,6,6,7,7,7-PENTADECAFLUOROHEPTYL)SULFONYL]OXY]PHENYL]AMINO]CARBONYL]-, POTASSIUM SALT (1:1)",POTASSIUM,POTASSIUM,NA,NA,NA,New Row: Needs Review,TADA.AliasMatch,NA
"BENZOIC ACID, 2,3,4,5-TETRACHLORO-6-[[[3-[[(1,1,2,2,3,3,4,4,5,5,6,6,7,7,8,8,8-HEPTADECAFLUOROOCTYL)SULFONYL]OXY]PHENYL]AMINO]CARBONYL]-, POTASSIUM SALT (1:1)",POTASSIUM,POTASSIUM,NA,NA,NA,New Row: Needs Review,TADA.AliasMatch,NA
"BENZOIC ACID, 4-[(4-HYDROXY-2-OXO-2H-1-BENZOPYRAN-3-YL)METHYL]-, 2,2,2-TRIFLUORO-1-METHYL-1-(TRIFLUOROMETHYL)ETHYL ESTER, SODIUM SALT (1:1)",SODIUM,SODIUM,NA,NA,NA,New Row: Needs Review,TADA.AliasMatch,NA
"BENZOYL CHLORIDE, 4,4'-[2,2,2-TRIFLUORO-1-(TRIFLUOROMETHYL)ETHYLIDENE]BIS-",CHLORIDE,CHLORIDE,NA,16887006,NA,New Row: Needs Review,TADA.AliasMatch,NA
BENZYLDIMETHYLDECYLAMMONIUM CHLORIDE,CHLORIDE,CHLORIDE,NA,16887006,NA,New Row: Needs Review,TADA.AliasMatch,NA
BENZYLDIMETHYLDODECYLAMMONIUM CHLORIDE,CHLORIDE,CHLORIDE,NA,16887006,NA,New Row: Needs Review,TADA.AliasMatch,NA
BENZYLDIMETHYLHEXADECYLAMMONIUM CHLORIDE,CHLORIDE,CHLORIDE,NA,16887006,NA,New Row: Needs Review,TADA.AliasMatch,NA
BENZYLDIMETHYLOCTYLAMMONIUM CHLORIDE,CHLORIDE,CHLORIDE,NA,16887006,NA,New Row: Needs Review,TADA.AliasMatch,NA
BENZYLDIMETHYLSTEARYLAMMONIUM CHLORIDE,CHLORIDE,CHLORIDE,NA,16887006,NA,New Row: Needs Review,TADA.AliasMatch,NA
BENZYLDIMETHYLTETRADECYLAMMONIUM CHLORIDE,CHLORIDE,CHLORIDE,NA,16887006,NA,New Row: Needs Review,TADA.AliasMatch,NA
BETA PARTICLE,BETA PARTICLE AND PHOTON ACTIVITY,BETA PARTICLES AND PHOTON ACTIVITY,NA,NA,NA,New Row: Needs Review,TADA.AliasMatch,NA
BETA PARTICLE,GROSS BETA PARTICLE ACTIVITY,GROSS BETA PARTICLES,NA,NA,NA,New Row: Needs Review,TADA.AliasMatch,NA
"BIOCHEMICAL OXYGEN DEMAND, NON-STANDARD CONDITIONS",BIOCHEMICAL OXYGEN DEMAND,BIOCHEMICAL OXYGEN DEMAND,NA,NA,NA,New Row: Needs Review,TADA.AliasMatch,NA
"BIOCHEMICAL OXYGEN DEMAND, NON-STANDARD CONDITIONS",OXYGEN,DISSOLVED OXYGEN,NA,7782447,NA,New Row: Needs Review,TADA.AliasMatch,NA
"BIOCHEMICAL OXYGEN DEMAND, STANDARD CONDITIONS",BIOCHEMICAL OXYGEN DEMAND,BIOCHEMICAL OXYGEN DEMAND,NA,NA,NA,New Row: Needs Review,TADA.AliasMatch,NA
"BIOCHEMICAL OXYGEN DEMAND, STANDARD CONDITIONS",OXYGEN,DISSOLVED OXYGEN,NA,7782447,NA,New Row: Needs Review,TADA.AliasMatch,NA
BIOGENIC SILICA,SILICA,SILICA,NA,NA,NA,New Row: Needs Review,TADA.AliasMatch,NA
BIOLOGICALLY REACTIVE IRON,IRON,IRON,NA,7439896,NA,New Row: Needs Review,TADA.AliasMatch,NA
BIOMASS,PERIPHYTON BIOMASS (AS CHLOROPHYLL A MG/M2),PERIPHYTON BIOMASS (AS CHLOROPHYLL A MG/M2),NA,NA,NA,New Row: Needs Review,TADA.AliasMatch,NA
"BIOMASS, PERIPHYTON",PERIPHYTON BIOMASS (AS CHLOROPHYLL A MG/M2),PERIPHYTON BIOMASS (AS CHLOROPHYLL A MG/M2),NA,NA,NA,New Row: Needs Review,TADA.AliasMatch,NA
BIS((PERFLUORO-11-METHYLDODECYL)ETHYL) HYDROGEN PHOSPHATE,PHOSPHATE,PHOSPHATE,NA,NA,NA,New Row: Needs Review,TADA.AliasMatch,NA
BIS((PERFLUORO-13-METHYLTETRADECYL)ETHYL) HYDROGEN PHOSPHATE,PHOSPHATE,PHOSPHATE,NA,NA,NA,New Row: Needs Review,TADA.AliasMatch,NA
BIS((PERFLUORO-15-METHYLHEXADECYL)ETHYL) HYDROGEN PHOSPHATE,PHOSPHATE,PHOSPHATE,NA,NA,NA,New Row: Needs Review,TADA.AliasMatch,NA
BIS((PERFLUOROBUTYL)ETHYL) 2-[(CARBOXYMETHYL)THIO]BUTANEDIOATE LITHIUM SALT,LITHIUM,LITHIUM,NA,7439932,NA,New Row: Needs Review,TADA.AliasMatch,NA
"BIS((PERFLUORODECYL)ETHYL) HYDROGEN PHOSPHATE 2,2'-IMINODIETHANOL",PHOSPHATE,PHOSPHATE,NA,NA,NA,New Row: Needs Review,TADA.AliasMatch,NA
BIS((PERFLUOROHEPTYL)METHYL) PHOSPHATE AMMONIUM,PHOSPHATE,PHOSPHATE,NA,NA,NA,New Row: Needs Review,TADA.AliasMatch,NA
BIS((PERFLUOROHEXADECYL)ETHYL) HYDROGEN PHOSPHATE,PHOSPHATE,PHOSPHATE,NA,NA,NA,New Row: Needs Review,TADA.AliasMatch,NA
BIS((PERFLUOROTETRADECYL)ETHYL) HYDROGEN PHOSPHATE,PHOSPHATE,PHOSPHATE,NA,NA,NA,New Row: Needs Review,TADA.AliasMatch,NA
"BIS(1H,1H,6H-PERFLUOROHEXYL)-2-SULFOBUTANEDIOATE SODIUM SALT",SODIUM,SODIUM,NA,NA,NA,New Row: Needs Review,TADA.AliasMatch,NA
"BIS(2,2,3,3,4,4,4-HEPTAFLUORO-1-BUTYL) PHOSPHATE AMMONIUM SALT",PHOSPHATE,PHOSPHATE,NA,NA,NA,New Row: Needs Review,TADA.AliasMatch,NA
"BIS(2,2,3,3,4,4,5,5,6,6,7,7-DODECAFLUOROHEPTYL)SULFOSUCCINATE SODIUM SALT",SODIUM,SODIUM,NA,NA,NA,New Row: Needs Review,TADA.AliasMatch,NA
"BIS(2,2,3,3,4,4,5,5-OCTAFLUOROPENTYL) SULFATE",SULFATE,SULFATE,NA,NA,NA,New Row: Needs Review,TADA.AliasMatch,NA
BIS(2-(PERFLUORO-7-METHYLOCTYL)ETHYL) HYDROGEN PHOSPHATE,PHOSPHATE,PHOSPHATE,NA,NA,NA,New Row: Needs Review,TADA.AliasMatch,NA
BIS(2-(PERFLUORODODECYL)ETHYL) HYDROGEN PHOSPHATE,PHOSPHATE,PHOSPHATE,NA,NA,NA,New Row: Needs Review,TADA.AliasMatch,NA
BIS(2-ETHYLHEXYL) PHTHALATE***RETIRED***USE DI(2-ETHYLHEXYL) PHTHALATE,DI-2-ETHYLHEXYL PHTHALATE,BIS(2-ETHYLHEXYL) PHTHALATE,NA,117817,NA,New Row: Needs Review,TADA.AliasMatch,NA
BIS(2-HYDROXYETHYL)AMMONIUM BIS((PERFLUORO-11-METHYLDODECYL)ETHYL) PHOSPHATE,PHOSPHATE,PHOSPHATE,NA,NA,NA,New Row: Needs Review,TADA.AliasMatch,NA
BIS(2-HYDROXYETHYL)AMMONIUM BIS((PERFLUORO-13-METHYLTETRADECYL)ETHYL) PHOSPHATE,PHOSPHATE,PHOSPHATE,NA,NA,NA,New Row: Needs Review,TADA.AliasMatch,NA
BIS(2-HYDROXYETHYL)AMMONIUM BIS((PERFLUORO-15-METHYLHEXADECYL)ETHYL) PHOSPHATE,PHOSPHATE,PHOSPHATE,NA,NA,NA,New Row: Needs Review,TADA.AliasMatch,NA
BIS(2-HYDROXYETHYL)AMMONIUM BIS((PERFLUORO-7-METHYLOCTYL)ETHYL) PHOSPHATE,PHOSPHATE,PHOSPHATE,NA,NA,NA,New Row: Needs Review,TADA.AliasMatch,NA
BIS(2-HYDROXYETHYL)AMMONIUM BIS((PERFLUORO-9-METHYLDECYL)ETHYL) PHOSPHATE,PHOSPHATE,PHOSPHATE,NA,NA,NA,New Row: Needs Review,TADA.AliasMatch,NA
BIS(2-HYDROXYETHYL)AMMONIUM BIS((PERFLUORODODECYL)ETHYL) PHOSPHATE,PHOSPHATE,PHOSPHATE,NA,NA,NA,New Row: Needs Review,TADA.AliasMatch,NA
BIS(2-HYDROXYETHYL)AMMONIUM BIS((PERFLUOROHEXADECYL)ETHYL) PHOSPHATE,PHOSPHATE,PHOSPHATE,NA,NA,NA,New Row: Needs Review,TADA.AliasMatch,NA
BIS(2-HYDROXYETHYL)AMMONIUM BIS((PERFLUOROOCTYL)ETHYL) HYDROGEN PHOSPHATE,PHOSPHATE,PHOSPHATE,NA,NA,NA,New Row: Needs Review,TADA.AliasMatch,NA
BIS(2-HYDROXYETHYL)AMMONIUM BIS((PERFLUOROTETRADECYL)ETHYL) PHOSPHATE,PHOSPHATE,PHOSPHATE,NA,NA,NA,New Row: Needs Review,TADA.AliasMatch,NA
"BIS(3,3,4,4,5,5,6,6,7,7,8,8,8-TRIDECAFLUOROOCTYL) PHOSPHATE ION(1-)",PHOSPHATE,PHOSPHATE,NA,NA,NA,New Row: Needs Review,TADA.AliasMatch,NA
BIS(3-(PERFLUOROOCTYL)-2-HYDROXYPROPYL) HYDROGEN PHOSPHATE,PHOSPHATE,PHOSPHATE,NA,NA,NA,New Row: Needs Review,TADA.AliasMatch,NA
BIS(CHLOROMETHYL) ETHER,BIS(CHLOROMETHYL) ETHER,BIS(CHLOROMETHYL) ETHER,NA,542881,NA,New Row: Needs Review,TADA.AliasMatch,NA
BIS(CHLOROMETHYL) ETHER,"ETHER, BIS(CHLOROMETHYL)",BIS(CHLOROMETHYL) ETHER,NA,542881,NA,New Row: Needs Review,TADA.AliasMatch,NA
BIS(HEPTAFLUOROPROPYL)PHOSPHINIC CHLORIDE,CHLORIDE,CHLORIDE,NA,16887006,NA,New Row: Needs Review,TADA.AliasMatch,NA
BIS(PENTAFLUOROETHYL)PHOSPHINOUS CHLORIDE,CHLORIDE,CHLORIDE,NA,16887006,NA,New Row: Needs Review,TADA.AliasMatch,NA
BISPYRIBAC SODIUM,SODIUM,SODIUM,NA,NA,NA,New Row: Needs Review,TADA.AliasMatch,NA
BIS[(PERFLUORO-7-METHYLOCTYL)-2-HYDROXYPROPYL] HYDROGEN PHOSPHATE,PHOSPHATE,PHOSPHATE,NA,NA,NA,New Row: Needs Review,TADA.AliasMatch,NA
BIS[(PERFLUOROOCTYL)UNDECYL] HYDROGEN PHOSPHATE,PHOSPHATE,PHOSPHATE,NA,NA,NA,New Row: Needs Review,TADA.AliasMatch,NA
"BORATE(1-), TETRAFLUORO-, POTASSIUM (1:1), REACTION PRODUCTS WITH ALUMINA, BORIC ACID, BORON POTASSIUM OXIDE (B5KO8), LITHIUM CHLORIDE, POTASSIUM CHLORIDE, POTASSIUM FLUORIDE (K(HF2)) AND ZINC CHLORIDE",BORON,BORON,NA,7440428,NA,New Row: Needs Review,TADA.AliasMatch,NA
"BORATE(1-), TETRAFLUORO-, POTASSIUM (1:1), REACTION PRODUCTS WITH ALUMINA, BORIC ACID, BORON POTASSIUM OXIDE (B5KO8), LITHIUM CHLORIDE, POTASSIUM CHLORIDE, POTASSIUM FLUORIDE (K(HF2)) AND ZINC CHLORIDE",CHLORIDE,CHLORIDE,NA,16887006,NA,New Row: Needs Review,TADA.AliasMatch,NA
"BORATE(1-), TETRAFLUORO-, POTASSIUM (1:1), REACTION PRODUCTS WITH ALUMINA, BORIC ACID, BORON POTASSIUM OXIDE (B5KO8), LITHIUM CHLORIDE, POTASSIUM CHLORIDE, POTASSIUM FLUORIDE (K(HF2)) AND ZINC CHLORIDE",FLUORIDE,FLUORIDE,NA,7681494,NA,New Row: Needs Review,TADA.AliasMatch,NA
"BORATE(1-), TETRAFLUORO-, POTASSIUM (1:1), REACTION PRODUCTS WITH ALUMINA, BORIC ACID, BORON POTASSIUM OXIDE (B5KO8), LITHIUM CHLORIDE, POTASSIUM CHLORIDE, POTASSIUM FLUORIDE (K(HF2)) AND ZINC CHLORIDE",LITHIUM,LITHIUM,NA,7439932,NA,New Row: Needs Review,TADA.AliasMatch,NA
"BORATE(1-), TETRAFLUORO-, POTASSIUM (1:1), REACTION PRODUCTS WITH ALUMINA, BORIC ACID, BORON POTASSIUM OXIDE (B5KO8), LITHIUM CHLORIDE, POTASSIUM CHLORIDE, POTASSIUM FLUORIDE (K(HF2)) AND ZINC CHLORIDE",POTASSIUM,POTASSIUM,NA,NA,NA,New Row: Needs Review,TADA.AliasMatch,NA
"BORATE(1-), TETRAFLUORO-, POTASSIUM (1:1), REACTION PRODUCTS WITH ALUMINA, BORIC ACID, BORON POTASSIUM OXIDE (B5KO8), LITHIUM CHLORIDE, POTASSIUM CHLORIDE, POTASSIUM FLUORIDE (K(HF2)) AND ZINC CHLORIDE",ZINC,ZINC,NA,7440666,NA,New Row: Needs Review,TADA.AliasMatch,NA
"BORATE(1-), TETRAFLUORO-, POTASSIUM (1:1), REACTION PRODUCTS WITH BORIC ACID AND POTASSIUM FLUORIDE (K(HF2))",FLUORIDE,FLUORIDE,NA,7681494,NA,New Row: Needs Review,TADA.AliasMatch,NA
"BORATE(1-), TETRAFLUORO-, POTASSIUM (1:1), REACTION PRODUCTS WITH BORIC ACID AND POTASSIUM FLUORIDE (K(HF2))",POTASSIUM,POTASSIUM,NA,NA,NA,New Row: Needs Review,TADA.AliasMatch,NA
"BORATE(1-), TETRAFLUORO-, POTASSIUM (1:1), REACTION PRODUCTS WITH BORIC ACID, BORON, BORON POTASSIUM OXIDE (B4K2O7) AND POTASSIUM FLUORIDE (K(HF2))",BORON,BORON,NA,7440428,NA,New Row: Needs Review,TADA.AliasMatch,NA
"BORATE(1-), TETRAFLUORO-, POTASSIUM (1:1), REACTION PRODUCTS WITH BORIC ACID, BORON, BORON POTASSIUM OXIDE (B4K2O7) AND POTASSIUM FLUORIDE (K(HF2))",FLUORIDE,FLUORIDE,NA,7681494,NA,New Row: Needs Review,TADA.AliasMatch,NA
"BORATE(1-), TETRAFLUORO-, POTASSIUM (1:1), REACTION PRODUCTS WITH BORIC ACID, BORON, BORON POTASSIUM OXIDE (B4K2O7) AND POTASSIUM FLUORIDE (K(HF2))",POTASSIUM,POTASSIUM,NA,NA,NA,New Row: Needs Review,TADA.AliasMatch,NA
"BORATE(1-), TETRAHYDRO-, SODIUM (1:1), REACTION PRODUCTS WITH REDUCED POLYMD. OXIDIZED TETRAFLUOROETHYLENE, HYDROLYZED, DIALLYL ETHERS, POLYMERS WITH 2,4,6,8-TETRAMETHYLCYCLOTETRASILOXANE",SODIUM,SODIUM,NA,NA,NA,New Row: Needs Review,TADA.AliasMatch,NA
"BORATE(1-), TETRAHYDRO-, SODIUM (1:1), REACTION PRODUCTS WITH REDUCED POLYMD. OXIDIZED TETRAFLUOROETHYLENE, HYDROLYZED, DIALLYL ETHERS, POLYMERS WITH 2,4,6,8-TETRAMETHYLCYCLOTETRASILOXANE, SI -[3-(2-HYDROXYETHOXY)PROPYL] DERIVS.",SODIUM,SODIUM,NA,NA,NA,New Row: Needs Review,TADA.AliasMatch,NA
"BORATE(1-), TETRAHYDRO-, SODIUM (1:1), REACTION PRODUCTS WITH REDUCED POLYMD. OXIDIZED TETRAFLUOROETHYLENE, HYDROLYZED, DIALLYL ETHERS, POLYMERS WITH 2,4,6,8-TETRAMETHYLCYCLOTETRASILOXANE, SI-(8,13-DIOXO-4,7,12-TRIOXA-9-AZAPENTADEC-14-EN-1-YL) DERIVS.",SODIUM,SODIUM,NA,NA,NA,New Row: Needs Review,TADA.AliasMatch,NA
"BORATE(1-), TRIS(1,1,1,3,3,3-HEXAFLUORO-2-PROPANOLATO)HYDRO-, SODIUM (1:1), (T-4)-",SODIUM,SODIUM,NA,NA,NA,New Row: Needs Review,TADA.AliasMatch,NA
"BORON, TRIFLUORO(TETRAHYDROFURAN)-, (T-4)-, POLYMER WITH .ALPHA.-HYDRO-.OMEGA.-HYDROXYPOLY(OXY-1,2-ETHANEDIYL) AND 3-METHYL-3-[(2,2,3,3,3-PENTAFLUOROPROPOXY)METHYL]OXETANE",BORON,BORON,NA,7440428,NA,New Row: Needs Review,TADA.AliasMatch,NA
"BORON, TRIFLUORO(TETRAHYDROFURAN)-, (T-4)-, POLYMER WITH 2-METHYLOXIRANE, 3-METHYL-3-[(2,2,3,3,3-PENTAFLUOROPROPOXY)METHYL]OXETANE, OXIRANE AND TETRAHYDROFURAN",BORON,BORON,NA,7440428,NA,New Row: Needs Review,TADA.AliasMatch,NA
"BORON, TRIFLUORO(TETRAHYDROFURAN)-, (T-4)-, POLYMER WITH 2-METHYLOXIRANE, 3-METHYL-3-[(2,2,3,3,3-PENTAFLUOROPROPOXY)METHYL]OXETANE, OXIRANE AND TETRAHYDROFURAN",TETRAHYDROFURAN,TETRAHYDROFURAN,NA,109999,NA,New Row: Needs Review,TADA.AliasMatch,NA
"BORON, TRIFLUORO(TETRAHYDROFURAN)-, (T-4)-, POLYMER WITH 3-METHYL-3-[(2,2,2-TRIFLUOROETHOXY)METHYL]OXETANE",BORON,BORON,NA,7440428,NA,New Row: Needs Review,TADA.AliasMatch,NA
"BORON, TRIFLUORO(TETRAHYDROFURAN)-, (T-4)-, POLYMER WITH 3-METHYL-3-[(2,2,2-TRIFLUOROETHOXY)METHYL]OXETANE, ETHER WITH 2,2-DIMETHYL-1,3-PROPANEDIOL (2:1)",BORON,BORON,NA,7440428,NA,New Row: Needs Review,TADA.AliasMatch,NA
"BORON, TRIFLUORO(TETRAHYDROFURAN)-, (T-4)-, POLYMER WITH 3-METHYL-3-[(2,2,3,3,3-PENTAFLUOROPROPOXY)METHYL]OXETANE, ETHER WITH 2,2-DIMETHYL-1,3-PROPANEDIOL (2:1)",BORON,BORON,NA,7440428,NA,New Row: Needs Review,TADA.AliasMatch,NA
"BORON, TRIFLUORO(TETRAHYDROFURAN)-, (T-4)-, POLYMER WITH 3-METHYL-3-[(2,2,3,3,3-PENTAFLUOROPROPOXY)METHYL]OXETANE, ETHER WITH 2,2-DIMETHYL-1,3-PROPANEDIOL (2:1), BIS(HYDROGEN SULFATE), DIAMMONIUM SALT",BORON,BORON,NA,7440428,NA,New Row: Needs Review,TADA.AliasMatch,NA
"BORON, TRIFLUORO(TETRAHYDROFURAN)-, (T-4)-, POLYMER WITH 3-METHYL-3-[(2,2,3,3,3-PENTAFLUOROPROPOXY)METHYL]OXETANE, ETHER WITH 2,2-DIMETHYL-1,3-PROPANEDIOL (2:1), BIS(HYDROGEN SULFATE), DIAMMONIUM SALT",SULFATE,SULFATE,NA,NA,NA,New Row: Needs Review,TADA.AliasMatch,NA
"BORON, TRIFLUORO(TETRAHYDROFURAN)-, (T-4)-, POLYMER WITH 3-METHYL-3-[(2,2,3,3,3-PENTAFLUOROPROPOXY)METHYL]OXETANE, ETHER WITH 2,2-DIMETHYL-1,3-PROPANEDIOL (2:1), POLYMER WITH .ALPHA.-HYDRO-.OMEGA.-HYDROXYPOLY(OXY-1,2-ETHANEDIYL) AND 5-ISOCYANATO-1-(ISOCYA",BORON,BORON,NA,7440428,NA,New Row: Needs Review,TADA.AliasMatch,NA
BROMINE CHLORIDE,BROMINE,BROMINE,NA,7726956,NA,New Row: Needs Review,TADA.AliasMatch,NA
BROMINE CHLORIDE,CHLORIDE,CHLORIDE,NA,16887006,NA,New Row: Needs Review,TADA.AliasMatch,NA
BROMOXYNIL BUTYRATE,BROMOXYNIL,BROMOXYNIL,NA,1689849,NA,New Row: Needs Review,TADA.AliasMatch,NA
BROMOXYNIL OCTANOATE,BROMOXYNIL,BROMOXYNIL,NA,1689849,NA,New Row: Needs Review,TADA.AliasMatch,NA
BUTACHLOR ESA,BUTACHLOR,BUTACHLOR,NA,NA,NA,New Row: Needs Review,TADA.AliasMatch,NA
BUTACHLOR SULFONIC ACID,BUTACHLOR,BUTACHLOR,NA,NA,NA,New Row: Needs Review,TADA.AliasMatch,NA
"BUTANEDIOIC ACID, 2-SULFO-, 1,4-BIS(3,3,4,4,5,5,6,6,7,7,8,8,8-TRIDECAFLUOROOCTYL) ESTER, SODIUM SALT (1:1)",SODIUM,SODIUM,NA,NA,NA,New Row: Needs Review,TADA.AliasMatch,NA
"BUTANEDIOIC ACID, 2-SULFO-, 1,4-BIS(MIXED 2,2,3,3,4,4,5,5,6,6,7,7-DODECAFLUOROHEPTYL AND 2,2,3,3,4,4,5,5-OCTAFLUOROPENTYL) ESTERS, SODIUM SALTS",SODIUM,SODIUM,NA,NA,NA,New Row: Needs Review,TADA.AliasMatch,NA
"BUTANEDIOIC ACID, POLYMERS, 2-METHYLENE-, POLYMER WITH 2-HYDROXYETHYL 2-METHYL-2-PROPENOATE, 2-METHYL-2-PROPENOIC ACID AND 3,3,4,4,5,5,6,6,7,7,8,8,8-TRIDECAFLUOROOCTYL 2-METHYL-2-PROPENOATE, SODIUM SALT",SODIUM,SODIUM,NA,NA,NA,New Row: Needs Review,TADA.AliasMatch,NA
"BUTANEDIOIC ACID, SULFO-, 1,4-BIS(ALPHA-PERFLUORO-C6-12-ALKYL) ESTERS, SODIUM SALTS",SODIUM,SODIUM,NA,NA,NA,New Row: Needs Review,TADA.AliasMatch,NA
"BUTANESULFONYL FLUORIDE, NONAFLUORO-, BRANCHED",FLUORIDE,FLUORIDE,NA,7681494,NA,New Row: Needs Review,TADA.AliasMatch,NA
"BUTANOIC ACID, 2,2,3,3,4,4,4-HEPTAFLUORO-, SODIUM SALT (1:1)",SODIUM,SODIUM,NA,NA,NA,New Row: Needs Review,TADA.AliasMatch,NA
"BUTANOIC ACID, 2,2,3,3,4,4-HEXAFLUORO-4-[(TRIFLUOROETHENYL) OXY]-, SODIUM SALT, POLYMER WITH 1,1,1,2,2,3,3-HEPTAFLUORO-3-[(TRIFLUOROETHENYL)OXY]PROPANE AND TETRAFLUOROETHENE",SODIUM,SODIUM,NA,NA,NA,New Row: Needs Review,TADA.AliasMatch,NA
"BUTANOIC ACID, 2,2,3,3,4,4-HEXAFLUORO-4-[(TRIFLUOROTHENYL)OXY]-, SODIUM SALT, POLYMER WITH TETRAFLUOROETHENE",SODIUM,SODIUM,NA,NA,NA,New Row: Needs Review,TADA.AliasMatch,NA
"BUTANOYL CHLORIDE, 2,2,3,3,4,4,4-HEPTAFLUORO-",CHLORIDE,CHLORIDE,NA,16887006,NA,New Row: Needs Review,TADA.AliasMatch,NA
"BUTANOYL CHLORIDE, 4-CHLORO-2,2,3,3,4,4-HEXAFLUORO-",CHLORIDE,CHLORIDE,NA,16887006,NA,New Row: Needs Review,TADA.AliasMatch,NA
"BUTANOYL FLUORIDE, 2,2,3,3,4,4,4-HEPTAFLUORO-",FLUORIDE,FLUORIDE,NA,7681494,NA,New Row: Needs Review,TADA.AliasMatch,NA
"BUTANOYL FLUORIDE, 2,2-BIS(TRIFLUOROMETHYL)-",FLUORIDE,FLUORIDE,NA,7681494,NA,New Row: Needs Review,TADA.AliasMatch,NA
BUTRYL-ALDEHYDE & METHYL ETHYL KETONE,METHYL ETHYL KETONE,METHYL KETONE,NA,78933,NA,New Row: Needs Review,TADA.AliasMatch,NA
C12-14-ALKYLDIMETHYL(ETHYLBENZYL) AMMONIUM CHLORIDE,CHLORIDE,CHLORIDE,NA,16887006,NA,New Row: Needs Review,TADA.AliasMatch,NA
"CADMIUM BIS(1,1,2,2,3,3,4,4,4-NONAFLUOROBUTAN-1-IDE)",CADMIUM,CADMIUM,NA,7440439,NA,New Row: Needs Review,TADA.AliasMatch,NA
"CADMIUM BIS(1,1,2,2,3,3,4,4,5,5,6,6,6-TRIDECAFLUOROHEXAN-1-IDE)",CADMIUM,CADMIUM,NA,7440439,NA,New Row: Needs Review,TADA.AliasMatch,NA
"CALCIUM (3E)-6,6,7,7,8,8,8-HEPTAFLUORO-2,2-DIMETHYL-5-OXOOCT-3-EN-3-OLATE (3Z)-6,6,7,7,8,8,8-HEPTAFLUORO-2,2-DIMETHYL-5-",CALCIUM,CALCIUM,NA,NA,NA,New Row: Needs Review,TADA.AliasMatch,NA
"CALCIUM (3E)-6,6,7,7,8,8,8-HEPTAFLUORO-2,2-DIMETHYL-5-OXOOCT-3-EN-3-OLATE (3Z)-6,6,7,7,8,8,8-HEPTAFLUORO-2,2-DIMETHYL-5-OXOOCT-3-EN-3-OLATE (1:1:1)",CALCIUM,CALCIUM,NA,NA,NA,New Row: Needs Review,TADA.AliasMatch,NA
CALCIUM ARSENATE,CALCIUM,CALCIUM,NA,NA,NA,New Row: Needs Review,TADA.AliasMatch,NA
CALCIUM HYDROGEN METHANEARSONATE,CALCIUM,CALCIUM,NA,NA,NA,New Row: Needs Review,TADA.AliasMatch,NA
CALCIUM HYDROXIDE,CALCIUM,CALCIUM,NA,NA,NA,New Row: Needs Review,TADA.AliasMatch,NA
CALCIUM HYPOCHLORITE,CALCIUM,CALCIUM,NA,NA,NA,New Row: Needs Review,TADA.AliasMatch,NA
CALCIUM OXIDE,CALCIUM,CALCIUM,NA,NA,NA,New Row: Needs Review,TADA.AliasMatch,NA
CALCIUM PERFLUOROHEXADECANOATE,CALCIUM,CALCIUM,NA,NA,NA,New Row: Needs Review,TADA.AliasMatch,NA
CALCIUM SULFATE,CALCIUM,CALCIUM,NA,NA,NA,New Row: Needs Review,TADA.AliasMatch,NA
CALCIUM SULFATE,SULFATE,SULFATE,NA,NA,NA,New Row: Needs Review,TADA.AliasMatch,NA
CALCIUM SULFATE DIHYDRATE,CALCIUM,CALCIUM,NA,NA,NA,New Row: Needs Review,TADA.AliasMatch,NA
CALCIUM SULFATE DIHYDRATE,SULFATE,SULFATE,NA,NA,NA,New Row: Needs Review,TADA.AliasMatch,NA
"CALCIUM [(PERFLUOROOCTYL)OXY]-1,3-BENZENEDICARBOXYLATE",CALCIUM,CALCIUM,NA,NA,NA,New Row: Needs Review,TADA.AliasMatch,NA
"CARBAMIC ACID, N-[2-(SULFOTHIO)ETHYL]-, C-(3,3,4,4,5,5,6,6,7,7,8,8,8-TRIDECAFLUOROOCTYL) ESTER, SODIUM SALT (1:1)",SODIUM,SODIUM,NA,NA,NA,New Row: Needs Review,TADA.AliasMatch,NA
"CARBAMIC ACID, N-[2-(SULFOTHIO)ETHYL]-N-(3,3,4,4,5,5,6,6,7,7,8,8,8-TRIDECAFLUOROOCTYL)-, C-ETHYL ESTER, SODIUM SALT (1:1)",SODIUM,SODIUM,NA,NA,NA,New Row: Needs Review,TADA.AliasMatch,NA
CARBARYL C13,CARBARYL,CARBARYL,NA,63252,NA,New Row: Needs Review,TADA.AliasMatch,NA
"CARBONACEOUS BIOCHEMICAL OXYGEN DEMAND, NON-STANDARD CONDITIONS",BIOCHEMICAL OXYGEN DEMAND,BIOCHEMICAL OXYGEN DEMAND,NA,NA,NA,New Row: Needs Review,TADA.AliasMatch,NA
"CARBONACEOUS BIOCHEMICAL OXYGEN DEMAND, NON-STANDARD CONDITIONS",OXYGEN,DISSOLVED OXYGEN,NA,7782447,NA,New Row: Needs Review,TADA.AliasMatch,NA
"CARBONACEOUS BIOCHEMICAL OXYGEN DEMAND, STANDARD CONDITIONS",BIOCHEMICAL OXYGEN DEMAND,BIOCHEMICAL OXYGEN DEMAND,NA,NA,NA,New Row: Needs Review,TADA.AliasMatch,NA
"CARBONACEOUS BIOCHEMICAL OXYGEN DEMAND, STANDARD CONDITIONS",OXYGEN,DISSOLVED OXYGEN,NA,7782447,NA,New Row: Needs Review,TADA.AliasMatch,NA
CARBOXY MOLINATE,MOLINATE,MOLINATE,NA,2212671,NA,New Row: Needs Review,TADA.AliasMatch,NA
CARCINOGENIC POLYCYCLIC AROMATIC HYDROCARBONS,POLYCYCLIC AROMATIC HYDROCARBONS,POLYCYCLIC AROMATIC HYDROCARBONS (PAHS),NA,NA,NA,New Row: Needs Review,TADA.AliasMatch,NA
CESIUM PERFLUOROOCTANOATE,CESIUM,CESIUM,NA,NA,NA,New Row: Needs Review,TADA.AliasMatch,NA
CESIUM RADIONUCLIDES,CESIUM,CESIUM,NA,NA,NA,New Row: Needs Review,TADA.AliasMatch,NA
CESIUM RADIONUCLIDES,RADIONUCLIDES,RADIONUCLIDES,NA,NA,NA,New Row: Needs Review,TADA.AliasMatch,NA
"CESIUM, TOTAL BETA RADIOACTIVITY",CESIUM,CESIUM,NA,NA,NA,New Row: Needs Review,TADA.AliasMatch,NA
"CESIUM, TOTAL BETA RADIOACTIVITY",RADIOACTIVITY,RADIOACTIVITY,NA,NA,NA,New Row: Needs Review,TADA.AliasMatch,NA
CESIUM-137,CESIUM-137,CESIUM-137,NA,10045973,NA,New Row: Needs Review,TADA.AliasMatch,NA
"CHEMICAL OXYGEN DEMAND, (HIGH LEVEL)",OXYGEN,DISSOLVED OXYGEN,NA,7782447,NA,New Row: Needs Review,TADA.AliasMatch,NA
"CHEMICAL OXYGEN DEMAND, (LOW LEVEL)",OXYGEN,DISSOLVED OXYGEN,NA,7782447,NA,New Row: Needs Review,TADA.AliasMatch,NA
CHLORAMBEN METHYL ESTER,CHLORAMBEN,CHLORAMBEN,NA,133904,NA,New Row: Needs Review,TADA.AliasMatch,NA
CHLORAMINE,CHLORAMINE,CHLORAMINE,NA,NA,NA,New Row: Needs Review,TADA.AliasMatch,NA
"CHLORDANE, TECHNICAL",CHLORDANE,CHLORDANE,NA,57749,NA,New Row: Needs Review,TADA.AliasMatch,NA
"CHLORDANE, TECHNICAL, AND/OR CHLORDANE METABOLITES",CHLORDANE,CHLORDANE,NA,57749,NA,New Row: Needs Review,TADA.AliasMatch,NA
CHLORDECONE,CHLORDECONE,KEPONE,NA,143500,NA,New Row: Needs Review,TADA.AliasMatch,NA
CHLORINE DOSE,CHLORINE,CHLORINE,NA,7782505,NA,New Row: Needs Review,TADA.AliasMatch,NA
"CHLORINE, FREE RESIDUAL","CHLORINE, RESIDUAL",CHLORINE,NA,7782505,NA,New Row: Needs Review,TADA.AliasMatch,NA
"CHLORINE, FREE RESIDUAL",RESIDUAL CHLORINE,RESIDUAL CHLORINE,NA,NA,NA,New Row: Needs Review,TADA.AliasMatch,NA
CHLORMEQUAT CHLORIDE,CHLORIDE,CHLORIDE,NA,16887006,NA,New Row: Needs Review,TADA.AliasMatch,NA
CHLOROBENZENE,CHLOROBENZENE (MONOCHLOROBENZENE),MONOCHLOROBENZENE,NA,108907,NA,New Row: Needs Review,TADA.AliasMatch,NA
CHLORONAPHTHALENE,CHLORONAPHTHALENE 2,2-CHLORONAPHTHALENE,NA,91587,NA,New Row: Needs Review,TADA.AliasMatch,NA
CHLOROPHENOL,CHLOROPHENOL 2,2-CHLOROPHENOL,NA,95578,NA,New Row: Needs Review,TADA.AliasMatch,NA
CHLOROPHYLL,CHLOROPHYLL A,CHLOROPHYLL A,NA,NA,NA,New Row: Needs Review,TADA.AliasMatch,NA
CHLOROPHYLL,CHLOROPHYLL A (CORRECTED),CHLOROPHYLL A (CORRECTED),NA,NA,NA,New Row: Needs Review,TADA.AliasMatch,NA
CHLOROPHYLL,PERIPHYTON BIOMASS (AS CHLOROPHYLL A MG/M2),PERIPHYTON BIOMASS (AS CHLOROPHYLL A MG/M2),NA,NA,NA,New Row: Needs Review,TADA.AliasMatch,NA
CHLOROTOLUENE,CHLOROTOLUENE O-,CHLOROTOLUENE O-,NA,NA,NA,New Row: Needs Review,TADA.AliasMatch,NA
CHLOROTOLUENE,CHLOROTOLUENE P-,CHLOROTOLUENE P-,NA,NA,NA,New Row: Needs Review,TADA.AliasMatch,NA
CHLORPYRIFOS O.A.,CHLORPYRIFOS,CHLORPYRIFOS,NA,2921882,NA,New Row: Needs Review,TADA.AliasMatch,NA
CHROMIUM CHLORIDE-PERFLUOROOCTANOIC ACID COMPLEX,CHROMIUM,CHROMIUM,NA,7440473,NA,New Row: Needs Review,TADA.AliasMatch,NA
"CHROMIUM, 4,4-BIS[(.GAMMA.-.OMEGA.-PERFLUORO-C8-20-ALKYL)THIO]PENTANOATE CHLORO HYDROXY COMPLEXES",CHROMIUM,CHROMIUM,NA,7440473,NA,New Row: Needs Review,TADA.AliasMatch,NA
"CHROMIUM, BIS[(.GAMMA.-.OMEGA.-PERFLUORO-C8-20-ALKYL)THIO]ACETATE CHLORO HYDROXY COMPLEXES",CHROMIUM,CHROMIUM,NA,7440473,NA,New Row: Needs Review,TADA.AliasMatch,NA
"CHROMIUM, CHLORO HYDROXY 5-[(.GAMMA.-.OMEGA.-PERFLUORO-C8-20-ALKYL)THIO]BICYCLO[2.2.1]HEPTANE-2,3-DICARBOXYLATE COMPLEXES",CHROMIUM,CHROMIUM,NA,7440473,NA,New Row: Needs Review,TADA.AliasMatch,NA
"CHROMIUM, DIAQUATETRACHLORO[.MU.-[N-ETHYL-N-[(1,1,2,2,3,3,4,4,4-NONAFLUOROBUTYL)SULFONYL]GLYCINATO-.KAPPA.O:.KAPPA.O']]-.MU.-HYDROXYBIS(2-PROPANOL)DI-",CHROMIUM,CHROMIUM,NA,7440473,NA,New Row: Needs Review,TADA.AliasMatch,NA
"CHROMIUM, DIAQUATETRACHLORO[.MU.-[N-ETHYL-N-[(1,1,2,2,3,3,4,4,5,5,5-UNDECAFLUOROPENTYL)SULFONYL]GLYCINATO-.KAPPA.O:.KAPPA.O']]-.MU.-HYDROXYBIS(2-PROPANOL)DI-",CHROMIUM,CHROMIUM,NA,7440473,NA,New Row: Needs Review,TADA.AliasMatch,NA
"CHROMIUM, DIAQUATETRACHLORO[.MU.-[N-ETHYL-N-[(1,1,2,2,3,3,4,4,5,5,6,6,6-TRIDECAFLUOROHEXYL)SULFONYL]GLYCINATO-.KAPPA.O:.KAPPA.O']]-.MU.-HYDROXYBIS(2-PROPANOL)DI-",CHROMIUM,CHROMIUM,NA,7440473,NA,New Row: Needs Review,TADA.AliasMatch,NA
"CHROMIUM, DIAQUATETRACHLORO[.MU.-[N-ETHYL-N-[(1,1,2,2,3,3,4,4,5,5,6,6,7,7,7-PENTADECAFLUOROHEPTYL)SULFONYL]GLYCINATO-.KAPPA.O:.KAPPA.O']]-.MU.-HYDROXYBIS(2-PROPANOL)-",CHROMIUM,CHROMIUM,NA,7440473,NA,New Row: Needs Review,TADA.AliasMatch,NA
"CHROMIUM, DIAQUATETRACHLORO[.MU.-[N-ETHYL-N-[(1,1,2,2,3,3,4,4,5,5,6,6,7,7,8,8,8-HEPTADECAFLUOROOCTYL)SULFONYL]GLYCINATO-.KAPPA.O:.KAPPA.O']]-.MU.-HYDROXYBIS(2-METHYL-1-PROPANOL)DI-",CHROMIUM,CHROMIUM,NA,7440473,NA,New Row: Needs Review,TADA.AliasMatch,NA
"CHROMIUM, N-[2,2,3,3,4,4,5,5,6,6,7,7,8,8,9,9,10,10,11,12,12,12-DOCOSAFLUORO-1-OXO-11-(TRIFLUOROMETHYL)DODECYL]GLYCINE N-[2,2,3,3,4,4,5,5,6,6,7,7,8,8,9,10,10,10-OCTADECAFLUORO-1-OXO-9-(TRIFLUOROMETHYL)DECYL]GLYCINE N-[2,2,3,3,4,4,5,5,6,6,7,8,8,8-TETRADECAF",CHROMIUM,CHROMIUM,NA,7440473,NA,New Row: Needs Review,TADA.AliasMatch,NA
"CHROMIUM, PENTACARBONYL[1,1,1,2,2,3,3,4,4-NONAFLUORO-4-(ISOCYANO-.KAPPA.C)BUTANE]-, (OC-6-21)-",CHROMIUM,CHROMIUM,NA,7440473,NA,New Row: Needs Review,TADA.AliasMatch,NA
CHRYSENE + TRIPHENYLENE,CHRYSENE,CHRYSENE,NA,218019,NA,New Row: Needs Review,TADA.AliasMatch,NA
CHRYSOTILE ASBESTOS,ASBESTOS,ASBESTOS,NA,1332214,NA,New Row: Needs Review,TADA.AliasMatch,NA
"CIS-1,4-DICHLORO-2-BUTENE","CIS-1,4-DICHLORO-2-BUTENE","CIS-1,4-DICHLORO-2-BUTENE",NA,NA,NA,New Row: Needs Review,TADA.AliasMatch,NA
CLOTHIANIDIN DEGRADATE TMG (N-(2-CHLOROTHIAZOL-5-YLMETHY1)-N'-METHYLGUANIDINE),CLOTHIANIDIN,CLOTHIANIDIN,NA,210880925,NA,New Row: Needs Review,TADA.AliasMatch,NA
CLOTHIANIDIN DEGRADATE TZNG (N-(2-CHLORO-5-THIAZOLYL METHYL)-N'-NITROGUANIDINE),CLOTHIANIDIN,CLOTHIANIDIN,NA,210880925,NA,New Row: Needs Review,TADA.AliasMatch,NA
COBALT AND COMPOUNDS,COBALT,COBALT,NA,7440484,NA,New Row: Needs Review,TADA.AliasMatch,NA
COBALT PERFLUOROOCTANOATE,COBALT,COBALT,NA,7440484,NA,New Row: Needs Review,TADA.AliasMatch,NA
"COLOR, FOREL-ULE SCALE (CHOICE LIST)",COLOR,COLOR,NA,NA,NA,New Row: Needs Review,TADA.AliasMatch,NA
"COMPOUND ""C"" (PART OF CHLORDANE TOTAL)",CHLORDANE,CHLORDANE,NA,57749,NA,New Row: Needs Review,TADA.AliasMatch,NA
"COMPOUND ""K"" (PART OF CHLORDANE TOTAL)",CHLORDANE,CHLORDANE,NA,57749,NA,New Row: Needs Review,TADA.AliasMatch,NA
CONDITION CLASS (DISSOLVED OXYGEN (DO)),DISSOLVED OXYGEN,DISSOLVED OXYGEN,NA,7782447,NA,New Row: Needs Review,TADA.AliasMatch,NA
CONDITION CLASS (DISSOLVED OXYGEN (DO)),OXYGEN,DISSOLVED OXYGEN,NA,7782447,NA,New Row: Needs Review,TADA.AliasMatch,NA
CONDITION CLASS (TURBIDITY),TURBIDITY,TURBIDITY,NA,NA,NA,New Row: Needs Review,TADA.AliasMatch,NA
"CONDITION CLASS, NUTRIENT (TOTAL NITROGEN)",NITROGEN,TOTAL NITROGEN,NA,NA,NA,New Row: Needs Review,TADA.AliasMatch,NA
"CONDITION CLASS, NUTRIENT (TOTAL NITROGEN)",TOTAL NITROGEN,TOTAL NITROGEN,NA,NA,NA,New Row: Needs Review,TADA.AliasMatch,NA
"CONDITION CLASS, NUTRIENT (TOTAL PHOSPHORUS)",PHOSPHORUS,PHOSPHOROUS (YELLOW),NA,7723140,NA,New Row: Needs Review,TADA.AliasMatch,NA
"CONDITION CLASS, NUTRIENT (TOTAL PHOSPHORUS)",TOTAL PHOSPHORUS,TOTAL PHOSPHORUS,NA,NA,NA,New Row: Needs Review,TADA.AliasMatch,NA
CONDUCTANCE,"CONDUCTANCE, SPECIFIC",CONDUCTIVITY,NA,NA,NA,New Row: Needs Review,TADA.AliasMatch,NA
CONDUCTANCE,SPECIFIC CONDUCTANCE,SPECIFIC CONDUCTANCE,NA,NA,NA,New Row: Needs Review,TADA.AliasMatch,NA
"CONDUCTIVITY, DEBYE-HUCKEL-ONSAGER",CONDUCTIVITY,CONDUCTIVITY,NA,NA,NA,New Row: Needs Review,TADA.AliasMatch,NA
"COPOLYMER OF OCTADECYL ACRYLATE, 1,1-DICHLOROETHENE, 2,3-EPOXYPROPYL METHACRYLATE, 3,3,4,4,5,5,6,6,7,7,8,8,8-TRIDECAFLUO","1,1-DICHLOROETHENE","1,1-DICHLOROETHYLENE",NA,75354,NA,New Row: Needs Review,TADA.AliasMatch,NA
"COPOLYMER OF OCTADECYL ACRYLATE, 1,1-DICHLOROETHENE, 2,3-EPOXYPROPYL METHACRYLATE, 3,3,4,4,5,5,6,6,7,7,8,8,8-TRIDECAFLUOROOCTYL METHACRYLATE, 2-HYDROXYETHYL METHACRYLATE","1,1-DICHLOROETHENE","1,1-DICHLOROETHYLENE",NA,75354,NA,New Row: Needs Review,TADA.AliasMatch,NA
COPOLYMER OF PERFLUORO-2-(1-METHYL-2-VINYLOXYETHOXY)ETHANESULFONYL FLUORIDE AND TETRAFLUOROETHENE,FLUORIDE,FLUORIDE,NA,7681494,NA,New Row: Needs Review,TADA.AliasMatch,NA
COPPER 8-QUINOLINOLATE,COPPER,COPPER,NA,7440508,NA,New Row: Needs Review,TADA.AliasMatch,NA
COPPER SULFATE PENTAHYDRATE,COPPER,COPPER,NA,7440508,NA,New Row: Needs Review,TADA.AliasMatch,NA
COPPER SULFATE PENTAHYDRATE,SULFATE,SULFATE,NA,NA,NA,New Row: Needs Review,TADA.AliasMatch,NA
COPPER(I) CYANIDE,CYANIDE,CYANIDE,NA,57125,NA,New Row: Needs Review,TADA.AliasMatch,NA
"COPPER, (1,1,2,2,2-PENTAFLUOROETHYL)",COPPER,COPPER,NA,7440508,NA,New Row: Needs Review,TADA.AliasMatch,NA
"COPPER, BIS(2,2,2-TRIFLUOROACETATO-.KAPPA.O)-, HYDRATE (1:1",COPPER,COPPER,NA,7440508,NA,New Row: Needs Review,TADA.AliasMatch,NA
"COPPER, [2,9,16,23-TETRAKIS(1,1,2,2,3,3,4,4,5,5,6,6,6-TRIDECAFLUOROHEXYL)-29H,31H-PHTHALOCYANINATO(2-)-.KAPPA.N29,.KAPPA.N30,.KAPPA.N31,.KAPPA.N32]-, (SP-4-1)-",COPPER,COPPER,NA,7440508,NA,New Row: Needs Review,TADA.AliasMatch,NA
COUNT,HETEROTROPHIC PLATE COUNT (HPC),HETEROTROPHIC PLATE COUNT (HPC),NA,NA,NA,New Row: Needs Review,TADA.AliasMatch,NA
COUNT,PLANKTON COUNT,PLANKTON COUNT,NA,NA,NA,New Row: Needs Review,TADA.AliasMatch,NA
COUNT%,HETEROTROPHIC PLATE COUNT (HPC),HETEROTROPHIC PLATE COUNT (HPC),NA,NA,NA,New Row: Needs Review,TADA.AliasMatch,NA
COUNT%,PLANKTON COUNT,PLANKTON COUNT,NA,NA,NA,New Row: Needs Review,TADA.AliasMatch,NA
CROCIDOLITE ASBESTOS,ASBESTOS,ASBESTOS,NA,1332214,NA,New Row: Needs Review,TADA.AliasMatch,NA
CRYPTOSPORIDIUM,CRYPTOSPORIDIUM,CRYPTOSPORIDIUM,NA,NA,NA,New Row: Needs Review,TADA.AliasMatch,NA
CRYPTOSPORIDIUM PARVUM,CRYPTOSPORIDIUM,CRYPTOSPORIDIUM,NA,NA,NA,New Row: Needs Review,TADA.AliasMatch,NA
CUPRIC SULFATE,SULFATE,SULFATE,NA,NA,NA,New Row: Needs Review,TADA.AliasMatch,NA
CYANIDE + THIOCYANATE,CYANIDE,CYANIDE,NA,57125,NA,New Row: Needs Review,TADA.AliasMatch,NA
CYANOGEN BROMIDE,BROMIDE,BROMIDE,NA,NA,NA,New Row: Needs Review,TADA.AliasMatch,NA
CYANOGEN BROMIDE,CYANOGEN BROMIDE,CYANOGEN BROMIDE,NA,NA,NA,New Row: Needs Review,TADA.AliasMatch,NA
CYANOGEN CHLORIDE,CHLORIDE,CHLORIDE,NA,16887006,NA,New Row: Needs Review,TADA.AliasMatch,NA
CYANOGEN CHLORIDE,CYANOGEN CHLORIDE,CYANOGEN CHLORIDE,NA,NA,NA,New Row: Needs Review,TADA.AliasMatch,NA
"CYCLOHEXANECARBONYL FLUORIDE, 1,2,2,3,3,4,4,5,5,6,6-UNDECAFLUORO-",FLUORIDE,FLUORIDE,NA,7681494,NA,New Row: Needs Review,TADA.AliasMatch,NA
"CYCLOHEXANESULFONIC ACID, 1,2,2,3,3,4,4,5,5,6,6-UNDECAFLUORO-, POTASSIUM SALT (1:1)***RETIRED***USE CYCLOHEXANESULFONIC ACID, UNDECAFLUORO-, POTASSIUM SALT",POTASSIUM,POTASSIUM,NA,NA,NA,New Row: Needs Review,TADA.AliasMatch,NA
"CYCLOHEXANESULFONIC ACID, 1,2,2,3,3,4,5,5,6,6-DECAFLUORO-4-(1,1,2,2,2-PENTAFLUOROETHYL)-, POTASSIUM SALT (1:1)",POTASSIUM,POTASSIUM,NA,NA,NA,New Row: Needs Review,TADA.AliasMatch,NA
"CYCLOHEXANESULFONIC ACID, 1,2,2,3,3,4,5,5,6,6-DECAFLUORO-4-(TRIFLUOROMETHYL)-, POTASSIUM SALT (1:1)",POTASSIUM,POTASSIUM,NA,NA,NA,New Row: Needs Review,TADA.AliasMatch,NA
"CYCLOHEXANESULFONIC ACID, DECAFLUORO(PENTAFLUOROETHYL)-, POTASSIUM SALT",POTASSIUM,POTASSIUM,NA,NA,NA,New Row: Needs Review,TADA.AliasMatch,NA
"CYCLOHEXANESULFONIC ACID, DECAFLUORO(TRIFLUOROMETHYL)-, POTASSIUM SALT",POTASSIUM,POTASSIUM,NA,NA,NA,New Row: Needs Review,TADA.AliasMatch,NA
"CYCLOHEXANESULFONIC ACID, DECAFLUORO(TRIFLUOROMETHYL)-, POTASSIUM SALT (1:1)***RETIRED***USE CYCLOHEXANESULFONIC ACID, DECAFLUORO(TRIFLUOROMETHYL)-, POTASSIUM SALT",POTASSIUM,POTASSIUM,NA,NA,NA,New Row: Needs Review,TADA.AliasMatch,NA
"CYCLOHEXANESULFONIC ACID, NONAFLUOROBIS(TRIFLUOROMETHYL)-, POTASSIUM SALT",POTASSIUM,POTASSIUM,NA,NA,NA,New Row: Needs Review,TADA.AliasMatch,NA
"CYCLOHEXANESULFONIC ACID, NONAFLUOROBIS(TRIFLUOROMETHYL)-, POTASSIUM SALT (1:1)***RETIRED***USE CYCLOHEXANESULFONIC ACID, NONAFLUOROBIS(TRIFLUOROMETHYL)-, POTASSIUM SALT",POTASSIUM,POTASSIUM,NA,NA,NA,New Row: Needs Review,TADA.AliasMatch,NA
"CYCLOHEXANESULFONIC ACID, UNDECAFLUORO-, POTASSIUM SALT",POTASSIUM,POTASSIUM,NA,NA,NA,New Row: Needs Review,TADA.AliasMatch,NA
"CYCLOHEXANESULFONYL FLUORIDE, 1,2,2,3,3,4,4,5,5,6,6-UNDECAFLUORO-",FLUORIDE,FLUORIDE,NA,7681494,NA,New Row: Needs Review,TADA.AliasMatch,NA
"CYCLOHEXANESULFONYL FLUORIDE, DECAFLUORO(1,1,2,2,2-PENTAFLUOROETHYL)-",FLUORIDE,FLUORIDE,NA,7681494,NA,New Row: Needs Review,TADA.AliasMatch,NA
"CYCLOHEXANESULFONYL FLUORIDE, DECAFLUORO(TRIFLUOROMETHYL)-",FLUORIDE,FLUORIDE,NA,7681494,NA,New Row: Needs Review,TADA.AliasMatch,NA
"CYCLOHEXANESULFONYL FLUORIDE, NONAFLUOROBIS(TRIFLUOROMETHYL)-",FLUORIDE,FLUORIDE,NA,7681494,NA,New Row: Needs Review,TADA.AliasMatch,NA
CYCLOHEXYLAMINE,CYCLOHEXYLAMINE,CYCLOHEXYLAMINE,NA,108918,NA,New Row: Needs Review,TADA.AliasMatch,NA
CYCLOOCTANE ,"2,4,5-TRICHLOROTOLUENE ","2,4,5-TRICHLOROTOLUENE ",NA,NA,NA,New Row: Needs Review,TADA.AliasMatch,NA
CYCLOOCTANE ,"2,4,6-TRINITROTOLUENE ","2,4,6-TRINITROTOLUENE ",NA,NA,NA,New Row: Needs Review,TADA.AliasMatch,NA
CYCLOOCTANE ,"DIMETHYLPHENOL  (2,4)","2,4-DIMETHYLPHENOL",NA,105679,NA,New Row: Needs Review,TADA.AliasMatch,NA
CYCLOOCTANE ,PENDIMETHALIN ,PENDIMETHALIN ,NA,NA,NA,New Row: Needs Review,TADA.AliasMatch,NA
"CYCLOPENTANECARBONYL FLUORIDE, 1,2,2,3,3,4,5,5-OCTAFLUORO-4-(TRIFLUOROMETHYL)-",FLUORIDE,FLUORIDE,NA,7681494,NA,New Row: Needs Review,TADA.AliasMatch,NA
"CYCLOPROPANECARBONYL CHLORIDE, 3-FORMYL-2,2-BIS(TRIFLUOROMETHYL)-, TRANS)-",CHLORIDE,CHLORIDE,NA,16887006,NA,New Row: Needs Review,TADA.AliasMatch,NA
CYLINDROSPERMOPSIN GENE CYRA,CYLINDROSPERMOPSIN,CYLINDROSPERMOPSIN,NA,143545908,NA,New Row: Needs Review,TADA.AliasMatch,NA
"D-GALACTOSE 6-(1,7-DI-(PERFLUOROOCTYL)-3-HEPTYL HYDROGEN PHOSPHATE)",PHOSPHATE,PHOSPHATE,NA,NA,NA,New Row: Needs Review,TADA.AliasMatch,NA
D-GALACTOSE 6-(1-(PERFLUOROOCTYL)-3-DODECYL HYDROGEN PHOSPHATE),PHOSPHATE,PHOSPHATE,NA,NA,NA,New Row: Needs Review,TADA.AliasMatch,NA
"D-GALACTOSE 6-(SODIUM 1,7-DI-(PERFLUOROOCTYL)-3-HEPTYL PHOSPHATE)",PHOSPHATE,PHOSPHATE,NA,NA,NA,New Row: Needs Review,TADA.AliasMatch,NA
D-GALACTOSE 6-(SODIUM 1-(PERFLUOROOCTYL)-3-DODECYL PHOSPHATE),PHOSPHATE,PHOSPHATE,NA,NA,NA,New Row: Needs Review,TADA.AliasMatch,NA
D-GLUCONIC ACID SODIUM SALT,SODIUM,SODIUM,NA,NA,NA,New Row: Needs Review,TADA.AliasMatch,NA
DACTHAL METABOLITES (TETRACHLOROTEREPHTHALIC ACID AND MONOMETHYL TETRACHLOROTEREPHTHALIC ACID),DACTHAL,DCPA,NA,1861321,NA,New Row: Needs Review,TADA.AliasMatch,NA
DACTHAL METABOLITES (TETRACHLOROTEREPHTHALIC ACID AND MONOMETHYL TETRACHLOROTEREPHTHALIC ACID),TETRACHLOROTEREPHTHALIC ACID,TETRACHLOROTEREPHTHALIC ACID,NA,NA,NA,New Row: Needs Review,TADA.AliasMatch,NA
DCPA MONO-ACID DEGRADATE,DCPA,DCPA,NA,1861321,NA,New Row: Needs Review,TADA.AliasMatch,NA
"DDD, P,P'- AND DDT, O,P'- ISOMERS",DDT,"P,P'-DICHLORODIPHENYLTRICHLOROETHANE (DDT)",NA,50293,NA,New Row: Needs Review,TADA.AliasMatch,NA
"DDE, O,O'-, O,P'-, AND P,P'- ISOMERS",DDE,"P,P'-DICHLORODIPHENYLDICHLOROETHYLENE (DDE)",NA,72559,NA,New Row: Needs Review,TADA.AliasMatch,NA
"DDE, O,P'- AND P,P'- ISOMERS",DDE,"P,P'-DICHLORODIPHENYLDICHLOROETHYLENE (DDE)",NA,72559,NA,New Row: Needs Review,TADA.AliasMatch,NA
"DDT, O,P'- AND P,P'- ISOMERS",DDT,"P,P'-DICHLORODIPHENYLTRICHLOROETHANE (DDT)",NA,50293,NA,New Row: Needs Review,TADA.AliasMatch,NA
"DECANOYL FLUORIDE, 2,2,3,3,4,4,5,5,6,6,7,7,8,8,9,10,10,10-OCTADECAFLUORO-9-(TRIFLUOROMETHYL)-",FLUORIDE,FLUORIDE,NA,7681494,NA,New Row: Needs Review,TADA.AliasMatch,NA
DECYL SODIUM SULFATE,SODIUM,SODIUM,NA,NA,NA,New Row: Needs Review,TADA.AliasMatch,NA
DECYL SODIUM SULFATE,SULFATE,SULFATE,NA,NA,NA,New Row: Needs Review,TADA.AliasMatch,NA
DECYL SULFATE,SULFATE,SULFATE,NA,NA,NA,New Row: Needs Review,TADA.AliasMatch,NA
DEMETHYL FLUOMETURON,FLUOMETURON,FLUOMETURON,NA,2164172,NA,New Row: Needs Review,TADA.AliasMatch,NA
DEMETHYL HEXAZINONE B,HEXAZINONE,HEXAZINONE,NA,51235042,NA,New Row: Needs Review,TADA.AliasMatch,NA
DENITRIFYING BACTERIA,BACTERIA,BACTERIA,NA,NA,NA,New Row: Needs Review,TADA.AliasMatch,NA
DENSITY,MICROCYSTIS AERUGINOSA CELL DENSITY,MICROCYSTIS AERUGINOSA CELL DENSITY,NA,NA,NA,New Row: Needs Review,TADA.AliasMatch,NA
DEPTH,SECCHI DEPTH,SECCHI DEPTH,NA,NA,NA,New Row: Needs Review,TADA.AliasMatch,NA
"DEPTH, SECCHI DISK DEPTH",SECCHI DEPTH,SECCHI DEPTH,NA,NA,NA,New Row: Needs Review,TADA.AliasMatch,NA
"DEPTH, SECCHI DISK DEPTH (CHOICE LIST)",SECCHI DEPTH,SECCHI DEPTH,NA,NA,NA,New Row: Needs Review,TADA.AliasMatch,NA
"DEPTH, SECCHI DISK DEPTH DISAPPEARS",SECCHI DEPTH,SECCHI DEPTH,NA,NA,NA,New Row: Needs Review,TADA.AliasMatch,NA
"DEPTH, SECCHI DISK DEPTH REAPPEARS",SECCHI DEPTH,SECCHI DEPTH,NA,NA,NA,New Row: Needs Review,TADA.AliasMatch,NA
"DEPTH, SECCHI DISK VISIBLE AT BOTTOM (Y/N) (CHOICE LIST)",SECCHI DEPTH,SECCHI DEPTH,NA,NA,NA,New Row: Needs Review,TADA.AliasMatch,NA
DES-N-ISOPROPYL ISOFENPHOS OXYGEN ANALOG,OXYGEN,DISSOLVED OXYGEN,NA,7782447,NA,New Row: Needs Review,TADA.AliasMatch,NA
DESAMINO METRIBUZIN,METRIBUZIN,METRIBUZIN,NA,21087649,NA,New Row: Needs Review,TADA.AliasMatch,NA
DESAMINO-DIKETO METRIBUZIN,METRIBUZIN,METRIBUZIN,NA,21087649,NA,New Row: Needs Review,TADA.AliasMatch,NA
DIAMMONIUM (PERFLUORO-11-METHYLDODECYL)ETHYL PHOSPHATE,PHOSPHATE,PHOSPHATE,NA,NA,NA,New Row: Needs Review,TADA.AliasMatch,NA
DIAMMONIUM (PERFLUORO-13-METHYLTETRADECYL)ETHYL PHOSPHATE,PHOSPHATE,PHOSPHATE,NA,NA,NA,New Row: Needs Review,TADA.AliasMatch,NA
DIAMMONIUM (PERFLUORO-15-METHYLHEXADECYL)ETHYL PHOSPHATE,PHOSPHATE,PHOSPHATE,NA,NA,NA,New Row: Needs Review,TADA.AliasMatch,NA
DIAMMONIUM (PERFLUORO-7-METHYLOCTYL)ETHYL PHOSPHATE,PHOSPHATE,PHOSPHATE,NA,NA,NA,New Row: Needs Review,TADA.AliasMatch,NA
DIAMMONIUM (PERFLUORO-9-METHYLDECYL)ETHYL PHOSPHATE,PHOSPHATE,PHOSPHATE,NA,NA,NA,New Row: Needs Review,TADA.AliasMatch,NA
DIAMMONIUM (PERFLUOROOCTYL)-2-HYDROXYPROPYL PHOSPHATE,PHOSPHATE,PHOSPHATE,NA,NA,NA,New Row: Needs Review,TADA.AliasMatch,NA
DIAMMONIUM 3-(PERFLUORO-11-METHYLDODECYL)-2-HYDROXYPROPYL DIHYDROGEN PHOSPHATE,PHOSPHATE,PHOSPHATE,NA,NA,NA,New Row: Needs Review,TADA.AliasMatch,NA
DIAMMONIUM 3-(PERFLUORO-13-METHYLTETRADECYL)-2-HYDROXYPROPYL DIHYDROGEN PHOSPHATE,PHOSPHATE,PHOSPHATE,NA,NA,NA,New Row: Needs Review,TADA.AliasMatch,NA
DIAMMONIUM 3-(PERFLUORO-15-METHYLHEXADECYL)-2-HYDROXYPROPYL DIHYDROGEN PHOSPHATE,PHOSPHATE,PHOSPHATE,NA,NA,NA,New Row: Needs Review,TADA.AliasMatch,NA
DIAMMONIUM 3-(PERFLUORO-9-METHYLDECYL)-2-HYDROXYPROPYL DIHYDROGEN PHOSPHATE,PHOSPHATE,PHOSPHATE,NA,NA,NA,New Row: Needs Review,TADA.AliasMatch,NA
DIAMMONIUM 3-(PERFLUORODECYL)-2-HYDROXYPROPYL DIHYDROGEN PHOSPHATE,PHOSPHATE,PHOSPHATE,NA,NA,NA,New Row: Needs Review,TADA.AliasMatch,NA
DIAMMONIUM 3-(PERFLUORODODECYL)-2-HYDROXYPROPYL DIHYDROGEN PHOSPHATE,PHOSPHATE,PHOSPHATE,NA,NA,NA,New Row: Needs Review,TADA.AliasMatch,NA
DIAMMONIUM 3-(PERFLUOROHEXADECYL)-2-HYDROXYPROPYL DIHYDROGEN PHOSPHATE,PHOSPHATE,PHOSPHATE,NA,NA,NA,New Row: Needs Review,TADA.AliasMatch,NA
DIAMMONIUM 3-(PERFLUOROTETRADECYL)-2-HYDROXYPROPYL DIHYDROGEN PHOSPHATE,PHOSPHATE,PHOSPHATE,NA,NA,NA,New Row: Needs Review,TADA.AliasMatch,NA
"DIAMMONIUM 4,4,5,5,6,6,7,7,8,8,9,9,10,11,11,11-HEXADECAFLUORO-10-(TRIFLUOROMETHYL)-2-UNDECANOL PHOSPHATE",PHOSPHATE,PHOSPHATE,NA,NA,NA,New Row: Needs Review,TADA.AliasMatch,NA
"DIAMMONIUM 4,4,5,5,6,7,7,7-OCTAFLUORO-6-(TRIFLUOROMETHYL)-1-HEPTANOL PHOSPHATE",PHOSPHATE,PHOSPHATE,NA,NA,NA,New Row: Needs Review,TADA.AliasMatch,NA
DIAMMONIUM 6:2 FLUOROTELOMER PHOSPHATE MONOESTER,PHOSPHATE,PHOSPHATE,NA,NA,NA,New Row: Needs Review,TADA.AliasMatch,NA
DIAZINON (DIETHYL-D10)***RETIRED***USE DIAZINON-D10,DIAZINON,DIAZINON,NA,333415,NA,New Row: Needs Review,TADA.AliasMatch,NA
"DIBENZ(A,H)+(A,C) ANTHRACENE",ANTHRACENE,ANTHRACENE,NA,120127,NA,New Row: Needs Review,TADA.AliasMatch,NA
DIBROMOACETIC ACID,DIBROMOACETIC ACID (HAA5),DIBROMOACETIC ACID (HAA5),NA,631641,NA,New Row: Needs Review,TADA.AliasMatch,NA
DIBROMOCHLOROPROPANE,DIBROMOCHLOROPROPANE,"1,2 DIBROMO-3-CHLOROPROPANE",NA,96128,NA,New Row: Needs Review,TADA.AliasMatch,NA
DIBROMOCHLOROPROPANE,DIBROMOCHLOROPROPANE (DBCP),"1,2 DIBROMO-3-CHLOROPROPANE",NA,96128,NA,New Row: Needs Review,TADA.AliasMatch,NA
DIBROMOMETHANE,DIBROMOMETHANE,DIBROMOMETHANE,NA,NA,NA,New Row: Needs Review,TADA.AliasMatch,NA
DICHLOROBENZENE,"DICHLOROBENZENE (1,4)","1,4-DICHLOROBENZENE",NA,106467,NA,New Row: Needs Review,TADA.AliasMatch,NA
DICHLOROBENZENE,"DICHLOROBENZENE, O- (O-DICHLOROBENZENE)","1,2-DICHLOROBENZENE",NA,95501,NA,New Row: Needs Review,TADA.AliasMatch,NA
DICHLOROBENZENE,"DICHLOROBENZENE, PARA- (PARA-DICHLOROBENZENE)","1,4-DICHLOROBENZENE",NA,106467,NA,New Row: Needs Review,TADA.AliasMatch,NA
DICHLOROETHYLENE,"DICHLOROETHYLENE (1,1)","1,1-DICHLOROETHYLENE",NA,75354,NA,New Row: Needs Review,TADA.AliasMatch,NA
DICHLOROETHYLENE,"DICHLOROETHYLENE (1,2-TRANS)","TRANS-1,2-DICHLOROETHYLENE",NA,156605,NA,New Row: Needs Review,TADA.AliasMatch,NA
DICHLOROETHYLENE,"DICHLOROETHYLENE (CIS-1,2)","1,2-CIS-DICHLOROETHYLENE",NA,156592,NA,New Row: Needs Review,TADA.AliasMatch,NA
DICHLOROPROPANE,"DICHLOROPROPANE (1,2)","1,2-DICHLOROPROPANE",NA,78875,NA,New Row: Needs Review,TADA.AliasMatch,NA
DICHLOROPROPENE,DICHLOROPROPENE,DICHLOROPROPENE,NA,26952238,NA,New Row: Needs Review,TADA.AliasMatch,NA
DIDECYL DIMETHYL AMMONIUM CHLORIDE,CHLORIDE,CHLORIDE,NA,16887006,NA,New Row: Needs Review,TADA.AliasMatch,NA
DIDECYLDIMETHYLAMMONIUM BROMIDE,BROMIDE,BROMIDE,NA,NA,NA,New Row: Needs Review,TADA.AliasMatch,NA
DIDECYLDIMETHYLAMMONIUM CHLORIDE,CHLORIDE,CHLORIDE,NA,16887006,NA,New Row: Needs Review,TADA.AliasMatch,NA
DIDEMETHYL HEXAZINONE F,HEXAZINONE,HEXAZINONE,NA,51235042,NA,New Row: Needs Review,TADA.AliasMatch,NA
DIDEMETHYL TEBUTHIURON,TEBUTHIURON,TEBUTHIURON,NA,34014181,NA,New Row: Needs Review,TADA.AliasMatch,NA
DIDODECYLDIMETHYLAMMONIUM BROMIDE,BROMIDE,BROMIDE,NA,NA,NA,New Row: Needs Review,TADA.AliasMatch,NA
"DIETHYL 1,1,1,2,2,3-HEXAFLUORO-7-METHYLOCT-3-EN-4-YL PHOSPHATE",PHOSPHATE,PHOSPHATE,NA,NA,NA,New Row: Needs Review,TADA.AliasMatch,NA
"DIETHYL 1,1,1,2,2,3-HEXAFLUOROOCT-3-EN-4-YL PHOSPHATE",PHOSPHATE,PHOSPHATE,NA,NA,NA,New Row: Needs Review,TADA.AliasMatch,NA
"DIETHYL 2,2,3,3,4,4,4-HEPTAFLUOROBUTYL PHOSPHATE",PHOSPHATE,PHOSPHATE,NA,NA,NA,New Row: Needs Review,TADA.AliasMatch,NA
"DIETHYL 2,2,3,3,4,4,5,5-OCTAFLUOROPENTYL PHOSPHATE",PHOSPHATE,PHOSPHATE,NA,NA,NA,New Row: Needs Review,TADA.AliasMatch,NA
DIETHYL SULFATE,SULFATE,SULFATE,NA,NA,NA,New Row: Needs Review,TADA.AliasMatch,NA
DIETHYL SULFIDE,SULFIDE,SULFIDE,NA,NA,NA,New Row: Needs Review,TADA.AliasMatch,NA
DIETHYLENE GLYCOL NONYLPHENOL ETHER,NONYLPHENOL,NONYLPHENOL,NA,84852153,NA,New Row: Needs Review,TADA.AliasMatch,NA
DIFENZOQUAT METHYL SULFATE,SULFATE,SULFATE,NA,NA,NA,New Row: Needs Review,TADA.AliasMatch,NA
"DIFLUORO(1,1,2,2-TETRAFLUORO-2-IODOETHOXY)ACETYL FLUORIDE",FLUORIDE,FLUORIDE,NA,7681494,NA,New Row: Needs Review,TADA.AliasMatch,NA
"DIFLUORO[1,1,2,2-TETRAFLUORO-2-(FLUOROSULFONYL)ETHOXY]ACETYL CHLORIDE",CHLORIDE,CHLORIDE,NA,16887006,NA,New Row: Needs Review,TADA.AliasMatch,NA
"DIFLUORO[1,1,2,2-TETRAFLUORO-2-(NONAFLUOROBUTOXY)ETHOXY]ACETYL FLUORIDE",FLUORIDE,FLUORIDE,NA,7681494,NA,New Row: Needs Review,TADA.AliasMatch,NA
DIHEXADECYLDIMETHYLAMMONIUM BROMIDE,BROMIDE,BROMIDE,NA,NA,NA,New Row: Needs Review,TADA.AliasMatch,NA
DIMETHENAMID ESA,DIMETHENAMID,DIMETHENAMID,NA,NA,NA,New Row: Needs Review,TADA.AliasMatch,NA
DIMETHENAMID OA,DIMETHENAMID,DIMETHENAMID,NA,NA,NA,New Row: Needs Review,TADA.AliasMatch,NA
DIMETHENAMID OXANILIC ACID,DIMETHENAMID,DIMETHENAMID,NA,NA,NA,New Row: Needs Review,TADA.AliasMatch,NA
DIMETHENAMID SAA,DIMETHENAMID,DIMETHENAMID,NA,NA,NA,New Row: Needs Review,TADA.AliasMatch,NA
DIMETHENAMID SULFINYLACETIC ACID,DIMETHENAMID,DIMETHENAMID,NA,NA,NA,New Row: Needs Review,TADA.AliasMatch,NA
"DIMETHYL 1,1,2,2,2-PENTAFLUOROETHYL PHOSPHATE",PHOSPHATE,PHOSPHATE,NA,NA,NA,New Row: Needs Review,TADA.AliasMatch,NA
DIMETHYL METHYLPHOSPHONATE,DIMETHYL METHYLPHOSPHONATE,DIMETHYL METHYLPHOSPHONATE,NA,NA,NA,New Row: Needs Review,TADA.AliasMatch,NA
DIMETHYL SULFATE,SULFATE,SULFATE,NA,NA,NA,New Row: Needs Review,TADA.AliasMatch,NA
DIMETHYL SULFIDE,SULFIDE,SULFIDE,NA,NA,NA,New Row: Needs Review,TADA.AliasMatch,NA
DIMETHYLDIOCTYLAMMONIUM CHLORIDE,CHLORIDE,CHLORIDE,NA,16887006,NA,New Row: Needs Review,TADA.AliasMatch,NA
DIMETHYLDITETRADECYLAMMONIUM BROMIDE,BROMIDE,BROMIDE,NA,NA,NA,New Row: Needs Review,TADA.AliasMatch,NA
DIMETHYLVINYL CHLORIDE,CHLORIDE,CHLORIDE,NA,16887006,NA,New Row: Needs Review,TADA.AliasMatch,NA
DIOCTADECYLDIMETHYLAMMONIUM BROMIDE,BROMIDE,BROMIDE,NA,NA,NA,New Row: Needs Review,TADA.AliasMatch,NA
"DIOXIN AND FURAN MIXTURE, UNSPECIFIED",DIOXIN,"2,3,7,8-TCDD (DIOXIN)",NA,1746016,NA,New Row: Needs Review,TADA.AliasMatch,NA
DIPHENYL O-ISOPROPYLPHENYLPHENYL PHOSPHATE,PHOSPHATE,PHOSPHATE,NA,NA,NA,New Row: Needs Review,TADA.AliasMatch,NA
DIPHENYL P-TERT-BUTYLPHENYL PHOSPHATE,PHOSPHATE,PHOSPHATE,NA,NA,NA,New Row: Needs Review,TADA.AliasMatch,NA
DIPOTASSIUM ENDOTHALL,ENDOTHALL,ENDOTHALL,NA,145733,NA,New Row: Needs Review,TADA.AliasMatch,NA
DIPROPYL SULFIDE,SULFIDE,SULFIDE,NA,NA,NA,New Row: Needs Review,TADA.AliasMatch,NA
DIQUAT DIBROMIDE,DIQUAT,DIQUAT,NA,85007,NA,New Row: Needs Review,TADA.AliasMatch,NA
"DISODIUM 2,2,3,3,4,4,5,5,6,6,7,7-DODECAFLUOROHEPTYL PHOSPHATE",PHOSPHATE,PHOSPHATE,NA,NA,NA,New Row: Needs Review,TADA.AliasMatch,NA
DISODIUM 2-(N-ETHYLPERFLUOROOCTANE-1-SULFONAMIDO)ETHYL PHOSPHATE,PHOSPHATE,PHOSPHATE,NA,NA,NA,New Row: Needs Review,TADA.AliasMatch,NA
DISSOLVED GASES,DISSOLVED GASES,DISSOLVED GASES,NA,NA,NA,New Row: Needs Review,TADA.AliasMatch,NA
DISSOLVED GASES,"GASES, TOTAL DISSOLVED","GASES, TOTAL DISSOLVED",NA,NA,NA,New Row: Needs Review,TADA.AliasMatch,NA
DISSOLVED GASES,TOTAL DISSOLVED GASES,TOTAL DISSOLVED GASES,NA,NA,NA,New Row: Needs Review,TADA.AliasMatch,NA
DISSOLVED GASES - SATURATION,DISSOLVED GASES,DISSOLVED GASES,NA,NA,NA,New Row: Needs Review,TADA.AliasMatch,NA
DISSOLVED INORGANIC NITROGEN/SOLUBLE REACTIVE PHOSPHORUS RATIO,DISSOLVED INORGANIC PHOSPHORUS,DISSOLVED INORGANIC PHOSPHORUS,NA,NA,NA,New Row: Needs Review,TADA.AliasMatch,NA
DISSOLVED INORGANIC NITROGEN/SOLUBLE REACTIVE PHOSPHORUS RATIO,PHOSPHORUS,PHOSPHOROUS (YELLOW),NA,7723140,NA,New Row: Needs Review,TADA.AliasMatch,NA
DISSOLVED INORGANIC NITROGEN/TOTAL PHOSPHORUS RATIO,DISSOLVED INORGANIC PHOSPHORUS,DISSOLVED INORGANIC PHOSPHORUS,NA,NA,NA,New Row: Needs Review,TADA.AliasMatch,NA
DISSOLVED INORGANIC NITROGEN/TOTAL PHOSPHORUS RATIO,PHOSPHORUS,PHOSPHOROUS (YELLOW),NA,7723140,NA,New Row: Needs Review,TADA.AliasMatch,NA
DISSOLVED OXYGEN***RETIRED***USE DISSOLVED OXYGEN (DO),DISSOLVED OXYGEN,DISSOLVED OXYGEN,NA,7782447,NA,New Row: Needs Review,TADA.AliasMatch,NA
DISSOLVED OXYGEN***RETIRED***USE DISSOLVED OXYGEN (DO),OXYGEN,DISSOLVED OXYGEN,NA,7782447,NA,New Row: Needs Review,TADA.AliasMatch,NA
DISULFOTON OXON SULFONE,DISULFOTON,DISULFOTON,NA,298044,NA,New Row: Needs Review,TADA.AliasMatch,NA
DISULFOTON OXON SULFOXIDE,DISULFOTON,DISULFOTON,NA,298044,NA,New Row: Needs Review,TADA.AliasMatch,NA
DISULFOTON SULFOXIDE,DISULFOTON,DISULFOTON,NA,298044,NA,New Row: Needs Review,TADA.AliasMatch,NA
DIURON METABOLITE,DIURON,DIURON,NA,330541,NA,New Row: Needs Review,TADA.AliasMatch,NA
"DODECANOYL FLUORIDE, 2,2,3,3,4,4,5,5,6,6,7,7,8,8,9,9,10,10,11,12,12,12-DOCOSAFLUORO-11-(TRIFLUOROMETHYL)-",FLUORIDE,FLUORIDE,NA,7681494,NA,New Row: Needs Review,TADA.AliasMatch,NA
DODECYL SULFATE,SULFATE,SULFATE,NA,NA,NA,New Row: Needs Review,TADA.AliasMatch,NA
DYPHYLLINE,DYPHYLLINE,DYPHYLLINE,NA,479185,NA,New Row: Needs Review,TADA.AliasMatch,NA
EDDP PERCHLORATE,PERCHLORATE,PERCHLORATE,NA,7601903,NA,New Row: Needs Review,TADA.AliasMatch,NA
ENDOSULFAN AND METABOLITES,ENDOSULFAN,ENDOSULFAN,NA,115297,NA,New Row: Needs Review,TADA.AliasMatch,NA
ENDOSULFAN ETHER,ENDOSULFAN,ENDOSULFAN,NA,115297,NA,New Row: Needs Review,TADA.AliasMatch,NA
"ENDOSULFAN, ALPHA***RETIRED***USE .ALPHA.-ENDOSULFAN",ALPHA-ENDOSULFAN,ALPHA-ENDOSULFAN,NA,959988,NA,New Row: Needs Review,TADA.AliasMatch,NA
"ENDOSULFAN, ALPHA***RETIRED***USE .ALPHA.-ENDOSULFAN",ENDOSULFAN,ENDOSULFAN,NA,115297,NA,New Row: Needs Review,TADA.AliasMatch,NA
ENTEROHEMORRHAGIC E. COLI SHIGA TOXIN-1 GENE,E. COLI,E. COLI,NA,NA,NA,New Row: Needs Review,TADA.AliasMatch,NA
ENTEROHEMORRHAGIC E. COLI SHIGA TOXIN-2 GENE,E. COLI,E. COLI,NA,NA,NA,New Row: Needs Review,TADA.AliasMatch,NA
EQUILENIN SULFATE,SULFATE,SULFATE,NA,NA,NA,New Row: Needs Review,TADA.AliasMatch,NA
EQUILIN SULFATE,SULFATE,SULFATE,NA,NA,NA,New Row: Needs Review,TADA.AliasMatch,NA
"ETHANAMINIUM, N,N,N-TRIMETHYL-2-[(2-METHYL-1-OXO-2-PROPENYL)OXY]-, CHLORIDE, POLYMER WITH 2-ETHOXYETHYL 2-PROPENOATE, 2-[[(HEPTADECAFLUOROOCTYL)SULFONYL]METHYLAMINO]ETHYL-2-PROPENOATE AND OXIRANYLMETHYL 2-METHYL-2-PROPENOATE",CHLORIDE,CHLORIDE,NA,16887006,NA,New Row: Needs Review,TADA.AliasMatch,NA
"ETHANAMINIUM, N,N-DIETHYL-N-METHYL-2-[(2-METHYL-1-OXO-2-PROPENYL)OXY]-, METHYL SULFATE, POLYMER WITH 2-ETHYLHEXYL 2-METHYL-2-PROPENOATE, .ALPHA.-FLUORO-.OMEGA.-[2-[(2-METHYL-1-OXO-2-PROPENYL)OXY]ETHYL]POLY(DIFLUOROMETHYLENE), 2-HYDROXYETHYL 2-METHYL-2-PR",SULFATE,SULFATE,NA,NA,NA,New Row: Needs Review,TADA.AliasMatch,NA
"ETHANE, 2-(DIFLUOROMETHOXY)-1,1,1,2-TETRAFLUORO-, (+-)-","2,4,5-TRICHLOROTOLUENE ","2,4,5-TRICHLOROTOLUENE ",NA,NA,NA,New Row: Needs Review,TADA.AliasMatch,NA
"ETHANE, 2-(DIFLUOROMETHOXY)-1,1,1,2-TETRAFLUORO-, (+-)-","2,4,6-TRINITROTOLUENE ","2,4,6-TRINITROTOLUENE ",NA,NA,NA,New Row: Needs Review,TADA.AliasMatch,NA
"ETHANE, 2-(DIFLUOROMETHOXY)-1,1,1,2-TETRAFLUORO-, (+-)-",PENDIMETHALIN ,PENDIMETHALIN ,NA,NA,NA,New Row: Needs Review,TADA.AliasMatch,NA
"ETHANEHYDRAZONOYL FLUORIDE, 2,2,2-TRIFLUORO-N-(1,2,2,2-TETRAFLUOROETHYLIDENE)-",FLUORIDE,FLUORIDE,NA,7681494,NA,New Row: Needs Review,TADA.AliasMatch,NA
"ETHANEHYDRAZONOYL FLUORIDE, N-(1-CHLORO-2,2,2-TRIFLUOROETHYLIDENE)-2,2,2-TRIFLUORO-",FLUORIDE,FLUORIDE,NA,7681494,NA,New Row: Needs Review,TADA.AliasMatch,NA
"ETHANESULFONAMIDE, 1,1,2,2,2-PENTAFLUORO-N-[(1,1,2,2,2-PENTAFLUOROETHYL)SULFONYL]-, LITHIUM SALT (1:1)",LITHIUM,LITHIUM,NA,7439932,NA,New Row: Needs Review,TADA.AliasMatch,NA
"ETHANESULFONIC ACID, 1,1,2,2-TETRAFLUORO-2-[1,2,2-TRIFLUORO-2-[(TRIFLUOROETHENYL)OXY]-1-(TRIFLUOMETHYL)ETHOXYL]-, SODIUM SALT, POLYMER WITH TETRAFLUOROETHENE",SODIUM,SODIUM,NA,NA,NA,New Row: Needs Review,TADA.AliasMatch,NA
"ETHANESULFONIC ACID, 1,2,2,2-TETRAFLUORO-, COMPD. WITH PYRIDINE (1:1)",PYRIDINE,PYRIDINE,NA,110861,NA,New Row: Needs Review,TADA.AliasMatch,NA
"ETHANESULFONIC ACID, 2-[1-[DIFLUORO[(1,2,2-TRIFLUOROETHENYL)OXY]METHYL]-1,2,2,2-TETRAFLUOROETHOXY]-1,1,2,2-TETRAFLUORO-, POTASSIUM SALT (1:1), POLYMER WITH 1,1,2,2-TETRAFLUOROETHENE",POTASSIUM,POTASSIUM,NA,NA,NA,New Row: Needs Review,TADA.AliasMatch,NA
"ETHANESULFONIC ACID, 2-[1-[DIFLUORO[(TRIFLUOROETHENYL)OXYMETHYL]-1,2,2,2-TETRAFLUOROETHOXY]-1,1,2,2-TETRAFLUORO-, SODIUM SALT POLYMER WITH TETRAFLUOROETHENE",SODIUM,SODIUM,NA,NA,NA,New Row: Needs Review,TADA.AliasMatch,NA
"ETHANESULFONYL CHLORIDE, 1,1,2,2-TETRAFLUORO-2-[(TRIFLUOROETHENYL)OXY]-",CHLORIDE,CHLORIDE,NA,16887006,NA,New Row: Needs Review,TADA.AliasMatch,NA
"ETHANESULFONYL FLUORIDE, 1,1,2,2,2-PENTAFLUORO-",FLUORIDE,FLUORIDE,NA,7681494,NA,New Row: Needs Review,TADA.AliasMatch,NA
"ETHANESULFONYL FLUORIDE, 1,1,2,2-TETRAFLUORO-2-[(1,2,2-TRIFLUOROETHENYL)OXY]-",FLUORIDE,FLUORIDE,NA,7681494,NA,New Row: Needs Review,TADA.AliasMatch,NA
"ETHANESULFONYL FLUORIDE, 1,1,2,2-TETRAFLUORO-2-[(1,2,2-TRIFLUOROETHENYL)OXY]-, POLYMER WITH 1,1,2,2-TETRAFLUOROETHENE",FLUORIDE,FLUORIDE,NA,7681494,NA,New Row: Needs Review,TADA.AliasMatch,NA
"ETHANESULFONYL FLUORIDE, 1,1,2,2-TETRAFLUORO-2-[(1,2,2-TRIFLUOROETHENYL)OXY]-, POLYMER WITH 1,1,2,2-TETRAFLUOROETHENE, HYDROLYZED",FLUORIDE,FLUORIDE,NA,7681494,NA,New Row: Needs Review,TADA.AliasMatch,NA
"ETHANESULFONYL FLUORIDE, 1,1,2,2-TETRAFLUORO-2-[(1,2,2-TRIFLUOROETHENYL)OXY]-, POLYMER WITH 1,1,2,2-TETRAFLUOROETHENE, HYDROLYZED, LITHIUM SALTS",FLUORIDE,FLUORIDE,NA,7681494,NA,New Row: Needs Review,TADA.AliasMatch,NA
"ETHANESULFONYL FLUORIDE, 1,1,2,2-TETRAFLUORO-2-[(1,2,2-TRIFLUOROETHENYL)OXY]-, POLYMER WITH 1,1,2,2-TETRAFLUOROETHENE, HYDROLYZED, LITHIUM SALTS",LITHIUM,LITHIUM,NA,7439932,NA,New Row: Needs Review,TADA.AliasMatch,NA
"ETHANESULFONYL FLUORIDE, 1,2,2,2-TETRAFLUORO-",FLUORIDE,FLUORIDE,NA,7681494,NA,New Row: Needs Review,TADA.AliasMatch,NA
"ETHANESULFONYL FLUORIDE, 2-[1-[DIFLUORO[(1,2,2-TRIFLUOROETHENYL)OXY]METHYL]-1,2,2,2-TETRAFLUOROETHOXY]-1,1,2,2-TETRAFLUORO-",FLUORIDE,FLUORIDE,NA,7681494,NA,New Row: Needs Review,TADA.AliasMatch,NA
"ETHANESULFONYL FLUORIDE, 2-[1-[DIFLUORO[(1,2,2-TRIFLUOROETHENYL)OXY]METHYL]-1,2,2,2-TETRAFLUOROETHOXY]-1,1,2,2-TETRAFLUORO-, POLYMER WITH 1,1,2,2-TETRAFLUOROETHENE",FLUORIDE,FLUORIDE,NA,7681494,NA,New Row: Needs Review,TADA.AliasMatch,NA
"ETHANESULFONYL FLUORIDE, 2-[1-[DIFLUORO[(1,2,2-TRIFLUOROETHENYL)OXY]METHYL]-1,2,2,2-TETRAFLUOROETHOXY]-1,1,2,2-TETRAFLUORO-, POLYMER WITH 1,1,2,2-TETRAFLUOROETHENE, HYDROLYZED",FLUORIDE,FLUORIDE,NA,7681494,NA,New Row: Needs Review,TADA.AliasMatch,NA
"ETHANESULFONYL FLUORIDE, 2-[1-[DIFLUORO][(1,2,2-TRIFLUOROETHENYL)OXY]METHYL]-1,2,2,2-TETRAFLUOROETHOXY]-1,1,2,2-TETRAFLUORO-, POLYMER WITH 1,1,2,2-TETRAFLUOROETHENE, HYDROLYZED, POTASSIUM SALTS",FLUORIDE,FLUORIDE,NA,7681494,NA,New Row: Needs Review,TADA.AliasMatch,NA
"ETHANESULFONYL FLUORIDE, 2-[1-[DIFLUORO][(1,2,2-TRIFLUOROETHENYL)OXY]METHYL]-1,2,2,2-TETRAFLUOROETHOXY]-1,1,2,2-TETRAFLUORO-, POLYMER WITH 1,1,2,2-TETRAFLUOROETHENE, HYDROLYZED, POTASSIUM SALTS",POTASSIUM,POTASSIUM,NA,NA,NA,New Row: Needs Review,TADA.AliasMatch,NA
"ETHANETHIOYL FLUORIDE, TRIFLUORO-",FLUORIDE,FLUORIDE,NA,7681494,NA,New Row: Needs Review,TADA.AliasMatch,NA
"ETHANIMIDOYL CHLORIDE, 2,2,2-TRIFLUORO-N-[(2,2,2-TRIFLUOROACETYL)OXY]-",CHLORIDE,CHLORIDE,NA,16887006,NA,New Row: Needs Review,TADA.AliasMatch,NA
"ETHANIMIDOYL FLUORIDE, N-BROMO-2,2,2-TRIFLUORO-",FLUORIDE,FLUORIDE,NA,7681494,NA,New Row: Needs Review,TADA.AliasMatch,NA
"ETHANOL, 2,2'-IMINOBIS-, REACTION PRODUCTS WITH METHANOL AND REDUCED POLYMD. OXIDIZED 1,1,2,3,3,3-HEXAFLUORO-1-PROPENE",METHANOL,METHANOL,NA,67561,NA,New Row: Needs Review,TADA.AliasMatch,NA
"ETHANOL, 2-AMINO-, REACTION PRODUCTS WITH METHANOL AND REDUCED CHLORINE-POLYMD. OXIDIZED 1,1,2,3,3,3-HEXAFLUORO-1-PROPEN",METHANOL,METHANOL,NA,67561,NA,New Row: Needs Review,TADA.AliasMatch,NA
"ETHANOL, 2-AMINO-, REACTION PRODUCTS WITH METHANOL AND REDUCED CHLORINE-POLYMD. OXIDIZED 1,1,2,3,3,3-HEXAFLUORO-1-PROPENE TELOMER",METHANOL,METHANOL,NA,67561,NA,New Row: Needs Review,TADA.AliasMatch,NA
"ETHANOL, 2-AMINO-, REACTION PRODUCTS WITH METHANOL AND REDUCED POLYMD. OXIDIZED 1,1,2,3,3,3-HEXAFLUORO-1-PROPENE",METHANOL,METHANOL,NA,67561,NA,New Row: Needs Review,TADA.AliasMatch,NA
"ETHANOL, MIXT. WITH 1,1,2-TRICHLORO-1,2,2-TRIFLUOROETHANE","1,1,2-TRICHLORO-1,2,2-TRIFLUOROETHANE","1,1,2-TRICHLORO-1,2,2-TRIFLUOROETHANE",NA,76131,NA,New Row: Needs Review,TADA.AliasMatch,NA
"ETHENE, TETRAFLUORO-, OXIDIZED, POLYMD., REDUCED, ME ESTERS, REACTION PRODUCTS WITH AMMONIA",AMMONIA,AMMONIA,NA,7664417,NA,New Row: Needs Review,TADA.AliasMatch,NA
"ETHENE, TETRAFLUORO-, OXIDIZED, POLYMD., REDUCED, ME ESTERS, REACTION PRODUCTS WITH AMMONIA, DEHYDRATED",AMMONIA,AMMONIA,NA,7664417,NA,New Row: Needs Review,TADA.AliasMatch,NA
"ETHENE, TETRAFLUORO-, OXIDIZED, POLYMD., REDUCED, ME ESTERS, REACTION PRODUCTS WITH AMMONIA, REDUCED",AMMONIA,AMMONIA,NA,7664417,NA,New Row: Needs Review,TADA.AliasMatch,NA
ETHION DIOXON,ETHION,ETHION,NA,NA,NA,New Row: Needs Review,TADA.AliasMatch,NA
ETHION MONOOXON,ETHION,ETHION,NA,NA,NA,New Row: Needs Review,TADA.AliasMatch,NA
ETHYL METHYL SULFIDE,SULFIDE,SULFIDE,NA,NA,NA,New Row: Needs Review,TADA.AliasMatch,NA
ETHYL ZIRAM,ZIRAM,ZIRAM,NA,NA,NA,New Row: Needs Review,TADA.AliasMatch,NA
ETHYLENE DIBROMIDE,ETHYLENE DIBROMIDE,"1,2-DIBROMOETHANE",NA,106934,NA,New Row: Needs Review,TADA.AliasMatch,NA
ETHYLENE GLYCOL DIETHYL ETHER,ETHYLENE GLYCOL,ETHYLENE GLYCOL,NA,107211,NA,New Row: Needs Review,TADA.AliasMatch,NA
ETHYLENE GLYCOL DINITRATE,ETHYLENE GLYCOL,ETHYLENE GLYCOL,NA,107211,NA,New Row: Needs Review,TADA.AliasMatch,NA
ETHYLENE GLYCOL MONOBUTYL ETHER,ETHYLENE GLYCOL,ETHYLENE GLYCOL,NA,107211,NA,New Row: Needs Review,TADA.AliasMatch,NA
ETHYLENE GLYCOL MONOETHYL ETHER ACETATE,ETHYLENE GLYCOL,ETHYLENE GLYCOL,NA,107211,NA,New Row: Needs Review,TADA.AliasMatch,NA
EXCHANGEABLE PHOSPHORUS,PHOSPHORUS,PHOSPHOROUS (YELLOW),NA,7723140,NA,New Row: Needs Review,TADA.AliasMatch,NA
"FATS, OILS, GREASE",OILS,OIL AND GREASE,NA,NA,NA,New Row: Needs Review,TADA.AliasMatch,NA
"FATS, OILS, GREASE","OILS, FATS, AND GREASE",OIL AND GREASE,NA,NA,NA,New Row: Needs Review,TADA.AliasMatch,NA
"FATTY ACIDS, TALL-OIL, POLYMERS WITH BISPHENOL A, EPICHLOROHYDRIN AND MALEIC ANHYDRIDE, COMPDS. WITH TRIISOPROPANOLAMINE",EPICHLOROHYDRIN,EPICHLOROHYDRIN,NA,106898,NA,New Row: Needs Review,TADA.AliasMatch,NA
FECAL STREPTOCOCCUS GROUP BACTERIA,BACTERIA,BACTERIA,NA,NA,NA,New Row: Needs Review,TADA.AliasMatch,NA
FENAMIPHOS SULFONE,FENAMIPHOS,FENAMIPHOS,NA,22224926,NA,New Row: Needs Review,TADA.AliasMatch,NA
FENAMIPHOS SULFOXIDE,FENAMIPHOS,FENAMIPHOS,NA,22224926,NA,New Row: Needs Review,TADA.AliasMatch,NA
FENTHION SULFONE OXYGEN ANALOG,OXYGEN,DISSOLVED OXYGEN,NA,7782447,NA,New Row: Needs Review,TADA.AliasMatch,NA
FERBAM,FERBAM,FERBAM,NA,NA,NA,New Row: Needs Review,TADA.AliasMatch,NA
FILAMENTOUS ALGAE COVERING STREAMBED (CHOICE LIST),FILAMENTOUS ALGAE,FILAMENTOUS ALGAE,NA,NA,NA,New Row: Needs Review,TADA.AliasMatch,NA
FIPRONIL AMIDE,FIPRONIL,FIPRONIL,NA,NA,NA,New Row: Needs Review,TADA.AliasMatch,NA
FIPRONIL DETRIFLUOROMETHYLSULFINYL,FIPRONIL,FIPRONIL,NA,NA,NA,New Row: Needs Review,TADA.AliasMatch,NA
FIPRONIL SULFONATE,FIPRONIL,FIPRONIL,NA,NA,NA,New Row: Needs Review,TADA.AliasMatch,NA
FISH COVER - FILAMENTOUS ALGAE (CHOICE LIST),FILAMENTOUS ALGAE,FILAMENTOUS ALGAE,NA,NA,NA,New Row: Needs Review,TADA.AliasMatch,NA
FIXED DISSOLVED SOLIDS,DISSOLVED SOLIDS,DISSOLVED SOLIDS,NA,NA,NA,New Row: Needs Review,TADA.AliasMatch,NA
FIXED SUSPENDED SOLIDS,SUSPENDED SOLIDS,SOLIDS SUSPENDED AND TURBIDITY,NA,NA,NA,New Row: Needs Review,TADA.AliasMatch,NA
FLOW,WATER FLOW,WATER FLOW,NA,NA,NA,New Row: Needs Review,TADA.AliasMatch,NA
FLUCARBAZONE,FLUCARBAZONE SULFONAMIDE,FLUCARBAZONE SULFONAMIDE,NA,NA,NA,New Row: Needs Review,TADA.AliasMatch,NA
FLUROXYPYR 1-METHYLHEPTYL ESTER,FLUROXYPYR,FLUROXYPYR,NA,NA,NA,New Row: Needs Review,TADA.AliasMatch,NA
FONOFOS OXON,FONOFOS,FONOFOS,NA,944229,NA,New Row: Needs Review,TADA.AliasMatch,NA
FREE MINERAL ACIDITY (FMA),ACIDITY,ACIDITY,NA,NA,NA,New Row: Needs Review,TADA.AliasMatch,NA
FUEL OIL #5,OIL,OIL AND GREASE,NA,NA,NA,New Row: Needs Review,TADA.AliasMatch,NA
FUEL OIL #6,OIL,OIL AND GREASE,NA,NA,NA,New Row: Needs Review,TADA.AliasMatch,NA
FUEL OIL NO. 1,OIL,OIL AND GREASE,NA,NA,NA,New Row: Needs Review,TADA.AliasMatch,NA
FUEL OIL NO. 2,OIL,OIL AND GREASE,NA,NA,NA,New Row: Needs Review,TADA.AliasMatch,NA
GAMMA-HCH (LINDANE)***RETIRED***USE LINDANE,LINDANE,GAMMA-HEXACHLOROCYCLOHEXANE (HCH) (LINDANE),NA,58899,NA,New Row: Needs Review,TADA.AliasMatch,NA
GIARDIA,GIARDIA IAMBLIA,GIARDIA IAMBLIA,NA,NA,NA,New Row: Needs Review,TADA.AliasMatch,NA
"GLYCINE, N,N-BIS[2-HYDROXY-3-(2-PROPEN-1-YLOXY)PROPYL]-, SODIUM SALT (1:1), REACTION PRODUCTS WITH AMMONIUM HYDROXIDE AND 1,1,1,2,2-PENTAFLUORO-2-IODOETHANE-TETRAFLUOROETHYLENE TELOMER",SODIUM,SODIUM,NA,NA,NA,New Row: Needs Review,TADA.AliasMatch,NA
"GLYCINE, N-(ETHYLSULFONYL)-N-(HEPTADECAFLUOROOCTYL)-, POTASSIUM SALT",POTASSIUM,POTASSIUM,NA,NA,NA,New Row: Needs Review,TADA.AliasMatch,NA
"GLYCINE, N-ETHYL-N-[(1,1,2,2,3,3,4,4,4-NONAFLUOROBUTYL)SULFONYL]-, POTASSIUM SALT (1:1)",POTASSIUM,POTASSIUM,NA,NA,NA,New Row: Needs Review,TADA.AliasMatch,NA
"GLYCINE, N-ETHYL-N-[(1,1,2,2,3,3,4,4,4-NONAFLUOROBUTYL)SULFONYL]-, SODIUM SALT (1:1)",SODIUM,SODIUM,NA,NA,NA,New Row: Needs Review,TADA.AliasMatch,NA
"GLYCINE, N-ETHYL-N-[(1,1,2,2,3,3,4,4,5,5,5-UNDECAFLUOROPENTYL)SULFONYL]-, POTASSIUM SALT (1:1)***RETIRED***USE GLYCINE, N-ETHYL-N-[(UNDECAFLUOROPENTYL)SULFONYL]-, POTASSIUM SALT",POTASSIUM,POTASSIUM,NA,NA,NA,New Row: Needs Review,TADA.AliasMatch,NA
"GLYCINE, N-ETHYL-N-[(1,1,2,2,3,3,4,4,5,5,5-UNDECAFLUOROPENTYL)SULFONYL]-, SODIUM SALT (1:1)",SODIUM,SODIUM,NA,NA,NA,New Row: Needs Review,TADA.AliasMatch,NA
"GLYCINE, N-ETHYL-N-[(1,1,2,2,3,3,4,4,5,5,6,6,6-TRIDECAFLUOROHEXYL)SULFONYL]-, POTASSIUM SALT (1:1)***RETIRED***USE GLYCINE, N-ETHYL-N-[(TRIDECAFLUOROHEXYL)SULFONYL]-, POTASSIUM SALT",POTASSIUM,POTASSIUM,NA,NA,NA,New Row: Needs Review,TADA.AliasMatch,NA
"GLYCINE, N-ETHYL-N-[(1,1,2,2,3,3,4,4,5,5,6,6,6-TRIDECAFLUOROHEXYL)SULFONYL]-, SODIUM SALT (1:1)",SODIUM,SODIUM,NA,NA,NA,New Row: Needs Review,TADA.AliasMatch,NA
"GLYCINE, N-ETHYL-N-[(1,1,2,2,3,3,4,4,5,5,6,6,7,7,7-PENTADECAFLUOROHEPTYL)SULFONYL]-, POTASSIUM SALT (1:1)***RETIRED***USE GLYCINE, N-ETHYL-N-[(PENTADECAFLUOROHEPTYL)SULFONYL]-, POTASSIUM SALT",POTASSIUM,POTASSIUM,NA,NA,NA,New Row: Needs Review,TADA.AliasMatch,NA
"GLYCINE, N-ETHYL-N-[(1,1,2,2,3,3,4,4,5,5,6,6,7,7,7-PENTADECAFLUOROHEPTYL)SULFONYL]-, SODIUM SALT (1:1)",SODIUM,SODIUM,NA,NA,NA,New Row: Needs Review,TADA.AliasMatch,NA
"GLYCINE, N-ETHYL-N-[(1,1,2,2,3,3,4,4,5,5,6,6,7,7,8,8,8-HEPTADECAFLUOROOCTYL)SULFONYL]-, POTASSIUM SALT (1:1)***RETIRED***USE GLYCINE, N-ETHYL-N-[(HEPTADECAFLUOROOCTYL)SULFONYL]-, POTASSIUM SALT",POTASSIUM,POTASSIUM,NA,NA,NA,New Row: Needs Review,TADA.AliasMatch,NA
"GLYCINE, N-ETHYL-N-[(1,1,2,2,3,3,4,4,5,5,6,6,7,7,8,8,8-HEPTADECAFLUOROOCTYL)SULFONYL]-, SODIUM SALT (1:1)",SODIUM,SODIUM,NA,NA,NA,New Row: Needs Review,TADA.AliasMatch,NA
"GLYCINE, N-ETHYL-N-[(HEPTADECAFLUOROOCTYL)SULFONYL]-, POTASSIUM SALT",POTASSIUM,POTASSIUM,NA,NA,NA,New Row: Needs Review,TADA.AliasMatch,NA
"GLYCINE, N-ETHYL-N-[(PENTADECAFLUOROHEPTYL)SULFONYL]-, POTASSIUM SALT",POTASSIUM,POTASSIUM,NA,NA,NA,New Row: Needs Review,TADA.AliasMatch,NA
"GLYCINE, N-ETHYL-N-[(TRIDECAFLUOROHEXYL)SULFONYL]-, POTASSIUM SALT",POTASSIUM,POTASSIUM,NA,NA,NA,New Row: Needs Review,TADA.AliasMatch,NA
"GLYCINE, N-ETHYL-N-[(UNDECAFLUOROPENTYL)SULFONYL]-, POTASSIUM SALT",POTASSIUM,POTASSIUM,NA,NA,NA,New Row: Needs Review,TADA.AliasMatch,NA
"GLYCINE, N-[(1,1,2,2,3,3,4,4,5,5,6,6,7,7,8,8,8-HEPTADECAFLUOROOCTYL)SULFONYL]-N-PROPYL-, POTASSIUM SALT (1:1)***RETIRED***USE GLYCINE, N-[(HEPTADECAFLUOROOCTYL)SULFONYL]-N-PROPYL-, POTASSIUM SALT",POTASSIUM,POTASSIUM,NA,NA,NA,New Row: Needs Review,TADA.AliasMatch,NA
"GLYCINE, N-[(HEPTADECAFLUOROOCTYL)SULFONYL]-N-METHYL-, CHROMIUM COMPLEX",CHROMIUM,CHROMIUM,NA,7440473,NA,New Row: Needs Review,TADA.AliasMatch,NA
"GLYCINE, N-[(HEPTADECAFLUOROOCTYL)SULFONYL]-N-PROPYL-, POTASSIUM SALT",POTASSIUM,POTASSIUM,NA,NA,NA,New Row: Needs Review,TADA.AliasMatch,NA
GLYCOL HYDROLYZING BACTERIA,BACTERIA,BACTERIA,NA,NA,NA,New Row: Needs Review,TADA.AliasMatch,NA
GROSS ALPHA RADIOACTIVITY,ALPHA PARTICLES (GROSS) RADIOACTIVITY,GROSS ALPHA PARTICLES,NA,NA,NA,New Row: Needs Review,TADA.AliasMatch,NA
GROSS ALPHA RADIOACTIVITY,GROSS ALPHA,GROSS ALPHA PARTICLES,NA,NA,NA,New Row: Needs Review,TADA.AliasMatch,NA
GROSS ALPHA RADIOACTIVITY,RADIOACTIVITY,RADIOACTIVITY,NA,NA,NA,New Row: Needs Review,TADA.AliasMatch,NA
"GROSS ALPHA RADIOACTIVITY, (AMERICIUM-241 REF STD)",GROSS ALPHA,GROSS ALPHA PARTICLES,NA,NA,NA,New Row: Needs Review,TADA.AliasMatch,NA
"GROSS ALPHA RADIOACTIVITY, (AMERICIUM-241 REF STD)",RADIOACTIVITY,RADIOACTIVITY,NA,NA,NA,New Row: Needs Review,TADA.AliasMatch,NA
"GROSS ALPHA RADIOACTIVITY, (NAT-URANIUM REF STD)",GROSS ALPHA,GROSS ALPHA PARTICLES,NA,NA,NA,New Row: Needs Review,TADA.AliasMatch,NA
"GROSS ALPHA RADIOACTIVITY, (NAT-URANIUM REF STD)",RADIOACTIVITY,RADIOACTIVITY,NA,NA,NA,New Row: Needs Review,TADA.AliasMatch,NA
"GROSS ALPHA RADIOACTIVITY, (PLUTONIUM-239 REF STD)",GROSS ALPHA,GROSS ALPHA PARTICLES,NA,NA,NA,New Row: Needs Review,TADA.AliasMatch,NA
"GROSS ALPHA RADIOACTIVITY, (PLUTONIUM-239 REF STD)",RADIOACTIVITY,RADIOACTIVITY,NA,NA,NA,New Row: Needs Review,TADA.AliasMatch,NA
"GROSS ALPHA RADIOACTIVITY, (THORIUM-230 REF STD)",GROSS ALPHA,GROSS ALPHA PARTICLES,NA,NA,NA,New Row: Needs Review,TADA.AliasMatch,NA
"GROSS ALPHA RADIOACTIVITY, (THORIUM-230 REF STD)",RADIOACTIVITY,RADIOACTIVITY,NA,NA,NA,New Row: Needs Review,TADA.AliasMatch,NA
GROSS BETA RADIOACTIVITY,GROSS BETA,GROSS BETA PARTICLES,NA,NA,NA,New Row: Needs Review,TADA.AliasMatch,NA
GROSS BETA RADIOACTIVITY,GROSS BETA RADIOACTIVITY,GROSS BETA PARTICLES,NA,NA,NA,New Row: Needs Review,TADA.AliasMatch,NA
GROSS BETA RADIOACTIVITY,RADIOACTIVITY,RADIOACTIVITY,NA,NA,NA,New Row: Needs Review,TADA.AliasMatch,NA
"GROSS BETA RADIOACTIVITY, (CESIUM-137 REF STD)",CESIUM-137,CESIUM-137,NA,10045973,NA,New Row: Needs Review,TADA.AliasMatch,NA
"GROSS BETA RADIOACTIVITY, (CESIUM-137 REF STD)",GROSS BETA,GROSS BETA PARTICLES,NA,NA,NA,New Row: Needs Review,TADA.AliasMatch,NA
"GROSS BETA RADIOACTIVITY, (CESIUM-137 REF STD)",GROSS BETA RADIOACTIVITY,GROSS BETA PARTICLES,NA,NA,NA,New Row: Needs Review,TADA.AliasMatch,NA
"GROSS BETA RADIOACTIVITY, (CESIUM-137 REF STD)",RADIOACTIVITY,RADIOACTIVITY,NA,NA,NA,New Row: Needs Review,TADA.AliasMatch,NA
"GROSS BETA RADIOACTIVITY, (STRONTIUM-YTTRIUM-90 REF STD)",GROSS BETA,GROSS BETA PARTICLES,NA,NA,NA,New Row: Needs Review,TADA.AliasMatch,NA
"GROSS BETA RADIOACTIVITY, (STRONTIUM-YTTRIUM-90 REF STD)",GROSS BETA RADIOACTIVITY,GROSS BETA PARTICLES,NA,NA,NA,New Row: Needs Review,TADA.AliasMatch,NA
"GROSS BETA RADIOACTIVITY, (STRONTIUM-YTTRIUM-90 REF STD)",RADIOACTIVITY,RADIOACTIVITY,NA,NA,NA,New Row: Needs Review,TADA.AliasMatch,NA
H+D2965EPTAFLUOROBUTANOYL BROMIDE,BROMIDE,BROMIDE,NA,NA,NA,New Row: Needs Review,TADA.AliasMatch,NA
HAA5,DIBROMOACETIC ACID (HAA5),DIBROMOACETIC ACID (HAA5),NA,631641,NA,New Row: Needs Review,TADA.AliasMatch,NA
HAA5,DICHLORACETIC ACID (HAA5),DICHLORACETIC ACID (HAA5),NA,79436,NA,New Row: Needs Review,TADA.AliasMatch,NA
HAA5,MONOCHLORACETIC ACID (HAA5),MONOCHLORACETIC ACID (HAA5),NA,79118,NA,New Row: Needs Review,TADA.AliasMatch,NA
HAA5,TRICHLOROACETIC ACID (HAA5),TRICHLOROACETIC ACID (HAA5),NA,76039,NA,New Row: Needs Review,TADA.AliasMatch,NA
"HABITAT COVER, FILAMENTOUS ALGAE (CHOICE LIST)",FILAMENTOUS ALGAE,FILAMENTOUS ALGAE,NA,NA,NA,New Row: Needs Review,TADA.AliasMatch,NA
HALOACETIC ACIDS,HALOACETIC ACIDS (FIVE),HALOACETIC ACIDS (FIVE),NA,NA,NA,New Row: Needs Review,TADA.AliasMatch,NA
HARDNESS,HARDNESS,HARDNESS,NA,NA,NA,New Row: Needs Review,TADA.AliasMatch,NA
"HARDNESS, CA, MG",HARDNESS,HARDNESS,NA,NA,NA,New Row: Needs Review,TADA.AliasMatch,NA
"HARDNESS, CALCIUM",CALCIUM,CALCIUM,NA,NA,NA,New Row: Needs Review,TADA.AliasMatch,NA
"HARDNESS, CALCIUM",HARDNESS,HARDNESS,NA,NA,NA,New Row: Needs Review,TADA.AliasMatch,NA
"HARDNESS, CARBONATE",HARDNESS,HARDNESS,NA,NA,NA,New Row: Needs Review,TADA.AliasMatch,NA
"HARDNESS, MAGNESIUM",HARDNESS,HARDNESS,NA,NA,NA,New Row: Needs Review,TADA.AliasMatch,NA
"HARDNESS, MAGNESIUM",MAGNESIUM,MAGNESIUM,NA,7439954,NA,New Row: Needs Review,TADA.AliasMatch,NA
"HARDNESS, NON-CARBONATE",HARDNESS,HARDNESS,NA,NA,NA,New Row: Needs Review,TADA.AliasMatch,NA
HENTRIACONTAFLUOROHEXADECANOYL FLUORIDE,FLUORIDE,FLUORIDE,NA,7681494,NA,New Row: Needs Review,TADA.AliasMatch,NA
HEPTACHLOR AND HEPTACHLOR EPOXIDE,HEPTACHLOR,HEPTACHLOR,NA,76448,NA,New Row: Needs Review,TADA.AliasMatch,NA
HEPTACHLOR AND HEPTACHLOR EPOXIDE,HEPTACHLOR EPOXIDE,HEPTACHLOR EPOXIDE,NA,1024573,NA,New Row: Needs Review,TADA.AliasMatch,NA
HEPTACHLOR EPOXIDE A,HEPTACHLOR,HEPTACHLOR,NA,76448,NA,New Row: Needs Review,TADA.AliasMatch,NA
HEPTACHLOR EPOXIDE A,HEPTACHLOR EPOXIDE,HEPTACHLOR EPOXIDE,NA,1024573,NA,New Row: Needs Review,TADA.AliasMatch,NA
HEPTACHLOR EPOXIDE B,HEPTACHLOR,HEPTACHLOR,NA,76448,NA,New Row: Needs Review,TADA.AliasMatch,NA
HEPTACHLOR EPOXIDE B,HEPTACHLOR EPOXIDE,HEPTACHLOR EPOXIDE,NA,1024573,NA,New Row: Needs Review,TADA.AliasMatch,NA
HEPTADECAFLUORONONANOYL BROMIDE,BROMIDE,BROMIDE,NA,NA,NA,New Row: Needs Review,TADA.AliasMatch,NA
HEPTADECAFLUORONONANOYL FLUORIDE,FLUORIDE,FLUORIDE,NA,7681494,NA,New Row: Needs Review,TADA.AliasMatch,NA
HEPTAFLUOROPROPANE-1-SULFONYL CHLORIDE,CHLORIDE,CHLORIDE,NA,16887006,NA,New Row: Needs Review,TADA.AliasMatch,NA
"HEPTANOIC ACID, 2,2,3,3,4,4,5,5,6,6,7,7,7-TRIDECAFLUORO-, SODIUM SALT (1:1)",SODIUM,SODIUM,NA,NA,NA,New Row: Needs Review,TADA.AliasMatch,NA
"HEPTANOIC ACID, 2,2,3,3,4,4,5,5,6,7,7,7-DODECAFLUORO-6-(TRIFLUOROMETHYL)-, CHROMIUM SALT (1:?)",CHROMIUM,CHROMIUM,NA,7440473,NA,New Row: Needs Review,TADA.AliasMatch,NA
"HEPTANOIC ACID, 2,2,3,3,4,4,5,5,6,7,7,7-DODECAFLUORO-6-(TRIFLUOROMETHYL)-, IRON SALT (1:?)",IRON,IRON,NA,7439896,NA,New Row: Needs Review,TADA.AliasMatch,NA
"HEPTANOYL FLUORIDE, 2,2,3,3,4,4,5,5,6,6,7,7,7-TRIDECAFLUORO-",FLUORIDE,FLUORIDE,NA,7681494,NA,New Row: Needs Review,TADA.AliasMatch,NA
HEPTYL SULFATE,SULFATE,SULFATE,NA,NA,NA,New Row: Needs Review,TADA.AliasMatch,NA
HETEROTROPHIC BACTERIA,BACTERIA,BACTERIA,NA,NA,NA,New Row: Needs Review,TADA.AliasMatch,NA
HEXABROMODIPHENYL ETHER,HEXABROMODIPHENYL ETHER,HEXABROMODIPHENYL ETHER,NA,68631492,NA,New Row: Needs Review,TADA.AliasMatch,NA
HEXACHLORODIBENZO-P-DIOXIN,"HEXACHLORODIBENZO-P-DIOXIN (1,2,3,7,8,9-HCDD)","HEXACHLORODIBENZO-P-DIOXIN (1,2,3,7,8,9-HCDD)",NA,19408743,NA,New Row: Needs Review,TADA.AliasMatch,NA
"HEXADECAFLUORO-1,4-PIPERAZINEDIETHANESULFINIC ACID SODIUM SALT (1:2)",SODIUM,SODIUM,NA,NA,NA,New Row: Needs Review,TADA.AliasMatch,NA
HEXADECYL SULFATE,SULFATE,SULFATE,NA,NA,NA,New Row: Needs Review,TADA.AliasMatch,NA
HEXAFLUOROPROPYLENE OXIDE DIMER ACID,HEXAFLUOROPROPYLENE OXIDE DIMER ACID (HFPO-DA),HEXAFLUOROPROPYLENE OXIDE DIMER ACID (HFPO-DA),NA,13252136,NA,New Row: Needs Review,TADA.AliasMatch,NA
"HEXANOIC ACID, 2,2,3,3,4,4,5,5,6,6,6-UNDECAFLUORO-, SODIUM SALT (1:1)",SODIUM,SODIUM,NA,NA,NA,New Row: Needs Review,TADA.AliasMatch,NA
"HEXANOYL FLUORIDE, 2,2,3,3,4,4,5,5,6,6,6-UNDECAFLUORO-",FLUORIDE,FLUORIDE,NA,7681494,NA,New Row: Needs Review,TADA.AliasMatch,NA
"HEXANOYL FLUORIDE, 2,2,3,3,4,4,5,6,6,6-DECAFLUORO-5-(TRIFLUOROMETHYL)-",FLUORIDE,FLUORIDE,NA,7681494,NA,New Row: Needs Review,TADA.AliasMatch,NA
HEXAZINONE TP C,HEXAZINONE,HEXAZINONE,NA,51235042,NA,New Row: Needs Review,TADA.AliasMatch,NA
HEXAZINONE TP D,HEXAZINONE,HEXAZINONE,NA,51235042,NA,New Row: Needs Review,TADA.AliasMatch,NA
HEXAZINONE TP E,HEXAZINONE,HEXAZINONE,NA,51235042,NA,New Row: Needs Review,TADA.AliasMatch,NA
HEXAZINONE TP F,HEXAZINONE,HEXAZINONE,NA,51235042,NA,New Row: Needs Review,TADA.AliasMatch,NA
HEXAZINONE TP G,HEXAZINONE,HEXAZINONE,NA,51235042,NA,New Row: Needs Review,TADA.AliasMatch,NA
HEXAZINONE TRANSFORMATION PRODUCT C,HEXAZINONE,HEXAZINONE,NA,51235042,NA,New Row: Needs Review,TADA.AliasMatch,NA
HEXAZINONE TRANSFORMATION PRODUCT D,HEXAZINONE,HEXAZINONE,NA,51235042,NA,New Row: Needs Review,TADA.AliasMatch,NA
HEXAZINONE TRANSFORMATION PRODUCT E,HEXAZINONE,HEXAZINONE,NA,51235042,NA,New Row: Needs Review,TADA.AliasMatch,NA
"HEXENE, UNDECAFLUORO(4-?SULFOPHENOXY)?-?, SODIUM SALT",SODIUM,SODIUM,NA,NA,NA,New Row: Needs Review,TADA.AliasMatch,NA
"HEXOPYRANOSYL CHLORIDE, 2,3,6-TRIDEOXY-3-[(2,2,2-TRIFLUOROACETYL)AMINO]-, 4-(2,2,2-TRIFLUOROACETATE)",CHLORIDE,CHLORIDE,NA,16887006,NA,New Row: Needs Review,TADA.AliasMatch,NA
"HYDRAZINE, (2,2,3,3-TETRAFLUOROPROPYL)-",HYDRAZINE,HYDRAZINE,NA,302012,NA,New Row: Needs Review,TADA.AliasMatch,NA
"HYDRAZINE, [3-(1,1,2,2-TETRAFLUOROETHOXY)PHENYL]-",HYDRAZINE,HYDRAZINE,NA,302012,NA,New Row: Needs Review,TADA.AliasMatch,NA
HYDROGEN,HYDROGEN SULFIDE,HYDROGEN SULFIDE,NA,7783064,NA,New Row: Needs Review,TADA.AliasMatch,NA
HYDROGEN,SULFIDE (UNDISSOCIATED HYDROGEN SULFIDE),SULFIDE,NA,NA,NA,New Row: Needs Review,TADA.AliasMatch,NA
HYDROGEN CYANIDE,CYANIDE,CYANIDE,NA,57125,NA,New Row: Needs Review,TADA.AliasMatch,NA
HYDROLYZABLE PHOSPHORUS,PHOSPHORUS,PHOSPHOROUS (YELLOW),NA,7723140,NA,New Row: Needs Review,TADA.AliasMatch,NA
"HYDROLYZABLE PHOSPHORUS PLUS ORTHOPHOSPHATE***RETIRED***USE PHOSPHORUS, HYDROLYZABLE PLUS ORTHOPHOSPHATE",ORTHOPHOSPHATE,ORTHOPHOSPHATE,NA,NA,NA,New Row: Needs Review,TADA.AliasMatch,NA
"HYDROLYZABLE PHOSPHORUS PLUS ORTHOPHOSPHATE***RETIRED***USE PHOSPHORUS, HYDROLYZABLE PLUS ORTHOPHOSPHATE",PHOSPHORUS,PHOSPHOROUS (YELLOW),NA,7723140,NA,New Row: Needs Review,TADA.AliasMatch,NA
HYDROXY DIDEMETHYL FLUOMETURON,FLUOMETURON,FLUOMETURON,NA,2164172,NA,New Row: Needs Review,TADA.AliasMatch,NA
HYDROXY MONO DEMETHYL FLUOMETURON,FLUOMETURON,FLUOMETURON,NA,2164172,NA,New Row: Needs Review,TADA.AliasMatch,NA
HYDROXY MONODEMETHYL FLUOMETURON,FLUOMETURON,FLUOMETURON,NA,2164172,NA,New Row: Needs Review,TADA.AliasMatch,NA
HYDROXYCHLOROQUINE SULFATE,SULFATE,SULFATE,NA,NA,NA,New Row: Needs Review,TADA.AliasMatch,NA
IMAZALIL SULFATE,IMAZALIL,IMAZALIL,NA,NA,NA,New Row: Needs Review,TADA.AliasMatch,NA
IMAZALIL SULFATE,SULFATE,SULFATE,NA,NA,NA,New Row: Needs Review,TADA.AliasMatch,NA
IMIDACLOPRID DESNITRO,IMIDACLOPRID,IMIDACLOPRID,NA,138261413,NA,New Row: Needs Review,TADA.AliasMatch,NA
IMIDACLOPRID DESNITRO-OLEFIN,IMIDACLOPRID,IMIDACLOPRID,NA,138261413,NA,New Row: Needs Review,TADA.AliasMatch,NA
IMIDACLOPRID DESNITRO-OLEFIN HYDROCHLORIDE,IMIDACLOPRID,IMIDACLOPRID,NA,138261413,NA,New Row: Needs Review,TADA.AliasMatch,NA
"IMIDODICARBONIC DIAMIDE, N,N',2-TRIS(6-ISOCYANATOHEXYL)-, REACTION PRODUCTS WITH ETHYLENE GLYCOL, .ALPHA.-FLUORO-.OMEGA.-[2-[(1-OXO-2-PROPENYL)OXY]ETHYL]POLY(DIFLUOROMETHYLENE), GLYCIDOL AND 2,4-TDI",ETHYLENE GLYCOL,ETHYLENE GLYCOL,NA,107211,NA,New Row: Needs Review,TADA.AliasMatch,NA
IMMEDIATE OXYGEN DEMAND,OXYGEN,DISSOLVED OXYGEN,NA,7782447,NA,New Row: Needs Review,TADA.AliasMatch,NA
INHIBITED BIOCHEMICAL OXYGEN DEMAND,BIOCHEMICAL OXYGEN DEMAND,BIOCHEMICAL OXYGEN DEMAND,NA,NA,NA,New Row: Needs Review,TADA.AliasMatch,NA
INHIBITED BIOCHEMICAL OXYGEN DEMAND,OXYGEN,DISSOLVED OXYGEN,NA,7782447,NA,New Row: Needs Review,TADA.AliasMatch,NA
INITIAL MATRIX COLOR (SOIL),COLOR,COLOR,NA,NA,NA,New Row: Needs Review,TADA.AliasMatch,NA
INORGANIC ARSENIC (ARSENATE AND ARSENITE),ARSENIC,ARSENIC,NA,7440382,NA,New Row: Needs Review,TADA.AliasMatch,NA
INORGANIC MONOMERIC ALUMINUM,ALUMINUM,ALUMINUM,NA,7429905,NA,New Row: Needs Review,TADA.AliasMatch,NA
"INORGANIC NITROGEN (AMMONIA, NITRATE AND NITRITE)***RETIRED***USE INORGANIC NITROGEN (NO2, NO3, & NH3)",AMMONIA,AMMONIA,NA,7664417,NA,New Row: Needs Review,TADA.AliasMatch,NA
"INORGANIC NITROGEN (AMMONIA, NITRATE AND NITRITE)***RETIRED***USE INORGANIC NITROGEN (NO2, NO3, & NH3)",NITRATE,NITRATES,NA,14797558,NA,New Row: Needs Review,TADA.AliasMatch,NA
"INORGANIC NITROGEN (AMMONIA, NITRATE AND NITRITE)***RETIRED***USE INORGANIC NITROGEN (NO2, NO3, & NH3)",NITROGEN,TOTAL NITROGEN,NA,NA,NA,New Row: Needs Review,TADA.AliasMatch,NA
INORGANIC NITROGEN (NITRATE AND NITRITE) ***RETIRED***USE NITRATE + NITRITE,NITRATE,NITRATES,NA,14797558,NA,New Row: Needs Review,TADA.AliasMatch,NA
INORGANIC NITROGEN (NITRATE AND NITRITE) ***RETIRED***USE NITRATE + NITRITE,NITRITE,NITRITE,NA,14797650,NA,New Row: Needs Review,TADA.AliasMatch,NA
INORGANIC NITROGEN (NITRATE AND NITRITE) ***RETIRED***USE NITRATE + NITRITE,NITROGEN,TOTAL NITROGEN,NA,NA,NA,New Row: Needs Review,TADA.AliasMatch,NA
"INORGANIC NITROGEN (NO2, NO3, & NH3)",NITROGEN,TOTAL NITROGEN,NA,NA,NA,New Row: Needs Review,TADA.AliasMatch,NA
"INORGANIC NITROGEN***RETIRED***USE INORGANIC NITROGEN (NO2, NO3, & NH3)",NITROGEN,TOTAL NITROGEN,NA,NA,NA,New Row: Needs Review,TADA.AliasMatch,NA
INORGANIC PHOSPHORUS,DISSOLVED INORGANIC PHOSPHORUS,DISSOLVED INORGANIC PHOSPHORUS,NA,NA,NA,New Row: Needs Review,TADA.AliasMatch,NA
INORGANIC PHOSPHORUS,PHOSPHORUS,PHOSPHOROUS (YELLOW),NA,7723140,NA,New Row: Needs Review,TADA.AliasMatch,NA
INUNDATION EVIDENCE: IRON DEPOSITS (CHOICE LIST),IRON,IRON,NA,7439896,NA,New Row: Needs Review,TADA.AliasMatch,NA
IODIDE,METHYL IODIDE,METHYL IODIDE,NA,NA,NA,New Row: Needs Review,TADA.AliasMatch,NA
IODINE,IODINE 131,IODINE 131,NA,NA,NA,New Row: Needs Review,TADA.AliasMatch,NA
"IODINE, BIS(ACETATO-.BETA.O)[4-(3,3,4,4,5,5,6,6,7,7,8,8,9,9,10,10,10-HEPTADECAFLUORODECYL)PHENYL]- (9CI)",IODINE,IODINE,NA,NA,NA,New Row: Needs Review,TADA.AliasMatch,NA
"IODINE, BIS[.ALPHA.,.ALPHA.-BIS(TRIFLUOROMETHYL)BENZENEMETHANOLATO(2-)-C2,O.ALPHA.]BROMO-",IODINE,IODINE,NA,NA,NA,New Row: Needs Review,TADA.AliasMatch,NA
"IODINE, PHENYLBIS[(2,2,2-TRIFLUOROACETYL)OXY]-",IODINE,IODINE,NA,NA,NA,New Row: Needs Review,TADA.AliasMatch,NA
"IODINE, TRIS[(2,2,2-TRIFLUOROACETYL)OXY]-",IODINE,IODINE,NA,NA,NA,New Row: Needs Review,TADA.AliasMatch,NA
"IODINE, [BIS[(1,1,2,2,3,3,4,4,4-NONAFLUOROBUTYL)SULFONYL]METHYLENE]PHENYL-",IODINE,IODINE,NA,NA,NA,New Row: Needs Review,TADA.AliasMatch,NA
IRON + ALUMINUM MIX,ALUMINUM,ALUMINUM,NA,7429905,NA,New Row: Needs Review,TADA.AliasMatch,NA
IRON + ALUMINUM MIX,IRON,IRON,NA,7439896,NA,New Row: Needs Review,TADA.AliasMatch,NA
IRON + MANGANESE MIX,IRON,IRON,NA,7439896,NA,New Row: Needs Review,TADA.AliasMatch,NA
IRON + MANGANESE MIX,MANGANESE,MANGANESE,NA,7439965,NA,New Row: Needs Review,TADA.AliasMatch,NA
IRON PENTACARBONYL,IRON,IRON,NA,7439896,NA,New Row: Needs Review,TADA.AliasMatch,NA
IRON SULFIDE (FES),IRON,IRON,NA,7439896,NA,New Row: Needs Review,TADA.AliasMatch,NA
IRON SULFIDE (FES),SULFIDE,SULFIDE,NA,NA,NA,New Row: Needs Review,TADA.AliasMatch,NA
"IRON, DICARBONYL(.ETA.5-2,4-CYCLOPENTADIEN-1-YL)[TETRAHYDRO-4,4-DIMETHYL-5,5-BIS(TRIFLUOROMETHYL)-3-FURANYL]-",IRON,IRON,NA,7439896,NA,New Row: Needs Review,TADA.AliasMatch,NA
"IRON, DICARBONYL(.ETA.5-2,4-CYCLOPENTADIEN-1-YL)[TETRAHYDRO-5,5-BIS(TRIFLUOROMETHYL)-3-FURANYL]-",IRON,IRON,NA,7439896,NA,New Row: Needs Review,TADA.AliasMatch,NA
IRON-RELATED BACTERIA,BACTERIA,BACTERIA,NA,NA,NA,New Row: Needs Review,TADA.AliasMatch,NA
IRON/ALUMINIUM BOUND PHOSPHORUS (FEP),PHOSPHORUS,PHOSPHOROUS (YELLOW),NA,7723140,NA,New Row: Needs Review,TADA.AliasMatch,NA
"ISOOCTANESULFONIC ACID, HEPTADECAFLUORO-, LITHIUM SALT",LITHIUM,LITHIUM,NA,7439932,NA,New Row: Needs Review,TADA.AliasMatch,NA
"ISOOCTANESULFONIC ACID, HEPTADECAFLUORO-, POTASSIUM SALT",POTASSIUM,POTASSIUM,NA,NA,NA,New Row: Needs Review,TADA.AliasMatch,NA
"LABELED 2,3,7,8-TETRACHLORODIBENZO-P-DIOXIN","2,3,7,8-TETRACHLORODIBENZOP-DIOXIN","2,3,7,8-TCDD (DIOXIN)",NA,1746016,NA,New Row: Needs Review,TADA.AliasMatch,NA
"LANTHANUM CHLORIDE (LACL3), HEPTAHYDRATE",CHLORIDE,CHLORIDE,NA,16887006,NA,New Row: Needs Review,TADA.AliasMatch,NA
LEAD ACETATE,LEAD,LEAD,NA,7439921,NA,New Row: Needs Review,TADA.AliasMatch,NA
LEAD MONOXIDE,LEAD,LEAD,NA,7439921,NA,New Row: Needs Review,TADA.AliasMatch,NA
"LEAD, BIS(6,6,7,7,8,8,8-HEPTAFLUORO-2,2-DIMETHYL-3,5-OCTANEDIONATO-.BETA.O,.BETA.O')-, (T-4)- (9CI)",LEAD,LEAD,NA,7439921,NA,New Row: Needs Review,TADA.AliasMatch,NA
LITHIUM (PERFLUOROOCTANE)SULFONATE,LITHIUM,LITHIUM,NA,7439932,NA,New Row: Needs Review,TADA.AliasMatch,NA
"LITHIUM 1,1,1,2,2-PENTAFLUORO-2-SULFINATOETHANE",LITHIUM,LITHIUM,NA,7439932,NA,New Row: Needs Review,TADA.AliasMatch,NA
"LITHIUM 1,1,1,3,3,4,4-HEPTAFLUORO-4-[(1,1,1,2,3,3,3-HEPTAFLUOROPROPAN-2-YL)OXY]-2-(TRIFLUOROMETHYL)BUTAN-2-OLATE",LITHIUM,LITHIUM,NA,7439932,NA,New Row: Needs Review,TADA.AliasMatch,NA
LITHIUM 2-[(PERFLUOROOCTYL)ETHYLSULFANYL]ACETATE,LITHIUM,LITHIUM,NA,7439932,NA,New Row: Needs Review,TADA.AliasMatch,NA
LITHIUM 3-(PERFLUOROOCTYL)PROPANOATE,LITHIUM,LITHIUM,NA,7439932,NA,New Row: Needs Review,TADA.AliasMatch,NA
LITHIUM 3-[(2-HYDROXYETHYL)[(PERFLUOROBUTYL)SULFONYL]AMINO]PROPANESULFONATE,LITHIUM,LITHIUM,NA,7439932,NA,New Row: Needs Review,TADA.AliasMatch,NA
LITHIUM 3-[(PERFLUOROHEPTYL)ETHYLSULFANYL]PROPANOATE,LITHIUM,LITHIUM,NA,7439932,NA,New Row: Needs Review,TADA.AliasMatch,NA
LITHIUM 3-[(PERFLUOROOCTANE-1-SULFONYL)(PROPYL)AMINO]PROPANOATE,LITHIUM,LITHIUM,NA,7439932,NA,New Row: Needs Review,TADA.AliasMatch,NA
LITHIUM 3-[(PERFLUOROOCTYL)ETHYLSULFANYL]PROPANOATE,LITHIUM,LITHIUM,NA,7439932,NA,New Row: Needs Review,TADA.AliasMatch,NA
LITHIUM 3-[BUTYL[(PERFLUOROBUTYL)SULFONYL]AMINO]PROPANESULFONATE,LITHIUM,LITHIUM,NA,7439932,NA,New Row: Needs Review,TADA.AliasMatch,NA
LITHIUM 3-[ETHYL[(PERFLUOROBUTYL)SULFONYL]AMINO]PROPANESULFONATE,LITHIUM,LITHIUM,NA,7439932,NA,New Row: Needs Review,TADA.AliasMatch,NA
"LITHIUM 3-[METHYL[(1,1,2,2,3,3,4,4,4-NONAFLUOROBUTYL)SULFONYL]AMINO]PROPANESULFONATE",LITHIUM,LITHIUM,NA,7439932,NA,New Row: Needs Review,TADA.AliasMatch,NA
LITHIUM 3-[[(PERFLUOROBUTYL)SULFONYL](PROPYL)AMINO]PROPANESULFONATE,LITHIUM,LITHIUM,NA,7439932,NA,New Row: Needs Review,TADA.AliasMatch,NA
LITHIUM 4-[(2-HYDROXYETHYL)[(PERFLUOROBUTYL)SULFONYL]AMINO]BUTANESULFONATE,LITHIUM,LITHIUM,NA,7439932,NA,New Row: Needs Review,TADA.AliasMatch,NA
LITHIUM 4:2 FLUOROTELOMER THIOETHER PROPIONATE,LITHIUM,LITHIUM,NA,7439932,NA,New Row: Needs Review,TADA.AliasMatch,NA
"LITHIUM 5,5,6,6,7,7,8,8,8-NONAFLUOROOCTANE-1-SULFONATE",LITHIUM,LITHIUM,NA,7439932,NA,New Row: Needs Review,TADA.AliasMatch,NA
LITHIUM BIS(PERFLUOROHEPTANESULFONYL)IMIDE,LITHIUM,LITHIUM,NA,7439932,NA,New Row: Needs Review,TADA.AliasMatch,NA
LITHIUM BIS(PERFLUOROPROPANESULFONYL)IMIDE,LITHIUM,LITHIUM,NA,7439932,NA,New Row: Needs Review,TADA.AliasMatch,NA
LITHIUM HEPTADECAFLUORONONANOATE,LITHIUM,LITHIUM,NA,7439932,NA,New Row: Needs Review,TADA.AliasMatch,NA
LITHIUM NONAFLUOROBUTANE-1-SULFONATE,LITHIUM,LITHIUM,NA,7439932,NA,New Row: Needs Review,TADA.AliasMatch,NA
"LITHIUM PERFLUORO({[1-(1,2-DICHLORO-1,2,2-TRIFLUOROETHOXY)PROPAN-2-YL]OXY}METHOXY)METHANESULFONATE",LITHIUM,LITHIUM,NA,7439932,NA,New Row: Needs Review,TADA.AliasMatch,NA
LITHIUM PERFLUOROBUTANOATE,LITHIUM,LITHIUM,NA,7439932,NA,New Row: Needs Review,TADA.AliasMatch,NA
LITHIUM PERFLUORODECANOATE,LITHIUM,LITHIUM,NA,7439932,NA,New Row: Needs Review,TADA.AliasMatch,NA
LITHIUM PERFLUOROHEPTANOATE,LITHIUM,LITHIUM,NA,7439932,NA,New Row: Needs Review,TADA.AliasMatch,NA
LITHIUM PERFLUOROHEXANOATE,LITHIUM,LITHIUM,NA,7439932,NA,New Row: Needs Review,TADA.AliasMatch,NA
LITHIUM PERFLUOROOCTANOATE,LITHIUM,LITHIUM,NA,7439932,NA,New Row: Needs Review,TADA.AliasMatch,NA
LITHIUM PERFLUOROPENTANE SULFONATE,LITHIUM,LITHIUM,NA,7439932,NA,New Row: Needs Review,TADA.AliasMatch,NA
LITHIUM PERFLUOROPENTANOATE,LITHIUM,LITHIUM,NA,7439932,NA,New Row: Needs Review,TADA.AliasMatch,NA
"LITHIUM PERFLUORO{[1-(1,2-DICHLORO-1,2,2-TRIFLUOROETHOXY)-1-FLUOROPROPAN-2-YL]OXY}ACETATE",LITHIUM,LITHIUM,NA,7439932,NA,New Row: Needs Review,TADA.AliasMatch,NA
"LITHIUM, (1,1,2,2,2-PENTAFLUOROETHYL)-",LITHIUM,LITHIUM,NA,7439932,NA,New Row: Needs Review,TADA.AliasMatch,NA
LOOSELY ATTACHED FILAMENTOUS ALGAE (CHOICE LIST),FILAMENTOUS ALGAE,FILAMENTOUS ALGAE,NA,NA,NA,New Row: Needs Review,TADA.AliasMatch,NA
LOOSELY SORBED PHOSPHORUS (LSP),PHOSPHORUS,PHOSPHOROUS (YELLOW),NA,7723140,NA,New Row: Needs Review,TADA.AliasMatch,NA
LOW-LEVEL MERCURY,MERCURY,MERCURY,NA,7439976,NA,New Row: Needs Review,TADA.AliasMatch,NA
M AND P-CRESOL,P-CRESOL,P-CRESOL,NA,106445,NA,New Row: Needs Review,TADA.AliasMatch,NA
M-CRESOL COMPD. WITH P-CRESOL (2:1),P-CRESOL,P-CRESOL,NA,106445,NA,New Row: Needs Review,TADA.AliasMatch,NA
"MAGNESIUM BROMIDE 1,1,2,2,3,3,4,4,4-NONAFLUOROBUTAN-1-IDE (1/1/1)",BROMIDE,BROMIDE,NA,NA,NA,New Row: Needs Review,TADA.AliasMatch,NA
"MAGNESIUM BROMIDE 1,1,2,2,3,3,4,4,4-NONAFLUOROBUTAN-1-IDE (1/1/1)",MAGNESIUM,MAGNESIUM,NA,7439954,NA,New Row: Needs Review,TADA.AliasMatch,NA
"MAGNESIUM BROMIDE 1,1,2,2,3,3,4,4,5,5,6,6,7,7,8,8,8-HEPTADECAFLUOROOCTAN-1-IDE (1/1/1)",BROMIDE,BROMIDE,NA,NA,NA,New Row: Needs Review,TADA.AliasMatch,NA
"MAGNESIUM BROMIDE 1,1,2,2,3,3,4,4,5,5,6,6,7,7,8,8,8-HEPTADECAFLUOROOCTAN-1-IDE (1/1/1)",MAGNESIUM,MAGNESIUM,NA,7439954,NA,New Row: Needs Review,TADA.AliasMatch,NA
MAGNESIUM CARBONATE,MAGNESIUM,MAGNESIUM,NA,7439954,NA,New Row: Needs Review,TADA.AliasMatch,NA
MAGNESIUM HEPTADECAFLUOROISOOCTANESULPHONATE,MAGNESIUM,MAGNESIUM,NA,7439954,NA,New Row: Needs Review,TADA.AliasMatch,NA
MAGNESIUM NONAFLUOROBUTANESULFONATE,MAGNESIUM,MAGNESIUM,NA,7439954,NA,New Row: Needs Review,TADA.AliasMatch,NA
MAGNESIUM PHOSPHIDE,MAGNESIUM,MAGNESIUM,NA,7439954,NA,New Row: Needs Review,TADA.AliasMatch,NA
"MAGNESIUM, CHLORO-2-PROPEN-1-YL-, REACTION PRODUCTS WITH 3-BROMO-1-PROPENE, ME ESTERS OF FLUORINATED REDUCED POLYMD. OXI",MAGNESIUM,MAGNESIUM,NA,7439954,NA,New Row: Needs Review,TADA.AliasMatch,NA
"MAGNESIUM, CHLORO-2-PROPEN-1-YL-, REACTION PRODUCTS WITH ETHENYLDIMETHYLSILANE, ME ESTERS OF FLUORINATED REDUCED POLYMD.",MAGNESIUM,MAGNESIUM,NA,7439954,NA,New Row: Needs Review,TADA.AliasMatch,NA
"MAGNESIUM, CHLORO-2-PROPEN-1-YL-, REACTION PRODUCTS WITH ME ESTERS OF FLUORINATED REDUCED POLYMD. OXIDIZED TETRAFLUOROET",MAGNESIUM,MAGNESIUM,NA,7439954,NA,New Row: Needs Review,TADA.AliasMatch,NA
MALATHION MONOCARBOXYLIC ACID,MALATHION,MALATHION,NA,121755,NA,New Row: Needs Review,TADA.AliasMatch,NA
MANCOZEB,MANCOZEB,MANCOZEB,NA,NA,NA,New Row: Needs Review,TADA.AliasMatch,NA
MANEB,MANEB,MANEB,NA,NA,NA,New Row: Needs Review,TADA.AliasMatch,NA
MANGANESE DIMETHYLDITHIOCARBAMATE,MANGANESE,MANGANESE,NA,7439965,NA,New Row: Needs Review,TADA.AliasMatch,NA
MBAS,MBAS,METHYLENE BLUE ACTIVE SUBSTANCES,NA,NA,NA,New Row: Needs Review,TADA.AliasMatch,NA
MC 1 (PART OF CHLORDANE TOTAL),CHLORDANE,CHLORDANE,NA,57749,NA,New Row: Needs Review,TADA.AliasMatch,NA
MC 2 (PART OF CHLORDANE TOTAL),CHLORDANE,CHLORDANE,NA,57749,NA,New Row: Needs Review,TADA.AliasMatch,NA
MC 3 (PART OF CHLORDANE TOTAL),CHLORDANE,CHLORDANE,NA,57749,NA,New Row: Needs Review,TADA.AliasMatch,NA
MC 4 (PART OF CHLORDANE TOTAL),CHLORDANE,CHLORDANE,NA,57749,NA,New Row: Needs Review,TADA.AliasMatch,NA
MC 5 (PART OF CHLORDANE TOTAL),CHLORDANE,CHLORDANE,NA,57749,NA,New Row: Needs Review,TADA.AliasMatch,NA
MC 6 (PART OF CHLORDANE TOTAL),CHLORDANE,CHLORDANE,NA,57749,NA,New Row: Needs Review,TADA.AliasMatch,NA
MC 7 (PART OF CHLORDANE TOTAL),CHLORDANE,CHLORDANE,NA,57749,NA,New Row: Needs Review,TADA.AliasMatch,NA
MC 8 (PART OF CHLORDANE TOTAL),CHLORDANE,CHLORDANE,NA,57749,NA,New Row: Needs Review,TADA.AliasMatch,NA
MCPB SODIUM SALT,SODIUM,SODIUM,NA,NA,NA,New Row: Needs Review,TADA.AliasMatch,NA
"MEAN PEC QUOTIENT, PAHS",PAHS,POLYCYCLIC AROMATIC HYDROCARBONS (PAHS),NA,NA,NA,New Row: Needs Review,TADA.AliasMatch,NA
"MEAN PEC QUOTIENT, PCBS",PCBS,POLYCHLORINATED BIPHENYLS (PCBS),NA,1336363,NA,New Row: Needs Review,TADA.AliasMatch,NA
MEPIQUAT CHLORIDE,CHLORIDE,CHLORIDE,NA,16887006,NA,New Row: Needs Review,TADA.AliasMatch,NA
MERCURIC CHLORIDE,CHLORIDE,CHLORIDE,NA,16887006,NA,New Row: Needs Review,TADA.AliasMatch,NA
MERCURY COMPOUNDS,MERCURY,MERCURY,NA,7439976,NA,New Row: Needs Review,TADA.AliasMatch,NA
"MERCURY, (5-FLUORO-2-HYDROXYPHENYL)(2,2,2-TRIFLUOROACETATO-.KAPPA.O)-",MERCURY,MERCURY,NA,7439976,NA,New Row: Needs Review,TADA.AliasMatch,NA
"MERCURY, BIS(2-CHLORO-3,3,4,4,5,5,6,6-OCTAFLUORO-1-CYCLOHEXEN-1-YL)-",MERCURY,MERCURY,NA,7439976,NA,New Row: Needs Review,TADA.AliasMatch,NA
"MERCURY, BIS(2-CHLORO-3,3,4,4,5,5-HEXAFLUORO-1-CYCLOPENTEN-1-YL)-",MERCURY,MERCURY,NA,7439976,NA,New Row: Needs Review,TADA.AliasMatch,NA
"MERCURY, [.MU.-(3',6'-DIHYDROXY-3-OXOSPIRO[ISOBENZOFURAN-1(3H),9'-[9H]XANTHENE]-4',5'-DIYL)]BIS(2,2,2-TRIFLUOROACETATO-.",MERCURY,MERCURY,NA,7439976,NA,New Row: Needs Review,TADA.AliasMatch,NA
"MERCURY, [.MU.-[4,5-DIMETHYL-3,6-BIS(OCTYLOXY)-1,2-PHENYLENE]]BIS(2,2,2-TRIFLUOROACETATO-.KAPPA.O)DI-",MERCURY,MERCURY,NA,7439976,NA,New Row: Needs Review,TADA.AliasMatch,NA
"META & PARA XYLENE MIX***RETIRED***USE M,P-XYLENE",XYLENE,XYLENE,NA,1330207,NA,New Row: Needs Review,TADA.AliasMatch,NA
"METAPHOSPHORIC ACID (HPO3), ALUMINUM SALT",ALUMINUM,ALUMINUM,NA,7429905,NA,New Row: Needs Review,TADA.AliasMatch,NA
"METHACRYLIC ACID, ESTER WITH N-ETHYL-1,1,2,2,3,3,4,4,5,5,6,6,7,7,8,8,8-HEPTADECAFLUORO-N-(2-HYDROXYETHYL)-1-OCTANESULFONAMIDE, POLYMER WITH ACRYLAMIDE, ACRYLONITRILE, AND BUTYL ACRYLATE",ACRYLAMIDE,ACRYLAMIDE,NA,79061,NA,New Row: Needs Review,TADA.AliasMatch,NA
"METHACRYLIC ACID, ESTER WITH N-ETHYL-1,1,2,2,3,3,4,4,5,5,6,6,7,7,8,8,8-HEPTADECAFLUORO-N-(2-HYDROXYETHYL)-1-OCTANESULFONAMIDE, POLYMER WITH ACRYLAMIDE, ACRYLONITRILE, AND BUTYL ACRYLATE",ACRYLONITRILE,ACRYLONITRILE,NA,107131,NA,New Row: Needs Review,TADA.AliasMatch,NA
"METHACRYLIC ACID, ESTER WITH N-ETHYL-1,1,2,2,3,3,4,4,5,5,6,6,7,7,8,8,8-HEPTADECAFLUORO-N-(2-HYDROXYETHYL)-1-OCTANESULFONAMIDE, POLYMER WITH ETHYL ACRYLATE, METHACRYLAMIDE AND METHYL METHACRYLATE",METHYL METHACRYLATE,METHYL METHACRYLATE,NA,NA,NA,New Row: Needs Review,TADA.AliasMatch,NA
METHANE,BIS(2-CHLOROETHOXY) METHANE,BIS(2-CHLOROETHOXY) METHANE,NA,111911,NA,New Row: Needs Review,TADA.AliasMatch,NA
METHANE,CHLOROETHOXY METHANE (BIS-2),CHLOROETHOXY METHANE (BIS-2),NA,NA,NA,New Row: Needs Review,TADA.AliasMatch,NA
"METHANESULFONAMIDE, 1,1,1-TRIFLUORO-N-[(TRIFLUOROMETHYL)SULFONYL]-, LITHIUM SALT",LITHIUM,LITHIUM,NA,7439932,NA,New Row: Needs Review,TADA.AliasMatch,NA
"METHANOL, 1,1-DIFLUORO-1-(TRIFLUOROMETHOXY)-, ACETATE",METHANOL,METHANOL,NA,67561,NA,New Row: Needs Review,TADA.AliasMatch,NA
"METHANOL, REACTION PRODUCTS FLUORINATED 2,2,3,3-TETRAFLUOROOXETANE HOMOPOLYMER-IODINE REACTION PRODUCTS-TRICHLOROETHENYLSILANE POLYMER",METHANOL,METHANOL,NA,67561,NA,New Row: Needs Review,TADA.AliasMatch,NA
"METHANOL, REACTION PRODUCTS WITH 1,1,1,2,2,3,4,5,5,6,6,7,7,7-TETRADECAFLUORO-3-HEPTENE",METHANOL,METHANOL,NA,67561,NA,New Row: Needs Review,TADA.AliasMatch,NA
"METHANOL, REACTION PRODUCTS WITH 1,1,1,2,3,4,4,5,5,6,6,7,7,7-TETRADECAFLUORO-2-HEPTENE",METHANOL,METHANOL,NA,67561,NA,New Row: Needs Review,TADA.AliasMatch,NA
"METHANOL, REACTION PRODUCTS WITH 1,6-DIISOCYANATOHEXANE, ETHYLENE, ETHYLENE OXIDE, IODOETHANE AND TETRAFLUOROETHYLENE",METHANOL,METHANOL,NA,67561,NA,New Row: Needs Review,TADA.AliasMatch,NA
"METHANOL, REACTION PRODUCTS WITH 1-OCTADECANAMINE AND HYDROLYZED REDUCED POLYMD. OXIDIZED 1,1,2,3,3,3-HEXAFLUORO-1-PROPENE",METHANOL,METHANOL,NA,67561,NA,New Row: Needs Review,TADA.AliasMatch,NA
"METHANOL, REACTION PRODUCTS WITH 1-OCTADECANAMINE AND REDUCED CHLORINE-POLYMD. OXIDIZED 1,1,2,3,3,3-HEXAFLUORO-1-PROPENE",METHANOL,METHANOL,NA,67561,NA,New Row: Needs Review,TADA.AliasMatch,NA
"METHANOL, REACTION PRODUCTS WITH 1-OCTADECANAMINE AND REDUCED CHLORINE-POLYMD. OXIDIZED 1,1,2,3,3,3-HEXAFLUORO-1-PROPENE TELOMER",METHANOL,METHANOL,NA,67561,NA,New Row: Needs Review,TADA.AliasMatch,NA
"METHANOL, REACTION PRODUCTS WITH DIETHYLENETRIAMINE AND REDUCED POLYMD. OXIDIZED 1,1,2,3,3,3-HEXAFLUORO-1-PROPENE",METHANOL,METHANOL,NA,67561,NA,New Row: Needs Review,TADA.AliasMatch,NA
"METHANOL, REACTION PRODUCTS WITH ETHYLENEDIAMINE AND REDUCED CHLORINE-POLYMD. OXIDIZED 1,1,2,3,3,3-HEXAFLUORO-1-PROPENE TELOMER",METHANOL,METHANOL,NA,67561,NA,New Row: Needs Review,TADA.AliasMatch,NA
"METHANOL, REACTION PRODUCTS WITH ETHYLENEDIAMINE AND REDUCED POLYMD. OXIDIZED 1,1,2,3,3,3-HEXAFLUORO-1-PROPENE",METHANOL,METHANOL,NA,67561,NA,New Row: Needs Review,TADA.AliasMatch,NA
"METHANOL, REACTION PRODUCTS WITH REDUCED CHLORINE-POLYMD. OXIDIZED 1,1,2,3,3,3-HEXAFLUORO-1-PROPENE TELOMER",METHANOL,METHANOL,NA,67561,NA,New Row: Needs Review,TADA.AliasMatch,NA
"METHANOL, REACTION PRODUCTS WITH REDUCED CHLORINE-POLYMD. OXIDIZED 1,1,2,3,3,3-HEXAFLUORO-1-PROPENE TELOMER AND 3-(TRIETHOXYSILYL)-1-PROPANAMINE",METHANOL,METHANOL,NA,67561,NA,New Row: Needs Review,TADA.AliasMatch,NA
"METHANOL, REACTION PRODUCTS WITH REDUCED CHLORINE-POLYMD. OXIDIZED 1,1,2,3,3,3-HEXAFLUORO-1-PROPENE TELOMER, REDUCED",METHANOL,METHANOL,NA,67561,NA,New Row: Needs Review,TADA.AliasMatch,NA
"METHANOL, REACTION PRODUCTS WITH REDUCED CHLORINE-POLYMD. OXIDIZED 1,1,2,3,3,3-HEXAFLUORO-1-PROPENE TELOMER, REDUCED, ET",METHANOL,METHANOL,NA,67561,NA,New Row: Needs Review,TADA.AliasMatch,NA
"METHANOL, REACTION PRODUCTS WITH REDUCED CHLORINE-POLYMD. OXIDIZED 1,1,2,3,3,3-HEXAFLUORO-1-PROPENE TELOMER, REDUCED, ETHOXYLATED",METHANOL,METHANOL,NA,67561,NA,New Row: Needs Review,TADA.AliasMatch,NA
"METHANOL, REACTION PRODUCTS WITH REDUCED CHLORINE-POLYMD. OXIDIZED 1,1,2,3,3,3-HEXAFLUORO-1-PROPENE TELOMER, REDUCED, RE",METHANOL,METHANOL,NA,67561,NA,New Row: Needs Review,TADA.AliasMatch,NA
"METHANOL, REACTION PRODUCTS WITH REDUCED CHLORINE-POLYMD. OXIDIZED 1,1,2,3,3,3-HEXAFLUORO-1-PROPENE TELOMER, REDUCED, REACTION PRODUCTS WITH EPICHLOROHYDRIN",EPICHLOROHYDRIN,EPICHLOROHYDRIN,NA,106898,NA,New Row: Needs Review,TADA.AliasMatch,NA
"METHANOL, REACTION PRODUCTS WITH REDUCED CHLORINE-POLYMD. OXIDIZED 1,1,2,3,3,3-HEXAFLUORO-1-PROPENE TELOMER, REDUCED, REACTION PRODUCTS WITH EPICHLOROHYDRIN",METHANOL,METHANOL,NA,67561,NA,New Row: Needs Review,TADA.AliasMatch,NA
"METHANOL, REACTION PRODUCTS WITH REDUCED POLYMD. OXIDIZED 1,1,2,3,3,3-HEXAFLUORO-1-PROPENE",METHANOL,METHANOL,NA,67561,NA,New Row: Needs Review,TADA.AliasMatch,NA
"METHANOL, REACTION PRODUCTS WITH REDUCED POLYMD. OXIDIZED 1,1,2,3,3,3-HEXAFLUORO-1-PROPENE, REDUCED",METHANOL,METHANOL,NA,67561,NA,New Row: Needs Review,TADA.AliasMatch,NA
"METHANOL, REACTION PRODUCTS WITH REDUCED POLYMD. OXIDIZED 1,1,2,3,3,3-HEXAFLUORO-1-PROPENE, REDUCED, ETHOXYLATED",METHANOL,METHANOL,NA,67561,NA,New Row: Needs Review,TADA.AliasMatch,NA
"METHANOL, REACTION PRODUCTS WITH REDUCED POLYMD. OXIDIZED 1,1,2,3,3,3-HEXAFLUORO-1-PROPENE, REDUCED, REACTION PRODUCTS WITH EPICHLOROHYDRIN",EPICHLOROHYDRIN,EPICHLOROHYDRIN,NA,106898,NA,New Row: Needs Review,TADA.AliasMatch,NA
"METHANOL, REACTION PRODUCTS WITH REDUCED POLYMD. OXIDIZED 1,1,2,3,3,3-HEXAFLUORO-1-PROPENE, REDUCED, REACTION PRODUCTS WITH EPICHLOROHYDRIN",METHANOL,METHANOL,NA,67561,NA,New Row: Needs Review,TADA.AliasMatch,NA
"METHANOL, REACTION PRODUCTS WITH REDUCED POLYMD. OXIDIZED 1,1,2,3,3-HEXAFLUORO-1-PROPENE AND 3-(TRIETHOXYSILYL)-1-PROPANAMINE",METHANOL,METHANOL,NA,67561,NA,New Row: Needs Review,TADA.AliasMatch,NA
"METHANOL, TELOMER WITH 1,1,2,2-TETRAFLUOROETHENE",METHANOL,METHANOL,NA,67561,NA,New Row: Needs Review,TADA.AliasMatch,NA
METHOXONE SODIUM SALT,SODIUM,SODIUM,NA,NA,NA,New Row: Needs Review,TADA.AliasMatch,NA
METHYL ETHYL KETONE & METHACROLEIN,METHYL ETHYL KETONE,METHYL KETONE,NA,78933,NA,New Row: Needs Review,TADA.AliasMatch,NA
METHYL ETHYL KETONE PEROXIDE,METHYL ETHYL KETONE,METHYL KETONE,NA,78933,NA,New Row: Needs Review,TADA.AliasMatch,NA
METHYL SELENIUM,SELENIUM,SELENIUM,NA,7782492,NA,New Row: Needs Review,TADA.AliasMatch,NA
METHYLENE CHLORIDE + CHLOROBENZENE,CHLORIDE,CHLORIDE,NA,16887006,NA,New Row: Needs Review,TADA.AliasMatch,NA
METHYLENE CHLORIDE + CHLOROBENZENE,CHLOROBENZENE,MONOCHLOROBENZENE,NA,108907,NA,New Row: Needs Review,TADA.AliasMatch,NA
METHYLENE CHLORIDE + CHLOROBENZENE,METHYLENE CHLORIDE,METHYLENE CHLORIDE,NA,75092,NA,New Row: Needs Review,TADA.AliasMatch,NA
METOLACHLOR ESA,METOLACHLOR,METOLACHLOR,NA,51218452,NA,New Row: Needs Review,TADA.AliasMatch,NA
METOLACHLOR HYDROXY MORPHOLINONE,METOLACHLOR,METOLACHLOR,NA,51218452,NA,New Row: Needs Review,TADA.AliasMatch,NA
METOLACHLOR OA,METOLACHLOR,METOLACHLOR,NA,51218452,NA,New Row: Needs Review,TADA.AliasMatch,NA
METOLACHLOR OXANILIC ACID,METOLACHLOR,METOLACHLOR,NA,51218452,NA,New Row: Needs Review,TADA.AliasMatch,NA
METRIBUZIN DA,METRIBUZIN,METRIBUZIN,NA,21087649,NA,New Row: Needs Review,TADA.AliasMatch,NA
METRIBUZIN DADK,METRIBUZIN,METRIBUZIN,NA,21087649,NA,New Row: Needs Review,TADA.AliasMatch,NA
METRIBUZIN DIKETO,METRIBUZIN,METRIBUZIN,NA,21087649,NA,New Row: Needs Review,TADA.AliasMatch,NA
METRIBUZIN DK,METRIBUZIN,METRIBUZIN,NA,21087649,NA,New Row: Needs Review,TADA.AliasMatch,NA
MICROCYSTIN,CYANOBACTERIAL MICROCYSTIN TOXINS,CYANOBACTERIAL MICROCYSTIN TOXINS,NA,NA,NA,New Row: Needs Review,TADA.AliasMatch,NA
MICROCYSTIN,MICROCYSTIN TOXIN CONCENTRATION,MICROCYSTIN TOXIN CONCENTRATION,NA,NA,NA,New Row: Needs Review,TADA.AliasMatch,NA
MIOX MICACEOUS IRON OXIDE,IRON,IRON,NA,7439896,NA,New Row: Needs Review,TADA.AliasMatch,NA
MOLAR RATIO OF NITRATE (PLUS NITRITE) AND ORTHOPHOSPHATE,NITRATE,NITRATES,NA,14797558,NA,New Row: Needs Review,TADA.AliasMatch,NA
MOLAR RATIO OF NITRATE (PLUS NITRITE) AND ORTHOPHOSPHATE,NITRITE,NITRITE,NA,14797650,NA,New Row: Needs Review,TADA.AliasMatch,NA
MOLAR RATIO OF NITRATE (PLUS NITRITE) AND ORTHOPHOSPHATE,ORTHOPHOSPHATE,ORTHOPHOSPHATE,NA,NA,NA,New Row: Needs Review,TADA.AliasMatch,NA
"MOLYBDENUM, TRICARBONYL(.ETA.5-2,4-CYCLOPENTADIEN-1-YL)(2,2,3,3,4,4,4-HEPTAFLUORO-1-OXOBUTYL)-",MOLYBDENUM,MOLYBDENUM,NA,7439987,NA,New Row: Needs Review,TADA.AliasMatch,NA
MONO(N-ETHYL-2-PERFLUOROOCTYLSULFONAMINOETHYL)HYDROGEN SULFATE,SULFATE,SULFATE,NA,NA,NA,New Row: Needs Review,TADA.AliasMatch,NA
MONOMERIC ALUMINUM,ALUMINUM,ALUMINUM,NA,7429905,NA,New Row: Needs Review,TADA.AliasMatch,NA
MONOPERFLUOROALKYL(C10-18) PHOSPHATE DIAMMONIUM,PHOSPHATE,PHOSPHATE,NA,NA,NA,New Row: Needs Review,TADA.AliasMatch,NA
MONTELUKAST-D6 SODIUM SALT,SODIUM,SODIUM,NA,NA,NA,New Row: Needs Review,TADA.AliasMatch,NA
MOTOR OIL RANGE ORGANIC COMPOUNDS,OIL,OIL AND GREASE,NA,NA,NA,New Row: Needs Review,TADA.AliasMatch,NA
"N,N'-BIS(2-HYDROXY-6,6,7,7-TETRAFLUORO-4-OXAHEPTYL)TETRAMETHYLETHYLENEDIAMINIUM CHLORIDE",CHLORIDE,CHLORIDE,NA,16887006,NA,New Row: Needs Review,TADA.AliasMatch,NA
"N,N,N-TRIETHYL-1,1,2,2,3,3,4,4,5,5,6,6,7,7,8,8,9-HEPTADECAFLUORODECAN-1-AMINIUM CHLORIDE",CHLORIDE,CHLORIDE,NA,16887006,NA,New Row: Needs Review,TADA.AliasMatch,NA
"N,N,N-TRIETHYL-3-[[(PERFLUOROOCTYL)SULFONYL]AMINO]-1-PROPANAMINIUM SULFATE (1:1)",SULFATE,SULFATE,NA,NA,NA,New Row: Needs Review,TADA.AliasMatch,NA
"N,N,N-TRIMETHYL-2-[(PERFLUORO-1-OXOOCTYL)AMINO]ETHANAMINIUM CHLORIDE",CHLORIDE,CHLORIDE,NA,16887006,NA,New Row: Needs Review,TADA.AliasMatch,NA
"N,N,N-TRIMETHYL-3-[(PERFLUOROOCTANOYL)AMINO]-1-PROPANAMINIUM CHLORIDE",CHLORIDE,CHLORIDE,NA,16887006,NA,New Row: Needs Review,TADA.AliasMatch,NA
"N,N-BIS(1,1,2,2,3,3,4,4,4-NONAFLUOROBUTYL)SULFONYLAMINE LITHIUM SALT",LITHIUM,LITHIUM,NA,7439932,NA,New Row: Needs Review,TADA.AliasMatch,NA
"N,N-DIBUTYL-2-(PERFLUOROTRIDECYL)ETHANAMINIUM NITRATE",NITRATE,NITRATES,NA,14797558,NA,New Row: Needs Review,TADA.AliasMatch,NA
"N,N-DIETHYL-N-[3-[[(PERFLUOROOCTYL)SULFONYL]AMINO]PROPYL]TETRAHYDRO-2H-PYRAN-4-AMINIUM ETHYL SULFATE (1:1)",SULFATE,SULFATE,NA,NA,NA,New Row: Needs Review,TADA.AliasMatch,NA
"N,N-DIMETHYLANILINE","4,4-METHYLENE BIS (N,N'-DIMETHYL)ANILINE","4,4-METHYLENE BIS (N,N'-DIMETHYL)ANILINE",NA,101611,NA,New Row: Needs Review,TADA.AliasMatch,NA
"N,N-DIMETHYLANILINE","N,N-DIMETHYLANILINE","N,N-DIMETHYLANILINE",NA,121697,NA,New Row: Needs Review,TADA.AliasMatch,NA
"N-(2-HYDROXYETHYL)-N,N-DIMETHYL-3-[(2-HYDROXY-3-SULFOPROPYL)[(PERFLUOROHEXYL)SULFONYL]AMINO]-1-PROPANAMINIUM CHLORIDE SODIUM (1:1:1)",CHLORIDE,CHLORIDE,NA,16887006,NA,New Row: Needs Review,TADA.AliasMatch,NA
"N-(2-HYDROXYETHYL)-N,N-DIMETHYL-3-[(2-HYDROXY-3-SULFOPROPYL)[(PERFLUOROHEXYL)SULFONYL]AMINO]-1-PROPANAMINIUM CHLORIDE SODIUM (1:1:1)",SODIUM,SODIUM,NA,NA,NA,New Row: Needs Review,TADA.AliasMatch,NA
"N-(2-HYDROXYETHYL)-N,N-DIMETHYL-3-[(PERFLUORO-1-OXOHEPTYL)AMINO]PROPANAMINIUM CHLORIDE",CHLORIDE,CHLORIDE,NA,16887006,NA,New Row: Needs Review,TADA.AliasMatch,NA
"N-(2-HYDROXYETHYL)-N,N-DIMETHYL-3-[PERFLUORO-2-[2-(PROPOXY)PROPOXY]-1-OXOPROPYL]AMINO-1-PROPANAMINIUM CHLORIDE",CHLORIDE,CHLORIDE,NA,16887006,NA,New Row: Needs Review,TADA.AliasMatch,NA
"N-(2-HYDROXYETHYL)-N,N-DIMETHYL-3-[[(PERFLUOROOCTYL)SULFONYL]AMINO]PROPANAMINIUM CHLORIDE",CHLORIDE,CHLORIDE,NA,16887006,NA,New Row: Needs Review,TADA.AliasMatch,NA
"N-(CARBOXYLATOMETHYL)-N-METHYL-N-(3-SULFONATOPROPYL)-3-[[(PERFLUOROHEXYL)SULFONYL]AMINO]-1-PROPANAMINIUM CHLORIDE, SODIUM SALT (1:1:2)",CHLORIDE,CHLORIDE,NA,16887006,NA,New Row: Needs Review,TADA.AliasMatch,NA
"N-(CARBOXYLATOMETHYL)-N-METHYL-N-(3-SULFONATOPROPYL)-3-[[(PERFLUOROHEXYL)SULFONYL]AMINO]-1-PROPANAMINIUM CHLORIDE, SODIUM SALT (1:1:2)",SODIUM,SODIUM,NA,NA,NA,New Row: Needs Review,TADA.AliasMatch,NA
"N-(CARBOXYMETHYL)-4-(PERFLUORO[(3-(2-PROPYL)-4-METHYLPENT-2-EN-2-YL)OXY])-N,N-DIMETHYLANILINIUM SODIUM",SODIUM,SODIUM,NA,NA,NA,New Row: Needs Review,TADA.AliasMatch,NA
"N-(CARBOXYMETHYL)-N-[3-[[(PERFLUOROOCTYL)SULFONYL]AMINO]PROPYL]-N,N-BIS(2-HYDROXY-3-SULFOPROPYL)AMMONIUM CHLORIDE, TRISODIUM",CHLORIDE,CHLORIDE,NA,16887006,NA,New Row: Needs Review,TADA.AliasMatch,NA
N-(PERFLUORO-1-OXONONYL)-N-METHYLGLYCINE SODIUM SALT,SODIUM,SODIUM,NA,NA,NA,New Row: Needs Review,TADA.AliasMatch,NA
N-(PERFLUOROHEPTYLSULFONYL)-N-PROPYLGLYCINE POTASSIUM,POTASSIUM,POTASSIUM,NA,NA,NA,New Row: Needs Review,TADA.AliasMatch,NA
"N-BROMO-2,2,3,3,3-PENTAFLUOROPROPANIMIDOYL FLUORIDE",FLUORIDE,FLUORIDE,NA,7681494,NA,New Row: Needs Review,TADA.AliasMatch,NA
"N-BROMO-2,2,3,3,4,4,4-HEPTAFLUOROBUTANIMIDOYL FLUORIDE",FLUORIDE,FLUORIDE,NA,7681494,NA,New Row: Needs Review,TADA.AliasMatch,NA
"N-DECANE & 1,2,4-TRIMETHYLBENZENE","1,2,4-TRIMETHYLBENZENE","1,2,4-TRIMETHYLBENZENE",NA,95636,NA,New Row: Needs Review,TADA.AliasMatch,NA
"N-ETHYL-3-[[(PERFLUOROOCTYL)SULFONYL]AMINO]-N,N-DIMETHYLPROPANAMINIUM ETHYL SULFATE (1:1)",SULFATE,SULFATE,NA,NA,NA,New Row: Needs Review,TADA.AliasMatch,NA
"N-ETHYL-3-[[3-[(3,3,4,4,5,5,6,6,7,7,8,8,9,9, 10,10,10-HEPTADECAFLUORODECYL)THIO]-2-METHYL-1-OXOPROPYL]AMINO]-N,N-DIMETHYL-1-PROPANAMINIUM ETHYL SULFATE (1:1)",SULFATE,SULFATE,NA,NA,NA,New Row: Needs Review,TADA.AliasMatch,NA
N-ETHYL-N-(PERFLUORO-1-OXOHEPTYL)-GLYCINE SODIUM SALT,SODIUM,SODIUM,NA,NA,NA,New Row: Needs Review,TADA.AliasMatch,NA
"N-ETHYLSULFONYLGLYCINE, PERFLUOROALKYL (C5-10), POTASSIUM SALT",POTASSIUM,POTASSIUM,NA,NA,NA,New Row: Needs Review,TADA.AliasMatch,NA
N-NITROSODI-N-PROPYLAMINE,N-NITROSODI-N-PROPYLAMINE,N-NITROSODI-N-PROPYLAMINE,NA,621647,NA,New Row: Needs Review,TADA.AliasMatch,NA
N-NITROSOPYRROLIDINE,N-NITROSOPYRROLIDINE,NITROSOPYRROLIDINE,NA,930552,NA,New Row: Needs Review,TADA.AliasMatch,NA
N-[(PERFLUOROOCTYL)ETHYLSULFONYL]-N-PROPYLGLYCINE LITHIUM SALT,LITHIUM,LITHIUM,NA,7439932,NA,New Row: Needs Review,TADA.AliasMatch,NA
"N-[2-[3-[[(PERFLUOROOCTYL)SULFONYL]AMINO]PROPOXY]ETHYL]-2-HYDROXY-N,N-DIMETHYLETHANAMINIUM BROMIDE",BROMIDE,BROMIDE,NA,NA,NA,New Row: Needs Review,TADA.AliasMatch,NA
"N-[3-[(PERFLUORO-1-OXONONYL)PROPYLAMINO]PROPYL]-N,N-DIMETHYLBENZENEMETHANAMINIUM CHLORIDE",CHLORIDE,CHLORIDE,NA,16887006,NA,New Row: Needs Review,TADA.AliasMatch,NA
"N-[3-[[(PERFLUOROOCTYL)SULFONYL]AMINO]PROPYL]-N,N-DIMETHYL-1-DECANAMINIUM BROMIDE (1:1)",BROMIDE,BROMIDE,NA,NA,NA,New Row: Needs Review,TADA.AliasMatch,NA
"N-[3-[[(PERFLUOROOCTYL)SULFONYL]AMINO]PROPYL]-N,N-DIMETHYLBENZENEMETHANAMINIUM CHLORIDE",CHLORIDE,CHLORIDE,NA,16887006,NA,New Row: Needs Review,TADA.AliasMatch,NA
"N-[3-[[(PERFLUOROOCTYL)SULFONYL]AMINO]PROPYL]-N,N-DIMETHYLHEXANAMINIUM BROMIDE",BROMIDE,BROMIDE,NA,NA,NA,New Row: Needs Review,TADA.AliasMatch,NA
N-[4-(NONAFLUOROBUTOXY)PHENYL]PYRIDINE-3-CARBOXAMIDE-HYDROGEN CHLORIDE (1:1),CHLORIDE,CHLORIDE,NA,16887006,NA,New Row: Needs Review,TADA.AliasMatch,NA
N-[4-(NONAFLUOROBUTOXY)PHENYL]PYRIDINE-4-CARBOXAMIDE-HYDROGEN CHLORIDE (1:1),CHLORIDE,CHLORIDE,NA,16887006,NA,New Row: Needs Review,TADA.AliasMatch,NA
"N-[[3-[[(PERFLUOROOCTYL)SULFONYL](PROPYL)AMINO]PROPYL]SULFONYL]-2-HYDROXY-N,N-DIMETHYLETHANAMINIUM CHLORIDE",CHLORIDE,CHLORIDE,NA,16887006,NA,New Row: Needs Review,TADA.AliasMatch,NA
N-[[4-[(HEPTADECAFLUORONONENYL)OXY]PHENYL]SULFONYL]-N-METHYLGLYCINE SODIUM SALT,SODIUM,SODIUM,NA,NA,NA,New Row: Needs Review,TADA.AliasMatch,NA
NABAM,NABAM,NABAM,NA,NA,NA,New Row: Needs Review,TADA.AliasMatch,NA
NAPHTHALENE (C1-C4),NAPHTHALENE,NAPHTHALENE,NA,91203,NA,New Row: Needs Review,TADA.AliasMatch,NA
"NAPHTHALENE, 1,1,2,2,3,3,4,4,4A,5,5,6,6,7,7,8,8,8A-OCTADECAFLUORODECAHYDRO-",NAPHTHALENE,NAPHTHALENE,NA,91203,NA,New Row: Needs Review,TADA.AliasMatch,NA
"NAPHTHALENE, 1,1,2,2,3,3,4,4,4A,5,5,6,6,7,7,8,8,8A-OCTADECAFLUORODECAHYDRO-, CIS-",NAPHTHALENE,NAPHTHALENE,NA,91203,NA,New Row: Needs Review,TADA.AliasMatch,NA
"NAPHTHALENE, 1,1,2,2,3,3,4,4,4A,5,5,6,6,7,7,8,8,8A-OCTADECAFLUORODECAHYDRO-, TRANS-",NAPHTHALENE,NAPHTHALENE,NA,91203,NA,New Row: Needs Review,TADA.AliasMatch,NA
"NAPHTHALENE, 1,1,2,2,3,3,4,4,4A,5,5,6,6,7,7,8,8A-HEPTADECAFLUORODECAHYDRO-8-(TRIFLUOROMETHYL)-",NAPHTHALENE,NAPHTHALENE,NA,91203,NA,New Row: Needs Review,TADA.AliasMatch,NA
"NAPHTHALENE, 1,2,3,4,5,6,7-HEPTACHLORO-",NAPHTHALENE,NAPHTHALENE,NA,91203,NA,New Row: Needs Review,TADA.AliasMatch,NA
"NAPHTHALENE, 1,2,3,4,5,6,8-HEPTACHLORO-",NAPHTHALENE,NAPHTHALENE,NA,91203,NA,New Row: Needs Review,TADA.AliasMatch,NA
"NAPHTHALENE, 1,2,3,4,6-PENTACHLORO-",NAPHTHALENE,NAPHTHALENE,NA,91203,NA,New Row: Needs Review,TADA.AliasMatch,NA
"NAPHTHALENE, 1,2,3,4-TETRAHYDRO-5-METHYL-",NAPHTHALENE,NAPHTHALENE,NA,91203,NA,New Row: Needs Review,TADA.AliasMatch,NA
"NAPHTHALENE, 1,2,3,5,7-PENTACHLORO-",NAPHTHALENE,NAPHTHALENE,NA,91203,NA,New Row: Needs Review,TADA.AliasMatch,NA
"NAPHTHALENE, 1,2,3,5,8-PENTACHLORO-",NAPHTHALENE,NAPHTHALENE,NA,91203,NA,New Row: Needs Review,TADA.AliasMatch,NA
"NAPHTHALENE, 1,2,3-TRICHLORO-",NAPHTHALENE,NAPHTHALENE,NA,91203,NA,New Row: Needs Review,TADA.AliasMatch,NA
"NAPHTHALENE, 1-(2,2,3,3-TETRAFLUOROCYCLOPROPYL)-",NAPHTHALENE,NAPHTHALENE,NA,91203,NA,New Row: Needs Review,TADA.AliasMatch,NA
"NAPHTHALENE, 2,7-DICHLORO-",NAPHTHALENE,NAPHTHALENE,NA,91203,NA,New Row: Needs Review,TADA.AliasMatch,NA
"NAPHTHALENE, 2-(1,1,2,2-TETRAFLUOROETHOXY)-",NAPHTHALENE,NAPHTHALENE,NA,91203,NA,New Row: Needs Review,TADA.AliasMatch,NA
"NAPHTHALENE, 2-BROMO-",NAPHTHALENE,NAPHTHALENE,NA,91203,NA,New Row: Needs Review,TADA.AliasMatch,NA
"NAPHTHALENE, 2-METHYLNAPHTHALENE MIX",NAPHTHALENE,NAPHTHALENE,NA,91203,NA,New Row: Needs Review,TADA.AliasMatch,NA
"NAPHTHALENE, DECAHYDRO-, TRANS-",NAPHTHALENE,NAPHTHALENE,NA,91203,NA,New Row: Needs Review,TADA.AliasMatch,NA
"NAPHTHALENE, HEPTACHLORO-",NAPHTHALENE,NAPHTHALENE,NA,91203,NA,New Row: Needs Review,TADA.AliasMatch,NA
"NAPHTHALENE, TETRACHLORO-",NAPHTHALENE,NAPHTHALENE,NA,91203,NA,New Row: Needs Review,TADA.AliasMatch,NA
"NAPHTHALENE, [DIFLUORO(1,2,2,3,3,4,4,5,5,6,6-UNDECAFLUOROCYCLOHEXYL)METHYL]HEPTADECAFLUORODECAHYDRO-",NAPHTHALENE,NAPHTHALENE,NA,91203,NA,New Row: Needs Review,TADA.AliasMatch,NA
NEOMYCIN SULFATE,SULFATE,SULFATE,NA,NA,NA,New Row: Needs Review,TADA.AliasMatch,NA
"NICKEL, BIS(2,2,2-TRIFLUOROACETATO-.KAPPA.O)-, HYDRATE (1:4)",NICKEL,NICKEL,NA,7440020,NA,New Row: Needs Review,TADA.AliasMatch,NA
NITRATE + NITRITE,NITRATE,NITRATES,NA,14797558,NA,New Row: Needs Review,TADA.AliasMatch,NA
NITRATE + NITRITE,NITRITE,NITRITE,NA,14797650,NA,New Row: Needs Review,TADA.AliasMatch,NA
NITRATE-REDUCING BACTERIA,BACTERIA,BACTERIA,NA,NA,NA,New Row: Needs Review,TADA.AliasMatch,NA
NITROGEN DELTA 15***RETIRED***USE DELTA NITROGEN-15/NITROGEN-14,NITROGEN,TOTAL NITROGEN,NA,NA,NA,New Row: Needs Review,TADA.AliasMatch,NA
NITROGEN DIOXIDE,NITROGEN,TOTAL NITROGEN,NA,NA,NA,New Row: Needs Review,TADA.AliasMatch,NA
NITROGEN ION,NITROGEN,TOTAL NITROGEN,NA,NA,NA,New Row: Needs Review,TADA.AliasMatch,NA
NITROGEN MUSTARD (HN-1),NITROGEN,TOTAL NITROGEN,NA,NA,NA,New Row: Needs Review,TADA.AliasMatch,NA
NITROGEN MUSTARD (HN-2),NITROGEN,TOTAL NITROGEN,NA,NA,NA,New Row: Needs Review,TADA.AliasMatch,NA
NITROGEN MUSTARD (HN-3),NITROGEN,TOTAL NITROGEN,NA,NA,NA,New Row: Needs Review,TADA.AliasMatch,NA
NITROGEN OXIDES,NITROGEN,TOTAL NITROGEN,NA,NA,NA,New Row: Needs Review,TADA.AliasMatch,NA
NITROGEN OXYGEN DEMAND,NITROGEN,TOTAL NITROGEN,NA,NA,NA,New Row: Needs Review,TADA.AliasMatch,NA
NITROGEN OXYGEN DEMAND,OXYGEN,DISSOLVED OXYGEN,NA,7782447,NA,New Row: Needs Review,TADA.AliasMatch,NA
NITROGEN PLUS ARGON,NITROGEN,TOTAL NITROGEN,NA,NA,NA,New Row: Needs Review,TADA.AliasMatch,NA
NITROGEN TRICHLORIDE,NITROGEN,TOTAL NITROGEN,NA,NA,NA,New Row: Needs Review,TADA.AliasMatch,NA
"NITROGEN, AMMONIUM/AMMONIA RATIO",NITROGEN,TOTAL NITROGEN,NA,NA,NA,New Row: Needs Review,TADA.AliasMatch,NA
"NITROGEN, MIXED FORMS (NH3), (NH4), ORGANIC, (NO2) AND (NO3)",NITROGEN,TOTAL NITROGEN,NA,NA,NA,New Row: Needs Review,TADA.AliasMatch,NA
NITROPHENOL,NITROPHENOL 4,4-NITROPHENOL,NA,100027,NA,New Row: Needs Review,TADA.AliasMatch,NA
NON-APATITE INORGANIC PHOSPHORUS,PHOSPHORUS,PHOSPHOROUS (YELLOW),NA,7723140,NA,New Row: Needs Review,TADA.AliasMatch,NA
NONADECAFLUORODECANOYL CHLORIDE,CHLORIDE,CHLORIDE,NA,16887006,NA,New Row: Needs Review,TADA.AliasMatch,NA
NONAFLUOROBUTANESULFONAMIDE AMMONIA SALT,AMMONIA,AMMONIA,NA,7664417,NA,New Row: Needs Review,TADA.AliasMatch,NA
NONAFLUOROPENTANOYL BROMIDE,BROMIDE,BROMIDE,NA,NA,NA,New Row: Needs Review,TADA.AliasMatch,NA
NONAFLUOROPENTANOYL CHLORIDE,CHLORIDE,CHLORIDE,NA,16887006,NA,New Row: Needs Review,TADA.AliasMatch,NA
NONCARCINOGENIC POLYCYCLIC AROMATIC HYDROCARBONS,POLYCYCLIC AROMATIC HYDROCARBONS,POLYCYCLIC AROMATIC HYDROCARBONS (PAHS),NA,NA,NA,New Row: Needs Review,TADA.AliasMatch,NA
NONYL SULFATE,SULFATE,SULFATE,NA,NA,NA,New Row: Needs Review,TADA.AliasMatch,NA
NONYLPHENOL DIETHOXYLATE,NONYLPHENOL,NONYLPHENOL,NA,84852153,NA,New Row: Needs Review,TADA.AliasMatch,NA
"NONYLPHENOL, DIETHOXY- (TOTAL, NPEO2)",NONYLPHENOL,NONYLPHENOL,NA,84852153,NA,New Row: Needs Review,TADA.AliasMatch,NA
"NONYLPHENOL, DIETHOXYLATE- (TOTAL, NPEO2)",NONYLPHENOL,NONYLPHENOL,NA,84852153,NA,New Row: Needs Review,TADA.AliasMatch,NA
"NONYLPHENOL, MONOETHOXY- (TOTAL NPEO1)",NONYLPHENOL,NONYLPHENOL,NA,84852153,NA,New Row: Needs Review,TADA.AliasMatch,NA
"NUTRIENT-NITROGEN***RETIRED***USE TOTAL NITROGEN, MIXED FORMS WITH SPECIATION AS N",NITROGEN,TOTAL NITROGEN,NA,NA,NA,New Row: Needs Review,TADA.AliasMatch,NA
"NUTRIENT-NITROGEN***RETIRED***USE TOTAL NITROGEN, MIXED FORMS WITH SPECIATION AS N",TOTAL NITROGEN,TOTAL NITROGEN,NA,NA,NA,New Row: Needs Review,TADA.AliasMatch,NA
"N~1~,N~1~,N~5~,N~5~-TETRAKIS(2-CHLOROETHYL)-2,2,3,3,4,4-HEXAFLUOROPENTANE-1,5-DIAMINE--HYDROGEN CHLORIDE (1/1)",CHLORIDE,CHLORIDE,NA,16887006,NA,New Row: Needs Review,TADA.AliasMatch,NA
"O,P-XYLENE***RETIRED***USE ORTHO & PARA XYLENE MIX",XYLENE,XYLENE,NA,1330207,NA,New Row: Needs Review,TADA.AliasMatch,NA
"O-(4,4,5,5,6,6,7,7,8,8,9,9,10,10,11,11,11-HEPTADECAFLUOROUNDECYL)HYDROXYLAMINE-HYDROGEN CHLORIDE (1:1)",CHLORIDE,CHLORIDE,NA,16887006,NA,New Row: Needs Review,TADA.AliasMatch,NA
"O-XYLENE & 1,1,2,2-TETRACHLOROETHANE","1,1,2,2-TETRACHLOROETHANE","1,1,2,2-TETRACHLOROETHANE",NA,79345,NA,New Row: Needs Review,TADA.AliasMatch,NA
"O-XYLENE & 1,1,2,2-TETRACHLOROETHANE",O-XYLENE,"1,2-XYLENE",NA,95476,NA,New Row: Needs Review,TADA.AliasMatch,NA
O-XYLENE & N-NONANE,O-XYLENE,"1,2-XYLENE",NA,95476,NA,New Row: Needs Review,TADA.AliasMatch,NA
"O-XYLENE, MIXT. WITH M-XYLENE AND P-XYLENE",M-XYLENE,"1,3-XYLENE",NA,108383,NA,New Row: Needs Review,TADA.AliasMatch,NA
"O-XYLENE, MIXT. WITH M-XYLENE AND P-XYLENE",O-XYLENE,"1,2-XYLENE",NA,95476,NA,New Row: Needs Review,TADA.AliasMatch,NA
"O-XYLENE, MIXT. WITH M-XYLENE AND P-XYLENE",P-XYLENE,"1,4-XYLENE",NA,106423,NA,New Row: Needs Review,TADA.AliasMatch,NA
OCTADECYL SULFATE,SULFATE,SULFATE,NA,NA,NA,New Row: Needs Review,TADA.AliasMatch,NA
"OCTANOYL FLUORIDE, 2,2,3,3,4,4,5,5,6,6,7,7,8,8,8-PENTADECAFLUORO-",FLUORIDE,FLUORIDE,NA,7681494,NA,New Row: Needs Review,TADA.AliasMatch,NA
"OCTANOYL FLUORIDE, 2,2,3,3,4,4,5,5,6,6,7,7,8,8-TETRADECAFLUORO-",FLUORIDE,FLUORIDE,NA,7681494,NA,New Row: Needs Review,TADA.AliasMatch,NA
"OCTANOYL FLUORIDE, 2,2,3,3,4,4,5,5,6,6,7,8,8,8-TETRADECAFLUORO-7-(TRIFLUOROMETHYL)-",FLUORIDE,FLUORIDE,NA,7681494,NA,New Row: Needs Review,TADA.AliasMatch,NA
"OCTANOYL FLUORIDE, PENTADECAFLUORO-",FLUORIDE,FLUORIDE,NA,7681494,NA,New Row: Needs Review,TADA.AliasMatch,NA
"OCTENE-1-SULFONIC ACID, PENTADECAFLUORO-, POTASSIUM SALT (1:1)",POTASSIUM,POTASSIUM,NA,NA,NA,New Row: Needs Review,TADA.AliasMatch,NA
OCTYL DECYL DIMETHYL AMMONIUM CHLORIDE,CHLORIDE,CHLORIDE,NA,16887006,NA,New Row: Needs Review,TADA.AliasMatch,NA
OCTYL DIPHENYL PHOSPHATE,PHOSPHATE,PHOSPHATE,NA,NA,NA,New Row: Needs Review,TADA.AliasMatch,NA
OCTYL SULFATE,SULFATE,SULFATE,NA,NA,NA,New Row: Needs Review,TADA.AliasMatch,NA
ODOR (ADVERSE OR OFFENSIVE) (Y/N) (CHOICE LIST),ODOR,ODOR,NA,NA,NA,New Row: Needs Review,TADA.AliasMatch,NA
ODOR SEVERITY (CHOICE LIST),ODOR,ODOR,NA,NA,NA,New Row: Needs Review,TADA.AliasMatch,NA
ODOR THRESHOLD NUMBER,ODOR,ODOR,NA,NA,NA,New Row: Needs Review,TADA.AliasMatch,NA
ODOR TYPE (CHOICE LIST),ODOR,ODOR,NA,NA,NA,New Row: Needs Review,TADA.AliasMatch,NA
OIL AND GREASE,OIL,OIL AND GREASE,NA,NA,NA,New Row: Needs Review,TADA.AliasMatch,NA
OIL AND GREASE SURFACE SLICK/SHEEN (Y/N) (CHOICE LIST),OIL,OIL AND GREASE,NA,NA,NA,New Row: Needs Review,TADA.AliasMatch,NA
"OIL AND GREASE, NONPOLAR",OIL,OIL AND GREASE,NA,NA,NA,New Row: Needs Review,TADA.AliasMatch,NA
"OIL AND GREASE, SURFACE SLICK/SHEEN - SEVERITY (CHOICE LIST)",OIL,OIL AND GREASE,NA,NA,NA,New Row: Needs Review,TADA.AliasMatch,NA
OIL RANGE ORGANICS,OIL,OIL AND GREASE,NA,NA,NA,New Row: Needs Review,TADA.AliasMatch,NA
OIL RANGE ORGANICS (C06-C10),OIL,OIL AND GREASE,NA,NA,NA,New Row: Needs Review,TADA.AliasMatch,NA
OIL RANGE ORGANICS (C19-C36),OIL,OIL AND GREASE,NA,NA,NA,New Row: Needs Review,TADA.AliasMatch,NA
OIL RANGE ORGANICS (C20-C34),OIL,OIL AND GREASE,NA,NA,NA,New Row: Needs Review,TADA.AliasMatch,NA
OIL RANGE ORGANICS (C28-C36),OIL,OIL AND GREASE,NA,NA,NA,New Row: Needs Review,TADA.AliasMatch,NA
OIL RANGE ORGANICS C28-C35,OIL,OIL AND GREASE,NA,NA,NA,New Row: Needs Review,TADA.AliasMatch,NA
"OIL SLICK COVERAGE SEVERITY, CHOICE LIST",OIL,OIL AND GREASE,NA,NA,NA,New Row: Needs Review,TADA.AliasMatch,NA
"OIL SLICK SEVERITY, CHOICE LIST",OIL,OIL AND GREASE,NA,NA,NA,New Row: Needs Review,TADA.AliasMatch,NA
ORGANIC MONOMERIC ALUMINUM,ALUMINUM,ALUMINUM,NA,7429905,NA,New Row: Needs Review,TADA.AliasMatch,NA
ORGANIC NITROGEN,NITROGEN,TOTAL NITROGEN,NA,NA,NA,New Row: Needs Review,TADA.AliasMatch,NA
ORGANIC PHOSPHORUS,PHOSPHORUS,PHOSPHOROUS (YELLOW),NA,7723140,NA,New Row: Needs Review,TADA.AliasMatch,NA
ORGANIC SELENIUM,SELENIUM,SELENIUM,NA,7782492,NA,New Row: Needs Review,TADA.AliasMatch,NA
ORGANOHALIDE RESPIRING BACTERIA,BACTERIA,BACTERIA,NA,NA,NA,New Row: Needs Review,TADA.AliasMatch,NA
ORTHO & PARA XYLENE MIX,XYLENE,XYLENE,NA,1330207,NA,New Row: Needs Review,TADA.AliasMatch,NA
ORTHOPHOSPHATE,ORTHOPHOSPHATE,ORTHOPHOSPHATE,NA,NA,NA,New Row: Needs Review,TADA.AliasMatch,NA
OXIDIZED MATRIX COLOR (SOIL),COLOR,COLOR,NA,NA,NA,New Row: Needs Review,TADA.AliasMatch,NA
"OXONIUM, [(1Z,3Z)-1-(1,1,2,2-TETRAFLUOROPROPYL)-3-(TRIFLUOROMETHYL)-1,3-PROPANEDIYLIDENE]BIS-, (Z,Z)-, COPPER SALT",COPPER,COPPER,NA,7440508,NA,New Row: Needs Review,TADA.AliasMatch,NA
OXYGEN,BIOCHEMICAL OXYGEN DEMAND,BIOCHEMICAL OXYGEN DEMAND,NA,NA,NA,New Row: Needs Review,TADA.AliasMatch,NA
OXYGEN,BIOCHEMICAL OXYGEN DEMAND (BOD),BIOCHEMICAL OXYGEN DEMAND (BOD),NA,NA,NA,New Row: Needs Review,TADA.AliasMatch,NA
OXYGEN,CHEMICAL OXYGEN DEMAND (COD),CHEMICAL OXYGEN DEMAND (COD),NA,NA,NA,New Row: Needs Review,TADA.AliasMatch,NA
OXYGEN,DIEL DISSOLVED OXYGEN FLUX,DIEL DISSOLVED OXYGEN FLUX,NA,NA,NA,New Row: Needs Review,TADA.AliasMatch,NA
OXYGEN 18/OXYGEN 16 RATIO IN SULFATE***RETIRED***USE OXYGEN-18/OXYGEN-16 RATIO AS SO4,OXYGEN,DISSOLVED OXYGEN,NA,7782447,NA,New Row: Needs Review,TADA.AliasMatch,NA
OXYGEN DELTA 18,OXYGEN,DISSOLVED OXYGEN,NA,7782447,NA,New Row: Needs Review,TADA.AliasMatch,NA
OXYGEN ISOTOPES OF WATER (D18O)***RETIRED***USE OXYGEN-18/OXYGEN-16 RATIO (AS H2O),OXYGEN,DISSOLVED OXYGEN,NA,7782447,NA,New Row: Needs Review,TADA.AliasMatch,NA
OXYGEN PLUS ARGON,OXYGEN,DISSOLVED OXYGEN,NA,7782447,NA,New Row: Needs Review,TADA.AliasMatch,NA
"OXYGEN UPTAKE, DAY",OXYGEN,DISSOLVED OXYGEN,NA,7782447,NA,New Row: Needs Review,TADA.AliasMatch,NA
"OXYGEN UPTAKE, NIGHT",OXYGEN,DISSOLVED OXYGEN,NA,7782447,NA,New Row: Needs Review,TADA.AliasMatch,NA
OXYTETRACYCLINE CALCIUM,CALCIUM,CALCIUM,NA,NA,NA,New Row: Needs Review,TADA.AliasMatch,NA
"P,P' DDE + DDT",DDE,"P,P'-DICHLORODIPHENYLDICHLOROETHYLENE (DDE)",NA,72559,NA,New Row: Needs Review,TADA.AliasMatch,NA
"P,P' DDE + DDT",DDT,"P,P'-DICHLORODIPHENYLTRICHLOROETHANE (DDT)",NA,50293,NA,New Row: Needs Review,TADA.AliasMatch,NA
"P,P'-DDD","P,P'-DDD","P,P'-DICHLORODIPHENYLDICHLOROETHANE (DDD)",NA,72548,NA,New Row: Needs Review,TADA.AliasMatch,NA
"P,P'-DDE","P,P'-DDE","P,P'-DICHLORODIPHENYLDICHLOROETHYLENE (DDE)",NA,72559,NA,New Row: Needs Review,TADA.AliasMatch,NA
"P,P'-DDE + DDE + DDT",DDE,"P,P'-DICHLORODIPHENYLDICHLOROETHYLENE (DDE)",NA,72559,NA,New Row: Needs Review,TADA.AliasMatch,NA
"P,P'-DDE + DDE + DDT",DDT,"P,P'-DICHLORODIPHENYLTRICHLOROETHANE (DDT)",NA,50293,NA,New Row: Needs Review,TADA.AliasMatch,NA
"P,P'-DDE + DDE + DDT","P,P'-DDE","P,P'-DICHLORODIPHENYLDICHLOROETHYLENE (DDE)",NA,72559,NA,New Row: Needs Review,TADA.AliasMatch,NA
"P,P'-DDT","P,P'-DDT","P,P'-DICHLORODIPHENYLTRICHLOROETHANE (DDT)",NA,50293,NA,New Row: Needs Review,TADA.AliasMatch,NA
P-((UNDECAFLUOROHEXENYL)OXY)BENZENESULPHONYL CHLORIDE,CHLORIDE,CHLORIDE,NA,16887006,NA,New Row: Needs Review,TADA.AliasMatch,NA
P-(PENTADECAFLUOROHEPTYL)BENZENESULPHONYL CHLORIDE,CHLORIDE,CHLORIDE,NA,16887006,NA,New Row: Needs Review,TADA.AliasMatch,NA
P-CHLORO-M-CRESOL,P-CHLORO-M-CRESOL,3-METHYL-4-CHLOROPHENOL,NA,59507,NA,New Row: Needs Review,TADA.AliasMatch,NA
P-CHLOROPHENYL METHYL SULFIDE,SULFIDE,SULFIDE,NA,NA,NA,New Row: Needs Review,TADA.AliasMatch,NA
P-CHLOROPHENYL PHENYL ETHER,PHENYL ETHER,PHENYL ETHER,NA,101848,NA,New Row: Needs Review,TADA.AliasMatch,NA
P-CRESOL,P-CRESOL,P-CRESOL,NA,106445,NA,New Row: Needs Review,TADA.AliasMatch,NA
P-METHYL STYRENE,STYRENE,STYRENE,NA,100425,NA,New Row: Needs Review,TADA.AliasMatch,NA
P-NITROPHENOL,P-NITROPHENOL,4-NITROPHENOL,NA,100027,NA,New Row: Needs Review,TADA.AliasMatch,NA
P-TERT-BUTYL TOLUENE,TOLUENE,TOLUENE,NA,108883,NA,New Row: Needs Review,TADA.AliasMatch,NA
PAH***RETIRED***USE POLYCYCLIC AROMATIC HYDROCARBONS,POLYCYCLIC AROMATIC HYDROCARBONS,POLYCYCLIC AROMATIC HYDROCARBONS (PAHS),NA,NA,NA,New Row: Needs Review,TADA.AliasMatch,NA
PARAFFIN OILS,OILS,OIL AND GREASE,NA,NA,NA,New Row: Needs Review,TADA.AliasMatch,NA
PARAQUAT DICHLORIDE,PARAQUAT,PARAQUAT,NA,1910425,NA,New Row: Needs Review,TADA.AliasMatch,NA
PARAQUAT DICHLORIDE,PARAQUAT DICHLORIDE,PARAQUAT,NA,1910425,NA,New Row: Needs Review,TADA.AliasMatch,NA
PARLAR 50***RETIRED***USE TOXAPHENE PARLAR 50,TOXAPHENE,TOXAPHENE,NA,8001352,NA,New Row: Needs Review,TADA.AliasMatch,NA
PARLAR 62***RETIRED***USE TOXAPHENE PARLAR 62,TOXAPHENE,TOXAPHENE,NA,8001352,NA,New Row: Needs Review,TADA.AliasMatch,NA
PARTIAL PRESSURE OF DISSOLVED GASES,DISSOLVED GASES,DISSOLVED GASES,NA,NA,NA,New Row: Needs Review,TADA.AliasMatch,NA
"PARTICLE SIZE, FINE SEDIMENT (<75 UM)",FINE SEDIMENT,FINE SEDIMENT,NA,NA,NA,New Row: Needs Review,TADA.AliasMatch,NA
PARTICULATE INORGANIC PHOSPHORUS,PHOSPHORUS,PHOSPHOROUS (YELLOW),NA,7723140,NA,New Row: Needs Review,TADA.AliasMatch,NA
PARTICULATE ORGANIC NITROGEN AND PARTICULATE NITROGEN,NITROGEN,TOTAL NITROGEN,NA,NA,NA,New Row: Needs Review,TADA.AliasMatch,NA
"PCB-56/60/92 + CHLORDANE, TRANS-",CHLORDANE,CHLORDANE,NA,57749,NA,New Row: Needs Review,TADA.AliasMatch,NA
"PCB-56/61 + CHLORDANE, TRANS-",CHLORDANE,CHLORDANE,NA,57749,NA,New Row: Needs Review,TADA.AliasMatch,NA
PCB-74 + HEPTACHLOR EPOXIDE,HEPTACHLOR,HEPTACHLOR,NA,76448,NA,New Row: Needs Review,TADA.AliasMatch,NA
PCB-74 + HEPTACHLOR EPOXIDE,HEPTACHLOR EPOXIDE,HEPTACHLOR EPOXIDE,NA,1024573,NA,New Row: Needs Review,TADA.AliasMatch,NA
"PCB-99 +CHLORDANE, CIS-",CHLORDANE,CHLORDANE,NA,57749,NA,New Row: Needs Review,TADA.AliasMatch,NA
PENICILLIN G SODIUM,SODIUM,SODIUM,NA,NA,NA,New Row: Needs Review,TADA.AliasMatch,NA
PENTACHLORONITROBENZENE,PENTACHLORONITROBENZENE,PENTACHLORONITROBENZENE,NA,NA,NA,New Row: Needs Review,TADA.AliasMatch,NA
PENTACHLOROPHENOL DEHYDROABIETYLAMINE SALT,PENTACHLOROPHENOL,PENTACHLOROPHENOL,NA,87865,NA,New Row: Needs Review,TADA.AliasMatch,NA
PENTADECAFLUOROHEPTYL DIHYDROGEN PHOSPHATE,PHOSPHATE,PHOSPHATE,NA,NA,NA,New Row: Needs Review,TADA.AliasMatch,NA
PENTADECAFLUOROOCTANOYL BROMIDE,BROMIDE,BROMIDE,NA,NA,NA,New Row: Needs Review,TADA.AliasMatch,NA
PENTADECAFLUOROOCTYL CHLORIDE,CHLORIDE,CHLORIDE,NA,16887006,NA,New Row: Needs Review,TADA.AliasMatch,NA
PENTAFLUOROETHANE-1-SULFONYL CHLORIDE,CHLORIDE,CHLORIDE,NA,16887006,NA,New Row: Needs Review,TADA.AliasMatch,NA
PENTAFLUOROETHYL HYDROGEN SULFATE,SULFATE,SULFATE,NA,NA,NA,New Row: Needs Review,TADA.AliasMatch,NA
PENTAFLUOROPROPANOYL BROMIDE,BROMIDE,BROMIDE,NA,NA,NA,New Row: Needs Review,TADA.AliasMatch,NA
"PENTANEDIOIC ACID, 2,2,3,3,4,4-HEXAFLUORO-, SILVER SALT (1:1)",SILVER,SILVER,NA,7440224,NA,New Row: Needs Review,TADA.AliasMatch,NA
"PENTANOIC ACID, 2,2,3,3,4,4,5,5,5-NONAFLUORO-, SODIUM SALT (1:1)",SODIUM,SODIUM,NA,NA,NA,New Row: Needs Review,TADA.AliasMatch,NA
"PENTANOYL FLUORIDE, 2,2,3,3,4,4,5,5,5-NONAFLUORO-",FLUORIDE,FLUORIDE,NA,7681494,NA,New Row: Needs Review,TADA.AliasMatch,NA
PENTYL SULFATE,SULFATE,SULFATE,NA,NA,NA,New Row: Needs Review,TADA.AliasMatch,NA
"PERFLUORO(2,7-DIMETHYL-3,6-DIOXASUBEROYL) FLUORIDE",FLUORIDE,FLUORIDE,NA,7681494,NA,New Row: Needs Review,TADA.AliasMatch,NA
PERFLUORO(3-{[1-(ETHENYLOXY)PROPAN-2-YL]OXY}PROPANE-1-SULFONYL) FLUORIDE,FLUORIDE,FLUORIDE,NA,7681494,NA,New Row: Needs Review,TADA.AliasMatch,NA
PERFLUORO(7-METHYL)OCTANESULFONATE POTASSIUM SALT,POTASSIUM,POTASSIUM,NA,NA,NA,New Row: Needs Review,TADA.AliasMatch,NA
"PERFLUORO-(2,5,8-TRIMETHYL-3,6,9-TRIOXADODECANOIC) ACID POTASSIUM SALT",POTASSIUM,POTASSIUM,NA,NA,NA,New Row: Needs Review,TADA.AliasMatch,NA
"PERFLUORO-1,6-HEXANEDISULFINIC ACID, SODIUM SALT (1:2)",SODIUM,SODIUM,NA,NA,NA,New Row: Needs Review,TADA.AliasMatch,NA
PERFLUORO-1-BUTANESULFONYL CHLORIDE,CHLORIDE,CHLORIDE,NA,16887006,NA,New Row: Needs Review,TADA.AliasMatch,NA
"PERFLUORO-1-DODECANOL, 1-(DIHYDROGEN PHOSPHATE), SODIUM SALT (1:2)",PHOSPHATE,PHOSPHATE,NA,NA,NA,New Row: Needs Review,TADA.AliasMatch,NA
"PERFLUORO-1-DODECANOL, 1-(DIHYDROGEN PHOSPHATE), SODIUM SALT (1:2)",SODIUM,SODIUM,NA,NA,NA,New Row: Needs Review,TADA.AliasMatch,NA
PERFLUORO-1-OCTANESULFONYL CHLORIDE,CHLORIDE,CHLORIDE,NA,16887006,NA,New Row: Needs Review,TADA.AliasMatch,NA
PERFLUORO-1-PROPANESULFINIC ACID SODIUM,SODIUM,SODIUM,NA,NA,NA,New Row: Needs Review,TADA.AliasMatch,NA
"PERFLUORO-2,3-BIS[2-(FLUOROSULFONYL)ETHOXY]PROPANOYL FLUORIDE",FLUORIDE,FLUORIDE,NA,7681494,NA,New Row: Needs Review,TADA.AliasMatch,NA
"PERFLUORO-2,5-DIMETHYL-3,6-DIOXANONANOIC ACID, SODIUM SALT",SODIUM,SODIUM,NA,NA,NA,New Row: Needs Review,TADA.AliasMatch,NA
PERFLUORO-2-(3-METHOXYPROPOXY)PROPANOIC ACID POTASSIUM SALT,POTASSIUM,POTASSIUM,NA,NA,NA,New Row: Needs Review,TADA.AliasMatch,NA
"PERFLUORO-2-(PROPOXY)ETHANESULFINIC ACID, SODIUM SALT (1:1)",SODIUM,SODIUM,NA,NA,NA,New Row: Needs Review,TADA.AliasMatch,NA
PERFLUORO-2-METHYL-3-OXAOCTANEDIOYL FLUORIDE,FLUORIDE,FLUORIDE,NA,7681494,NA,New Row: Needs Review,TADA.AliasMatch,NA
"PERFLUORO-2-[1-[(1,2-DICHLOROETHOXY)METHYL]ETHOXY]ETHANESULFONIC ACID POTASSIUM",POTASSIUM,POTASSIUM,NA,NA,NA,New Row: Needs Review,TADA.AliasMatch,NA
PERFLUORO-2-[2-(2-ETHOXY)ETHOXY]ACETYL FLUORIDE,FLUORIDE,FLUORIDE,NA,7681494,NA,New Row: Needs Review,TADA.AliasMatch,NA
PERFLUORO-2-[2-[(ETHENYL)OXY]PROPOXY]ETHANESULFINIC ACID SODIUM,SODIUM,SODIUM,NA,NA,NA,New Row: Needs Review,TADA.AliasMatch,NA
"PERFLUORO-2-{2,3-BIS[2-(FLUOROSULFONYL)ETHOXY]PROPOXY}PROPANOYL FLUORIDE",FLUORIDE,FLUORIDE,NA,7681494,NA,New Row: Needs Review,TADA.AliasMatch,NA
PERFLUORO-3-[3-[3-(PROPOXY)PROPOXY]PROPOXY]PROPANOYL FLUORIDE,FLUORIDE,FLUORIDE,NA,7681494,NA,New Row: Needs Review,TADA.AliasMatch,NA
PERFLUORO-4-METHYLPENT-2-ENOYL CHLORIDE,CHLORIDE,CHLORIDE,NA,16887006,NA,New Row: Needs Review,TADA.AliasMatch,NA
PERFLUORO-4-METHYLPENT-2-ENOYL FLUORIDE,FLUORIDE,FLUORIDE,NA,7681494,NA,New Row: Needs Review,TADA.AliasMatch,NA
PERFLUORO-N-(HEXANESULFONYL)HEXANE-1-SULFONAMIDE LITHIUM,LITHIUM,LITHIUM,NA,7439932,NA,New Row: Needs Review,TADA.AliasMatch,NA
PERFLUORO-N-[(TRIFLUOROMETHYL)SULFONYL]BUTANESULFONAMIDE SODIUM SALT,SODIUM,SODIUM,NA,NA,NA,New Row: Needs Review,TADA.AliasMatch,NA
PERFLUOROADIPOYL CHLORIDE,CHLORIDE,CHLORIDE,NA,16887006,NA,New Row: Needs Review,TADA.AliasMatch,NA
PERFLUOROALKYL (LINEAR) SULFONYL FLUORIDES,FLUORIDES,FLUORIDE,NA,7681494,NA,New Row: Needs Review,TADA.AliasMatch,NA
PERFLUOROALKYL ACYL FLUORIDES,FLUORIDES,FLUORIDE,NA,7681494,NA,New Row: Needs Review,TADA.AliasMatch,NA
PERFLUOROALKYL SYMMETRIC DIACYL FLUORIDES,FLUORIDES,FLUORIDE,NA,7681494,NA,New Row: Needs Review,TADA.AliasMatch,NA
PERFLUOROBUTANESULFINYL CHLORIDE,CHLORIDE,CHLORIDE,NA,16887006,NA,New Row: Needs Review,TADA.AliasMatch,NA
PERFLUOROBUTYL HYDROGEN SULFATE,SULFATE,SULFATE,NA,NA,NA,New Row: Needs Review,TADA.AliasMatch,NA
PERFLUOROCYCLOHEXANECARBONYL BROMIDE,BROMIDE,BROMIDE,NA,NA,NA,New Row: Needs Review,TADA.AliasMatch,NA
PERFLUORODECYL DIHYDROGEN PHOSPHATE,PHOSPHATE,PHOSPHATE,NA,NA,NA,New Row: Needs Review,TADA.AliasMatch,NA
PERFLUORODECYL HYDROGEN SULFATE,SULFATE,SULFATE,NA,NA,NA,New Row: Needs Review,TADA.AliasMatch,NA
PERFLUORODODECYL HYDROGEN SULFATE,SULFATE,SULFATE,NA,NA,NA,New Row: Needs Review,TADA.AliasMatch,NA
PERFLUOROETHOXYPROPIONYL FLUORIDE,FLUORIDE,FLUORIDE,NA,7681494,NA,New Row: Needs Review,TADA.AliasMatch,NA
PERFLUOROHEPTANOYL CHLORIDE,CHLORIDE,CHLORIDE,NA,16887006,NA,New Row: Needs Review,TADA.AliasMatch,NA
PERFLUOROHEPTYL HYDROGEN SULFATE,SULFATE,SULFATE,NA,NA,NA,New Row: Needs Review,TADA.AliasMatch,NA
PERFLUOROHEXANESULFINATE ZINC SALT,ZINC,ZINC,NA,7440666,NA,New Row: Needs Review,TADA.AliasMatch,NA
PERFLUOROHEXANESULFONIC ACID,PERFLUOROHEXANESULFONIC ACID (PFHXS),PERFLUOROHEXANESULFONIC ACID (PFHXS),NA,355464,NA,New Row: Needs Review,TADA.AliasMatch,NA
PERFLUOROHEXYL HYDROGEN SULFATE,SULFATE,SULFATE,NA,NA,NA,New Row: Needs Review,TADA.AliasMatch,NA
PERFLUORONONANESULFONATE POTASSIUM,POTASSIUM,POTASSIUM,NA,NA,NA,New Row: Needs Review,TADA.AliasMatch,NA
PERFLUORONONANOYL CHLORIDE,CHLORIDE,CHLORIDE,NA,16887006,NA,New Row: Needs Review,TADA.AliasMatch,NA
PERFLUORONONYL HYDROGEN SULFATE,SULFATE,SULFATE,NA,NA,NA,New Row: Needs Review,TADA.AliasMatch,NA
PERFLUOROOCTANE SULFONAMIDO AMMONIUM BROMIDE,BROMIDE,BROMIDE,NA,NA,NA,New Row: Needs Review,TADA.AliasMatch,NA
PERFLUOROOCTYL HYDROGEN SULFATE,SULFATE,SULFATE,NA,NA,NA,New Row: Needs Review,TADA.AliasMatch,NA
PERFLUOROOCTYLSULFONYL FLUORIDE,FLUORIDE,FLUORIDE,NA,7681494,NA,New Row: Needs Review,TADA.AliasMatch,NA
PERFLUOROPENTYL HYDROGEN SULFATE,SULFATE,SULFATE,NA,NA,NA,New Row: Needs Review,TADA.AliasMatch,NA
PERFLUOROPROPYL HYDROGEN SULFATE,SULFATE,SULFATE,NA,NA,NA,New Row: Needs Review,TADA.AliasMatch,NA
PERFLUOROTETRADECYL HYDROGEN SULFATE,SULFATE,SULFATE,NA,NA,NA,New Row: Needs Review,TADA.AliasMatch,NA
PERFLUOROTRIDECYL HYDROGEN SULFATE,SULFATE,SULFATE,NA,NA,NA,New Row: Needs Review,TADA.AliasMatch,NA
PERFLUOROUNDECANOIC ACID CALCIUM SALT (2:1),CALCIUM,CALCIUM,NA,NA,NA,New Row: Needs Review,TADA.AliasMatch,NA
PERFLUOROUNDECYL HYDROGEN SULFATE,SULFATE,SULFATE,NA,NA,NA,New Row: Needs Review,TADA.AliasMatch,NA
PERIPHYTON,PERIPHYTON BIOMASS (AS CHLOROPHYLL A MG/M2),PERIPHYTON BIOMASS (AS CHLOROPHYLL A MG/M2),NA,NA,NA,New Row: Needs Review,TADA.AliasMatch,NA
PEROXYACTYL NITRATE,NITRATE,NITRATES,NA,14797558,NA,New Row: Needs Review,TADA.AliasMatch,NA
PERYLENE,"BENZO(G,H,I) PERYLENE",BENZO(GHI)PERYLENE,NA,191242,NA,New Row: Needs Review,TADA.AliasMatch,NA
PETROLEUM,PETROLEUM OIL,PETROLEUM OIL,NA,NA,NA,New Row: Needs Review,TADA.AliasMatch,NA
PETROLEUM,TOTAL PETROLEUM HYDROCARBONS,TOTAL PETROLEUM HYDROCARBONS,NA,NA,NA,New Row: Needs Review,TADA.AliasMatch,NA
"PETROLEUM HYDROCARBONS, TOTAL EXTRACTABLE",TOTAL PETROLEUM HYDROCARBONS,TOTAL PETROLEUM HYDROCARBONS,NA,NA,NA,New Row: Needs Review,TADA.AliasMatch,NA
"PETROLEUM HYDROCARBONS, TOTAL VOLATILE",TOTAL PETROLEUM HYDROCARBONS,TOTAL PETROLEUM HYDROCARBONS,NA,NA,NA,New Row: Needs Review,TADA.AliasMatch,NA
PETROLEUM PHENOLS,PHENOLS,PHENOL,NA,108952,NA,New Row: Needs Review,TADA.AliasMatch,NA
"PFAS TOTAL, IONIC COMPOUNDS",PFAS,PFAS,NA,NA,NA,New Row: Needs Review,TADA.AliasMatch,NA
"PHENANTHRENE + ANTHRACENE(C1-C4) MIX, UNSPECIFIED",PHENANTHRENE,PHENANTHRENE,NA,85018,NA,New Row: Needs Review,TADA.AliasMatch,NA
"PHENANTHRENE, 1,1,2,2,3,3,4,4,4A,4B,5,5,6,6,7,7,8,8,8A,9,9,10,10,10A-TETRACOSAFLUOROTETRADECAHYDRO-",PHENANTHRENE,PHENANTHRENE,NA,85018,NA,New Row: Needs Review,TADA.AliasMatch,NA
"PHENANTHRENE, TETRACOSAFLUOROTETRADECAHYDRO-",PHENANTHRENE,PHENANTHRENE,NA,85018,NA,New Row: Needs Review,TADA.AliasMatch,NA
"PHENANTHRENE, TETRACOSAFLUOROTETRADECAHYDRO-, HOMOPOLYMER",PHENANTHRENE,PHENANTHRENE,NA,85018,NA,New Row: Needs Review,TADA.AliasMatch,NA
PHENETHYLAMINE,"ALPHA, ALPHA-DIMETHYL PHENETHYLAMINE","ALPHA, ALPHA-DIMETHYL PHENETHYLAMINE",NA,NA,NA,New Row: Needs Review,TADA.AliasMatch,NA
PHENOL DEHYDROABIETYLAMINE SALT,PHENOL,PHENOL,NA,108952,NA,New Row: Needs Review,TADA.AliasMatch,NA
"PHENOL, (1,1-DIMETHYLETHYL)-4-METHOXY- (9CI)",PHENOL,PHENOL,NA,108952,NA,New Row: Needs Review,TADA.AliasMatch,NA
"PHENOL, 2,2'-[(1R,2R)-1,2-CYCLOHEXANEDIYLBIS[(E)-NITRILOMETHYLIDYNE]]BIS[6-(1,1-DIMETHYLETHYL)-4-(HEPTADECAFLUOROOCTYL)-",PHENOL,PHENOL,NA,108952,NA,New Row: Needs Review,TADA.AliasMatch,NA
"PHENOL, 2,3-DICHLORO-6-METHOXY-",PHENOL,PHENOL,NA,108952,NA,New Row: Needs Review,TADA.AliasMatch,NA
"PHENOL, 2,4-BIS(1,1-DIMETHYLETHYL)-6-METHYL-",PHENOL,PHENOL,NA,108952,NA,New Row: Needs Review,TADA.AliasMatch,NA
"PHENOL, 2,4-BIS(1,1-DIMETHYLPROPYL)-",PHENOL,PHENOL,NA,108952,NA,New Row: Needs Review,TADA.AliasMatch,NA
"PHENOL, 2,6-DIBROMO-",PHENOL,PHENOL,NA,108952,NA,New Row: Needs Review,TADA.AliasMatch,NA
"PHENOL, 2-(1,1,2,2-TETRAFLUOROETHOXY)-",PHENOL,PHENOL,NA,108952,NA,New Row: Needs Review,TADA.AliasMatch,NA
"PHENOL, 2-(1,1,2,3,3,3-HEXAFLUOROPROPOXY)-",PHENOL,PHENOL,NA,108952,NA,New Row: Needs Review,TADA.AliasMatch,NA
"PHENOL, 2-(1,1-DIMETHYLETHYL)-4-METHOXY-",PHENOL,PHENOL,NA,108952,NA,New Row: Needs Review,TADA.AliasMatch,NA
"PHENOL, 2-(METHYLTHIO)-",PHENOL,PHENOL,NA,108952,NA,New Row: Needs Review,TADA.AliasMatch,NA
"PHENOL, 2-AMINO-4-(HEPTAFLUOROPROPYL)-",PHENOL,PHENOL,NA,108952,NA,New Row: Needs Review,TADA.AliasMatch,NA
"PHENOL, 2-BROMO-4-(1,1,2,2-TETRAFLUOROETHOXY)-",PHENOL,PHENOL,NA,108952,NA,New Row: Needs Review,TADA.AliasMatch,NA
"PHENOL, 2-CHLORO-4-(1,1,2,2-TETRAFLUOROETHOXY)-",PHENOL,PHENOL,NA,108952,NA,New Row: Needs Review,TADA.AliasMatch,NA
"PHENOL, 2-CHLORO-5-METHYL-",PHENOL,PHENOL,NA,108952,NA,New Row: Needs Review,TADA.AliasMatch,NA
"PHENOL, 2-[(2,2,3,3-TETRAFLUOROPROPYL)THIO]-",PHENOL,PHENOL,NA,108952,NA,New Row: Needs Review,TADA.AliasMatch,NA
"PHENOL, 2-[[2,2,2-TRIFLUORO-1-(TRIFLUOROMETHYL)ETHYL]AMINO]-",PHENOL,PHENOL,NA,108952,NA,New Row: Needs Review,TADA.AliasMatch,NA
"PHENOL, 3(OR 4)-METHYL-",PHENOL,PHENOL,NA,108952,NA,New Row: Needs Review,TADA.AliasMatch,NA
"PHENOL, 3-(1,1,2,2-TETRAFLUOROETHOXY)-",PHENOL,PHENOL,NA,108952,NA,New Row: Needs Review,TADA.AliasMatch,NA
"PHENOL, 3-(1,1,2,2-TETRAFLUOROETHYL)-",PHENOL,PHENOL,NA,108952,NA,New Row: Needs Review,TADA.AliasMatch,NA
"PHENOL, 4,4'-(1,2-DIETHYL-1,2-ETHANEDIYL)BIS-, DI(TRIFLUOROACETATE)",PHENOL,PHENOL,NA,108952,NA,New Row: Needs Review,TADA.AliasMatch,NA
"PHENOL, 4,4'-(2,2,3,3,4,4,5,5-OCTAFLUOROPENTYLIDENE)BIS-",PHENOL,PHENOL,NA,108952,NA,New Row: Needs Review,TADA.AliasMatch,NA
"PHENOL, 4,4'-METHYLENEBIS-",PHENOL,PHENOL,NA,108952,NA,New Row: Needs Review,TADA.AliasMatch,NA
"PHENOL, 4,4'-[2,2,2-TRIFLUORO-1-(TRIFLUOROMETHYL)ETHYLIDENE]BIS-",PHENOL,PHENOL,NA,108952,NA,New Row: Needs Review,TADA.AliasMatch,NA
"PHENOL, 4,4'-[2,2,2-TRIFLUORO-1-(TRIFLUOROMETHYL)ETHYLIDENE]BIS-, DIPOTASSIUM SALT",PHENOL,PHENOL,NA,108952,NA,New Row: Needs Review,TADA.AliasMatch,NA
"PHENOL, 4,4'-[2,2,2-TRIFLUORO-1-(TRIFLUOROMETHYL)ETHYLIDENE]BIS-, POTASSIUM SALT (1:2)",PHENOL,PHENOL,NA,108952,NA,New Row: Needs Review,TADA.AliasMatch,NA
"PHENOL, 4,4'-[2,2,2-TRIFLUORO-1-(TRIFLUOROMETHYL)ETHYLIDENE]BIS-, POTASSIUM SALT (1:2)",POTASSIUM,POTASSIUM,NA,NA,NA,New Row: Needs Review,TADA.AliasMatch,NA
"PHENOL, 4,4'-[2,2,2-TRIFLUORO-1-(TRIFLUOROMETHYL)ETHYLIDENE]BIS-, POTASSIUMSALT (1:1)",PHENOL,PHENOL,NA,108952,NA,New Row: Needs Review,TADA.AliasMatch,NA
"PHENOL, 4,4'-[2,2,2-TRIFLUORO-1-(TRIFLUOROMETHYL)ETHYLIDENE]BIS-, SODIUM SALT (1:2)",PHENOL,PHENOL,NA,108952,NA,New Row: Needs Review,TADA.AliasMatch,NA
"PHENOL, 4,4'-[2,2,2-TRIFLUORO-1-(TRIFLUOROMETHYL)ETHYLIDENE]BIS-, SODIUM SALT (1:2)",SODIUM,SODIUM,NA,NA,NA,New Row: Needs Review,TADA.AliasMatch,NA
"PHENOL, 4,4'-[2,2,2-TRIFLUORO-1-(TRIFLUOROMETHYL)ETHYLIDENE]BIS[2,6-DIFLUORO-",PHENOL,PHENOL,NA,108952,NA,New Row: Needs Review,TADA.AliasMatch,NA
"PHENOL, 4,4'-[2,2,2-TRIFLUORO-1-(TRIFLUOROMETHYL)ETHYLIDENE]BIS[2-AMINO-",PHENOL,PHENOL,NA,108952,NA,New Row: Needs Review,TADA.AliasMatch,NA
"PHENOL, 4,4'-[2,2,2-TRIFLUORO-1-(TRIFLUOROMETHYL)ETHYLIDENE]BIS[2-BROMO-",PHENOL,PHENOL,NA,108952,NA,New Row: Needs Review,TADA.AliasMatch,NA
"PHENOL, 4,4'-[2,2,2-TRIFLUORO-1-(TRIFLUOROMETHYL)ETHYLIDENE]BIS[2-FLUORO-",PHENOL,PHENOL,NA,108952,NA,New Row: Needs Review,TADA.AliasMatch,NA
"PHENOL, 4,4'-[2,2,2-TRIFLUORO-1-(TRIFLUOROMETHYL)ETHYLIDENE]BIS[2-NITRO-",PHENOL,PHENOL,NA,108952,NA,New Row: Needs Review,TADA.AliasMatch,NA
"PHENOL, 4,5-DICHLORO-2-METHOXY-",PHENOL,PHENOL,NA,108952,NA,New Row: Needs Review,TADA.AliasMatch,NA
"PHENOL, 4-(1,1,2,2-TETRAFLUOROETHOXY)-",PHENOL,PHENOL,NA,108952,NA,New Row: Needs Review,TADA.AliasMatch,NA
"PHENOL, 4-(2,2,3,3,4,4,5,5-OCTAFLUOROPENTYL)-",PHENOL,PHENOL,NA,108952,NA,New Row: Needs Review,TADA.AliasMatch,NA
"PHENOL, 4-(2,2,3,3-TETRAFLUOROPROPOXY)-",PHENOL,PHENOL,NA,108952,NA,New Row: Needs Review,TADA.AliasMatch,NA
"PHENOL, 4-(HEPTAFLUOROPROPYL)-",PHENOL,PHENOL,NA,108952,NA,New Row: Needs Review,TADA.AliasMatch,NA
"PHENOL, 4-(HEPTAFLUOROPROPYL)-2-NITRO-",PHENOL,PHENOL,NA,108952,NA,New Row: Needs Review,TADA.AliasMatch,NA
"PHENOL, 4-(PENTAFLUOROETHYL)-",PHENOL,PHENOL,NA,108952,NA,New Row: Needs Review,TADA.AliasMatch,NA
"PHENOL, 4-CHLORO-2-METHOXY-",PHENOL,PHENOL,NA,108952,NA,New Row: Needs Review,TADA.AliasMatch,NA
"PHENOL, 4-[(2,2,3,3-TETRAFLUOROPROPYL)THIO]-",PHENOL,PHENOL,NA,108952,NA,New Row: Needs Review,TADA.AliasMatch,NA
"PHENOL, 4-[2,2,2-TRIFLUORO-1-(TRIFLUOROMETHYL)ETHYL]-",PHENOL,PHENOL,NA,108952,NA,New Row: Needs Review,TADA.AliasMatch,NA
"PHENOL, 4-[2,2,2-TRIFLUORO-1-HYDROXY-1-(TRIFLUOROMETHYL)ETHOXY]-",PHENOL,PHENOL,NA,108952,NA,New Row: Needs Review,TADA.AliasMatch,NA
"PHENOL, 5-BROMO-2-(1,1,2,2-TETRAFLUOROETHOXY)-",PHENOL,PHENOL,NA,108952,NA,New Row: Needs Review,TADA.AliasMatch,NA
"PHENOL, DIBROMO-",PHENOL,PHENOL,NA,108952,NA,New Row: Needs Review,TADA.AliasMatch,NA
PHENOLICS,CHLORINATED PHENOLICS,CHLORINATED PHENOLICS,NA,NA,NA,New Row: Needs Review,TADA.AliasMatch,NA
PHENOLICS,PHENOLICS,PHENOLICS,NA,NA,NA,New Row: Needs Review,TADA.AliasMatch,NA
PHENOLS,PHENOLS,PHENOL,NA,108952,NA,New Row: Needs Review,TADA.AliasMatch,NA
PHENOLS,"PHENOLS, TOTAL CHLORINATED","PHENOLS, TOTAL CHLORINATED",NA,NA,NA,New Row: Needs Review,TADA.AliasMatch,NA
PHENOLS,"PHENOLS, TOTAL UNCHLORINATED","PHENOLS, TOTAL UNCHLORINATED",NA,NA,NA,New Row: Needs Review,TADA.AliasMatch,NA
PHENOLS,TOTAL CHLORINATED PHENOLS AND CHLORINATED CRESOLS,TOTAL CHLORINATED PHENOLS AND CHLORINATED CRESOLS,NA,NA,NA,New Row: Needs Review,TADA.AliasMatch,NA
PHENYL ETHER,4-BROMOPHENYL PHENYL ETHER,4-BROMOPHENYL PHENYL ETHER,NA,101553,NA,New Row: Needs Review,TADA.AliasMatch,NA
PHENYL ETHER,CHLOROPHENYL PHENYL ETHER 4,CHLOROPHENYL PHENYL ETHER 4,NA,NA,NA,New Row: Needs Review,TADA.AliasMatch,NA
PHORATE OXYGEN ANALOG SULFONE,OXYGEN,DISSOLVED OXYGEN,NA,7782447,NA,New Row: Needs Review,TADA.AliasMatch,NA
PHOSPHATES (ORTHOPHOSPHATE PLUS CONDENSED AND POLYPHOSPHATES),ORTHOPHOSPHATE,ORTHOPHOSPHATE,NA,NA,NA,New Row: Needs Review,TADA.AliasMatch,NA
"PHOSPHINIC ACID, BIS(PERFLUORO-C6-12-ALKYL) DERIVS., ALUMINUM SALTS",ALUMINUM,ALUMINUM,NA,7429905,NA,New Row: Needs Review,TADA.AliasMatch,NA
"PHOSPHONIC ACID, PERFLUORO-C6-12-ALKYL DERIVS., ALUMINUM SALTS",ALUMINUM,ALUMINUM,NA,7429905,NA,New Row: Needs Review,TADA.AliasMatch,NA
"PHOSPHONIC ACID, [[4-[(HEPTADECAFLUORONONENYL)OXY]PHENYL]METHYL]-, ZINC SALT (2:1)",ZINC,ZINC,NA,7440666,NA,New Row: Needs Review,TADA.AliasMatch,NA
"PHOSPHORIC ACID, ALUMINUM SALT (3:1)",ALUMINUM,ALUMINUM,NA,7429905,NA,New Row: Needs Review,TADA.AliasMatch,NA
PHOSPHORUS (WHITE OR YELLOW),PHOSPHORUS,PHOSPHOROUS (YELLOW),NA,7723140,NA,New Row: Needs Review,TADA.AliasMatch,NA
PHOSPHORUS (WHITE OR YELLOW),WHITE PHOSPHORUS,WHITE PHOSPHORUS,NA,NA,NA,New Row: Needs Review,TADA.AliasMatch,NA
PHOSPHORUS TRIOXIDE,PHOSPHORUS,PHOSPHOROUS (YELLOW),NA,7723140,NA,New Row: Needs Review,TADA.AliasMatch,NA
"PHOSPHORUS, HYDROLYZABLE",PHOSPHORUS,PHOSPHOROUS (YELLOW),NA,7723140,NA,New Row: Needs Review,TADA.AliasMatch,NA
"PHOSPHORUS, HYDROLYZABLE PLUS ORTHOPHOSPHATE",ORTHOPHOSPHATE,ORTHOPHOSPHATE,NA,NA,NA,New Row: Needs Review,TADA.AliasMatch,NA
"PHOSPHORUS, HYDROLYZABLE PLUS ORTHOPHOSPHATE",PHOSPHORUS,PHOSPHOROUS (YELLOW),NA,7723140,NA,New Row: Needs Review,TADA.AliasMatch,NA
"PHOSPHORUS, PARTICULATE ORGANIC",PHOSPHORUS,PHOSPHOROUS (YELLOW),NA,7723140,NA,New Row: Needs Review,TADA.AliasMatch,NA
"PHTHALOCYANINE, TETRAKIS(PENTADECAFLUOROHEPTYL)-, COPPER DERIV.",COPPER,COPPER,NA,7440508,NA,New Row: Needs Review,TADA.AliasMatch,NA
PHYTOPLANKTON,TRANSPARENCY (AS PHYTOPLANKTON),TRANSPARENCY (AS PHYTOPLANKTON),NA,NA,NA,New Row: Needs Review,TADA.AliasMatch,NA
PICLORAM TRIETHYLAMINE SALT,PICLORAM,PICLORAM,NA,1918021,NA,New Row: Needs Review,TADA.AliasMatch,NA
PICLORAM TRIISOPROPANOLAMINE SALT,PICLORAM,PICLORAM,NA,1918021,NA,New Row: Needs Review,TADA.AliasMatch,NA
PLANKTON,PLANKTON COUNT,PLANKTON COUNT,NA,NA,NA,New Row: Needs Review,TADA.AliasMatch,NA
PLUTONIUM,PLUTONIUM 239 AND 240,PLUTONIUM 239 AND 240,NA,NA,NA,New Row: Needs Review,TADA.AliasMatch,NA
PLUTONIUM-238,PLUTONIUM-238,PLUTONIUM-238,NA,13981163,NA,New Row: Needs Review,TADA.AliasMatch,NA
"POLY(DIFLUOROMETHYLENE), .ALPHA.,.ALPHA.'-[PHOSPHINICOBIS(OXY-2,1-ETHANEDIYL)]BIS[.OMEGA.-FLUORO-, SODIUM SALT (1:1)",SODIUM,SODIUM,NA,NA,NA,New Row: Needs Review,TADA.AliasMatch,NA
"POLY(DIFLUOROMETHYLENE), .ALPHA.-FLUORO-.OMEGA.-(HYDROXYMETHYL)-, SODIUM SALT",SODIUM,SODIUM,NA,NA,NA,New Row: Needs Review,TADA.AliasMatch,NA
"POLY(DIFLUOROMETHYLENE), .ALPHA.-FLUORO-.OMEGA.-[2-(PHOSPHONOOXY)ETHYL]-, SODIUM SALT (1:1)",SODIUM,SODIUM,NA,NA,NA,New Row: Needs Review,TADA.AliasMatch,NA
"POLY(DIFLUOROMETHYLENE), .ALPHA.-FLUORO-.OMEGA.-[2-(PHOSPHONOOXY)ETHYL]-, SODIUM SALT (1:2)",SODIUM,SODIUM,NA,NA,NA,New Row: Needs Review,TADA.AliasMatch,NA
"POLY(DIFLUOROMETHYLENE), .ALPHA.-FLUORO-.OMEGA.-[2-[[2-(TRIMETHYLAMMONIO)ETHYL]THIO]ETHYL]-, METHYL SULFATE (1:1)",SULFATE,SULFATE,NA,NA,NA,New Row: Needs Review,TADA.AliasMatch,NA
"POLY(DIFLUOROMETHYLENE), .ALPHA.-[2-[(2-CARBOXYETHYL)THIO]ETHYL]-.OMEGA.-FLUORO-, LITHIUM SALT",LITHIUM,LITHIUM,NA,7439932,NA,New Row: Needs Review,TADA.AliasMatch,NA
"POLY(DIFLUOROMETHYLENE), .ALPHA.-[2-[(2-CARBOXYETHYL)THIO]ETHYL]-.OMEGA.-FLUORO-, REACTION PRODUCTS WITH CHROMIUM CHLORIDE HYDROXIDE (CRCL2(OH)) (1:2)",CHLORIDE,CHLORIDE,NA,16887006,NA,New Row: Needs Review,TADA.AliasMatch,NA
"POLY(DIFLUOROMETHYLENE), .ALPHA.-[2-[(2-CARBOXYETHYL)THIO]ETHYL]-.OMEGA.-FLUORO-, REACTION PRODUCTS WITH CHROMIUM CHLORIDE HYDROXIDE (CRCL2(OH)) (1:2)",CHROMIUM,CHROMIUM,NA,7440473,NA,New Row: Needs Review,TADA.AliasMatch,NA
"POLY(OXY-1,2-ETHANEDIYL), .ALPHA.-(2-CARBOXY ETHYL)-.OMEGA.-[2-[[(HEPTADECAFLUOROOCTYL) SULFONYL]PROPYLAMINO]ETHOXY]-, POTASSIUM SALT",POTASSIUM,POTASSIUM,NA,NA,NA,New Row: Needs Review,TADA.AliasMatch,NA
"POLY(OXY-1,2-ETHANEDIYL), .ALPHA.-(4-SULFOBUTYL)-.OMEGA.-[2-[[(HEPTADECAFLUOROOCTYL) SULFONYL]METHYLAMINO]ETHOXY]-, SODIUM SALT",SODIUM,SODIUM,NA,NA,NA,New Row: Needs Review,TADA.AliasMatch,NA
"POLY(OXY-1,2-ETHANEDIYL), .ALPHA.-(4-SULFOBUTYL)-.OMEGA.-[[(HEPTADECAFLUOROOCTYL)SULFONYL]PROPYLAMINO]-, SODIUM SALT",SODIUM,SODIUM,NA,NA,NA,New Row: Needs Review,TADA.AliasMatch,NA
"POLY(OXY-1,2-ETHANEDIYL), .ALPHA.-[2-[[(3,3,4,4,5,5,6,6,7,7,8,8,9,9, 10,10,10-HEPTADECAFLUORODECYL)SULFONYL]PROPYLAMINO]ETHYL]-.OMEGA.-(4-SULFOBUTOXY)-, LITHIUM SALT",LITHIUM,LITHIUM,NA,7439932,NA,New Row: Needs Review,TADA.AliasMatch,NA
POLYCHLORINATED BIPHENYLS,"POLYCHLORINATED BIPHENYLS, TOTAL",POLYCHLORINATED BIPHENYLS (PCBS),NA,1336363,NA,New Row: Needs Review,TADA.AliasMatch,NA
POLYCYCLIC AROMATIC HYDROCARBONS AS BENZO[A]PYRENE TEQ,POLYCYCLIC AROMATIC HYDROCARBONS,POLYCYCLIC AROMATIC HYDROCARBONS (PAHS),NA,NA,NA,New Row: Needs Review,TADA.AliasMatch,NA
"POLYCYCLIC AROMATIC HYDROCARBONS, SUM OF 17",POLYCYCLIC AROMATIC HYDROCARBONS,POLYCYCLIC AROMATIC HYDROCARBONS (PAHS),NA,NA,NA,New Row: Needs Review,TADA.AliasMatch,NA
"POLYCYCLIC AROMATIC HYDROCARBONS, SUM OF 34",POLYCYCLIC AROMATIC HYDROCARBONS,POLYCYCLIC AROMATIC HYDROCARBONS (PAHS),NA,NA,NA,New Row: Needs Review,TADA.AliasMatch,NA
"POLYCYCLIC ORGANIC MATTER, OTHER THAN PAHS",PAHS,POLYCYCLIC AROMATIC HYDROCARBONS (PAHS),NA,NA,NA,New Row: Needs Review,TADA.AliasMatch,NA
POLYPERFLUOROETHOXYMETHOXY DIFLUOROETHYL PEG PHOSPHATE,PHOSPHATE,PHOSPHATE,NA,NA,NA,New Row: Needs Review,TADA.AliasMatch,NA
POTASSIUM (PERFLUOROBUTANESULFONYL)AZANIDE,POTASSIUM,POTASSIUM,NA,NA,NA,New Row: Needs Review,TADA.AliasMatch,NA
"POTASSIUM 1,1,2,2,3,3,4,4-OCTAFLUOROBUTANE-1-SULPHONATE",POTASSIUM,POTASSIUM,NA,NA,NA,New Row: Needs Review,TADA.AliasMatch,NA
"POTASSIUM 1,1,2,2-TETRAFLUORO-2-(PENTAFLUOROETHOXY)ETHANE-1-SULFONATE",POTASSIUM,POTASSIUM,NA,NA,NA,New Row: Needs Review,TADA.AliasMatch,NA
"POTASSIUM 1,1,2,2-TETRAFLUORO-2-{[1,1,1,2,3,3-HEXAFLUORO-3-(PENTAFLUOROETHOXY)PROPAN-2-YL]OXY}ETHANE-1-SULFONATE",POTASSIUM,POTASSIUM,NA,NA,NA,New Row: Needs Review,TADA.AliasMatch,NA
"POTASSIUM 1,1,2,3,3,3-HEXAFLUORO-2-(TRIFLUOROMETHYL)PROPANESULPHONATE",POTASSIUM,POTASSIUM,NA,NA,NA,New Row: Needs Review,TADA.AliasMatch,NA
POTASSIUM 11-CHLOROEICOSAFLUORO-3-OXAUNDECANE-1-SULFONATE,POTASSIUM,POTASSIUM,NA,NA,NA,New Row: Needs Review,TADA.AliasMatch,NA
"POTASSIUM 2,2,3,3,4,4,5,5,6,7,7,7-DODECAFLUORO-6-(TRIFLUOROMETHYL)HEPTANOATE",POTASSIUM,POTASSIUM,NA,NA,NA,New Row: Needs Review,TADA.AliasMatch,NA
"POTASSIUM 2,2,3,3-TETRAFLUORO-3-(HEPTAFLUOROPROPOXY)PROPIONATE",POTASSIUM,POTASSIUM,NA,NA,NA,New Row: Needs Review,TADA.AliasMatch,NA
"POTASSIUM 2,2,3-TRIFLUORO-3-[1,1,2,2,3,3-HEXAFLUORO-3-(TRIFLUOROMETHOXY)PROPOXY](1-14-C)PROPANOATE",POTASSIUM,POTASSIUM,NA,NA,NA,New Row: Needs Review,TADA.AliasMatch,NA
"POTASSIUM 2,2,3-TRIFLUORO-3-[1,1,2,2,3,3-HEXAFLUORO-3-(TRIFLUOROMETHOXY)PROPOXY]PROPANOATE",POTASSIUM,POTASSIUM,NA,NA,NA,New Row: Needs Review,TADA.AliasMatch,NA
"POTASSIUM 2,3,3,3-TETRAFLUORO-2-(HEPTAFLUOROPROPOXY)PROPANOATE",POTASSIUM,POTASSIUM,NA,NA,NA,New Row: Needs Review,TADA.AliasMatch,NA
"POTASSIUM 2,3,3,3-TETRAFLUORO-2-(TRIFLUOROMETHYL)PROPANOATE",POTASSIUM,POTASSIUM,NA,NA,NA,New Row: Needs Review,TADA.AliasMatch,NA
"POTASSIUM 2,3,3,3-TETRAFLUORO-2-[1,1,2,2-TETRAFLUORO-2-(FLUOROSULFONYL)ETHOXY]PROPANOATE",POTASSIUM,POTASSIUM,NA,NA,NA,New Row: Needs Review,TADA.AliasMatch,NA
POTASSIUM 2-(N-METHYL-PERFLUORODECANESULFONAMIDO)ACETATE,POTASSIUM,POTASSIUM,NA,NA,NA,New Row: Needs Review,TADA.AliasMatch,NA
POTASSIUM 2-(PERFLUOROBUTANESULFONAMIDO)ETHANOLATE,POTASSIUM,POTASSIUM,NA,NA,NA,New Row: Needs Review,TADA.AliasMatch,NA
POTASSIUM 2-(PERFLUOROOCTYL)ETHANE-1-SULFONATE,POTASSIUM,POTASSIUM,NA,NA,NA,New Row: Needs Review,TADA.AliasMatch,NA
"POTASSIUM 2-METHYL-2-{3-[(3,3,4,4,5,5,6,6,7,7,8,8,8-TRIDECAFLUOROOCTYL)SULFANYL]PROPANAMIDO}-1-PROPANESULFONATE",POTASSIUM,POTASSIUM,NA,NA,NA,New Row: Needs Review,TADA.AliasMatch,NA
POTASSIUM 2-[ETHYL(PERFLUORO-1-OXOOCTYL)AMINO]ETHANESULFONATE,POTASSIUM,POTASSIUM,NA,NA,NA,New Row: Needs Review,TADA.AliasMatch,NA
"POTASSIUM 3,3,4,4,5,5,6,6,7,7,8,8,9,9,10,10,10-HEPTADECAFLUORODECYL SULFATE",POTASSIUM,POTASSIUM,NA,NA,NA,New Row: Needs Review,TADA.AliasMatch,NA
"POTASSIUM 3,3,4,4,5,5,6,6,7,7,8,8,9,9,10,10,10-HEPTADECAFLUORODECYL SULFATE",SULFATE,SULFATE,NA,NA,NA,New Row: Needs Review,TADA.AliasMatch,NA
"POTASSIUM 3,3,4,4,5,5,6,6,7,7,8,8,9,9,10,10,11,11,12,12,12-HENICOSAFLUORODODECYL SULFATE",POTASSIUM,POTASSIUM,NA,NA,NA,New Row: Needs Review,TADA.AliasMatch,NA
"POTASSIUM 3,3,4,4,5,5,6,6,7,7,8,8,9,9,10,10,11,11,12,12,12-HENICOSAFLUORODODECYL SULFATE",SULFATE,SULFATE,NA,NA,NA,New Row: Needs Review,TADA.AliasMatch,NA
POTASSIUM 3-(PERFLUOROOCTYL)PROPANOATE,POTASSIUM,POTASSIUM,NA,NA,NA,New Row: Needs Review,TADA.AliasMatch,NA
POTASSIUM 3-OXAPERFLUORONONANE SULFONATE,POTASSIUM,POTASSIUM,NA,NA,NA,New Row: Needs Review,TADA.AliasMatch,NA
"POTASSIUM 3-[(3,3,4,4,5,5,6,6,7,7,8,8,8-TRIDECAFLUOROOCTYL)SULFANYL]PROPANOATE",POTASSIUM,POTASSIUM,NA,NA,NA,New Row: Needs Review,TADA.AliasMatch,NA
"POTASSIUM 4,4,5,5,6,6,7,7,8,8,9,9,10,10,11,11,11- HEPTADECAFLUOROUNDECAN-2-YL HYDROGEN PHOSPHATE (X:1)",PHOSPHATE,PHOSPHATE,NA,NA,NA,New Row: Needs Review,TADA.AliasMatch,NA
"POTASSIUM 4,4,5,5,6,6,7,7,8,8,9,9,10,10,11,11,11- HEPTADECAFLUOROUNDECAN-2-YL HYDROGEN PHOSPHATE (X:1)",POTASSIUM,POTASSIUM,NA,NA,NA,New Row: Needs Review,TADA.AliasMatch,NA
"POTASSIUM 4,4,5,5,6,6-HEXAFLUORO-1,1,3,3-TETRAOXO-1LAMBDA~6~,3LAMBDA~6~,2-DITHIAZINAN-2-IDE",POTASSIUM,POTASSIUM,NA,NA,NA,New Row: Needs Review,TADA.AliasMatch,NA
POTASSIUM 4-[(PERFLUOROOCTYL)OXY]BENZOATE,POTASSIUM,POTASSIUM,NA,NA,NA,New Row: Needs Review,TADA.AliasMatch,NA
POTASSIUM 4-[[(PERFLUOROBUTYL)SULFONYL](PROPYL)AMINO]BUTANOATE,POTASSIUM,POTASSIUM,NA,NA,NA,New Row: Needs Review,TADA.AliasMatch,NA
"POTASSIUM 5,5,6,6,7,7,8,8,8-NONAFLUOROOCTANE-1-SULFONATE",POTASSIUM,POTASSIUM,NA,NA,NA,New Row: Needs Review,TADA.AliasMatch,NA
"POTASSIUM 5-CARBAMOYL-3-[5'-FLUORO-2'-(2,2,3,3,3-PENTAFLUOROPROPOXY)[1,1'-BIPHENYL]-3-YL]-1,2,4-TRIAZOL-1-IDE--WATER (1/1/1)",POTASSIUM,POTASSIUM,NA,NA,NA,New Row: Needs Review,TADA.AliasMatch,NA
POTASSIUM 6-[[(PERFLUOROBUTYL)SULFONYL](PROPYL)AMINO]HEXANOATE,POTASSIUM,POTASSIUM,NA,NA,NA,New Row: Needs Review,TADA.AliasMatch,NA
POTASSIUM 9-CHLOROHEXADECAFLUORO-3-OXANONANE-1-SULFONATE,POTASSIUM,POTASSIUM,NA,NA,NA,New Row: Needs Review,TADA.AliasMatch,NA
POTASSIUM BIS(PERFLUOROHEXYL)DIFLUOROBORATE,POTASSIUM,POTASSIUM,NA,NA,NA,New Row: Needs Review,TADA.AliasMatch,NA
POTASSIUM BISULFATE,POTASSIUM,POTASSIUM,NA,NA,NA,New Row: Needs Review,TADA.AliasMatch,NA
POTASSIUM BITARTRATE,POTASSIUM,POTASSIUM,NA,NA,NA,New Row: Needs Review,TADA.AliasMatch,NA
POTASSIUM GLYCOLATE,POTASSIUM,POTASSIUM,NA,NA,NA,New Row: Needs Review,TADA.AliasMatch,NA
POTASSIUM HENICOSAFLUORODECANESULPHONATE,POTASSIUM,POTASSIUM,NA,NA,NA,New Row: Needs Review,TADA.AliasMatch,NA
POTASSIUM HENICOSAFLUOROUNDECANOATE,POTASSIUM,POTASSIUM,NA,NA,NA,New Row: Needs Review,TADA.AliasMatch,NA
POTASSIUM HEPTADECAFLUORONONANOATE,POTASSIUM,POTASSIUM,NA,NA,NA,New Row: Needs Review,TADA.AliasMatch,NA
POTASSIUM HEPTAFLUOROBUTANOATE,POTASSIUM,POTASSIUM,NA,NA,NA,New Row: Needs Review,TADA.AliasMatch,NA
POTASSIUM ION,POTASSIUM,POTASSIUM,NA,NA,NA,New Row: Needs Review,TADA.AliasMatch,NA
POTASSIUM MEFLUIDIDE,POTASSIUM,POTASSIUM,NA,NA,NA,New Row: Needs Review,TADA.AliasMatch,NA
POTASSIUM N-((HEPTADECAFLUOROOCTYL)SULPHONYL)-N-METHYLGLYCINATE,POTASSIUM,POTASSIUM,NA,NA,NA,New Row: Needs Review,TADA.AliasMatch,NA
POTASSIUM N-((PERFLUORO-7-METHYLOCTYL)-2-HYDROXYPROPYL)-N-METHYLAMINOACETATE,POTASSIUM,POTASSIUM,NA,NA,NA,New Row: Needs Review,TADA.AliasMatch,NA
POTASSIUM N-((PERFLUOROOCTYL)-2-HYDROXYPROPYL)-N-METHYLGLYCINATE,POTASSIUM,POTASSIUM,NA,NA,NA,New Row: Needs Review,TADA.AliasMatch,NA
POTASSIUM N-HEXYL-N-[(PERFLUOROBUTYL)SULFONYL]GLYCINATE,POTASSIUM,POTASSIUM,NA,NA,NA,New Row: Needs Review,TADA.AliasMatch,NA
POTASSIUM N-HEXYL-N-[(TRIDECAFLUOROHEXYL)SULFONYL]GLYCINATE,POTASSIUM,POTASSIUM,NA,NA,NA,New Row: Needs Review,TADA.AliasMatch,NA
POTASSIUM N-METHYL PERFLUOROHEXANE SULFONAMIDE,POTASSIUM,POTASSIUM,NA,NA,NA,New Row: Needs Review,TADA.AliasMatch,NA
POTASSIUM N-METHYL(PERFLUOROHEXANESULFONAMIDO)ACETATE,POTASSIUM,POTASSIUM,NA,NA,NA,New Row: Needs Review,TADA.AliasMatch,NA
POTASSIUM N-METHYLDITHIOCARBAMATE,POTASSIUM,POTASSIUM,NA,NA,NA,New Row: Needs Review,TADA.AliasMatch,NA
POTASSIUM N-PROPYL-N-((TRIDECAFLUOROHEXYL)SULPHONYL)GLYCINATE,POTASSIUM,POTASSIUM,NA,NA,NA,New Row: Needs Review,TADA.AliasMatch,NA
POTASSIUM NITRATE,NITRATE,NITRATES,NA,14797558,NA,New Row: Needs Review,TADA.AliasMatch,NA
POTASSIUM NITRATE,POTASSIUM,POTASSIUM,NA,NA,NA,New Row: Needs Review,TADA.AliasMatch,NA
POTASSIUM NONAFLUOROPENTANOATE,POTASSIUM,POTASSIUM,NA,NA,NA,New Row: Needs Review,TADA.AliasMatch,NA
POTASSIUM PENTADECAFLUOROOCTANOATE--WATER (1/1/2),POTASSIUM,POTASSIUM,NA,NA,NA,New Row: Needs Review,TADA.AliasMatch,NA
POTASSIUM PENTAFLUOROETHANE-1-SULFONATE,POTASSIUM,POTASSIUM,NA,NA,NA,New Row: Needs Review,TADA.AliasMatch,NA
POTASSIUM PERFLUORO(2-(2-PROPOXYPROPOXY)PROPANOATE),POTASSIUM,POTASSIUM,NA,NA,NA,New Row: Needs Review,TADA.AliasMatch,NA
POTASSIUM PERFLUORO-1-(PERFLUOROETHYL)CYCLOHEXANESULFONATE,POTASSIUM,POTASSIUM,NA,NA,NA,New Row: Needs Review,TADA.AliasMatch,NA
POTASSIUM PERFLUORO-2-(BUTOXY)ETHANESULFONATE,POTASSIUM,POTASSIUM,NA,NA,NA,New Row: Needs Review,TADA.AliasMatch,NA
POTASSIUM PERFLUORODECANOATE,POTASSIUM,POTASSIUM,NA,NA,NA,New Row: Needs Review,TADA.AliasMatch,NA
POTASSIUM PERFLUORODODECANE-1-SULFONATE,POTASSIUM,POTASSIUM,NA,NA,NA,New Row: Needs Review,TADA.AliasMatch,NA
POTASSIUM PERFLUOROOCTANESULFONATE,POTASSIUM,POTASSIUM,NA,NA,NA,New Row: Needs Review,TADA.AliasMatch,NA
POTASSIUM PERFLUOROOCTANOATE,POTASSIUM,POTASSIUM,NA,NA,NA,New Row: Needs Review,TADA.AliasMatch,NA
POTASSIUM PERMANGANATE,POTASSIUM,POTASSIUM,NA,NA,NA,New Row: Needs Review,TADA.AliasMatch,NA
POTASSIUM SULFATE,POTASSIUM,POTASSIUM,NA,NA,NA,New Row: Needs Review,TADA.AliasMatch,NA
POTASSIUM SULFATE,SULFATE,SULFATE,NA,NA,NA,New Row: Needs Review,TADA.AliasMatch,NA
POTASSIUM THIOCYANATE,POTASSIUM,POTASSIUM,NA,NA,NA,New Row: Needs Review,TADA.AliasMatch,NA
POTASSIUM TRIDECAFLUOROHEPTANOATE,POTASSIUM,POTASSIUM,NA,NA,NA,New Row: Needs Review,TADA.AliasMatch,NA
POTASSIUM TRIFLUORO(PENTAFLUOROETHYL)BORATE(1-),POTASSIUM,POTASSIUM,NA,NA,NA,New Row: Needs Review,TADA.AliasMatch,NA
POTASSIUM TRIFLUOROTRIS(PERFLUOROETHYL)PHOSPHATE,POTASSIUM,POTASSIUM,NA,NA,NA,New Row: Needs Review,TADA.AliasMatch,NA
POTASSIUM UNDECAFLUOROHEXANOATE,POTASSIUM,POTASSIUM,NA,NA,NA,New Row: Needs Review,TADA.AliasMatch,NA
"POTASSIUM [(1,1,2,2,3,3,4,4,5,5,6,6,7,7,8,8,8-HEPTADECAFLUOROOCTANE-1-SULFONYL)AMINO]ACETATE",POTASSIUM,POTASSIUM,NA,NA,NA,New Row: Needs Review,TADA.AliasMatch,NA
POTENTIAL SOLAR RADIATION (% TIME SHADING ABSENT),"2,4,5-TRICHLOROTOLUENE ","2,4,5-TRICHLOROTOLUENE ",NA,NA,NA,New Row: Needs Review,TADA.AliasMatch,NA
POTENTIAL SOLAR RADIATION (% TIME SHADING ABSENT),"2,4,6-TRINITROTOLUENE ","2,4,6-TRINITROTOLUENE ",NA,NA,NA,New Row: Needs Review,TADA.AliasMatch,NA
POTENTIAL SOLAR RADIATION (% TIME SHADING ABSENT),PENDIMETHALIN ,PENDIMETHALIN ,NA,NA,NA,New Row: Needs Review,TADA.AliasMatch,NA
PRAVASTATIN SODIUM,SODIUM,SODIUM,NA,NA,NA,New Row: Needs Review,TADA.AliasMatch,NA
PRESSURE,OSMOTIC PRESSURE,OSMOTIC PRESSURE,NA,NA,NA,New Row: Needs Review,TADA.AliasMatch,NA
PROHEXADIONE CALCIUM,CALCIUM,CALCIUM,NA,NA,NA,New Row: Needs Review,TADA.AliasMatch,NA
"PROLINE, 1-[(3,3,4,4,5,5,6,6,7,7,8,8,9,9,10,10,10-HEPTADECAFLUORODECYL)SULFONYL]-, LITHIUM SALT",LITHIUM,LITHIUM,NA,7439932,NA,New Row: Needs Review,TADA.AliasMatch,NA
PROPACHLOR ESA,PROPACHLOR,PROPACHLOR,NA,1918167,NA,New Row: Needs Review,TADA.AliasMatch,NA
PROPACHLOR OA,PROPACHLOR,PROPACHLOR,NA,1918167,NA,New Row: Needs Review,TADA.AliasMatch,NA
PROPACHLOR OXANILIC ACID,PROPACHLOR,PROPACHLOR,NA,1918167,NA,New Row: Needs Review,TADA.AliasMatch,NA
"PROPANE, 1,2,3-TRIS(ETHENYLOXY)-, REACTION PRODUCTS WITH NITROGEN FLUORIDE (N2F4)",FLUORIDE,FLUORIDE,NA,7681494,NA,New Row: Needs Review,TADA.AliasMatch,NA
"PROPANE, 1,2,3-TRIS(ETHENYLOXY)-, REACTION PRODUCTS WITH NITROGEN FLUORIDE (N2F4)",NITROGEN,TOTAL NITROGEN,NA,NA,NA,New Row: Needs Review,TADA.AliasMatch,NA
"PROPANETHIOYL FLUORIDE, 3,3,3-TRIFLUORO-2-(TRIFLUOROMETHYL)-",FLUORIDE,FLUORIDE,NA,7681494,NA,New Row: Needs Review,TADA.AliasMatch,NA
"PROPANIMIDOYL FLUORIDE, 2,3,3,3-TETRAFLUORO-N-HYDROXY-",FLUORIDE,FLUORIDE,NA,7681494,NA,New Row: Needs Review,TADA.AliasMatch,NA
"PROPANIMIDOYL FLUORIDE, N,2,2,3,3,3-HEXAFLUORO-",FLUORIDE,FLUORIDE,NA,7681494,NA,New Row: Needs Review,TADA.AliasMatch,NA
"PROPANOIC ACID, 2,2,3,3,3-PENTAFLUORO-, POTASSIUM SALT (1:1)",POTASSIUM,POTASSIUM,NA,NA,NA,New Row: Needs Review,TADA.AliasMatch,NA
"PROPANOIC ACID, 2,2,3,3,3-PENTAFLUORO-, SODIUM SALT (1:1)",SODIUM,SODIUM,NA,NA,NA,New Row: Needs Review,TADA.AliasMatch,NA
"PROPANOIC ACID, 2,2,3,3-TETRAFLUORO-, POTASSIUM SALT (1:1)",POTASSIUM,POTASSIUM,NA,NA,NA,New Row: Needs Review,TADA.AliasMatch,NA
"PROPANOIC ACID, 2,3,3,3-TETRAFLUORO-2-(1,1,2,2-TETRAFLUORO-3-IODOPROPOXY)-, SODIUM SALT",SODIUM,SODIUM,NA,NA,NA,New Row: Needs Review,TADA.AliasMatch,NA
"PROPANOIC ACID, 2,3,3,3-TETRAFLUORO-2-(TRIFLUOROMETHYL)-, 1,1'-ANHYDRIDE, REACTION PRODUCTS WITH DI-ET SULFATE AND POTAS",SULFATE,SULFATE,NA,NA,NA,New Row: Needs Review,TADA.AliasMatch,NA
"PROPANOIC ACID, 2,3,3,3-TETRAFLUORO-2-(TRIFLUOROMETHYL)-, 1,1'-ANHYDRIDE, REACTION PRODUCTS WITH DI-ET SULFATE AND POTASSIUM FLUORIDE",FLUORIDE,FLUORIDE,NA,7681494,NA,New Row: Needs Review,TADA.AliasMatch,NA
"PROPANOIC ACID, 2,3,3,3-TETRAFLUORO-2-(TRIFLUOROMETHYL)-, 1,1'-ANHYDRIDE, REACTION PRODUCTS WITH DI-ET SULFATE AND POTASSIUM FLUORIDE",POTASSIUM,POTASSIUM,NA,NA,NA,New Row: Needs Review,TADA.AliasMatch,NA
"PROPANOIC ACID, 2,3,3,3-TETRAFLUORO-2-(TRIFLUOROMETHYL)-, 1,1'-ANHYDRIDE, REACTION PRODUCTS WITH DI-ET SULFATE AND POTASSIUM FLUORIDE",SULFATE,SULFATE,NA,NA,NA,New Row: Needs Review,TADA.AliasMatch,NA
"PROPANOIC ACID, 2-(4-CHLORO-2-METHYLPHENOXY)-, POTASSIUM SALT (1:1), (2R)-",POTASSIUM,POTASSIUM,NA,NA,NA,New Row: Needs Review,TADA.AliasMatch,NA
"PROPANOIC ACID, 3-[1-[DIFLUORO [(TRIFLUOROETHENYL)OXY]METHYL]-1,2,2,2-TETRAFLUOROETHOXY]-2,2,3,3-TETRAFLUORO-, SODIUM SALT, POLYMER WITH TETRAFLUOROETHENE",SODIUM,SODIUM,NA,NA,NA,New Row: Needs Review,TADA.AliasMatch,NA
"PROPANOIC ACID, 3-[1-[DIFLUORO[(1,2,2-TRIFLUOROETHENYL)OXY]METHYL]-1,2,2,2-TETRAFLUOROETHOXY]-2,2,3,3-TETRAFLUORO-, METHYL ESTER, POLYMER WITH 1,1,2,2-TETRAFLUOROETHENE, HYDROLYZED, POTASSIUM SALTS",POTASSIUM,POTASSIUM,NA,NA,NA,New Row: Needs Review,TADA.AliasMatch,NA
"PROPANOIC ACID, 3-[1-[DIFLUORO[(1,2,2-TRIFLUOROETHENYL)OXY]METHYL]-1,2,2,2-TETRAFLUOROETHOXY]-2,2,3,3-TETRAFLUORO-, POTASSIUM SALT (1:1), POLYMER WITH 1,1,2,2-TETRAFLUOROETHENE",POTASSIUM,POTASSIUM,NA,NA,NA,New Row: Needs Review,TADA.AliasMatch,NA
"PROPANOYL BROMIDE, 2,2,3,3-TETRAFLUORO-",BROMIDE,BROMIDE,NA,NA,NA,New Row: Needs Review,TADA.AliasMatch,NA
"PROPANOYL BROMIDE, 2-BROMO-3,3,3-TRIFLUORO-2-(TRIFLUOROMETHYL)-",BROMIDE,BROMIDE,NA,NA,NA,New Row: Needs Review,TADA.AliasMatch,NA
"PROPANOYL CHLORIDE, 2,2,3,3,3-PENTAFLUORO-",CHLORIDE,CHLORIDE,NA,16887006,NA,New Row: Needs Review,TADA.AliasMatch,NA
"PROPANOYL CHLORIDE, 2,2,3,3-TETRAFLUORO-",CHLORIDE,CHLORIDE,NA,16887006,NA,New Row: Needs Review,TADA.AliasMatch,NA
"PROPANOYL CHLORIDE, 3,3,3-TRIFLUORO-2-(PHENYLTHIO)-2-(TRIFLUOROMETHYL)-",CHLORIDE,CHLORIDE,NA,16887006,NA,New Row: Needs Review,TADA.AliasMatch,NA
"PROPANOYL CHLORIDE, 3-BROMO-2,2,3,3-TETRAFLUORO-",CHLORIDE,CHLORIDE,NA,16887006,NA,New Row: Needs Review,TADA.AliasMatch,NA
"PROPANOYL FLUORIDE, 2,2,3,3,3-PENTAFLUORO-",FLUORIDE,FLUORIDE,NA,7681494,NA,New Row: Needs Review,TADA.AliasMatch,NA
"PROPANOYL FLUORIDE, 2,2,3,3-TETRAFLUORO-3-(TRIFLUOROMETHOXY)-",FLUORIDE,FLUORIDE,NA,7681494,NA,New Row: Needs Review,TADA.AliasMatch,NA
"PROPANOYL FLUORIDE, 2,3,3,3-TETRAFLUORO-",FLUORIDE,FLUORIDE,NA,7681494,NA,New Row: Needs Review,TADA.AliasMatch,NA
"PROPANOYL FLUORIDE, 2,3,3,3-TETRAFLUORO-2-(1,1,2,2,2-PENTAFLUOROETHOXY)-",FLUORIDE,FLUORIDE,NA,7681494,NA,New Row: Needs Review,TADA.AliasMatch,NA
"PROPANOYL FLUORIDE, 2,3,3,3-TETRAFLUORO-2-(1,1,2,2,3,3,3-HEPTAFLUOROPROPOXY)-",FLUORIDE,FLUORIDE,NA,7681494,NA,New Row: Needs Review,TADA.AliasMatch,NA
"PROPANOYL FLUORIDE, 2,3,3,3-TETRAFLUORO-2-(2,3,4,5,6-PENTAFLUOROPHENOXY)-",FLUORIDE,FLUORIDE,NA,7681494,NA,New Row: Needs Review,TADA.AliasMatch,NA
"PROPANOYL FLUORIDE, 2,3,3,3-TETRAFLUORO-2-(TRIFLUOROMETHOXY)-",FLUORIDE,FLUORIDE,NA,7681494,NA,New Row: Needs Review,TADA.AliasMatch,NA
"PROPANOYL FLUORIDE, 2,3,3,3-TETRAFLUORO-2-(TRIFLUOROMETHYL)-",FLUORIDE,FLUORIDE,NA,7681494,NA,New Row: Needs Review,TADA.AliasMatch,NA
"PROPANOYL FLUORIDE, 2,3,3,3-TETRAFLUORO-2-IODO-",FLUORIDE,FLUORIDE,NA,7681494,NA,New Row: Needs Review,TADA.AliasMatch,NA
"PROPANOYL FLUORIDE, 2,3,3,3-TETRAFLUORO-2-[1,1,2,2,3,3-HEXAFLUORO-3-(TRIFLUOROMETHOXY)PROPOXY]-",FLUORIDE,FLUORIDE,NA,7681494,NA,New Row: Needs Review,TADA.AliasMatch,NA
"PROPANOYL FLUORIDE, 2,3,3,3-TETRAFLUORO-2-[1,1,2,2-TETRAFLUORO-2-(FLUOROSULFONYL)ETHOXY]-",FLUORIDE,FLUORIDE,NA,7681494,NA,New Row: Needs Review,TADA.AliasMatch,NA
"PROPANOYL FLUORIDE, 2,3,3,3-TETRAFLUORO-2-[1,1,2,2-TETRAFLUORO-2-(TRIFLUOROMETHOXY)ETHOXY]-",FLUORIDE,FLUORIDE,NA,7681494,NA,New Row: Needs Review,TADA.AliasMatch,NA
"PROPANOYL FLUORIDE, 2,3,3,3-TETRAFLUORO-2-[1,1,2,3,3,3-HEXAFLUORO-2-(1,1,2,2,3,3,3-HEPTAFLUOROPROPOXY)PROPOXY]-",FLUORIDE,FLUORIDE,NA,7681494,NA,New Row: Needs Review,TADA.AliasMatch,NA
"PROPANOYL FLUORIDE, 2,3,3,3-TETRAFLUORO-2-[1,1,2,3,3,3-HEXAFLUORO-2-(1,1,2,2,3,3,3-HEPTAFLUOROPROPOXY)PROPOXY]-, POLYMER WITH 2,2,3-TRIFLUORO-3-(TRIFLUOROMETHYL)OXIRANE, REACTION PRODUCTS WITH 3,3'-(3,3,4,4,5,5,6,6,7,7,8,8-DODECAFLUORO-1,10-DECANEDIYL)BIS",FLUORIDE,FLUORIDE,NA,7681494,NA,New Row: Needs Review,TADA.AliasMatch,NA
"PROPANOYL FLUORIDE, 2,3,3,3-TETRAFLUORO-2-[1,1,2,3,3,3-HEXAFLUORO-2-(1,1,2,2,3,3,3-HEPTAFLUOROPROPOXY)PROPOXY]-, POLYMER WITH 2,2,3-TRIFLUORO-3-(TRIFLUOROMETHYL)OXIRANE, REACTION PRODUCTS WITH 3-(ETHENYLDIMETHYLSILYL)-N-METHYLBENZENAMINE",FLUORIDE,FLUORIDE,NA,7681494,NA,New Row: Needs Review,TADA.AliasMatch,NA
"PROPANOYL FLUORIDE, 2,3,3,3-TETRAFLUORO-2-[1,1,2,3,3,3-HEXAFLUORO-2-(2,3,4,5,6-PENTAFLUOROPHENOXY)PROPOXY]-",FLUORIDE,FLUORIDE,NA,7681494,NA,New Row: Needs Review,TADA.AliasMatch,NA
"PROPANOYL FLUORIDE, 2,3,3,3-TETRAFLUORO-2-[1,1,2,3,3,3-HEXAFLUORO-2-(TRIFLUOROMETHOXY)PROPOXY]-",FLUORIDE,FLUORIDE,NA,7681494,NA,New Row: Needs Review,TADA.AliasMatch,NA
"PROPANOYL FLUORIDE, 2,3,3,3-TETRAFLUORO-2-[1,1,2,3,3,3-HEXAFLUORO-2-[1,1,2,2-TETRAFLUORO-2-(FLUOROSULFONYL)ETHOXY]PROPOXY]-",FLUORIDE,FLUORIDE,NA,7681494,NA,New Row: Needs Review,TADA.AliasMatch,NA
"PROPANOYL FLUORIDE, 2,3,3,3-TETRAFLUORO-2-[1,1,2,3,3,3-HEXAFLUORO-2-[1,1,2,3,3,3-HEXAFLUORO-2-(1,1,2,2,3,3,3-HEPTAFLUOROPROPOXY)PROPOXY]PROPOXY]-",FLUORIDE,FLUORIDE,NA,7681494,NA,New Row: Needs Review,TADA.AliasMatch,NA
"PROPANOYL FLUORIDE, 2-(ETHYLSULFANYL)-3,3,3-TRIFLUORO-2-(TRIFLUOROMETHYL)-",FLUORIDE,FLUORIDE,NA,7681494,NA,New Row: Needs Review,TADA.AliasMatch,NA
"PROPANOYL FLUORIDE, 2-[1-[DIFLUORO(1,1,2,2,3,3,3-HEPTAFLUOROPROPOXY)METHYL]-1,2,2,2-TETRAFLUOROETHOXY]-2,3,3,3-TETRAFLUORO-",FLUORIDE,FLUORIDE,NA,7681494,NA,New Row: Needs Review,TADA.AliasMatch,NA
"PROPANOYL FLUORIDE, 3,3,3-TRIFLUORO-2-(TRIFLUOROMETHYL)-",FLUORIDE,FLUORIDE,NA,7681494,NA,New Row: Needs Review,TADA.AliasMatch,NA
"PROPANOYL FLUORIDE, 3-CHLORO-2,3,3-TRIFLUORO-2-[1,1,2,2-TETRAFLUORO-2-(FLUOROSULFONYL)ETHOXY]-",FLUORIDE,FLUORIDE,NA,7681494,NA,New Row: Needs Review,TADA.AliasMatch,NA
PROPIONIC ACID,"2,4,5-TP (PROPIONIC ACID)","2,4,5-T",NA,93765,NA,New Row: Needs Review,TADA.AliasMatch,NA
PROPIONIC ACID,"2,4,5-TRICHLOROPHENOXY PROPIONIC ACID (TP SILVEX)","CHLOROPHENOXY HERBICIDE (2,4,5-TP) [SILVEX]",NA,93721,NA,New Row: Needs Review,TADA.AliasMatch,NA
PROPIONIC ACID,"2-(2,4,5-TRICHLOROPHENOXY PROPIONIC ACID (2,4,5-TP; SILVEX)","CHLOROPHENOXY HERBICIDE (2,4,5-TP) [SILVEX]",NA,93721,NA,New Row: Needs Review,TADA.AliasMatch,NA
PROPIONIC ACID,"2-(2,4,5-TRICHLOROPHENOXY PROPIONIC ACID) SILVEX","CHLOROPHENOXY HERBICIDE (2,4,5-TP) [SILVEX]",NA,93721,NA,New Row: Needs Review,TADA.AliasMatch,NA
PROPYLENE,PROPYLENE OXIDE,PROPYLENE OXIDE,NA,75569,NA,New Row: Needs Review,TADA.AliasMatch,NA
PROPYZAMIDE***RETIRED***USE PRONAMIDE,PRONAMIDE,PRONAMIDE,NA,23950585,NA,New Row: Needs Review,TADA.AliasMatch,NA
"PYRENE, 4-METHYL-",PYRENE,PYRENE,NA,129000,NA,New Row: Needs Review,TADA.AliasMatch,NA
"PYRIDINE, 2,2,3,3,4,4,5,5,6-NONAFLUORO-2,3,4,5-TETRAHYDRO-",PYRIDINE,PYRIDINE,NA,110861,NA,New Row: Needs Review,TADA.AliasMatch,NA
"PYRIDINE, 2,3-BIS(1,1,2,2,3,3,3-HEPTAFLUOROPROPYL)-",PYRIDINE,PYRIDINE,NA,110861,NA,New Row: Needs Review,TADA.AliasMatch,NA
"PYRIDINE, 5-NITRO-2-[2,2,2-TRIFLUORO-1-(TRIFLUOROMETHYL)ETHOXY]-",PYRIDINE,PYRIDINE,NA,110861,NA,New Row: Needs Review,TADA.AliasMatch,NA
"PYRIDINIUM, 1-[2-[[(1,1,2,2,3,3,4,4,5,5,6,6,7,7,8,8,8-HEPTADECAFLUOROOCTYL)SULFONYL]AMINO]ETHYL]-, CHLORIDE (1:1)",CHLORIDE,CHLORIDE,NA,16887006,NA,New Row: Needs Review,TADA.AliasMatch,NA
"PYRIDINIUM, 1-[7,7,7-TRIFLUORO-6-HYDROXY-4-OXO-6-(TRIFLUOROMETHYL)HEPTYL]-, CHLORIDE (1:1)",CHLORIDE,CHLORIDE,NA,16887006,NA,New Row: Needs Review,TADA.AliasMatch,NA
PYRITHIOBAC SODIUM,SODIUM,SODIUM,NA,NA,NA,New Row: Needs Review,TADA.AliasMatch,NA
"QUATERNARY AMMONIUM COMPD., (HYDROXYETHYL)DIMETHYL(.GAMMA.-.OMEGA.-PERFLUORO-C8-14-.BETA.-ALKENYL), ME SULFATES",SULFATES,SULFATE,NA,14808798,NA,New Row: Needs Review,TADA.AliasMatch,NA
"QUATERNARY AMMONIUM COMPD., DIETHYLMETHYL(.GAMMA.-.OMEGA.-PERFLUORO-C8-14-ALKENYL), METHYL SULFATES",SULFATES,SULFATE,NA,14808798,NA,New Row: Needs Review,TADA.AliasMatch,NA
"QUATERNARY AMMONIUM COMPOUNDS, (HYDROXYETHYL)DIMETHYL(GAMMA-MU-PERFLUORO-2-C8-14-ALKENYL), CHLORIDES",CHLORIDES,CHLORIDE,NA,16887006,NA,New Row: Needs Review,TADA.AliasMatch,NA
"QUATERNARY AMMONIUM COMPOUNDS, (HYDROXYETHYL)DIMETHYL(GAMMA-MU-PERFLUORO-2-C8-14-ALKENYL), CHLORIDES",QUATERNARY AMMONIUM COMPOUNDS,QUATERNARY AMMONIUM COMPOUNDS,NA,NA,NA,New Row: Needs Review,TADA.AliasMatch,NA
"QUATERNARY AMMONIUM COMPOUNDS, TRIMETHYL(?-.OMEGA.-PERFLUORO-C8-14-.BETA.-ALKENYL), CHLORIDES",CHLORIDES,CHLORIDE,NA,16887006,NA,New Row: Needs Review,TADA.AliasMatch,NA
"QUATERNARY AMMONIUM COMPOUNDS, TRIMETHYL(?-.OMEGA.-PERFLUORO-C8-14-.BETA.-ALKENYL), CHLORIDES",QUATERNARY AMMONIUM COMPOUNDS,QUATERNARY AMMONIUM COMPOUNDS,NA,NA,NA,New Row: Needs Review,TADA.AliasMatch,NA
QUININE SULFATE,SULFATE,SULFATE,NA,NA,NA,New Row: Needs Review,TADA.AliasMatch,NA
"QUINOLINE, 2-METHYL-",QUINOLINE,QUINOLINE,NA,91225,NA,New Row: Needs Review,TADA.AliasMatch,NA
"QUINOLINE, 4-(HEPTAFLUOROPROPYL)-",QUINOLINE,QUINOLINE,NA,91225,NA,New Row: Needs Review,TADA.AliasMatch,NA
RADIOACTIVITY RAINFALL,RADIOACTIVITY,RADIOACTIVITY,NA,NA,NA,New Row: Needs Review,TADA.AliasMatch,NA
"RADIOACTIVITY, GROSS",ALPHA PARTICLES (GROSS) RADIOACTIVITY,GROSS ALPHA PARTICLES,NA,NA,NA,New Row: Needs Review,TADA.AliasMatch,NA
"RADIOACTIVITY, GROSS",GROSS BETA RADIOACTIVITY,GROSS BETA PARTICLES,NA,NA,NA,New Row: Needs Review,TADA.AliasMatch,NA
"RADIOACTIVITY, GROSS",RADIOACTIVITY,RADIOACTIVITY,NA,NA,NA,New Row: Needs Review,TADA.AliasMatch,NA
RADIUM-226,COMBINED RADIUM-226 AND RADIUM-228,RADIUM 226 AND 228 COMBINED,NA,NA,NA,New Row: Needs Review,TADA.AliasMatch,NA
RADIUM-226,RADIUM-226,RADIUM 226,NA,NA,NA,New Row: Needs Review,TADA.AliasMatch,NA
RADIUM-228,COMBINED RADIUM-226 AND RADIUM-228,RADIUM 226 AND 228 COMBINED,NA,NA,NA,New Row: Needs Review,TADA.AliasMatch,NA
RADON,RADON 222,RADON 222,NA,14859677,NA,New Row: Needs Review,TADA.AliasMatch,NA
RBP SEDIMENT OILS (CHOICE LIST),OILS,OIL AND GREASE,NA,NA,NA,New Row: Needs Review,TADA.AliasMatch,NA
RBP TURBIDITY CODE (CHOICE LIST),TURBIDITY,TURBIDITY,NA,NA,NA,New Row: Needs Review,TADA.AliasMatch,NA
RBP WATER SURFACE OILS (CHOICE LIST),OILS,OIL AND GREASE,NA,NA,NA,New Row: Needs Review,TADA.AliasMatch,NA
"RBP2, SEDIMENT/SUBSTRATE, OILS (CHOICE LIST)",OILS,OIL AND GREASE,NA,NA,NA,New Row: Needs Review,TADA.AliasMatch,NA
"RBP2, WATER QUALITY, TURBIDITY (CHOICE LIST)",TURBIDITY,TURBIDITY,NA,NA,NA,New Row: Needs Review,TADA.AliasMatch,NA
"RBP2, WATER QUALITY, WATER SURFACE OILS (CHOICE LIST)",OILS,OIL AND GREASE,NA,NA,NA,New Row: Needs Review,TADA.AliasMatch,NA
"REACTION PRODUCT OF POTASSIUM ACRYLATE WITH 1-PERFLUORO[N-ALKYL(C6,8,10,12,14,16,18)]-2-IODOETHANE, IT CONSISTS PREDOMINANTLY OF 1,1,1,2,2,3,3,4,4,5,5,6,6,7,7,8,8-HEPTADECAFLUORODECYL ACRYLATE",POTASSIUM,POTASSIUM,NA,NA,NA,New Row: Needs Review,TADA.AliasMatch,NA
"REACTION PRODUCTS WITH N-METHYLAMINE ACETATE, POTASSIUM HYDROXIDE, .ALPHA.-FLUORO-.OMEGA.-IODOPOLY(PERFLUOROETHYLENE)(N=4-8) AND 2-PROPEN-1-OL",POTASSIUM,POTASSIUM,NA,NA,NA,New Row: Needs Review,TADA.AliasMatch,NA
REDOXIMORPHIC FEATURES COLOR: CHROMA,COLOR,COLOR,NA,NA,NA,New Row: Needs Review,TADA.AliasMatch,NA
REDOXIMORPHIC FEATURES COLOR: HUE,COLOR,COLOR,NA,NA,NA,New Row: Needs Review,TADA.AliasMatch,NA
REDOXIMORPHIC FEATURES COLOR: VALUE,COLOR,COLOR,NA,NA,NA,New Row: Needs Review,TADA.AliasMatch,NA
REFINED USED LUBRICATING OILS,OILS,OIL AND GREASE,NA,NA,NA,New Row: Needs Review,TADA.AliasMatch,NA
RELATIVE AIR TEMPERATURE (CHOICE LIST),TEMPERATURE,TEMPERATURE,NA,NA,NA,New Row: Needs Review,TADA.AliasMatch,NA
RELATIVE WATER CLARITY (CHOICE LIST),CLARITY,CLARITY,NA,NA,NA,New Row: Needs Review,TADA.AliasMatch,NA
RESORCINOL,RESORCINOL,RESORCINOL,NA,1084603,NA,New Row: Needs Review,TADA.AliasMatch,NA
RESPIRATION,ECOSYSTEM RESPIRATION,ECOSYSTEM RESPIRATION,NA,NA,NA,New Row: Needs Review,TADA.AliasMatch,NA
RUTHENIUM RADIONUCLIDES,RADIONUCLIDES,RADIONUCLIDES,NA,NA,NA,New Row: Needs Review,TADA.AliasMatch,NA
SAXITOXIN,SAXITOXIN,SAXITOXIN,NA,35523898,NA,New Row: Needs Review,TADA.AliasMatch,NA
SAXITOXIN GENE SXTA,SAXITOXIN,SAXITOXIN,NA,35523898,NA,New Row: Needs Review,TADA.AliasMatch,NA
"SECOND SUITE OF PCBS IN AIR FROM HOFF, 1999",PCBS,POLYCHLORINATED BIPHENYLS (PCBS),NA,1336363,NA,New Row: Needs Review,TADA.AliasMatch,NA
SELENIUM DRY WEIGHT,SELENIUM,SELENIUM,NA,7782492,NA,New Row: Needs Review,TADA.AliasMatch,NA
"SILANE, TRICHLORO(3,3,4,4,5,5,6,6,7,7,8,8,9,9,10,10,10-HEPTADECAFLUORODECYL)-, REACTION PRODUCTS WITH AMMONIA",AMMONIA,AMMONIA,NA,7664417,NA,New Row: Needs Review,TADA.AliasMatch,NA
SILICA GEL TREATED HEXANE EXTRACTABLE MATERIAL (SGT-HEM),SILICA,SILICA,NA,NA,NA,New Row: Needs Review,TADA.AliasMatch,NA
SILICA GEL TREATED N-HEXANE EXTRACTABLE MATERIAL,SILICA,SILICA,NA,NA,NA,New Row: Needs Review,TADA.AliasMatch,NA
"SILICA, REACTIVE",SILICA,SILICA,NA,NA,NA,New Row: Needs Review,TADA.AliasMatch,NA
"SILICA, VITREOUS",SILICA,SILICA,NA,NA,NA,New Row: Needs Review,TADA.AliasMatch,NA
"SILICATE(2-), HEXAFLUORO-, AMMONIUM (1:2), REACTION PRODUCTS WITH SILICA",SILICA,SILICA,NA,NA,NA,New Row: Needs Review,TADA.AliasMatch,NA
"SILICATE(2-), HEXAFLUORO-, DIAMMONIUM, MIXT. WITH SILICA GEL",SILICA,SILICA,NA,NA,NA,New Row: Needs Review,TADA.AliasMatch,NA
SILICATE/DISSOLVED INORGANIC NITROGEN RATIO,NITROGEN,TOTAL NITROGEN,NA,NA,NA,New Row: Needs Review,TADA.AliasMatch,NA
"SILOXANES AND SILICONES, 3-AMINOPROPYL ME, DI-ME, ME 3-MERCAPTOPROPYL, POLYMERS WITH STEARYL ACRYLATE, 3,3,4,4,5,5,6,6,7,7,8,8,8-TRIDECAFLUOROOCTYL METHACRYLATE, REL-(1R,2R,4R)-1,7,7-TRIMETHYLBICYCLO[2.2.1]HEPT-2-YL METHACRYLATE AND VINYL CHLORIDE",CHLORIDE,CHLORIDE,NA,16887006,NA,New Row: Needs Review,TADA.AliasMatch,NA
"SILOXANES AND SILICONES, 3-AMINOPROPYL ME, DI-ME, ME 3-MERCAPTOPROPYL, POLYMERS WITH STEARYL ACRYLATE, 3,3,4,4,5,5,6,6,7,7,8,8,8-TRIDECAFLUOROOCTYL METHACRYLATE, REL-(1R,2R,4R)-1,7,7-TRIMETHYLBICYCLO[2.2.1]HEPT-2-YL METHACRYLATE AND VINYL CHLORIDE",VINYL CHLORIDE,VINYL CHLORIDE,NA,75014,NA,New Row: Needs Review,TADA.AliasMatch,NA
"SILOXANES AND SILICONES, DI-ME, POLYMERS WITH 3-[(2-AMINOETHYL)AMINO)PROPYL SILSESQUIOXANES, HYDROXY-TERMINATED, REACTION PRODUCTS WITH 1,1,2,2,3,3,4,4,5,5,6,6,7,7,8,8,8-HEPTADECAFLUORO-1-OCTANESULFONYL FLUORIDE",FLUORIDE,FLUORIDE,NA,7681494,NA,New Row: Needs Review,TADA.AliasMatch,NA
SILVER PERFLUORODECANOATE,SILVER,SILVER,NA,7440224,NA,New Row: Needs Review,TADA.AliasMatch,NA
SILVER PERFLUOROHEPTANOATE,SILVER,SILVER,NA,7440224,NA,New Row: Needs Review,TADA.AliasMatch,NA
SILVER PERFLUOROHEXANOATE,SILVER,SILVER,NA,7440224,NA,New Row: Needs Review,TADA.AliasMatch,NA
SILVER PERFLUORONONANOATE,SILVER,SILVER,NA,7440224,NA,New Row: Needs Review,TADA.AliasMatch,NA
SILVER PERFLUOROPENTANOATE,SILVER,SILVER,NA,7440224,NA,New Row: Needs Review,TADA.AliasMatch,NA
"SILVER, (6,6,7,7,8,8,8-HEPTAFLUORO-2,2-DIMETHYL-3,5-OCTANEDIONATO-.BETA.O3,.BETA.O5)(TRIETHYLPHOSPHINE)-",SILVER,SILVER,NA,7440224,NA,New Row: Needs Review,TADA.AliasMatch,NA
"SILVER, (6,6,7,7,8,8,8-HEPTAFLUORO-2,2-DIMETHYL-3,5-OCTANEDIONATO-?O3,?O5)-",SILVER,SILVER,NA,7440224,NA,New Row: Needs Review,TADA.AliasMatch,NA
"SILVER, [1,2,2,2-TETRAFLUORO-1-(TRIFLUOROMETHYL)ETHYL]-",SILVER,SILVER,NA,7440224,NA,New Row: Needs Review,TADA.AliasMatch,NA
SILVEX,"2,4,5-TRICHLOROPHENOXY PROPIONIC ACID (TP SILVEX)","CHLOROPHENOXY HERBICIDE (2,4,5-TP) [SILVEX]",NA,93721,NA,New Row: Needs Review,TADA.AliasMatch,NA
SILVEX,"2-(2,4,5-TRICHLOROPHENOXY PROPIONIC ACID) SILVEX","CHLOROPHENOXY HERBICIDE (2,4,5-TP) [SILVEX]",NA,93721,NA,New Row: Needs Review,TADA.AliasMatch,NA
SILVEX ISOOCTYL ESTER,SILVEX,"CHLOROPHENOXY HERBICIDE (2,4,5-TP) [SILVEX]",NA,93721,NA,New Row: Needs Review,TADA.AliasMatch,NA
SIMAZINE (DIETHYL-D10),SIMAZINE,SIMAZINE,NA,122349,NA,New Row: Needs Review,TADA.AliasMatch,NA
SIMULTANEOUSLY EXTRACTED METALS/ACID VOLATILE SULFIDES,SULFIDES,SULFIDES,NA,NA,NA,New Row: Needs Review,TADA.AliasMatch,NA
SIMULTANEOUSLY EXTRACTED METALS/ACID VOLATILE SULFIDES (METALS ESB BASED ON FINAL CHRON. VALUE FOR AVS (FOC)),SULFIDES,SULFIDES,NA,NA,NA,New Row: Needs Review,TADA.AliasMatch,NA
SLIME-FORMING BACTERIA,BACTERIA,BACTERIA,NA,NA,NA,New Row: Needs Review,TADA.AliasMatch,NA
"SODIUM (((4-((1,1,2,2,3,3,4,4,5,5,6,6,7,7,8,8,9-HEPTADECAFLUORONONYL)OXY)PHENYL)SULFONYL)(METHYL)AMINO)ACETATE",SODIUM,SODIUM,NA,NA,NA,New Row: Needs Review,TADA.AliasMatch,NA
"SODIUM (((4-((1,1,2,2,3,4,5,5,6,6,7,7,8,8,9,9,9-HEPTADECAFLUORO-3-NONEN-1-YL)OXY)PHENYL)SULFONYL)(METHYL)AMINO)ACETATE",SODIUM,SODIUM,NA,NA,NA,New Row: Needs Review,TADA.AliasMatch,NA
"SODIUM (1H,1H,2H,2H-PERFLUOROOCTYL-1H,1H,2H,2H-PERFLUORODECYL)PHOSPHATE",SODIUM,SODIUM,NA,NA,NA,New Row: Needs Review,TADA.AliasMatch,NA
"SODIUM (1H,1H,2H,2H-PERFLUOROOCTYL-1H,1H,2H,2H-PERFLUORODECYL)PHOSPHINATE",SODIUM,SODIUM,NA,NA,NA,New Row: Needs Review,TADA.AliasMatch,NA
"SODIUM (2-{[(2,2,3,3,4,4,5,5,6,6,7,7-DODECAFLUOROHEPTYL)OXY]CARBONYL}PHENYL)METHANESULFONATE",SODIUM,SODIUM,NA,NA,NA,New Row: Needs Review,TADA.AliasMatch,NA
"SODIUM (2S)-3-CARBOXY-2-({2-HYDROXY-3-[(3,3,4,4,5,5,6,6,7,7,8,8,8-TRIDECAFLUOROOCTYL)SULFANYL]PROPYL}AMINO)PROPANOATE",SODIUM,SODIUM,NA,NA,NA,New Row: Needs Review,TADA.AliasMatch,NA
"SODIUM (7ALPHA,17BETA)-17-HYDROXY-7-[9-(4,4,5,5,5-PENTAFLUOROPENTANE-1-SULFINYL)NONYL]ESTRA-1,3,5(10)-TRIEN-3-YL SULFATE",SODIUM,SODIUM,NA,NA,NA,New Row: Needs Review,TADA.AliasMatch,NA
"SODIUM (7ALPHA,17BETA)-17-HYDROXY-7-[9-(4,4,5,5,5-PENTAFLUOROPENTANE-1-SULFINYL)NONYL]ESTRA-1,3,5(10)-TRIEN-3-YL SULFATE",SULFATE,SULFATE,NA,NA,NA,New Row: Needs Review,TADA.AliasMatch,NA
SODIUM (N-METHYLPERFLUOROBUTANESULFONAMIDO)ACETATE,SODIUM,SODIUM,NA,NA,NA,New Row: Needs Review,TADA.AliasMatch,NA
SODIUM (PERFLUOROBUTANESULFONAMIDO)ACETATE,SODIUM,SODIUM,NA,NA,NA,New Row: Needs Review,TADA.AliasMatch,NA
"SODIUM 1,1,2,2-TETRAFLUORO-2-(1,1,2,2,2-PENTAFLUOROETHOXY)ETHANESULFONATE",SODIUM,SODIUM,NA,NA,NA,New Row: Needs Review,TADA.AliasMatch,NA
"SODIUM 1,1,2,2-TETRAFLUORO-2-(1,2,2,2-TETRAFLUOROETHOXY)ETHANE-1-SULFONATE",SODIUM,SODIUM,NA,NA,NA,New Row: Needs Review,TADA.AliasMatch,NA
"SODIUM 1,4-BIS[(3,3,4,4,5,5,6,6,6-NONAFLUOROHEXYL)OXY]-1,4-DIOXOBUTANE-2-SULFONATE",SODIUM,SODIUM,NA,NA,NA,New Row: Needs Review,TADA.AliasMatch,NA
"SODIUM 1,4-BIS[(3,3,4,4,5,5,6,6,7,7,8,8,9,9,10,10,10-HEPTADECAFLUORODECYL)OXY]-1,4-DIOXOBUTANE-2-SULFONATE",SODIUM,SODIUM,NA,NA,NA,New Row: Needs Review,TADA.AliasMatch,NA
"SODIUM 1-(2,2,3,3,4,4,5,5,6,6,7,7-DODECAFLUOROHEPTYL) 2-SULPHONATOBENZOATE",SODIUM,SODIUM,NA,NA,NA,New Row: Needs Review,TADA.AliasMatch,NA
"SODIUM 1-(ETHYL-(2-SULFONATOOXYETHYL)SULFAMOYL)-1,1,2,2,3,3,4,4,5,5,6,6,7,7,8,8,8-HEPTADECAFLUORO-OCTANE",SODIUM,SODIUM,NA,NA,NA,New Row: Needs Review,TADA.AliasMatch,NA
"SODIUM 1-(N-PROPYLPERFLUOROOCTANESULFONAMIDO)-3,6,9,12-TETRAOXAPENTADECANE-15-SULFONATE",SODIUM,SODIUM,NA,NA,NA,New Row: Needs Review,TADA.AliasMatch,NA
"SODIUM 1-[(2,2,3,3,4,4,5,5,6,6,7,7-DODECAFLUOROHEPTYL)OXY]-3-(2,2,3,3-TETRAFLUOROPROPOXY)-2-PROPANOL 2-SULFATE",SODIUM,SODIUM,NA,NA,NA,New Row: Needs Review,TADA.AliasMatch,NA
"SODIUM 1H, 1H, 2H, 2H-[1,2-13C2] PERFLUOROOCTYL PHOSPHATE",PHOSPHATE,PHOSPHATE,NA,NA,NA,New Row: Needs Review,TADA.AliasMatch,NA
"SODIUM 1H, 1H, 2H, 2H-[1,2-13C2] PERFLUOROOCTYL PHOSPHATE",SODIUM,SODIUM,NA,NA,NA,New Row: Needs Review,TADA.AliasMatch,NA
"SODIUM 1H,1H,2H,2H-PERFLUORO1-DECANESULFONATE",SODIUM,SODIUM,NA,NA,NA,New Row: Needs Review,TADA.AliasMatch,NA
"SODIUM 1H,1H,2H,2H-PERFLUORODECYLPHOSPHATE",SODIUM,SODIUM,NA,NA,NA,New Row: Needs Review,TADA.AliasMatch,NA
"SODIUM 1H,1H,2H,2H-PERFLUOROOCTYLPHOSPHATE",SODIUM,SODIUM,NA,NA,NA,New Row: Needs Review,TADA.AliasMatch,NA
"SODIUM 2,2,3,3,4,4,5,5,6,6,7,7,8,8,9,9-HEXADECAFLUORONONYL SULFATE",SODIUM,SODIUM,NA,NA,NA,New Row: Needs Review,TADA.AliasMatch,NA
"SODIUM 2,2,3,3,4,4,5,5,6,6,7,7,8,8,9,9-HEXADECAFLUORONONYL SULFATE",SULFATE,SULFATE,NA,NA,NA,New Row: Needs Review,TADA.AliasMatch,NA
"SODIUM 2,2,3,3,4,4,5,5,6,6,7,7-DODECAFLUOROHEPTANOATE",SODIUM,SODIUM,NA,NA,NA,New Row: Needs Review,TADA.AliasMatch,NA
"SODIUM 2,2,3,3,4,4,5,5,6,6,7,7-DODECAFLUOROHEPTYL SULFATE",SODIUM,SODIUM,NA,NA,NA,New Row: Needs Review,TADA.AliasMatch,NA
"SODIUM 2,2,3,3,4,4,5,5,6,6,7,7-DODECAFLUOROHEPTYL SULFATE",SULFATE,SULFATE,NA,NA,NA,New Row: Needs Review,TADA.AliasMatch,NA
"SODIUM 2,2,3,3,4,4,5,5,6,7,7,7-DODECAFLUORO-6-(TRIFLUOROMETHYL)HEPTANOATE",SODIUM,SODIUM,NA,NA,NA,New Row: Needs Review,TADA.AliasMatch,NA
"SODIUM 2,2,3,3,4,4,5,5-OCTAFLUOROPENTANOATE",SODIUM,SODIUM,NA,NA,NA,New Row: Needs Review,TADA.AliasMatch,NA
"SODIUM 2,2,3,3-TETRAFLUORO-3-(HEPTAFLUOROPROPOXY)PROPANOATE",SODIUM,SODIUM,NA,NA,NA,New Row: Needs Review,TADA.AliasMatch,NA
"SODIUM 2,2,3,5,5,6,6,7,7,9,9,9-DODECAFLUORO-4,8-DIOXONONANOATE",SODIUM,SODIUM,NA,NA,NA,New Row: Needs Review,TADA.AliasMatch,NA
"SODIUM 2,3,3,3-TETRAFLUORO-2-(HEPTAFLUOROPROPOXY)PROPANOATE",SODIUM,SODIUM,NA,NA,NA,New Row: Needs Review,TADA.AliasMatch,NA
"SODIUM 2,3,3,4,4,5,5,6,6,6-DECAFLUORO-2-(PENTAFLUOROETHYL)HEXANOATE",SODIUM,SODIUM,NA,NA,NA,New Row: Needs Review,TADA.AliasMatch,NA
"SODIUM 2,5-BIS(1,1,2,3,3,3-HEXAFLUOROPROPOXY)BENZENESULFONATE",SODIUM,SODIUM,NA,NA,NA,New Row: Needs Review,TADA.AliasMatch,NA
SODIUM 2-HYDROXY-3-[METHYL[(PERFLUOROBUTYL)SULFONYL]AMINO]-1-PROPANESULFONATE,SODIUM,SODIUM,NA,NA,NA,New Row: Needs Review,TADA.AliasMatch,NA
SODIUM 2-HYDROXY-3-[[(PERFLUOROBUTYL)SULFONYL](PROPYL)AMINO]PROPANESULFONATE,SODIUM,SODIUM,NA,NA,NA,New Row: Needs Review,TADA.AliasMatch,NA
SODIUM 2-[(PERFLUOROOCTYL)SULFONYL(PROPYL)AMINO]ETHANESULFONATE,SODIUM,SODIUM,NA,NA,NA,New Row: Needs Review,TADA.AliasMatch,NA
"SODIUM 2-[[3,4,5-TRIS(1,1,2,3,3,3-HEXAFLUOROPROPOXY)BENZOYL]AMINO]ETHANESULFONATE",SODIUM,SODIUM,NA,NA,NA,New Row: Needs Review,TADA.AliasMatch,NA
SODIUM 2-[[3-[(PERFLUORODECYL)ETHYLTHIO]-1-OXOPROPYL]AMINO]-2-METHYL-1-PROPANESULFONATE,SODIUM,SODIUM,NA,NA,NA,New Row: Needs Review,TADA.AliasMatch,NA
SODIUM 2-[[3-[(PERFLUOROOCTYL)ETHYLTHIO]-1-OXOPROPYL]AMINO]-2-METHYL-1-PROPANESULFONATE,SODIUM,SODIUM,NA,NA,NA,New Row: Needs Review,TADA.AliasMatch,NA
SODIUM 2-[[3-[[(PERFLUOROHEXYL)SULFONYL]AMINO]PROPYL]AMINO]ETHANESULFONATE,SODIUM,SODIUM,NA,NA,NA,New Row: Needs Review,TADA.AliasMatch,NA
"SODIUM 2-{2-[(2,2,3,3,4,4,5,5,6,6,7,7-DODECAFLUOROHEPTYL)OXY]-2-OXOETHYL}BENZENE-1-SULFONATE",SODIUM,SODIUM,NA,NA,NA,New Row: Needs Review,TADA.AliasMatch,NA
"SODIUM 2-{[(2,2,3,3,4,4,5,5,6,6,7,7,8,8,9,9-HEXADECAFLUORONONYL)OXY]CARBONYL}BENZENE-1-SULFONATE",SODIUM,SODIUM,NA,NA,NA,New Row: Needs Review,TADA.AliasMatch,NA
SODIUM 2?[(PERFLUOROOCTYL)OXY]BENZENE?1?SULFONATE,SODIUM,SODIUM,NA,NA,NA,New Row: Needs Review,TADA.AliasMatch,NA
"SODIUM 3,3,4,4,5,5,6,6,7,7,8,8,8-TRIDECAFLUOROOCTANE-1-SULFONATE",SODIUM,SODIUM,NA,NA,NA,New Row: Needs Review,TADA.AliasMatch,NA
SODIUM 3-((3-(((HEPTADECAFLUOROOCTYL)SULPHONYL)AMINO)PROPYL)METHYLAMINO)PROPANESULPHONATE,SODIUM,SODIUM,NA,NA,NA,New Row: Needs Review,TADA.AliasMatch,NA
SODIUM 3-(METHYL(3-(((TRIDECAFLUOROHEXYL)SULPHONYL)AMINO)PROPYL)AMINO)PROPANESULPHONATE,SODIUM,SODIUM,NA,NA,NA,New Row: Needs Review,TADA.AliasMatch,NA
SODIUM 3-(METHYL{3-[(TRIDECAFLUOROHEXYL)AMINO]PROPYL}AMINO)PROPANE-1-SULFONATE,SODIUM,SODIUM,NA,NA,NA,New Row: Needs Review,TADA.AliasMatch,NA
SODIUM 3-(PERFLUOROPROPYL)PROPANOATE,SODIUM,SODIUM,NA,NA,NA,New Row: Needs Review,TADA.AliasMatch,NA
SODIUM 3-HYDROXY-4-[(PERFLUORO-1-OXODODECYL)AMINO]-1-NAPHTHALENESULFONATE,SODIUM,SODIUM,NA,NA,NA,New Row: Needs Review,TADA.AliasMatch,NA
"SODIUM 3-[(2,2,3,3,4,4,5,5,6,6,7,7,8,8,9,9,10,10,11,11-ICOSAFLUOROUNDECANOYL)OXY]PROPANE-1-SULFONATE",SODIUM,SODIUM,NA,NA,NA,New Row: Needs Review,TADA.AliasMatch,NA
"SODIUM 3-[(2,2,3,3,4,4,5,5,6,6,7,7,8,8,9,9-HEXADECAFLUORONONYL)OXY]-1-PROPANESULFONATE",SODIUM,SODIUM,NA,NA,NA,New Row: Needs Review,TADA.AliasMatch,NA
"SODIUM 3-[(3,3,4,4,5,5,6,6,7,7,8,8,8-TRIDECAFLUOROOCTYL)SULFANYL]PROPANOATE",SODIUM,SODIUM,NA,NA,NA,New Row: Needs Review,TADA.AliasMatch,NA
SODIUM 3-[(3-AMINOPROPYL)(PERFLUORO-1-OXOOCTYL)AMINO]-2-HYDROXYPROPANESULFONATE,SODIUM,SODIUM,NA,NA,NA,New Row: Needs Review,TADA.AliasMatch,NA
SODIUM 3-[ETHYL[(PERFLUOROBUTYL)SULFONYL]AMINO]-2-HYDROXY-1-PROPANESULFONATE,SODIUM,SODIUM,NA,NA,NA,New Row: Needs Review,TADA.AliasMatch,NA
SODIUM 3-[[(PERFLUOROOCTYL)SULFONYL]PROPYLAMINO]PROPANESULFONATE,SODIUM,SODIUM,NA,NA,NA,New Row: Needs Review,TADA.AliasMatch,NA
SODIUM 3-[[3-(DIMETHYLAMINO)-2-HYDROXYPROPYL][(PERFLUOROHEXYL)SULFONYL]AMINO]-2-HYDROXY-PROPANESULFONATE,SODIUM,SODIUM,NA,NA,NA,New Row: Needs Review,TADA.AliasMatch,NA
SODIUM 3-{[3-(DIMETHYLAMINO)PROPYL][(TRIDECAFLUOROHEXYL)SULFONYL]AMINO}PROPANOATE,SODIUM,SODIUM,NA,NA,NA,New Row: Needs Review,TADA.AliasMatch,NA
"SODIUM 4,8-DIOXA-3H-PERFLUORONONANOATE",SODIUM,SODIUM,NA,NA,NA,New Row: Needs Review,TADA.AliasMatch,NA
SODIUM 4-(PERFLUORO(2-METHYLPENT-2-EN-3-YL)OXY)BENZENE-1-SULFONATE,SODIUM,SODIUM,NA,NA,NA,New Row: Needs Review,TADA.AliasMatch,NA
"SODIUM 4-(PERFLUORO(3,4-DIMETHYLHEX-3-EN-2-YLOXY))BENZENE-1-SULFONATE",SODIUM,SODIUM,NA,NA,NA,New Row: Needs Review,TADA.AliasMatch,NA
SODIUM 4-(PERFLUORO-2-(BUTAN-2-YL)-3-ETHYL-3-METHYLPENT-1-EN-1-YLOXY)BENZENESULFONATE,SODIUM,SODIUM,NA,NA,NA,New Row: Needs Review,TADA.AliasMatch,NA
SODIUM 4-CHLOROPHENOXYACETATE,SODIUM,SODIUM,NA,NA,NA,New Row: Needs Review,TADA.AliasMatch,NA
SODIUM 4-PERFLUOROHEXENYLOXYBENZENESULFONATE,SODIUM,SODIUM,NA,NA,NA,New Row: Needs Review,TADA.AliasMatch,NA
SODIUM 4-PERFLUORONONYLOXYBENZENESULPHONATE,SODIUM,SODIUM,NA,NA,NA,New Row: Needs Review,TADA.AliasMatch,NA
"SODIUM 4-[(1,2,3,3,4,4,5,5,6,6,7,7,8,8,9,9,10,10,10-NONADECAFLUORO-1-DECEN-1-YL)OXY]BENZENESULFONATE",SODIUM,SODIUM,NA,NA,NA,New Row: Needs Review,TADA.AliasMatch,NA
SODIUM 4-[[[3-(METHYLAMINO)PROPYL](PERFLUORO-1-OXOOCTYL)AMINO]METHYL]BENZENESULFONATE,SODIUM,SODIUM,NA,NA,NA,New Row: Needs Review,TADA.AliasMatch,NA
"SODIUM 4-{[(2E)-1,1,2,3,4,4,5,5,6,6,6-UNDECAFLUOROHEX-2-EN-1-YL]OXY}BENZENE-1-SULFONATE",SODIUM,SODIUM,NA,NA,NA,New Row: Needs Review,TADA.AliasMatch,NA
"SODIUM 4-{[(4E)-4,6-DIMETHYLHEPT-4-EN-3-YL]OXY}BENZENE-1-SULFONATE",SODIUM,SODIUM,NA,NA,NA,New Row: Needs Review,TADA.AliasMatch,NA
"SODIUM 5,5,6,6,7,7,8,8,8-NONAFLUOROOCTANE-1-SULFONATE",SODIUM,SODIUM,NA,NA,NA,New Row: Needs Review,TADA.AliasMatch,NA
"SODIUM 6,6,7,7,8,8,8-HEPTAFLUORO-2,2-DIMETHYL-3,5-DIOXOOCTAN-4-IDE",SODIUM,SODIUM,NA,NA,NA,New Row: Needs Review,TADA.AliasMatch,NA
SODIUM 8-CHLOROPERFLUORO-1-OCTANESULFONATE,SODIUM,SODIUM,NA,NA,NA,New Row: Needs Review,TADA.AliasMatch,NA
SODIUM ADSORPTION RATIO [(NA)/(SQ ROOT OF 1/2 CA + MG)],SODIUM,SODIUM,NA,NA,NA,New Row: Needs Review,TADA.AliasMatch,NA
SODIUM ADSORPTION RATIO [(NA)/(SQ ROOT OF 1/2 CA + MG)],SODIUM ADSORPTION RATIO,SODIUM ADSORPTION RATIO,NA,NA,NA,New Row: Needs Review,TADA.AliasMatch,NA
SODIUM ARSENITE,SODIUM,SODIUM,NA,NA,NA,New Row: Needs Review,TADA.AliasMatch,NA
SODIUM ASULAM,SODIUM,SODIUM,NA,NA,NA,New Row: Needs Review,TADA.AliasMatch,NA
"SODIUM BIS(1H, 1H, 2H, 2H-[1,2-13C2]PERFLUORODECYL) PHOSPHATE",PHOSPHATE,PHOSPHATE,NA,NA,NA,New Row: Needs Review,TADA.AliasMatch,NA
"SODIUM BIS(1H, 1H, 2H, 2H-[1,2-13C2]PERFLUORODECYL) PHOSPHATE",SODIUM,SODIUM,NA,NA,NA,New Row: Needs Review,TADA.AliasMatch,NA
"SODIUM BIS(1H, 1H, 2H, 2H-[1,2-13C2]PERFLUOROOCTYL) PHOSPHATE",PHOSPHATE,PHOSPHATE,NA,NA,NA,New Row: Needs Review,TADA.AliasMatch,NA
"SODIUM BIS(1H, 1H, 2H, 2H-[1,2-13C2]PERFLUOROOCTYL) PHOSPHATE",SODIUM,SODIUM,NA,NA,NA,New Row: Needs Review,TADA.AliasMatch,NA
"SODIUM BIS(1H,1H,2H,2H-PERFLUORODECYL)PHOSPHATE",SODIUM,SODIUM,NA,NA,NA,New Row: Needs Review,TADA.AliasMatch,NA
"SODIUM BIS(2,2,3,3,4,4,5,5-OCTAFLUOROPENTYL) PHOSPHATE",PHOSPHATE,PHOSPHATE,NA,NA,NA,New Row: Needs Review,TADA.AliasMatch,NA
"SODIUM BIS(2,2,3,3,4,4,5,5-OCTAFLUOROPENTYL) PHOSPHATE",SODIUM,SODIUM,NA,NA,NA,New Row: Needs Review,TADA.AliasMatch,NA
SODIUM BIS(HEPTADECAFLUOROOCTYL)PHOSPHINATE,SODIUM,SODIUM,NA,NA,NA,New Row: Needs Review,TADA.AliasMatch,NA
SODIUM BIS(PERFLUOROHEXYL)PHOSPHINATE,SODIUM,SODIUM,NA,NA,NA,New Row: Needs Review,TADA.AliasMatch,NA
SODIUM BIS[2-(N-ETHYLPERFLUOROOCTANE-1-SULFONAMIDO)ETHYL] PHOSPHATE,PHOSPHATE,PHOSPHATE,NA,NA,NA,New Row: Needs Review,TADA.AliasMatch,NA
SODIUM BIS[2-(N-ETHYLPERFLUOROOCTANE-1-SULFONAMIDO)ETHYL] PHOSPHATE,SODIUM,SODIUM,NA,NA,NA,New Row: Needs Review,TADA.AliasMatch,NA
SODIUM BIS[2-(PERFLUOROHEXYL)ETHYL] PHOSPHATE,PHOSPHATE,PHOSPHATE,NA,NA,NA,New Row: Needs Review,TADA.AliasMatch,NA
SODIUM BIS[2-(PERFLUOROHEXYL)ETHYL] PHOSPHATE,SODIUM,SODIUM,NA,NA,NA,New Row: Needs Review,TADA.AliasMatch,NA
SODIUM C14-16-ALKANE HYDROXY AND C14-16-OLEFIN SULFONATES,SODIUM,SODIUM,NA,NA,NA,New Row: Needs Review,TADA.AliasMatch,NA
SODIUM CACODYLATE,SODIUM,SODIUM,NA,NA,NA,New Row: Needs Review,TADA.AliasMatch,NA
SODIUM CARBONATE,SODIUM,SODIUM,NA,NA,NA,New Row: Needs Review,TADA.AliasMatch,NA
SODIUM CETYL SULFATE,SODIUM,SODIUM,NA,NA,NA,New Row: Needs Review,TADA.AliasMatch,NA
SODIUM CETYL SULFATE,SULFATE,SULFATE,NA,NA,NA,New Row: Needs Review,TADA.AliasMatch,NA
SODIUM CHLORATE,SODIUM,SODIUM,NA,NA,NA,New Row: Needs Review,TADA.AliasMatch,NA
SODIUM CHLORIDE,CHLORIDE,CHLORIDE,NA,16887006,NA,New Row: Needs Review,TADA.AliasMatch,NA
SODIUM CHLORIDE,SODIUM,SODIUM,NA,NA,NA,New Row: Needs Review,TADA.AliasMatch,NA
SODIUM CHROMATE(VI),SODIUM,SODIUM,NA,NA,NA,New Row: Needs Review,TADA.AliasMatch,NA
SODIUM CYANIDE,CYANIDE,CYANIDE,NA,57125,NA,New Row: Needs Review,TADA.AliasMatch,NA
SODIUM CYANIDE,SODIUM,SODIUM,NA,NA,NA,New Row: Needs Review,TADA.AliasMatch,NA
SODIUM DICHROMATE,SODIUM,SODIUM,NA,NA,NA,New Row: Needs Review,TADA.AliasMatch,NA
SODIUM DIMETHYLDITHIOCARBAMATE,SODIUM,SODIUM,NA,NA,NA,New Row: Needs Review,TADA.AliasMatch,NA
"SODIUM DODECAFLUORO-3H-4,8-DIOXANONANOATE",SODIUM,SODIUM,NA,NA,NA,New Row: Needs Review,TADA.AliasMatch,NA
SODIUM DODECYLBENZENESULFONATE,SODIUM,SODIUM,NA,NA,NA,New Row: Needs Review,TADA.AliasMatch,NA
SODIUM FLUORIDE,FLUORIDE,FLUORIDE,NA,7681494,NA,New Row: Needs Review,TADA.AliasMatch,NA
SODIUM FLUORIDE,SODIUM,SODIUM,NA,NA,NA,New Row: Needs Review,TADA.AliasMatch,NA
SODIUM FLUOROACETATE,SODIUM,SODIUM,NA,NA,NA,New Row: Needs Review,TADA.AliasMatch,NA
SODIUM GLYCOLATE,SODIUM,SODIUM,NA,NA,NA,New Row: Needs Review,TADA.AliasMatch,NA
SODIUM HENICOSAFLUOROUNDECANOATE,SODIUM,SODIUM,NA,NA,NA,New Row: Needs Review,TADA.AliasMatch,NA
SODIUM HEPTADECAFLUORONONANOATE,SODIUM,SODIUM,NA,NA,NA,New Row: Needs Review,TADA.AliasMatch,NA
SODIUM HEPTYL SULFATE,SODIUM,SODIUM,NA,NA,NA,New Row: Needs Review,TADA.AliasMatch,NA
SODIUM HEPTYL SULFATE,SULFATE,SULFATE,NA,NA,NA,New Row: Needs Review,TADA.AliasMatch,NA
SODIUM HYDROGEN ((PERFLUOROHEXYL)ETHYL)PHOSPHONATE,SODIUM,SODIUM,NA,NA,NA,New Row: Needs Review,TADA.AliasMatch,NA
"SODIUM HYDROGEN (3,3,4,4,5,5,6,6,7,7,8,8,9,9,10,10,10-HEPTADECAFLUORODECYL)PHOSPHONATE",SODIUM,SODIUM,NA,NA,NA,New Row: Needs Review,TADA.AliasMatch,NA
SODIUM ION,SODIUM,SODIUM,NA,NA,NA,New Row: Needs Review,TADA.AliasMatch,NA
SODIUM LAURYL SULFATE,SODIUM,SODIUM,NA,NA,NA,New Row: Needs Review,TADA.AliasMatch,NA
SODIUM LAURYL SULFATE,SULFATE,SULFATE,NA,NA,NA,New Row: Needs Review,TADA.AliasMatch,NA
SODIUM METHYLDITHIOCARBAMATE,SODIUM,SODIUM,NA,NA,NA,New Row: Needs Review,TADA.AliasMatch,NA
"SODIUM N-(2-CARBOXYLATOETHYL)-3-[(2-CARBOXYETHYL)[(PERFLUOROHEXYL)SULFONYL]AMINO]-N,N-DIMETHYL-1-PROPANAMINIUM",SODIUM,SODIUM,NA,NA,NA,New Row: Needs Review,TADA.AliasMatch,NA
SODIUM N-(2-METHOXYETHYL)-N-[(NONAFLUOROBUTYL)SULFONYL]GLYCINATE,SODIUM,SODIUM,NA,NA,NA,New Row: Needs Review,TADA.AliasMatch,NA
SODIUM N-LAUROYLSARCOSINATE,SODIUM,SODIUM,NA,NA,NA,New Row: Needs Review,TADA.AliasMatch,NA
SODIUM N-[(NONAFLUOROBUTYL)SULFONYL]-N-PROPYLGLYCINATE,SODIUM,SODIUM,NA,NA,NA,New Row: Needs Review,TADA.AliasMatch,NA
SODIUM N-[3-(DIMETHYLAMINO)PROPYL]-N-[(PERFLUOROOCTYL)SULFONYL]GLYCINATE,SODIUM,SODIUM,NA,NA,NA,New Row: Needs Review,TADA.AliasMatch,NA
SODIUM NITRITE,NITRITE,NITRITE,NA,14797650,NA,New Row: Needs Review,TADA.AliasMatch,NA
SODIUM NITRITE,SODIUM,SODIUM,NA,NA,NA,New Row: Needs Review,TADA.AliasMatch,NA
SODIUM NONAFLUOROBUTANE-1-SULFONATE,SODIUM,SODIUM,NA,NA,NA,New Row: Needs Review,TADA.AliasMatch,NA
SODIUM OCTYL SULFATE,SODIUM,SODIUM,NA,NA,NA,New Row: Needs Review,TADA.AliasMatch,NA
SODIUM OCTYL SULFATE,SULFATE,SULFATE,NA,NA,NA,New Row: Needs Review,TADA.AliasMatch,NA
SODIUM PENTACHLOROPHENATE,SODIUM,SODIUM,NA,NA,NA,New Row: Needs Review,TADA.AliasMatch,NA
"SODIUM PERFLUORO(3-{[1-(1,2-DICHLORO-1,2,2-TRIFLUOROETHOXY)PROPAN-2-YL]OXY}PROPYL)SULFONATE",SODIUM,SODIUM,NA,NA,NA,New Row: Needs Review,TADA.AliasMatch,NA
"SODIUM PERFLUORO-1-(1,2,3,4-13C4)OCTANESULFONATE",SODIUM,SODIUM,NA,NA,NA,New Row: Needs Review,TADA.AliasMatch,NA
"SODIUM PERFLUORO-1-(2,3,4-13C)BUTANESULFONATE",SODIUM,SODIUM,NA,NA,NA,New Row: Needs Review,TADA.AliasMatch,NA
SODIUM PERFLUORO-1-ETHANESULFINATE,SODIUM,SODIUM,NA,NA,NA,New Row: Needs Review,TADA.AliasMatch,NA
SODIUM PERFLUORO-1-HEXANE[18O2]SULFONATE,SODIUM,SODIUM,NA,NA,NA,New Row: Needs Review,TADA.AliasMatch,NA
"SODIUM PERFLUORO-1-[1,2,3,4-18O2]OCTANESULFONATE",SODIUM,SODIUM,NA,NA,NA,New Row: Needs Review,TADA.AliasMatch,NA
SODIUM PERFLUORODECANESULFONATE,SODIUM,SODIUM,NA,NA,NA,New Row: Needs Review,TADA.AliasMatch,NA
SODIUM PERFLUORODECANOATE,SODIUM,SODIUM,NA,NA,NA,New Row: Needs Review,TADA.AliasMatch,NA
SODIUM PERFLUORODODECANOATE,SODIUM,SODIUM,NA,NA,NA,New Row: Needs Review,TADA.AliasMatch,NA
SODIUM PERFLUOROETHANESULFONATE,SODIUM,SODIUM,NA,NA,NA,New Row: Needs Review,TADA.AliasMatch,NA
SODIUM PERFLUOROHEXANESULFONATE,SODIUM,SODIUM,NA,NA,NA,New Row: Needs Review,TADA.AliasMatch,NA
SODIUM PERFLUOROHEXYLPERFLUOROOCTYLPHOSPHINATE,SODIUM,SODIUM,NA,NA,NA,New Row: Needs Review,TADA.AliasMatch,NA
SODIUM PERFLUORONONANESULFONATE,SODIUM,SODIUM,NA,NA,NA,New Row: Needs Review,TADA.AliasMatch,NA
SODIUM PERFLUOROOCTANOATE,SODIUM,SODIUM,NA,NA,NA,New Row: Needs Review,TADA.AliasMatch,NA
SODIUM PERFLUOROPENTANESULFONATE,SODIUM,SODIUM,NA,NA,NA,New Row: Needs Review,TADA.AliasMatch,NA
SODIUM PERFLUOROTRIDECANESULFONATE,SODIUM,SODIUM,NA,NA,NA,New Row: Needs Review,TADA.AliasMatch,NA
"SODIUM PERFLUORO{[1-(1,2-DICHLORO-1,2,2-TRIFLUOROETHOXY)PROPAN-2-YL]OXY}ACETATE",SODIUM,SODIUM,NA,NA,NA,New Row: Needs Review,TADA.AliasMatch,NA
SODIUM PERMANGANATE,SODIUM,SODIUM,NA,NA,NA,New Row: Needs Review,TADA.AliasMatch,NA
SODIUM PLUS POTASSIUM,POTASSIUM,POTASSIUM,NA,NA,NA,New Row: Needs Review,TADA.AliasMatch,NA
SODIUM PLUS POTASSIUM,SODIUM,SODIUM,NA,NA,NA,New Row: Needs Review,TADA.AliasMatch,NA
SODIUM POTASSIUM (PERFLUOROBUTANESULFONAMIDO)ACETIC ACID,POTASSIUM,POTASSIUM,NA,NA,NA,New Row: Needs Review,TADA.AliasMatch,NA
SODIUM POTASSIUM (PERFLUOROBUTANESULFONAMIDO)ACETIC ACID,SODIUM,SODIUM,NA,NA,NA,New Row: Needs Review,TADA.AliasMatch,NA
SODIUM STEARYL SULFATE,SODIUM,SODIUM,NA,NA,NA,New Row: Needs Review,TADA.AliasMatch,NA
SODIUM STEARYL SULFATE,SULFATE,SULFATE,NA,NA,NA,New Row: Needs Review,TADA.AliasMatch,NA
SODIUM SULFATE,SODIUM,SODIUM,NA,NA,NA,New Row: Needs Review,TADA.AliasMatch,NA
SODIUM SULFATE,SULFATE,SULFATE,NA,NA,NA,New Row: Needs Review,TADA.AliasMatch,NA
SODIUM TETRADECYL SULFATE,SODIUM,SODIUM,NA,NA,NA,New Row: Needs Review,TADA.AliasMatch,NA
SODIUM TETRADECYL SULFATE,SULFATE,SULFATE,NA,NA,NA,New Row: Needs Review,TADA.AliasMatch,NA
"SODIUM TRIBUTYL(2-METHOXYPROPYL)PHOSPHANIUM 4,4'-(1,1,1,3,3,3-HEXAFLUOROPROPANE-2,2-DIYL)DIPHENOLATE (1/1/1)",SODIUM,SODIUM,NA,NA,NA,New Row: Needs Review,TADA.AliasMatch,NA
SODIUM TRIDECYL SULFATE,SODIUM,SODIUM,NA,NA,NA,New Row: Needs Review,TADA.AliasMatch,NA
SODIUM TRIDECYL SULFATE,SULFATE,SULFATE,NA,NA,NA,New Row: Needs Review,TADA.AliasMatch,NA
SODIUM UNDECAFLUOROPENTANE-1-SULFINATE,SODIUM,SODIUM,NA,NA,NA,New Row: Needs Review,TADA.AliasMatch,NA
SODIUM UNDECYL SULFATE,SODIUM,SODIUM,NA,NA,NA,New Row: Needs Review,TADA.AliasMatch,NA
SODIUM UNDECYL SULFATE,SULFATE,SULFATE,NA,NA,NA,New Row: Needs Review,TADA.AliasMatch,NA
SODIUM [(NONAFLUOROBUTYL)SULFONYL]PROPYLCARBAMIC ACID,SODIUM,SODIUM,NA,NA,NA,New Row: Needs Review,TADA.AliasMatch,NA
"SODIUM [[2-(DIMETHYLAMINO)ETHYL](1,1,2,2,3,3,4,4,5,5,6,6,7,7,8,8,8-HEPTADECAFLUOROOCTANE-1-SULFONYL)AMINO]ACETATE",SODIUM,SODIUM,NA,NA,NA,New Row: Needs Review,TADA.AliasMatch,NA
"SODIUM, DI(PERFLUOROALKYL(C4-18))SULFONATOBUTANEDIOIC ACID",SODIUM,SODIUM,NA,NA,NA,New Row: Needs Review,TADA.AliasMatch,NA
"SODIUM, PERCENT TOTAL CATIONS",SODIUM,SODIUM,NA,NA,NA,New Row: Needs Review,TADA.AliasMatch,NA
SOIL COLOR CHANGE AFTER EXPOSURE TO AIR (Y/N) (CHOICE LIST),COLOR,COLOR,NA,NA,NA,New Row: Needs Review,TADA.AliasMatch,NA
SOIL CONDUCTIVITY,CONDUCTIVITY,CONDUCTIVITY,NA,NA,NA,New Row: Needs Review,TADA.AliasMatch,NA
SOIL METRIC COLOR (MOIST): CHROMA,COLOR,COLOR,NA,NA,NA,New Row: Needs Review,TADA.AliasMatch,NA
SOIL METRIC COLOR (MOIST): HUE,COLOR,COLOR,NA,NA,NA,New Row: Needs Review,TADA.AliasMatch,NA
SOIL METRIC COLOR (MOIST): VALUE,COLOR,COLOR,NA,NA,NA,New Row: Needs Review,TADA.AliasMatch,NA
SOIL SATURATION EVIDENCE: HYDROGEN SULFIDE ODOR (CHOICE LIST),HYDROGEN SULFIDE,HYDROGEN SULFIDE,NA,7783064,NA,New Row: Needs Review,TADA.AliasMatch,NA
SOIL SATURATION EVIDENCE: HYDROGEN SULFIDE ODOR (CHOICE LIST),ODOR,ODOR,NA,NA,NA,New Row: Needs Review,TADA.AliasMatch,NA
SOIL SATURATION EVIDENCE: HYDROGEN SULFIDE ODOR (CHOICE LIST),SULFIDE,SULFIDE,NA,NA,NA,New Row: Needs Review,TADA.AliasMatch,NA
SOIL SATURATION EVIDENCE: PRESENCE OF REDUCED IRON (CHOICE LIST),IRON,IRON,NA,7439896,NA,New Row: Needs Review,TADA.AliasMatch,NA
SOIL SATURATION EVIDENCE: RECENT IRON REDUCTION IN TILLED SOILS (CHOICE LIST),IRON,IRON,NA,7439896,NA,New Row: Needs Review,TADA.AliasMatch,NA
SOLIDS,DISSOLVED SOLIDS,DISSOLVED SOLIDS,NA,NA,NA,New Row: Needs Review,TADA.AliasMatch,NA
SOLIDS,SOLIDS DISSOLVED AND SALINITY,SOLIDS DISSOLVED AND SALINITY,NA,NA,NA,New Row: Needs Review,TADA.AliasMatch,NA
SOLIDS,SOLIDS SUSPENDED AND TURBIDITY,SOLIDS SUSPENDED AND TURBIDITY,NA,NA,NA,New Row: Needs Review,TADA.AliasMatch,NA
SOLIDS,SUSPENDED SOLIDS,SOLIDS SUSPENDED AND TURBIDITY,NA,NA,NA,New Row: Needs Review,TADA.AliasMatch,NA
SOLIDS,TOTAL DISSOLVED SOLIDS,TOTAL DISSOLVED SOLIDS,NA,NA,NA,New Row: Needs Review,TADA.AliasMatch,NA
SOLIDS,TOTAL SUSPENDED SOLIDS,SOLIDS SUSPENDED AND TURBIDITY,NA,NA,NA,New Row: Needs Review,TADA.AliasMatch,NA
SOLUBLE REACTIVE PHOSPHORUS (SRP),PHOSPHORUS,PHOSPHOROUS (YELLOW),NA,7723140,NA,New Row: Needs Review,TADA.AliasMatch,NA
SOLUBLE REACTIVE PHOSPHORUS (SRP),SOLUBLE PHOSPHORUS,SOLUBLE PHOSPHORUS,NA,NA,NA,New Row: Needs Review,TADA.AliasMatch,NA
SOLUBLE REACTIVE PHOSPHORUS (SRP),SRP,SOLUBLE REACTIVE PHOSPHORUS,NA,NA,NA,New Row: Needs Review,TADA.AliasMatch,NA
SPECIFIC CONDUCTANCE,"CONDUCTANCE, SPECIFIC",CONDUCTIVITY,NA,NA,NA,New Row: Needs Review,TADA.AliasMatch,NA
SPECIFIC CONDUCTANCE,SPECIFIC CONDUCTANCE,SPECIFIC CONDUCTANCE,NA,NA,NA,New Row: Needs Review,TADA.AliasMatch,NA
"SPECIFIC CONDUCTANCE, CALCULATED/MEASURED RATIO","CONDUCTANCE, SPECIFIC",CONDUCTIVITY,NA,NA,NA,New Row: Needs Review,TADA.AliasMatch,NA
"SPECIFIC CONDUCTANCE, CALCULATED/MEASURED RATIO",SPECIFIC CONDUCTANCE,SPECIFIC CONDUCTANCE,NA,NA,NA,New Row: Needs Review,TADA.AliasMatch,NA
SPECIFIC CONDUCTIVITY***RETIRED***USE SPECIFIC CONDUCTANCE,"CONDUCTANCE, SPECIFIC",CONDUCTIVITY,NA,NA,NA,New Row: Needs Review,TADA.AliasMatch,NA
SPECIFIC CONDUCTIVITY***RETIRED***USE SPECIFIC CONDUCTANCE,SPECIFIC CONDUCTANCE,SPECIFIC CONDUCTANCE,NA,NA,NA,New Row: Needs Review,TADA.AliasMatch,NA
STORM WATER FLOW,WATER FLOW,WATER FLOW,NA,NA,NA,New Row: Needs Review,TADA.AliasMatch,NA
STORM WATER FLOW (CHOICE LIST),WATER FLOW,WATER FLOW,NA,NA,NA,New Row: Needs Review,TADA.AliasMatch,NA
STREAM BED COLOR (CHOICE LIST),COLOR,COLOR,NA,NA,NA,New Row: Needs Review,TADA.AliasMatch,NA
STREPTOMYCIN NITRATE,NITRATE,NITRATES,NA,14797558,NA,New Row: Needs Review,TADA.AliasMatch,NA
STREPTOMYCIN SULFATE,SULFATE,SULFATE,NA,NA,NA,New Row: Needs Review,TADA.AliasMatch,NA
"STRONTIUM 6,6,7,7,8,8,8-HEPTAFLUORO-2,2-DIMETHYL-5-OXOOCT-3-EN-3-OLATE--WATER (1/2/1)",STRONTIUM,STRONTIUM,NA,7447246,NA,New Row: Needs Review,TADA.AliasMatch,NA
STRONTIUM RADIONUCLIDES,RADIONUCLIDES,RADIONUCLIDES,NA,NA,NA,New Row: Needs Review,TADA.AliasMatch,NA
STRONTIUM RADIONUCLIDES,STRONTIUM,STRONTIUM,NA,7447246,NA,New Row: Needs Review,TADA.AliasMatch,NA
STYRENE AND O-XYLENE,O-XYLENE,"1,2-XYLENE",NA,95476,NA,New Row: Needs Review,TADA.AliasMatch,NA
STYRENE AND O-XYLENE,STYRENE,STYRENE,NA,100425,NA,New Row: Needs Review,TADA.AliasMatch,NA
SUBSTRATE ALGAE COLOR,COLOR,COLOR,NA,NA,NA,New Row: Needs Review,TADA.AliasMatch,NA
SUBSTRATE COLOR (CHOICE LIST),COLOR,COLOR,NA,NA,NA,New Row: Needs Review,TADA.AliasMatch,NA
SUBSTRATE ODOR (CHOICE LIST),ODOR,ODOR,NA,NA,NA,New Row: Needs Review,TADA.AliasMatch,NA
SUITE OF PCBS FOR IADN,PCBS,POLYCHLORINATED BIPHENYLS (PCBS),NA,1336363,NA,New Row: Needs Review,TADA.AliasMatch,NA
SUITE OF PCBS FROM IND. UNIV.,PCBS,POLYCHLORINATED BIPHENYLS (PCBS),NA,1336363,NA,New Row: Needs Review,TADA.AliasMatch,NA
"SUITE OF PCBS IN AIR FROM HOFF, 1999",PCBS,POLYCHLORINATED BIPHENYLS (PCBS),NA,1336363,NA,New Row: Needs Review,TADA.AliasMatch,NA
SULFATE-REDUCING BACTERIA,BACTERIA,BACTERIA,NA,NA,NA,New Row: Needs Review,TADA.AliasMatch,NA
SULFENTRAZONE 3-CARBOXYLIC ACID,SULFENTRAZONE,SULFENTRAZONE,NA,122836355,NA,New Row: Needs Review,TADA.AliasMatch,NA
SULFIDE,HYDROGEN SULFIDE,HYDROGEN SULFIDE,NA,7783064,NA,New Row: Needs Review,TADA.AliasMatch,NA
SULFIDE,SULFIDE,SULFIDE,NA,NA,NA,New Row: Needs Review,TADA.AliasMatch,NA
SULFIDE,SULFIDE (UNDISSOCIATED HYDROGEN SULFIDE),SULFIDE,NA,NA,NA,New Row: Needs Review,TADA.AliasMatch,NA
SULFIDE,SULFIDE-HYDROGEN SULFIDE,HYDROGEN SULFIDE,NA,7783064,NA,New Row: Needs Review,TADA.AliasMatch,NA
SULFIDE,SULFIDE-HYDROGEN SULFIDE (UNDISSOCIATED),HYDROGEN SULFIDE,NA,7783064,NA,New Row: Needs Review,TADA.AliasMatch,NA
SULFOMETURON,SULFOMETURON METHYL,SULFOMETURON METHYL,NA,74222972,NA,New Row: Needs Review,TADA.AliasMatch,NA
"SULFONAMIDES, C4-8-ALKANE, PERFLUORO, N-(HYDROXYETHYL)-N-METHYL, REACTION PRODUCTS WITH 1,6-DIISOCYANATOHEXANE HOMOPOLYMER AND ETHYLENE GLYCOL",ETHYLENE GLYCOL,ETHYLENE GLYCOL,NA,107211,NA,New Row: Needs Review,TADA.AliasMatch,NA
"SULFONAMIDES, C4-8-ALKANE, PERFLUORO, N-(HYDROXYETHYL)-N-METHYL, REACTION PRODUCTS WITH EPICHLOROHYDRIN, ADIPATES (ESTERS)",EPICHLOROHYDRIN,EPICHLOROHYDRIN,NA,106898,NA,New Row: Needs Review,TADA.AliasMatch,NA
"SULFONAMIDES, C4-8-ALKANE, PERFLUORO, N-[3-(DIMETHYLOXIDOAMINO)PROPYL], POTASSIUM SALTS",POTASSIUM,POTASSIUM,NA,NA,NA,New Row: Needs Review,TADA.AliasMatch,NA
"SULFONAMIDES, C7-8-ALKANE, PERFLUORO, N-METHYL-N-[2-[(1-OXO-2-PROPEN-1-YL)OXY]ETHYL], POLYMERS WITH 2-ETHOXYETHYL ACRYLATE, GLYCIDYL METHACRYLATE AND N,N,N-TRIMETHYL-2-[(2-METHYL-1-OXO-2-PROPEN-1-YL)OXY]ETHANAMINIUM CHLORIDE (1:1)",CHLORIDE,CHLORIDE,NA,16887006,NA,New Row: Needs Review,TADA.AliasMatch,NA
"SULFONATES, ALKYL-, LINEAR",LINEAR ALKYL BENZENE SULFONATES (LAS),LINEAR ALKYL BENZENE SULFONATES (LAS),NA,NA,NA,New Row: Needs Review,TADA.AliasMatch,NA
"SULFONIC ACIDS, C6-12-ALKANE, PERFLUORO, POTASSIUM SALTS",POTASSIUM,POTASSIUM,NA,NA,NA,New Row: Needs Review,TADA.AliasMatch,NA
"SULFONYL FLUORIDES, C1-5-ALKANE, OMEGA-(ETHENYLOXY), PERFLUORO",FLUORIDES,FLUORIDE,NA,7681494,NA,New Row: Needs Review,TADA.AliasMatch,NA
SULFOSULFURON ETHYL SULFONE,SULFOSULFURON,SULFOSULFURON,NA,NA,NA,New Row: Needs Review,TADA.AliasMatch,NA
SULFOXONE SODIUM (DIAZON),SODIUM,SODIUM,NA,NA,NA,New Row: Needs Review,TADA.AliasMatch,NA
SULFUR SULFATE,SULFATE,SULFATE,NA,NA,NA,New Row: Needs Review,TADA.AliasMatch,NA
"SULFURIC ACID, MONONONYL ESTER, SODIUM SALT",SODIUM,SODIUM,NA,NA,NA,New Row: Needs Review,TADA.AliasMatch,NA
"SULFURIC ACID, MONOPENTYL ESTER, SODIUM SALT",SODIUM,SODIUM,NA,NA,NA,New Row: Needs Review,TADA.AliasMatch,NA
SULFURYL FLUORIDE,FLUORIDE,FLUORIDE,NA,7681494,NA,New Row: Needs Review,TADA.AliasMatch,NA
SURFACE ALGAE COLOR,COLOR,COLOR,NA,NA,NA,New Row: Needs Review,TADA.AliasMatch,NA
SUSPENDED SEDIMENT CONCENTRATION (SSC),SUSPENDED SEDIMENT,SOLIDS SUSPENDED AND TURBIDITY,NA,NA,NA,New Row: Needs Review,TADA.AliasMatch,NA
SUSPENDED SEDIMENT DISCHARGE,SUSPENDED SEDIMENT,SOLIDS SUSPENDED AND TURBIDITY,NA,NA,NA,New Row: Needs Review,TADA.AliasMatch,NA
SUSPENDED SEDIMENT LOAD,SUSPENDED SEDIMENT,SOLIDS SUSPENDED AND TURBIDITY,NA,NA,NA,New Row: Needs Review,TADA.AliasMatch,NA
TEBUCONAZOLE TERT-BUTYLHYDROXY,TEBUCONAZOLE,TEBUCONAZOLE,NA,NA,NA,New Row: Needs Review,TADA.AliasMatch,NA
TEBUTHIURON TP 104,TEBUTHIURON,TEBUTHIURON,NA,34014181,NA,New Row: Needs Review,TADA.AliasMatch,NA
TEBUTHIURON TP 106,TEBUTHIURON,TEBUTHIURON,NA,34014181,NA,New Row: Needs Review,TADA.AliasMatch,NA
TEBUTHIURON TP 108,TEBUTHIURON,TEBUTHIURON,NA,34014181,NA,New Row: Needs Review,TADA.AliasMatch,NA
TEBUTHIURON TP 109 (OH),TEBUTHIURON,TEBUTHIURON,NA,34014181,NA,New Row: Needs Review,TADA.AliasMatch,NA
TEBUTHIURON TRANSFORMATION PRODUCT 108,TEBUTHIURON,TEBUTHIURON,NA,34014181,NA,New Row: Needs Review,TADA.AliasMatch,NA
TEBUTHIURON TRANSFORMATION PRODUCT 109***RETIRED***USE HYDROXYTEBUTHIURON,TEBUTHIURON,TEBUTHIURON,NA,34014181,NA,New Row: Needs Review,TADA.AliasMatch,NA
TEMPERATURE DIFFERENCE,TEMPERATURE,TEMPERATURE,NA,NA,NA,New Row: Needs Review,TADA.AliasMatch,NA
"TEMPERATURE, AIR",TEMPERATURE,TEMPERATURE,NA,NA,NA,New Row: Needs Review,TADA.AliasMatch,NA
"TEMPERATURE, DEW POINT AIR",TEMPERATURE,TEMPERATURE,NA,NA,NA,New Row: Needs Review,TADA.AliasMatch,NA
"TEMPERATURE, HYPORHEIC",TEMPERATURE,TEMPERATURE,NA,NA,NA,New Row: Needs Review,TADA.AliasMatch,NA
"TEMPERATURE, SAMPLE",TEMPERATURE,TEMPERATURE,NA,NA,NA,New Row: Needs Review,TADA.AliasMatch,NA
"TEMPERATURE, SEDIMENT",TEMPERATURE,TEMPERATURE,NA,NA,NA,New Row: Needs Review,TADA.AliasMatch,NA
"TEMPERATURE, SOIL",TEMPERATURE,TEMPERATURE,NA,NA,NA,New Row: Needs Review,TADA.AliasMatch,NA
"TEMPERATURE, TISSUE",TEMPERATURE,TEMPERATURE,NA,NA,NA,New Row: Needs Review,TADA.AliasMatch,NA
"TEMPERATURE, WATER",TEMPERATURE,TEMPERATURE,NA,NA,NA,New Row: Needs Review,TADA.AliasMatch,NA
"TEMPERATURE, WET BULB",TEMPERATURE,TEMPERATURE,NA,NA,NA,New Row: Needs Review,TADA.AliasMatch,NA
TERBUFOS OXON,TERBUFOS,TERBUFOS,NA,13071799,NA,New Row: Needs Review,TADA.AliasMatch,NA
TERBUFOS OXON SULFOXIDE,TERBUFOS,TERBUFOS,NA,13071799,NA,New Row: Needs Review,TADA.AliasMatch,NA
TERBUFOS OXYGEN ANALOG SULFONE,OXYGEN,DISSOLVED OXYGEN,NA,7782447,NA,New Row: Needs Review,TADA.AliasMatch,NA
TERBUFOS OXYGEN ANALOG SULFONE,TERBUFOS,TERBUFOS,NA,13071799,NA,New Row: Needs Review,TADA.AliasMatch,NA
TERBUFOS SULFONE,TERBUFOS,TERBUFOS,NA,13071799,NA,New Row: Needs Review,TADA.AliasMatch,NA
TERBUFOS SULFOXIDE,TERBUFOS,TERBUFOS,NA,13071799,NA,New Row: Needs Review,TADA.AliasMatch,NA
TESTOSTERONE SULFATE,SULFATE,SULFATE,NA,NA,NA,New Row: Needs Review,TADA.AliasMatch,NA
TETRACHLOROETHANE,"TETRACHLOROETHANE 1,1,2,2","1,1,2,2-TETRACHLOROETHANE",NA,79345,NA,New Row: Needs Review,TADA.AliasMatch,NA
TETRACHLOROETHENE***RETIRED***USE TETRACHLOROETHYLENE,TETRACHLOROETHYLENE,TETRACHLOROETHYLENE,NA,127184,NA,New Row: Needs Review,TADA.AliasMatch,NA
TETRACHLOROPHENOL,"TETRACHLOROPHENOL (2,3,5,6)","2,3,4,6-TETRACHLOROPHENOL",NA,58902,NA,New Row: Needs Review,TADA.AliasMatch,NA
TETRACHLOROPHENOL,"TETRACHLOROPHENOL 2,3,4,6","2,3,4,6-TETRACHLOROPHENOL",NA,58902,NA,New Row: Needs Review,TADA.AliasMatch,NA
TETRACHLOROPHENOL,"TETRACHLOROPHENOL 2,3,5,6","2,3,4,6-TETRACHLOROPHENOL",NA,935955,NA,New Row: Needs Review,TADA.AliasMatch,NA
"TETRADECANOYL FLUORIDE, 2,2,3,3,4,4,5,5,6,6,7,7,8,8,9,9,10,10,11,11,12,12,13,14,14,14-HEXACOSAFLUORO-13-(TRIFLUOROMETHYL)-",FLUORIDE,FLUORIDE,NA,7681494,NA,New Row: Needs Review,TADA.AliasMatch,NA
TETRADECYL SULFATE,SULFATE,SULFATE,NA,NA,NA,New Row: Needs Review,TADA.AliasMatch,NA
TETRAFLUOROSUCCINYL CHLORIDE,CHLORIDE,CHLORIDE,NA,16887006,NA,New Row: Needs Review,TADA.AliasMatch,NA
TETRAFLUOROSUCCINYL FLUORIDE,FLUORIDE,FLUORIDE,NA,7681494,NA,New Row: Needs Review,TADA.AliasMatch,NA
TETRAHYDROFURAN,TETRAHYDROFURAN,TETRAHYDROFURAN,NA,109999,NA,New Row: Needs Review,TADA.AliasMatch,NA
THIFENSULFURON,THIFENSULFURON METHYL,THIFENSULFURON METHYL,NA,79277273,NA,New Row: Needs Review,TADA.AliasMatch,NA
"THIOLS, C4-20, .GAMMA.-.OMEGA.-PERFLUORO, TELOMERS WITH ACRYLAMIDE AND ACRYLIC ACID, SODIUM SALTS",ACRYLAMIDE,ACRYLAMIDE,NA,79061,NA,New Row: Needs Review,TADA.AliasMatch,NA
"THIOLS, C4-20, .GAMMA.-.OMEGA.-PERFLUORO, TELOMERS WITH ACRYLAMIDE AND ACRYLIC ACID, SODIUM SALTS",SODIUM,SODIUM,NA,NA,NA,New Row: Needs Review,TADA.AliasMatch,NA
"THIOLS, C8-20, .GAMMA.-.OMEGA.-PERFLUORO, TELOMERS WITH ACRYLAMIDE",ACRYLAMIDE,ACRYLAMIDE,NA,79061,NA,New Row: Needs Review,TADA.AliasMatch,NA
"THIONYL CHLORIDE, REACTION PRODUCTS WITH AMMONIA AND POLYMD. OXIDIZED 1,1,2,3,3,3-HEXAFLUORO-1-PROPENE HYDROLYZED HIGH-BOILING FRACTION NON-AQUEOUS PHASE",AMMONIA,AMMONIA,NA,7664417,NA,New Row: Needs Review,TADA.AliasMatch,NA
"THIONYL CHLORIDE, REACTION PRODUCTS WITH AMMONIA AND POLYMD. OXIDIZED 1,1,2,3,3,3-HEXAFLUORO-1-PROPENE HYDROLYZED HIGH-BOILING FRACTION NON-AQUEOUS PHASE",CHLORIDE,CHLORIDE,NA,16887006,NA,New Row: Needs Review,TADA.AliasMatch,NA
THIRAM,THIRAM,THIRAM,NA,NA,NA,New Row: Needs Review,TADA.AliasMatch,NA
"THURINGIENSIN, CALCIUM SALT",CALCIUM,CALCIUM,NA,NA,NA,New Row: Needs Review,TADA.AliasMatch,NA
TOLUENE DIISOCYANATE,TOLUENE,TOLUENE,NA,108883,NA,New Row: Needs Review,TADA.AliasMatch,NA
TOPSOIL NITROGEN CONTENT,NITROGEN,TOTAL NITROGEN,NA,NA,NA,New Row: Needs Review,TADA.AliasMatch,NA
TOTAL BETA RADIOACTIVITY,RADIOACTIVITY,RADIOACTIVITY,NA,NA,NA,New Row: Needs Review,TADA.AliasMatch,NA
TOTAL BHCS + LINDANE,LINDANE,GAMMA-HEXACHLOROCYCLOHEXANE (HCH) (LINDANE),NA,58899,NA,New Row: Needs Review,TADA.AliasMatch,NA
TOTAL HARDNESS,HARDNESS,HARDNESS,NA,NA,NA,New Row: Needs Review,TADA.AliasMatch,NA
TOTAL KJELDAHL NITROGEN (ORGANIC N & NH3),NITROGEN,TOTAL NITROGEN,NA,NA,NA,New Row: Needs Review,TADA.AliasMatch,NA
TOTAL KJELDAHL NITROGEN (ORGANIC N & NH3),TOTAL NITROGEN,TOTAL NITROGEN,NA,NA,NA,New Row: Needs Review,TADA.AliasMatch,NA
"TOTAL NITROGEN, MIXED FORMS",NITROGEN,TOTAL NITROGEN,NA,NA,NA,New Row: Needs Review,TADA.AliasMatch,NA
"TOTAL NITROGEN, MIXED FORMS",TOTAL NITROGEN,TOTAL NITROGEN,NA,NA,NA,New Row: Needs Review,TADA.AliasMatch,NA
"TOTAL NITROGEN, MIXED FORMS (NH3), (NH4), ORGANIC, (NO2) AND (NO3)",NITROGEN,TOTAL NITROGEN,NA,NA,NA,New Row: Needs Review,TADA.AliasMatch,NA
"TOTAL NITROGEN, MIXED FORMS (NH3), (NH4), ORGANIC, (NO2) AND (NO3)",TOTAL NITROGEN,TOTAL NITROGEN,NA,NA,NA,New Row: Needs Review,TADA.AliasMatch,NA
TOTAL NITROGEN/TOTAL PHOSPHORUS RATIO (TN:TP),PHOSPHORUS,PHOSPHOROUS (YELLOW),NA,7723140,NA,New Row: Needs Review,TADA.AliasMatch,NA
TOTAL NITROGEN/TOTAL PHOSPHORUS RATIO (TN:TP),TOTAL PHOSPHORUS,TOTAL PHOSPHORUS,NA,NA,NA,New Row: Needs Review,TADA.AliasMatch,NA
TOTAL NONFECAL COLIFORM,TOTAL COLIFORM,TOTAL COLIFORM,NA,NA,NA,New Row: Needs Review,TADA.AliasMatch,NA
TOTAL OXYGEN DEMAND,OXYGEN,DISSOLVED OXYGEN,NA,7782447,NA,New Row: Needs Review,TADA.AliasMatch,NA
"TOTAL PAHS, HIGH WT",PAHS,POLYCYCLIC AROMATIC HYDROCARBONS (PAHS),NA,NA,NA,New Row: Needs Review,TADA.AliasMatch,NA
"TOTAL PAHS, LOW WT",PAHS,POLYCYCLIC AROMATIC HYDROCARBONS (PAHS),NA,NA,NA,New Row: Needs Review,TADA.AliasMatch,NA
TOTAL PARTICULATE ORGANIC CARBON,TOTAL ORGANIC CARBON,TOTAL ORGANIC CARBON,NA,NA,NA,New Row: Needs Review,TADA.AliasMatch,NA
"TOTAL PARTICULATE ORGANIC NITROGEN***RETIRED***USE TOTAL NITROGEN, MIXED FORMS WITH SPECIATION AS N AND FRACTION SUSPENDED",NITROGEN,TOTAL NITROGEN,NA,NA,NA,New Row: Needs Review,TADA.AliasMatch,NA
"TOTAL PARTICULATE ORGANIC NITROGEN***RETIRED***USE TOTAL NITROGEN, MIXED FORMS WITH SPECIATION AS N AND FRACTION SUSPENDED",TOTAL NITROGEN,TOTAL NITROGEN,NA,NA,NA,New Row: Needs Review,TADA.AliasMatch,NA
TOTAL PCBS,PCBS,POLYCHLORINATED BIPHENYLS (PCBS),NA,1336363,NA,New Row: Needs Review,TADA.AliasMatch,NA
TOTAL PCBS,PCBS TOTAL,POLYCHLORINATED BIPHENYLS (PCBS),NA,1336363,NA,New Row: Needs Review,TADA.AliasMatch,NA
TOTAL PCBS,"POLYCHLORINATED BIPHENYLS, TOTAL (PCBS)",POLYCHLORINATED BIPHENYLS (PCBS),NA,1336363,NA,New Row: Needs Review,TADA.AliasMatch,NA
TOTAL PCBS,TOTAL PCB'S,POLYCHLORINATED BIPHENYLS (PCBS),NA,NA,NA,New Row: Needs Review,TADA.AliasMatch,NA
TOTAL PCBS + PCTS,PCBS,POLYCHLORINATED BIPHENYLS (PCBS),NA,1336363,NA,New Row: Needs Review,TADA.AliasMatch,NA
TOTAL PCBS + PCTS,PCBS TOTAL,POLYCHLORINATED BIPHENYLS (PCBS),NA,1336363,NA,New Row: Needs Review,TADA.AliasMatch,NA
TOTAL PCBS + PCTS,TOTAL PCB'S,POLYCHLORINATED BIPHENYLS (PCBS),NA,NA,NA,New Row: Needs Review,TADA.AliasMatch,NA
TOTAL PETROLEUM HYDROCARBONS (C10-C40),TOTAL PETROLEUM HYDROCARBONS,TOTAL PETROLEUM HYDROCARBONS,NA,NA,NA,New Row: Needs Review,TADA.AliasMatch,NA
TOTAL PETROLEUM HYDROCARBONS (C6-C32 TPH),TOTAL PETROLEUM HYDROCARBONS,TOTAL PETROLEUM HYDROCARBONS,NA,NA,NA,New Row: Needs Review,TADA.AliasMatch,NA
TOTAL PETROLEUM HYDROCARBONS - TPH DRO/RRO EXTRACTION,TOTAL PETROLEUM HYDROCARBONS,TOTAL PETROLEUM HYDROCARBONS,NA,NA,NA,New Row: Needs Review,TADA.AliasMatch,NA
TOTAL PETROLEUM HYDROCARBONS - TPH GRO EXTRACTION,TOTAL PETROLEUM HYDROCARBONS,TOTAL PETROLEUM HYDROCARBONS,NA,NA,NA,New Row: Needs Review,TADA.AliasMatch,NA
"TOTAL PHOSPHORUS, MIXED FORMS",PHOSPHORUS,PHOSPHOROUS (YELLOW),NA,7723140,NA,New Row: Needs Review,TADA.AliasMatch,NA
"TOTAL PHOSPHORUS, MIXED FORMS",TOTAL PHOSPHORUS,TOTAL PHOSPHORUS,NA,NA,NA,New Row: Needs Review,TADA.AliasMatch,NA
TOTAL PLANAR PCBS,PCBS,POLYCHLORINATED BIPHENYLS (PCBS),NA,1336363,NA,New Row: Needs Review,TADA.AliasMatch,NA
TOTAL PLANAR PCBS,PCBS TOTAL,POLYCHLORINATED BIPHENYLS (PCBS),NA,1336363,NA,New Row: Needs Review,TADA.AliasMatch,NA
TOTAL PLANAR PCBS,TOTAL PCB'S,POLYCHLORINATED BIPHENYLS (PCBS),NA,NA,NA,New Row: Needs Review,TADA.AliasMatch,NA
TOTAL SOLIDS,TOTAL DISSOLVED SOLIDS,TOTAL DISSOLVED SOLIDS,NA,NA,NA,New Row: Needs Review,TADA.AliasMatch,NA
TOTAL SOLIDS,TOTAL SUSPENDED SOLIDS,SOLIDS SUSPENDED AND TURBIDITY,NA,NA,NA,New Row: Needs Review,TADA.AliasMatch,NA
TOTAL SULFATE,SULFATE,SULFATE,NA,NA,NA,New Row: Needs Review,TADA.AliasMatch,NA
TOTAL SULFUR MINUS SULFATE,SULFATE,SULFATE,NA,NA,NA,New Row: Needs Review,TADA.AliasMatch,NA
TOTAL XYLENES,XYLENES,XYLENE,NA,1330207,NA,New Row: Needs Review,TADA.AliasMatch,NA
TOXAPHENE CL10,TOXAPHENE,TOXAPHENE,NA,8001352,NA,New Row: Needs Review,TADA.AliasMatch,NA
TOXAPHENE CL6,TOXAPHENE,TOXAPHENE,NA,8001352,NA,New Row: Needs Review,TADA.AliasMatch,NA
TOXAPHENE CL7,TOXAPHENE,TOXAPHENE,NA,8001352,NA,New Row: Needs Review,TADA.AliasMatch,NA
TOXAPHENE CL8,TOXAPHENE,TOXAPHENE,NA,8001352,NA,New Row: Needs Review,TADA.AliasMatch,NA
TOXAPHENE CL9,TOXAPHENE,TOXAPHENE,NA,8001352,NA,New Row: Needs Review,TADA.AliasMatch,NA
TOXAPHENE PARLAR 11/12,TOXAPHENE,TOXAPHENE,NA,8001352,NA,New Row: Needs Review,TADA.AliasMatch,NA
TOXAPHENE PARLAR 15,TOXAPHENE,TOXAPHENE,NA,8001352,NA,New Row: Needs Review,TADA.AliasMatch,NA
TOXAPHENE PARLAR 21,TOXAPHENE,TOXAPHENE,NA,8001352,NA,New Row: Needs Review,TADA.AliasMatch,NA
TOXAPHENE PARLAR 25,TOXAPHENE,TOXAPHENE,NA,8001352,NA,New Row: Needs Review,TADA.AliasMatch,NA
TOXAPHENE PARLAR 26,TOXAPHENE,TOXAPHENE,NA,8001352,NA,New Row: Needs Review,TADA.AliasMatch,NA
TOXAPHENE PARLAR 31/32,TOXAPHENE,TOXAPHENE,NA,8001352,NA,New Row: Needs Review,TADA.AliasMatch,NA
TOXAPHENE PARLAR 38,TOXAPHENE,TOXAPHENE,NA,8001352,NA,New Row: Needs Review,TADA.AliasMatch,NA
TOXAPHENE PARLAR 39,TOXAPHENE,TOXAPHENE,NA,8001352,NA,New Row: Needs Review,TADA.AliasMatch,NA
TOXAPHENE PARLAR 40,TOXAPHENE,TOXAPHENE,NA,8001352,NA,New Row: Needs Review,TADA.AliasMatch,NA
TOXAPHENE PARLAR 40/41,TOXAPHENE,TOXAPHENE,NA,8001352,NA,New Row: Needs Review,TADA.AliasMatch,NA
TOXAPHENE PARLAR 41,TOXAPHENE,TOXAPHENE,NA,8001352,NA,New Row: Needs Review,TADA.AliasMatch,NA
TOXAPHENE PARLAR 42,TOXAPHENE,TOXAPHENE,NA,8001352,NA,New Row: Needs Review,TADA.AliasMatch,NA
TOXAPHENE PARLAR 44,TOXAPHENE,TOXAPHENE,NA,8001352,NA,New Row: Needs Review,TADA.AliasMatch,NA
TOXAPHENE PARLAR 50,TOXAPHENE,TOXAPHENE,NA,8001352,NA,New Row: Needs Review,TADA.AliasMatch,NA
TOXAPHENE PARLAR 51,TOXAPHENE,TOXAPHENE,NA,8001352,NA,New Row: Needs Review,TADA.AliasMatch,NA
TOXAPHENE PARLAR 56,TOXAPHENE,TOXAPHENE,NA,8001352,NA,New Row: Needs Review,TADA.AliasMatch,NA
TOXAPHENE PARLAR 58,TOXAPHENE,TOXAPHENE,NA,8001352,NA,New Row: Needs Review,TADA.AliasMatch,NA
TOXAPHENE PARLAR 59,TOXAPHENE,TOXAPHENE,NA,8001352,NA,New Row: Needs Review,TADA.AliasMatch,NA
TOXAPHENE PARLAR 62,TOXAPHENE,TOXAPHENE,NA,8001352,NA,New Row: Needs Review,TADA.AliasMatch,NA
TOXAPHENE PARLAR 63,TOXAPHENE,TOXAPHENE,NA,8001352,NA,New Row: Needs Review,TADA.AliasMatch,NA
TOXAPHENE PARLAR 69,TOXAPHENE,TOXAPHENE,NA,8001352,NA,New Row: Needs Review,TADA.AliasMatch,NA
TOXICITY WATER 100%/ LC50 (% EFFLUENT),"2,4,5-TRICHLOROTOLUENE ","2,4,5-TRICHLOROTOLUENE ",NA,NA,NA,New Row: Needs Review,TADA.AliasMatch,NA
TOXICITY WATER 100%/ LC50 (% EFFLUENT),"2,4,6-TRINITROTOLUENE ","2,4,6-TRINITROTOLUENE ",NA,NA,NA,New Row: Needs Review,TADA.AliasMatch,NA
TOXICITY WATER 100%/ LC50 (% EFFLUENT),PENDIMETHALIN ,PENDIMETHALIN ,NA,NA,NA,New Row: Needs Review,TADA.AliasMatch,NA
"TOXICITY, WATER, 100%/ LC50 (% EFFLUENT) FOR CERIODAPHNIA**RETIRED**USEBIOLOGICALSAMPLE,SUBJECTTAXON,INTENTTOXICITY","2,4,5-TRICHLOROTOLUENE ","2,4,5-TRICHLOROTOLUENE ",NA,NA,NA,New Row: Needs Review,TADA.AliasMatch,NA
"TOXICITY, WATER, 100%/ LC50 (% EFFLUENT) FOR CERIODAPHNIA**RETIRED**USEBIOLOGICALSAMPLE,SUBJECTTAXON,INTENTTOXICITY","2,4,6-TRINITROTOLUENE ","2,4,6-TRINITROTOLUENE ",NA,NA,NA,New Row: Needs Review,TADA.AliasMatch,NA
"TOXICITY, WATER, 100%/ LC50 (% EFFLUENT) FOR CERIODAPHNIA**RETIRED**USEBIOLOGICALSAMPLE,SUBJECTTAXON,INTENTTOXICITY",PENDIMETHALIN ,PENDIMETHALIN ,NA,NA,NA,New Row: Needs Review,TADA.AliasMatch,NA
TRALKOXYDIM ACID,TRALKOXYDIM,TRALKOXYDIM,NA,87820880,NA,New Row: Needs Review,TADA.AliasMatch,NA
"TRANS-1,2-DICHLOROETHENE***RETIRED***USE TRANS-1,2-DICHLOROETHYLENE","TRANS-1,2-DICHLOROETHYLENE","TRANS-1,2-DICHLOROETHYLENE",NA,156605,NA,New Row: Needs Review,TADA.AliasMatch,NA
"TRANSPARENCY, TUBE WITH DISK",TRANSPARENCY,TRANSPARENCY,NA,NA,NA,New Row: Needs Review,TADA.AliasMatch,NA
TREMOLITE ASBESTOS,ASBESTOS,ASBESTOS,NA,1332214,NA,New Row: Needs Review,TADA.AliasMatch,NA
TRIBROMODIPHENYL ETHER,TRIBROMODIPHENYL ETHER,TRIBROMODIPHENYL ETHER,NA,NA,NA,New Row: Needs Review,TADA.AliasMatch,NA
TRIBUTYLTIN CHLORIDE,CHLORIDE,CHLORIDE,NA,16887006,NA,New Row: Needs Review,TADA.AliasMatch,NA
TRICHLOROACETIC ACID,TRICHLOROACETIC ACID (HAA5),TRICHLOROACETIC ACID (HAA5),NA,76039,NA,New Row: Needs Review,TADA.AliasMatch,NA
TRICHLOROBENZENE,"TRICHLOROBENZENE ( 1,3,5-)","TRICHLOROBENZENE ( 1,3,5-)",NA,NA,NA,New Row: Needs Review,TADA.AliasMatch,NA
TRICHLOROETHANE,"TRICHLOROETHANE 1,1,1","1,1,1-TRICHLOROETHANE",NA,71556,NA,New Row: Needs Review,TADA.AliasMatch,NA
TRICHLOROETHANE,"TRICHLOROETHANE 1,1,2","1,1,2-TRICHLOROETHANE",NA,79005,NA,New Row: Needs Review,TADA.AliasMatch,NA
TRICHLOROETHENE (TCE)***RETIRED***USE TRICHLOROETHYLENE,TRICHLOROETHENE,TRICHLOROETHYLENE,NA,79016,NA,New Row: Needs Review,TADA.AliasMatch,NA
TRICHLOROETHENE (TCE)***RETIRED***USE TRICHLOROETHYLENE,TRICHLOROETHYLENE,TRICHLOROETHYLENE,NA,79016,NA,New Row: Needs Review,TADA.AliasMatch,NA
TRICOSAFLUOROUNDECANE-1-SULFONIC ACID SODIUM SALT,SODIUM,SODIUM,NA,NA,NA,New Row: Needs Review,TADA.AliasMatch,NA
TRIDECAFLUOROHEPTANOYL BROMIDE,BROMIDE,BROMIDE,NA,NA,NA,New Row: Needs Review,TADA.AliasMatch,NA
TRIDECAFLUOROHEXANE-1-SULFINYL CHLORIDE,CHLORIDE,CHLORIDE,NA,16887006,NA,New Row: Needs Review,TADA.AliasMatch,NA
TRIDECAFLUOROHEXANESULPHENYL CHLORIDE,CHLORIDE,CHLORIDE,NA,16887006,NA,New Row: Needs Review,TADA.AliasMatch,NA
TRIDECYL SULFATE,SULFATE,SULFATE,NA,NA,NA,New Row: Needs Review,TADA.AliasMatch,NA
TRIDEMETHYL HEXAZINONE G,HEXAZINONE,HEXAZINONE,NA,51235042,NA,New Row: Needs Review,TADA.AliasMatch,NA
TRIDEMETHYL TEBUTHIURON,TEBUTHIURON,TEBUTHIURON,NA,34014181,NA,New Row: Needs Review,TADA.AliasMatch,NA
TRIHALOMETHANES,TOTAL TRIHALOMETHANES,TRIHALOMETHANES,NA,67663,NA,New Row: Needs Review,TADA.AliasMatch,NA
TRIHALOMETHANES,TOTAL TRIHALOMETHANES (TTHM),TRIHALOMETHANES,NA,NA,NA,New Row: Needs Review,TADA.AliasMatch,NA
TRIHALOMETHANES,TRIHALOMETHANES,TRIHALOMETHANES,NA,NA,NA,New Row: Needs Review,TADA.AliasMatch,NA
TRIHALOMETHANES,TRIHALOMETHANES (T),TRIHALOMETHANES,NA,67663,NA,New Row: Needs Review,TADA.AliasMatch,NA
TRIHALOMETHANES,TRIHALOMETHANES (TOTAL),TRIHALOMETHANES,NA,67663,NA,New Row: Needs Review,TADA.AliasMatch,NA
"TRIHALOMETHANES (FOUR), TOTAL***RETIRED***USE TRIHALOMETHANES",TRIHALOMETHANES,TRIHALOMETHANES,NA,NA,NA,New Row: Needs Review,TADA.AliasMatch,NA
TRINITROTOLUENE,"TRINITROTOLUENE (2,4,6-)","TRINITROTOLUENE (2,4,6-)",NA,NA,NA,New Row: Needs Review,TADA.AliasMatch,NA
TRIPENTYLTIN CHLORIDE,CHLORIDE,CHLORIDE,NA,16887006,NA,New Row: Needs Review,TADA.AliasMatch,NA
TRIPROPYLTIN CHLORIDE,CHLORIDE,CHLORIDE,NA,16887006,NA,New Row: Needs Review,TADA.AliasMatch,NA
TRIS(1-CHLORO-2-PROPYL)PHOSPHATE***RETIRED***USE TRIS(1-CHLORO-2-PROPYL) PHOSPHATE,PHOSPHATE,PHOSPHATE,NA,NA,NA,New Row: Needs Review,TADA.AliasMatch,NA
"TRIS(3,3,4,4,5,5,6,6,7,7,8,8,8-TRIDECAFLUOROOCTYL)TIN BROMIDE",BROMIDE,BROMIDE,NA,NA,NA,New Row: Needs Review,TADA.AliasMatch,NA
TRUE COLOR,COLOR,COLOR,NA,NA,NA,New Row: Needs Review,TADA.AliasMatch,NA
TURBIDITY FIELD,TURBIDITY,TURBIDITY,NA,NA,NA,New Row: Needs Review,TADA.AliasMatch,NA
TURBIDITY SEVERITY (CHOICE LIST),TURBIDITY,TURBIDITY,NA,NA,NA,New Row: Needs Review,TADA.AliasMatch,NA
UNDECAFLUOROCYCLOHEXANEMETHANOL DIHYDROGEN PHOSPHATE,PHOSPHATE,PHOSPHATE,NA,NA,NA,New Row: Needs Review,TADA.AliasMatch,NA
UNDECAFLUOROCYCLOHEXANEMETHANOL HYDROGEN PHOSPHATE,PHOSPHATE,PHOSPHATE,NA,NA,NA,New Row: Needs Review,TADA.AliasMatch,NA
UNDECAFLUOROHEXANOYL BROMIDE,BROMIDE,BROMIDE,NA,NA,NA,New Row: Needs Review,TADA.AliasMatch,NA
UNDECAFLUOROHEXANOYL CHLORIDE,CHLORIDE,CHLORIDE,NA,16887006,NA,New Row: Needs Review,TADA.AliasMatch,NA
"UNDECANOIC ACID, 2,2,3,3,4,4,5,5,6,6,7,7,8,8,9,9,10,10,11,11-EICOSAFLUORO-, POTASSIUM SALT (1:1)",POTASSIUM,POTASSIUM,NA,NA,NA,New Row: Needs Review,TADA.AliasMatch,NA
UNDECYL SULFATE,SULFATE,SULFATE,NA,NA,NA,New Row: Needs Review,TADA.AliasMatch,NA
UNKNOWN ARSENIC SPECIES,ARSENIC,ARSENIC,NA,7440382,NA,New Row: Needs Review,TADA.AliasMatch,NA
UNKNOWN SELENIUM SPECIES,SELENIUM,SELENIUM,NA,7782492,NA,New Row: Needs Review,TADA.AliasMatch,NA
UNNATURAL COLOR (CHOICE LIST),COLOR,COLOR,NA,NA,NA,New Row: Needs Review,TADA.AliasMatch,NA
UNNATURAL ODOR (CHOICE LIST),ODOR,ODOR,NA,NA,NA,New Row: Needs Review,TADA.AliasMatch,NA
UNNATURAL OIL (CHOICE LIST),OIL,OIL AND GREASE,NA,NA,NA,New Row: Needs Review,TADA.AliasMatch,NA
UNNATURAL TURBIDITY (CHOICE LIST),TURBIDITY,TURBIDITY,NA,NA,NA,New Row: Needs Review,TADA.AliasMatch,NA
URANIUM 238/234 RATIO,URANIUM,URANIUM,NA,7440611,NA,New Row: Needs Review,TADA.AliasMatch,NA
VANADIUM PENTOXIDE,VANADIUM,VANADIUM,NA,7440622,NA,New Row: Needs Review,TADA.AliasMatch,NA
VENICE SALINITY CATEGORY (CHOICE LIST),SALINITY,SALINITY,NA,NA,NA,New Row: Needs Review,TADA.AliasMatch,NA
VOLATILE DISSOLVED SOLIDS,DISSOLVED SOLIDS,DISSOLVED SOLIDS,NA,NA,NA,New Row: Needs Review,TADA.AliasMatch,NA
VOLATILE SUSPENDED SOLIDS,SUSPENDED SOLIDS,SOLIDS SUSPENDED AND TURBIDITY,NA,NA,NA,New Row: Needs Review,TADA.AliasMatch,NA
WATER,WATER FLOW,WATER FLOW,NA,NA,NA,New Row: Needs Review,TADA.AliasMatch,NA
WATER CLARITY,CLARITY,CLARITY,NA,NA,NA,New Row: Needs Review,TADA.AliasMatch,NA
WATER COLOR (CHOICE LIST),COLOR,COLOR,NA,NA,NA,New Row: Needs Review,TADA.AliasMatch,NA
WATER FLOW COMPARED TO MOST RECENT CONDITIONS (CHOICE LIST),WATER FLOW,WATER FLOW,NA,NA,NA,New Row: Needs Review,TADA.AliasMatch,NA
WATER FLOW COMPARED TO NORMAL CONDITIONS (CHOICE LIST),WATER FLOW,WATER FLOW,NA,NA,NA,New Row: Needs Review,TADA.AliasMatch,NA
WATER ODOR (CHOICE LIST),ODOR,ODOR,NA,NA,NA,New Row: Needs Review,TADA.AliasMatch,NA
"WEAK, DISSOCIABLE CYANIDE",CYANIDE,CYANIDE,NA,57125,NA,New Row: Needs Review,TADA.AliasMatch,NA
WHITE MINERAL OIL (PETROLEUM),OIL,OIL AND GREASE,NA,NA,NA,New Row: Needs Review,TADA.AliasMatch,NA
WHITE MINERAL OIL (PETROLEUM),PETROLEUM OIL,PETROLEUM OIL,NA,NA,NA,New Row: Needs Review,TADA.AliasMatch,NA
"XYLENES, M- & P- MIX***RETIRED***USE M,P-XYLENE",XYLENES,XYLENE,NA,1330207,NA,New Row: Needs Review,TADA.AliasMatch,NA
ZINC BACITRACIN,ZINC,ZINC,NA,7440666,NA,New Row: Needs Review,TADA.AliasMatch,NA
ZINC DEHYDROABIETYLAMMONIUM 2-ETHYLHEXANOATE,ZINC,ZINC,NA,7440666,NA,New Row: Needs Review,TADA.AliasMatch,NA
ZINC PHOSPHIDE,ZINC,ZINC,NA,7440666,NA,New Row: Needs Review,TADA.AliasMatch,NA
"ZINC, BIS(2,2,2-TRIFLUOROACETATO-.KAPPA.O)-,HYDRATE (1:1)",ZINC,ZINC,NA,7440666,NA,New Row: Needs Review,TADA.AliasMatch,NA
"ZINC, IODO[1,2,2,2,-TETRAFLUORO-1-(TRIFLUOROMETHYL)ETHYL]-",ZINC,ZINC,NA,7440666,NA,New Row: Needs Review,TADA.AliasMatch,NA
[DIFLUORO(PENTAFLUOROPHENYL)METHOXY](DIFLUORO)ACETYL FLUORIDE,FLUORIDE,FLUORIDE,NA,7681494,NA,New Row: Needs Review,TADA.AliasMatch,NA
"1,1,1-TRICHLOROETHANE","1,1,1-TRICHLOROETHANE","1,1,1-TRICHLOROETHANE","1,1,1-TRICHLOROETHANE",71556,71556,APPROVED,TADA.AliasMatch,2/25/2026 12:00
"1,1,1-TRICHLOROETHANE","1,1,1-TRICHLOROETHANE (TCA)","1,1,1-TRICHLOROETHANE","1,1,1-TRICHLOROETHANE",71556,71556,APPROVED,TADA.AliasMatch,2/25/2026 12:00
"1,1-DICHLOROETHYLENE","1,1-DICHLOROETHYLENE","1,1-DICHLOROETHYLENE","1,1-DICHLOROETHYLENE",75354,75354,APPROVED,TADA.AliasMatch,2/25/2026 12:00
"1,2-DIBROMO-3-CHLOROPROPANE","1,2-DIBROMO-3-CHLOROPROPANE","1,2 DIBROMO-3-CHLOROPROPANE","1,2-DIBROMO-3-CHLOROPROPANE",96128,96128,APPROVED,TADA.AliasMatch,2/25/2026 12:00
"1,2-DICHLOROETHANE","1,2-DICHLOROETHANE (EDC)","1,2-DICHLOROETHANE","1,2-DICHLOROETHANE",107062,107062,APPROVED,TADA.AliasMatch,2/25/2026 12:00
M-DICHLOROBENZENE,"1,3-DICHLOROBENZENE (M-DICHLOROBENZENE)","1,3-DICHLOROBENZENE",M-DICHLOROBENZENE,541731,541731,APPROVED,TADA.AliasMatch,2/25/2026 12:00
"2,3,7,8-TETRACHLORODIBENZO-P-DIOXIN","2,3,7,8-TETRACHLORODIBENZOP-DIOXIN","2,3,7,8-TCDD (DIOXIN)","2,3,7,8-TETRACHLORODIBENZO-P-DIOXIN",1746016,1746016,APPROVED,TADA.AliasMatch,2/25/2026 12:00
SILVEX,"2,4,5-TP (SILVEX)","CHLOROPHENOXY HERBICIDE (2,4,5-TP) [SILVEX]","2,4,5-TP (SILVEX)",93721,93721,APPROVED,TADA.AliasMatch,2/25/2026 12:00
"2,4,6-TRICHLOROPHENOL","2,4,6-TRICHLOROPHENOL","2,4,6-TRICHLOROPHENOL","2,4,6-TRICHLOROPHENOL",88062,88062,APPROVED,TADA.AliasMatch,2/25/2026 12:00
"2,4,6-TRICHLOROPHENOL","2,4,6-TRICHLOROPHENOL","2,4,6-TRICHLOROPHENOL","2,4,6-TRICHLOROPHENOL IN FISH TISSUE",88062,88062,APPROVED,TADA.AliasMatch,2/25/2026 12:00
"2,4-D","2,4-D","CHLOROPHENOXY HERBICIDE (2,4-D)","CHLOROPHENOXY HERBICIDES (2,4-D)",94757,94757,APPROVED,TADA.AliasMatch,2/25/2026 12:00
SILVEX,"2-(2,4,5-TRICHLOROPHENOXY PROPIONIC ACID (2,4,5-TP; SILVEX)","CHLOROPHENOXY HERBICIDE (2,4,5-TP) [SILVEX]","2,4,5-TP (SILVEX)",93721,93721,APPROVED,TADA.AliasMatch,2/25/2026 12:00
"2,4-D",2-4-D,"CHLOROPHENOXY HERBICIDE (2,4-D)","CHLOROPHENOXY HERBICIDES (2,4-D)",94757,94757,APPROVED,TADA.AliasMatch,2/25/2026 12:00
"3,3'-DICHLOROBENZIDINE","3,3'-DICHLOROBENZIDINE","3,3'-DICHLOROBENZIDINE","3,3'-DICHLOROBENZIDINE",91941,91941,APPROVED,TADA.AliasMatch,2/25/2026 12:00
"3,3'-DICHLOROBENZIDINE","3,3'-DICHLOROBENZIDINE","3,3'-DICHLOROBENZIDINE","3,3'-DICHLOROBENZIDINE IN FISH TISSUE",91941,91941,APPROVED,TADA.AliasMatch,2/25/2026 12:00
"4,6-DINITRO-O-CRESOL","4,6-DINITRO-O-CRESOL (2-METHYL-4,6-DINITROPHENOL)","2-METHYL-4,6-DINITROPHENOL","4,6-DINITRO-O-CRESOL",534521,534521,APPROVED,TADA.AliasMatch,2/25/2026 12:00
.ALPHA.-ENDOSULFAN,ALPHA-ENDOSULFAN,ALPHA-ENDOSULFAN,ALPHA-ENDOSULFAN (ENDOSULFAN 1),959988,959988,APPROVED,TADA.AliasMatch,2/25/2026 12:00
.ALPHA.-ENDOSULFAN,ALPHA-ENDOSULFAN,ALPHA-ENDOSULFAN,ALPHA-ENDOSULFAN (ENDOSULFAN 1) IN FISH TISSUE,959988,959988,APPROVED,TADA.AliasMatch,2/25/2026 12:00
AMMONIA,AMMONIA,AMMONIA,"NITROGEN, AMMONIA",7664417,7664417,APPROVED,TADA.AliasMatch,2/25/2026 12:00
AMMONIA,"AMMONIA, UN-IONIZED",AMMONIA,AMMONIA,7664417,7664417,APPROVED,TADA.AliasMatch,2/25/2026 12:00
AMMONIA,"AMMONIA, UN-IONIZED",AMMONIA,"AMMONIA, UN-IONIZED",7664417,7664417,APPROVED,TADA.AliasMatch,2/25/2026 12:00
"ARSENIC, INORGANIC",ARSENIC,ARSENIC,"ARSENIC, INORGANIC",7440382,7440382,APPROVED,TADA.AliasMatch,2/25/2026 12:00
"ARSENIC, INORGANIC",ARSENIC,ARSENIC,"ARSENIC, INORGANIC IN FISH TISSUE",7440382,7440382,APPROVED,TADA.AliasMatch,2/25/2026 12:00
"BENZO[G,H,I]PERYLENE",BENZO(GHI)PERYLENE,BENZO(GHI)PERYLENE,"BENZO[G,H,I]PERYLENE",191242,191242,APPROVED,TADA.AliasMatch,2/25/2026 12:00
"BENZO[G,H,I]PERYLENE",BENZO(GHI)PERYLENE,BENZO(GHI)PERYLENE,"BENZO[G,H,I]PERYLENE IN SEDIMENT",191242,191242,APPROVED,TADA.AliasMatch,2/25/2026 12:00
BIPHENYL,BIPHENYL,BIPHENYL,BIPHENYL,92524,92524,APPROVED,TADA.AliasMatch,2/25/2026 12:00
METHYL BROMIDE,BROMOMETHANE (METHYL BROMIDE),BROMOMETHANE (METHYL BROMIDE),METHYL BROMIDE,74839,74839,APPROVED,TADA.AliasMatch,2/25/2026 12:00
BUTYL BENZYL PHTHALATE,BUTYL BENZYL PHTHALATE,BUTYL BENZYL PHTHALATE,BUTYL BENZYL PHTHALATE,85687,85687,APPROVED,TADA.AliasMatch,2/25/2026 12:00
BUTYL BENZYL PHTHALATE,BUTYL BENZYL PHTHALATE,BUTYL BENZYL PHTHALATE,BUTYL BENZYL PHTHALATE IN FISH TISSUE,85687,85687,APPROVED,TADA.AliasMatch,2/25/2026 12:00
BUTYL BENZYL PHTHALATE,BUTYL BENZYL PHTHALATE,BUTYL BENZYL PHTHALATE,BUTYL BENZYL PHTHALATE IN SEDIMENT,85687,85687,APPROVED,TADA.AliasMatch,2/25/2026 12:00
CARBARYL,CARBARYL (SEVIN),CARBARYL,CARBARYL,63252,63252,APPROVED,TADA.AliasMatch,2/25/2026 12:00
CARBON TETRACHLORIDE,CARBON TETRACHLORIDE (TETRACHLOROMETHANE),CARBON TETRACHLORIDE,CARBON TETRACHLORIDE,56235,56235,APPROVED,TADA.AliasMatch,2/25/2026 12:00
CHLORIDE,CHLORIDE,CHLORIDE,METHYL CHLORIDE,16887006,16887006,APPROVED,TADA.AliasMatch,2/25/2026 12:00
CHLORIDE,CHLORIDE,CHLORIDE,SULFATE + CHLORIDE,16887006,16887006,APPROVED,TADA.AliasMatch,2/25/2026 12:00
CHLORIDE,CHLORIDE,CHLORIDE,VINYLIDENE CHLORIDE,16887006,16887006,APPROVED,TADA.AliasMatch,2/25/2026 12:00
"CHLORINE, TOTAL RESIDUAL",CHLORINE,CHLORINE,"CHLORINE, TOTAL RESIDUAL (TRC)",7782505,7782505,APPROVED,TADA.AliasMatch,2/25/2026 12:00
CHLORINE DIOXIDE,CHLORINE DIOXIDE,CHLORINE DIOXIDE,CHLORINE DIOXIDE,10049044,10049044,APPROVED,TADA.AliasMatch,2/25/2026 12:00
CHLORINE,CHLORINE PRODUCED OXIDANT,CHLORINE,CHLORINE,7782505,7782505,APPROVED,TADA.AliasMatch,2/25/2026 12:00
CHLORINE,"CHLORINE, RESIDUAL",CHLORINE,CHLORINE,7782505,7782505,APPROVED,TADA.AliasMatch,2/25/2026 12:00
"CHLORINE, TOTAL RESIDUAL","CHLORINE, RESIDUAL",CHLORINE,"CHLORINE, TOTAL RESIDUAL (TRC)",7782505,7782505,APPROVED,TADA.AliasMatch,2/25/2026 12:00
SILVEX,"CHLOROPHENOXY HERBICIDE (2,4,5-TP) [SILVEX]","CHLOROPHENOXY HERBICIDE (2,4,5-TP) [SILVEX]","2,4,5-TP (SILVEX)",93721,93721,APPROVED,TADA.AliasMatch,2/25/2026 12:00
CHLORPYRIFOS,CHLORPYRIFOS,CHLORPYRIFOS,CHLORPYRIFOS,2921882,2921882,APPROVED,TADA.AliasMatch,2/25/2026 12:00
CHROMIUM,CHROMIUM,CHROMIUM,"CHROMIUM, HEXAVALENT IN FISH TISSUE",7440473,7440473,APPROVED,TADA.AliasMatch,2/25/2026 12:00
CHROMIUM,CHROMIUM,CHROMIUM,"CHROMIUM, HEXAVALENT IN SEDIMENT",7440473,7440473,APPROVED,TADA.AliasMatch,2/25/2026 12:00
CHROMIUM,CHROMIUM,CHROMIUM,"CHROMIUM, TRIVALENT",7440473,7440473,APPROVED,TADA.AliasMatch,2/25/2026 12:00
CHROMIUM,CHROMIUM (TOTAL),CHROMIUM,CHROMIUM,7440473,7440473,APPROVED,TADA.AliasMatch,2/25/2026 12:00
CHROMIUM,CHROMIUM (TOTAL),CHROMIUM,"CHROMIUM, HEXAVALENT, TOTAL",7440473,7440473,APPROVED,TADA.AliasMatch,2/25/2026 12:00
CHROMIUM,CHROMIUM (TOTAL),CHROMIUM,"CHROMIUM, TOTAL",7440473,7440473,APPROVED,TADA.AliasMatch,2/25/2026 12:00
CHROMIUM,CHROMIUM (TOTAL),CHROMIUM,"CHROMIUM, TRIVALENT, TOTAL",7440473,7440473,APPROVED,TADA.AliasMatch,2/25/2026 12:00
"CIS-1,2-DICHLOROETHYLENE","CIS-1,2-DICHLOROETHYLENE","1,2-CIS-DICHLOROETHYLENE","CIS-1,2-DICHLOROETHYLENE",156592,156592,APPROVED,TADA.AliasMatch,2/25/2026 12:00
CYANIDE,CYANIDE (FREE),CYANIDE,CYANIDE,57125,57125,APPROVED,TADA.AliasMatch,2/25/2026 12:00
DI(2-ETHYLHEXYL) ADIPATE,DI(2-ETHYLHEXYL) ADIPATE,DI (2-ETHYLHEXYL) ADIPATE,DI(2-ETHYLHEXYL) ADIPATE,103231,103231,APPROVED,TADA.AliasMatch,2/25/2026 12:00
DI(2-ETHYLHEXYL) ADIPATE,DI(2ETHYLHEXYL) ADIPATE,DI (2-ETHYLHEXYL) ADIPATE,DI(2-ETHYLHEXYL) ADIPATE,103231,103231,APPROVED,TADA.AliasMatch,2/25/2026 12:00
DI(2-ETHYLHEXYL) ADIPATE,DI-2-ETHYLHEXYL ADIPATE,DI (2-ETHYLHEXYL) ADIPATE,DI(2-ETHYLHEXYL) ADIPATE,103231,103231,APPROVED,TADA.AliasMatch,2/25/2026 12:00
DI(2-ETHYLHEXYL) PHTHALATE,DI-2-ETHYLHEXYL PHTHALATE,BIS(2-ETHYLHEXYL) PHTHALATE,DI-2-ETHYLHEXYL PHTHALATE,117817,117817,APPROVED,TADA.AliasMatch,2/25/2026 12:00
DIAZINON,DIAZINON (SPECTRACIDE),DIAZINON,DIAZINON,333415,333415,APPROVED,TADA.AliasMatch,2/25/2026 12:00
CHLORODIBROMOMETHANE,DIBROMOCHLOROMETHANE (CHLORODIBROMOMETHANE),CHLORODIBROMOMETHANE,CHLORODIBROMOMETHANE,124481,124481,APPROVED,TADA.AliasMatch,2/25/2026 12:00
DIBUTYL PHTHALATE,DIBUTYL PHTHALATE (DI-N-BUTYL PHTHALATE),DI-N-BUTYL PHTHALATE,DIBUTYL PHTHALATE,84742,84742,APPROVED,TADA.AliasMatch,2/25/2026 12:00
O-DICHLOROBENZENE,"DICHLOROBENZENE, O- (O-DICHLOROBENZENE)","1,2-DICHLOROBENZENE",O-DICHLOROBENZENE,95501,95501,APPROVED,TADA.AliasMatch,2/25/2026 12:00
DICHLOROBROMOMETHANE,DICHLOROBROMOMETHANE,DICHLOROBROMOMETHANE,DICHLOROBROMOMETHANE,75274,75274,APPROVED,TADA.AliasMatch,2/25/2026 12:00
METHYLENE CHLORIDE,DICHLOROMETHANE (METHYLENE CHLORIDE),METHYLENE CHLORIDE,METHYLENE CHLORIDE,75092,75092,APPROVED,TADA.AliasMatch,2/25/2026 12:00
DICHLORPROP,DICHLORPROP,DICHLORPROP,DICHLORPROP,120365,120365,APPROVED,TADA.AliasMatch,2/25/2026 12:00
DINOSEB,DINOSEB (DNBP),DINOSEB,DINOSEB,88857,88857,APPROVED,TADA.AliasMatch,2/25/2026 12:00
OXYGEN,DISSOLVED OXYGEN,DISSOLVED OXYGEN,DISSOLVED OXYGEN - CRITICAL,7782447,7782447,APPROVED,TADA.AliasMatch,2/25/2026 12:00
OXYGEN,DISSOLVED OXYGEN,DISSOLVED OXYGEN,DISSOLVED OXYGEN - PRIMARY,7782447,7782447,APPROVED,TADA.AliasMatch,2/25/2026 12:00
OXYGEN,DISSOLVED OXYGEN,DISSOLVED OXYGEN,DISSOLVED OXYGEN SUPERSATURATION,7782447,7782447,APPROVED,TADA.AliasMatch,2/25/2026 12:00
DISULFOTON,DISULFOTON (DISYSTON),DISULFOTON,DISULFOTON,298044,298044,APPROVED,TADA.AliasMatch,2/25/2026 12:00
ENDOSULFAN,ENDOSULFAN,ENDOSULFAN,ALPHA-ENDOSULFAN (ENDOSULFAN 1),115297,115297,APPROVED,TADA.AliasMatch,2/25/2026 12:00
ENDOSULFAN,ENDOSULFAN,ENDOSULFAN,ALPHA-ENDOSULFAN (ENDOSULFAN 1) IN FISH TISSUE,115297,115297,APPROVED,TADA.AliasMatch,2/25/2026 12:00
ENDOSULFAN,ENDOSULFAN,ENDOSULFAN,BETA-ENDOSULFAN (ENDOSULFAN 2),115297,115297,APPROVED,TADA.AliasMatch,2/25/2026 12:00
ENDOSULFAN,ENDOSULFAN,ENDOSULFAN,BETA-ENDOSULFAN (ENDOSULFAN 2) IN FISH TISSUE,115297,115297,APPROVED,TADA.AliasMatch,2/25/2026 12:00
ENDOSULFAN,ENDOSULFAN (ALPHA & BETA),ENDOSULFAN,ENDOSULFAN,115297,115297,APPROVED,TADA.AliasMatch,2/25/2026 12:00
ENDOSULFAN,ENDOSULFAN (TOTAL),ENDOSULFAN,ENDOSULFAN,115297,115297,APPROVED,TADA.AliasMatch,2/25/2026 12:00
EPICHLOROHYDRIN,EPICHLOROHYDRIN,EPICHLOROHYDRIN,EPICHLOROHYDRIN,106898,106898,APPROVED,TADA.AliasMatch,2/25/2026 12:00
FLUORANTHENE,FLUORANTHENE (POLYNUCLEAR AROMATIC HYDROCARBON),FLUORANTHENE,FLUORANTHENE,206440,206440,APPROVED,TADA.AliasMatch,2/25/2026 12:00
LINDANE,GAMMA-BHC (LINDANE),GAMMA-HEXACHLOROCYCLOHEXANE (HCH) (LINDANE),LINDANE,58899,58899,APPROVED,TADA.AliasMatch,2/25/2026 12:00
LINDANE,"GAMMA-HCH (GAMMA-BHC, LINDANE)",GAMMA-HEXACHLOROCYCLOHEXANE (HCH) (LINDANE),LINDANE,58899,58899,APPROVED,TADA.AliasMatch,2/25/2026 12:00
LINDANE,GAMMA-HEXACHLOROCYCLOHEXANE (HCH) (LINDANE),GAMMA-HEXACHLOROCYCLOHEXANE (HCH) (LINDANE),LINDANE,58899,58899,APPROVED,TADA.AliasMatch,2/25/2026 12:00
LINDANE,HEXA CHLOROCYCLOHEXANE (GAMMA BHC; LINDANE),GAMMA-HEXACHLOROCYCLOHEXANE (HCH) (LINDANE),LINDANE,58899,58899,APPROVED,TADA.AliasMatch,2/25/2026 12:00
HYDRAZINE,HYDRAZINE,HYDRAZINE,HYDRAZINE,302012,302012,APPROVED,TADA.AliasMatch,2/25/2026 12:00
"INDENO[1,2,3-CD]PYRENE","INDENO(1,2,3-CD)PYRENE","INDENO(1,2,3-CD)PYRENE","INDENO[1,2,3-CD]PYRENE",193395,193395,APPROVED,TADA.AliasMatch,2/25/2026 12:00
"INDENO[1,2,3-CD]PYRENE","INDENO(1,2,3-CD)PYRENE","INDENO(1,2,3-CD)PYRENE","INDENO[1,2,3-CD]PYRENE IN FISH TISSUE",193395,193395,APPROVED,TADA.AliasMatch,2/25/2026 12:00
"INDENO[1,2,3-CD]PYRENE","INDENO(1,2,3-CD)PYRENE","INDENO(1,2,3-CD)PYRENE","INDENO[1,2,3-CD]PYRENE IN SEDIMENT",193395,193395,APPROVED,TADA.AliasMatch,2/25/2026 12:00
LINDANE,LINDANE,GAMMA-HEXACHLOROCYCLOHEXANE (HCH) (LINDANE),LINDANE,58899,58899,APPROVED,TADA.AliasMatch,2/25/2026 12:00
LINDANE,LINDANE,GAMMA-HEXACHLOROCYCLOHEXANE (HCH) (LINDANE),LINDANE IN FISH TISSUE,58899,58899,APPROVED,TADA.AliasMatch,2/25/2026 12:00
LINDANE,LINDANE,GAMMA-HEXACHLOROCYCLOHEXANE (HCH) (LINDANE),LINDANE IN SEDIMENT,58899,58899,APPROVED,TADA.AliasMatch,2/25/2026 12:00
M-DICHLOROBENZENE,M-DICHLOROBENZENE,"1,3-DICHLOROBENZENE",M-DICHLOROBENZENE,541731,541731,APPROVED,TADA.AliasMatch,2/25/2026 12:00
M-XYLENE,M-XYLENE,"1,3-XYLENE",M-XYLENE,108383,108383,APPROVED,TADA.AliasMatch,2/25/2026 12:00
METHANOL,METHANOL,METHANOL,METHANOL,67561,67561,APPROVED,TADA.AliasMatch,2/25/2026 12:00
METHYL BROMIDE,METHYL BROMIDE,METHYL BROMIDE,METHYL BROMIDE,74839,74839,APPROVED,TADA.AliasMatch,2/25/2026 12:00
METHYLENE CHLORIDE,METHYLENE CHLORIDE,METHYLENE CHLORIDE,METHYLENE CHLORIDE,75092,75092,APPROVED,TADA.AliasMatch,2/25/2026 12:00
METHYLENE CHLORIDE,METHYLENE CHLORIDE (DICHLOROMETHANE),METHYLENE CHLORIDE,METHYLENE CHLORIDE,75092,75092,APPROVED,TADA.AliasMatch,2/25/2026 12:00
N-NITROSODI-N-BUTYLAMINE,N-NITROSODI-N-BUTYLAMINE,NITROSODIBUTYLAMINE,N-NITROSO-DI-N-BUTYLAMINE,924163,924163,APPROVED,TADA.AliasMatch,2/25/2026 12:00
N-NITROSODIETHYLAMINE,N-NITROSODIETHYLAMINE,NITROSODIETHYLAMINE,N-NITROSODIETHYLAMINE,55185,55185,APPROVED,TADA.AliasMatch,2/25/2026 12:00
N-NITROSODIMETHYLAMINE,N-NITROSODIMETHYLAMINE,N-NITROSODIMETHYLAMINE,N-NITROSODIMETHYLAMINE,62759,62759,APPROVED,TADA.AliasMatch,2/25/2026 12:00
N-NITROSODIPHENYLAMINE,N-NITROSODIPHENYLAMINE,N-NITROSODIPHENYLAMINE,N-NITROSODIPHENYLAMINE,86306,86306,APPROVED,TADA.AliasMatch,2/25/2026 12:00
N-NITROSODIPHENYLAMINE,N-NITROSODIPHENYLAMINE,N-NITROSODIPHENYLAMINE,N-NITROSODIPHENYLAMINE IN FISH TISSUE,86306,86306,APPROVED,TADA.AliasMatch,2/25/2026 12:00
N-NITROSODIPHENYLAMINE,N-NITROSODIPHENYLAMINE,N-NITROSODIPHENYLAMINE,N-NITROSODIPHENYLAMINE IN SEDIMENT,86306,86306,APPROVED,TADA.AliasMatch,2/25/2026 12:00
NITRATE,NITRATE,NITRATES,NITRATE/NITRITE (NITRITE + NITRATE AS N),14797558,14797558,APPROVED,TADA.AliasMatch,2/25/2026 12:00
NITRILOTRIACETIC ACID,NITRILOTRIACETIC ACID,NITRILOTRIACETIC ACID,NITRILOTRIACETIC ACID,139139,139139,APPROVED,TADA.AliasMatch,2/25/2026 12:00
NITRITE,NITRITE,NITRITE,NITRATE/NITRITE (NITRITE + NITRATE AS N),14797650,14797650,APPROVED,TADA.AliasMatch,2/25/2026 12:00
NITRITE,NITRITE (EXPRESSED AS N),NITRITE,NITRITE,14797650,14797650,APPROVED,TADA.AliasMatch,2/25/2026 12:00
O-DICHLOROBENZENE,O-DICHLOROBENZENE,"1,2-DICHLOROBENZENE",O-DICHLOROBENZENE,95501,95501,APPROVED,TADA.AliasMatch,2/25/2026 12:00
O-XYLENE,O-XYLENE,"1,2-XYLENE",O-XYLENE,95476,95476,APPROVED,TADA.AliasMatch,2/25/2026 12:00
OXAMYL,OXAMYL (VYDATE),OXAMYL (VYDATE),OXAMYL (VYDATE),23135220,23135220,APPROVED,TADA.AliasMatch,2/25/2026 12:00
OXYGEN,OXYGEN,DISSOLVED OXYGEN,DISSOLVED OXYGEN - CRITICAL,7782447,7782447,APPROVED,TADA.AliasMatch,2/25/2026 12:00
OXYGEN,OXYGEN,DISSOLVED OXYGEN,DISSOLVED OXYGEN - PRIMARY,7782447,7782447,APPROVED,TADA.AliasMatch,2/25/2026 12:00
OXYGEN,OXYGEN,DISSOLVED OXYGEN,DISSOLVED OXYGEN SUPERSATURATION,7782447,7782447,APPROVED,TADA.AliasMatch,2/25/2026 12:00
P-DICHLOROBENZENE,P-DICHLOROBENZENE,"1,4-DICHLOROBENZENE",P-DICHLOROBENZENE,106467,106467,APPROVED,TADA.AliasMatch,2/25/2026 12:00
P-XYLENE,P-XYLENE,"1,4-XYLENE",P-XYLENE,106423,106423,APPROVED,TADA.AliasMatch,2/25/2026 12:00
POLYCHLORINATED BIPHENYLS,PCBS,POLYCHLORINATED BIPHENYLS (PCBS),POLYCHLORINATED BIPHENYLS (PCBS),1336363,1336363,APPROVED,TADA.AliasMatch,2/25/2026 12:00
PERFLUORONONANOIC ACID,PERFLUORONONANOIC ACID (PFNA),PERFLUORONONANOIC ACID (PFNA),PERFLUORONONANOIC ACID (PFNA),375951,375951,APPROVED,TADA.AliasMatch,2/25/2026 12:00
PERFLUORONONANOIC ACID,PERFLUORONONANOIC ACID (PFNA),PERFLUORONONANOIC ACID (PFNA),PERFLUORONONANOIC ACID (PFNA) IN FISH TISSUE,375951,375951,APPROVED,TADA.AliasMatch,2/25/2026 12:00
PHENOL,PHENOL (TOTAL),PHENOL,PHENOL,108952,108952,APPROVED,TADA.AliasMatch,2/25/2026 12:00
PHENYL ETHER,PHENYL ETHER,PHENYL ETHER,CHLOROPHENYL-4 PHENYL ETHER,101848,101848,APPROVED,TADA.AliasMatch,2/25/2026 12:00
PHOSPHORUS,PHOSPHORUS,PHOSPHOROUS (YELLOW),PHOSPHORUS,7723140,7723140,APPROVED,TADA.AliasMatch,2/25/2026 12:00
PHOSPHORUS,"PHOSPHORUS, ELEMENTAL",PHOSPHOROUS (YELLOW),PHOSPHORUS,7723140,7723140,APPROVED,TADA.AliasMatch,2/25/2026 12:00
POLYCHLORINATED BIPHENYLS,POLYCHLORINATED BIPHENYLS (PCBS),POLYCHLORINATED BIPHENYLS (PCBS),POLYCHLORINATED BIPHENYLS (PCBS),1336363,1336363,APPROVED,TADA.AliasMatch,2/25/2026 12:00
POLYCHLORINATED BIPHENYLS,"POLYCHLORINATED BIPHENYLS, TOTAL (PCBS)",POLYCHLORINATED BIPHENYLS (PCBS),POLYCHLORINATED BIPHENYLS (PCBS),1336363,1336363,APPROVED,TADA.AliasMatch,2/25/2026 12:00
PROPYLENE OXIDE,PROPYLENE OXIDE,PROPYLENE OXIDE,PROPYLENE OXIDE,75569,75569,APPROVED,TADA.AliasMatch,2/25/2026 12:00
SILVEX,SILVEX,"CHLOROPHENOXY HERBICIDE (2,4,5-TP) [SILVEX]","2,4,5-TP (SILVEX)",93721,93721,APPROVED,TADA.AliasMatch,2/25/2026 12:00
SILVEX,"SILVEX (2,4,5-TP)","CHLOROPHENOXY HERBICIDE (2,4,5-TP) [SILVEX]","2,4,5-TP (SILVEX)",93721,93721,APPROVED,TADA.AliasMatch,2/25/2026 12:00
SILVEX,"SILVEX (2,4,5-TP, 2-{2,4,5-TRICHLOROPHENOXY]PROPIONIC","CHLOROPHENOXY HERBICIDE (2,4,5-TP) [SILVEX]","2,4,5-TP (SILVEX)",93721,93721,APPROVED,TADA.AliasMatch,2/25/2026 12:00
TERT-BUTYLBENZENE,TERT-BUTYLBENZENE,TERT-BUTYLBENZENE,TERT-BUTYLBENZENE,98066,98066,APPROVED,TADA.AliasMatch,2/25/2026 12:00
TETRACHLOROETHYLENE,TETRACHLOROETHYLENE,TETRACHLOROETHYLENE,TETRACHLOROETHYLENE,127184,127184,APPROVED,TADA.AliasMatch,2/25/2026 12:00
CARBON TETRACHLORIDE,TETRACHLOROMETHANE (CARBON TETRACHLORIDE),CARBON TETRACHLORIDE,CARBON TETRACHLORIDE,56235,56235,APPROVED,TADA.AliasMatch,2/25/2026 12:00
"TRANS-1,2-DICHLOROETHYLENE","TRANS-1,2-DICHLOROETHYLENE","TRANS-1,2-DICHLOROETHYLENE","TRANS-1,2-DICHLOROETHYLENE",156605,156605,APPROVED,TADA.AliasMatch,2/25/2026 12:00
TRIBUTYLTIN,TRIBUTYLTIN (TBT),TRIBUTYLTIN (TBT),TRIBUTYLTIN,688733,688733,APPROVED,TADA.AliasMatch,2/25/2026 12:00
TRIBUTYLTIN,TRIBUTYLTIN (TBT),TRIBUTYLTIN (TBT),TRIBUTYLTIN TBT (TRIBUTYLSTANNE),688733,688733,APPROVED,TADA.AliasMatch,2/25/2026 12:00
TRICHLOROETHYLENE,TRICHLOROETHYLENE,TRICHLOROETHYLENE,TRICHLOROETHYLENE (TCE),79016,79016,APPROVED,TADA.AliasMatch,2/25/2026 12:00
TRICHLOROETHYLENE,TRICHLOROETHYLENE (TCE),TRICHLOROETHYLENE,TRICHLOROETHYLENE (TCE),79016,79016,APPROVED,TADA.AliasMatch,2/25/2026 12:00
TRIPHENYL PHOSPHATE,TRIPHENYL PHOSPHATE,TRIPHENYL PHOSPHATE,PHOSPHATE,115866,115866,APPROVED,TADA.AliasMatch,2/25/2026 12:00
VINYL CHLORIDE,VINYL CHLORIDE,VINYL CHLORIDE,VINYL CHLORIDE,75014,75014,APPROVED,TADA.AliasMatch,2/25/2026 12:00
.ALPHA.-CHLORDENE,NA,NA,.ALPHA.-CHLORDENE,NA,56534022,APPROVED,WQX.AliasMatch,NA
.GAMMA.-CHLORDENE,NA,NA,.GAMMA.-CHLORDENE,NA,56641384,APPROVED,WQX.AliasMatch,NA
"1,1,1,2-TETRACHLOROETHANE","1,1,1,2-TETRACHLOROETHANE","1,1,1,2-TETRACHLOROETHANE","1,1,1,2-TETRACHLOROETHANE",630206,630206,APPROVED,WQX.AliasMatch,NA
"1,1,1-TRICHLOROETHANE","1,1,1-TCE","1,1,1-TRICHLOROETHANE","1,1,1-TRICHLOROETHANE",71556,71556,APPROVED,WQX.AliasMatch,NA
"1,1,2,2-TETRACHLOROETHANE","1,1,2,2-TETRACHLOROETHANE","1,1,2,2-TETRACHLOROETHANE","1,1,2,2-TETRACHLOROETHANE",79345,79345,APPROVED,WQX.AliasMatch,NA
"1,1,2-TRICHLOROETHANE","1,1,2-TRICHLOROETHANE","1,1,2-TRICHLOROETHANE","1,1,2-TRICHLOROETHANE",79005,79005,APPROVED,WQX.AliasMatch,NA
HCFC-123B,NA,NA,"1,1-DICHLORO-1,2,2-TRIFLUOROETHANE",NA,812044,APPROVED,WQX.AliasMatch,NA
"1,1-DICHLOROETHANE","1,1-DICHLOROETHANE","1,1-DICHLOROETHANE","1,1-DICHLOROETHANE",75343,75343,APPROVED,WQX.AliasMatch,NA
"1,1-DICHLOROETHYLENE","1,1-DICHLOROETHENE","1,1-DICHLOROETHYLENE","1,1-DICHLOROETHYLENE",75354,75354,APPROVED,WQX.AliasMatch,NA
"1,1-DICHLOROETHYLENE","1,1-DICHLOROETHENE","1,1-DICHLOROETHYLENE*","1,1-DICHLOROETHYLENE",NA,75354,APPROVED,WQX.AliasMatch,NA
"1,1-DICHLOROETHYLENE","1,1-DICHLOROETHENE*","1,1-DICHLOROETHYLENE","1,1-DICHLOROETHYLENE",NA,75354,APPROVED,WQX.AliasMatch,NA
"1,1-DICHLOROETHYLENE","1,1-DICHLOROETHENE*","1,1-DICHLOROETHYLENE*","1,1-DICHLOROETHYLENE",NA,75354,APPROVED,WQX.AliasMatch,NA
"1,1-DICHLOROPROPENE",NA,NA,"1,1-DICHLOROPROPENE",NA,563586,APPROVED,WQX.AliasMatch,NA
"1,2,3,4-TETRACHLOROBENZENE",NA,NA,"1,2,3,4-TETRACHLOROBENZENE",NA,634662,APPROVED,WQX.AliasMatch,NA
"1,2,3-TRICHLOROBENZENE",NA,NA,"1,2,3-TRICHLOROBENZENE",NA,87616,APPROVED,WQX.AliasMatch,NA
"1,2,3-TRICHLOROPROPANE","1,2,3-TRICHLOROPROPANE","1,2,3-TRICHLOROPROPANE","1,2,3-TRICHLOROPROPANE",96184,96184,APPROVED,WQX.AliasMatch,NA
"1,2,4,5-TETRACHLOROBENZENE","1,2,4,5-TETRACHLOROBENZENE","1,2,4,5-TETRACHLOROBENZENE","1,2,4,5-TETRACHLOROBENZENE",95943,95943,APPROVED,WQX.AliasMatch,NA
"1,2,4-TRICHLOROBENZENE","1,2,4-TRICHLOROBENZENE","1,2,4-TRICHLOROBENZENE","1,2,4-TRICHLOROBENZENE",120821,120821,APPROVED,WQX.AliasMatch,NA
"1,2,4-TRICHLOROBENZENE","1,2,4-TRICHLOROBENZENE","1,2,4-TRICHLOROBENZENE","1,2,4-TRICHLOROBENZENE IN FISH TISSUE",120821,120821,APPROVED,WQX.AliasMatch,NA
"1,2,4-TRICHLOROBENZENE","1,2,4-TRICHLOROBENZENE","1,2,4-TRICHLOROBENZENE","1,2,4-TRICHLOROBENZENE IN SEDIMENT",120821,120821,APPROVED,WQX.AliasMatch,NA
"1,2,4-TRIMETHYLBENZENE","1,2,4-TRIMETHYLBENZENE","1,2,4-TRIMETHYLBENZENE","1,2,4-TRIMETHYLBENZENE",95636,95636,APPROVED,WQX.AliasMatch,NA
"1,2-BUTYLENE OXIDE",NA,NA,"1,2-BUTYLENE OXIDE",NA,106887,APPROVED,WQX.AliasMatch,NA
"1,2-DIBROMO-3-CHLOROPROPANE","1,2 DIBROMO-3-CHLOROPROPANE","1,2 DIBROMO-3-CHLOROPROPANE","1,2-DIBROMO-3-CHLOROPROPANE",96128,96128,APPROVED,WQX.AliasMatch,NA
DIBROMOMETHANE,DIBROMOMETHANE,DIBROMOMETHANE,"1,2-DIBROMOETHANE",NA,74953,APPROVED,WQX.AliasMatch,NA
O-DICHLOROBENZENE,"1,2-DICHLOROBENZENE","1,2-DICHLOROBENZENE","1,2-DICHLOROBENZENE",95501,95501,APPROVED,WQX.AliasMatch,NA
"1,2-DIPHENYLHYDRAZINE","1,2-DIPHENYLHYDRAZINE","1,2-DIPHENYLHYDRAZINE","1,2-DICHLOROBENZENE IN FISH TISSUE",122667,122667,APPROVED,WQX.AliasMatch,NA
O-DICHLOROBENZENE,"1,2-DICHLOROBENZENE","1,2-DICHLOROBENZENE","1,2-DICHLOROBENZENE IN SEDIMENT",95501,95501,APPROVED,WQX.AliasMatch,NA
"1,2-DICHLOROETHANE","1,2-DICHLOROETHANE","1,2-DICHLOROETHANE","1,2-DICHLOROETHANE",107062,107062,APPROVED,WQX.AliasMatch,NA
"1,2-DICHLOROETHYLENE",NA,NA,"1,2-DICHLOROETHYLENE",NA,540590,APPROVED,WQX.AliasMatch,NA
"1,2-DICHLOROPROPANE","1,2-DICHLOROPROPANE","1,2-DICHLOROPROPANE","1,2-DICHLOROPROPANE",78875,78875,APPROVED,WQX.AliasMatch,NA
"1,2-DIPHENYLHYDRAZINE","1,2-DIPHENYLHYDRAZINE","1,2-DIPHENYLHYDRAZINE","1,2-DIPHENYLHDRAZINE",122667,122667,APPROVED,WQX.AliasMatch,NA
"1,2-DIPHENYLHYDRAZINE","1,2-DIPHENYLHYDRAZINE","1,2-DIPHENYLHYDRAZINE","1,2-DIPHENYLHYDRAZINE",122667,122667,APPROVED,WQX.AliasMatch,NA
"1,2-DIPHENYLHYDRAZINE","1,2-DIPHENYLHYDRAZINE","1,2-DIPHENYLHYDRAZINE","1,2-DIPHENYLHYDRAZINE IN FISH TISSUE",122667,122667,APPROVED,WQX.AliasMatch,NA
PROPYLENE GLYCOL,NA,NA,"1,2-PROPANEDIOL",NA,57556,APPROVED,WQX.AliasMatch,NA
"1,3,5-TRIMETHYLBENZENE","1,3,5-TRIMETHYLBENZENE","1,3,5-TRIMETHYLBENZENE","1,3,5-TRIMETHYLBENZENE",108678,108678,APPROVED,WQX.AliasMatch,NA
"1,3-BUTADIENE",NA,NA,"1,3-BUTADIENE",NA,106990,APPROVED,WQX.AliasMatch,NA
M-DICHLOROBENZENE,"1,3-DICHLOROBENZENE","1,3-DICHLOROBENZENE","1,3-DICHLOROBENZENE",541731,541731,APPROVED,WQX.AliasMatch,NA
M-DICHLOROBENZENE,"1,3-DICHLOROBENZENE","1,3-DICHLOROBENZENE*","1,3-DICHLOROBENZENE",NA,541731,APPROVED,WQX.AliasMatch,NA
M-DICHLOROBENZENE,"1,3-DICHLOROBENZENE*","1,3-DICHLOROBENZENE","1,3-DICHLOROBENZENE",NA,541731,APPROVED,WQX.AliasMatch,NA
M-DICHLOROBENZENE,"1,3-DICHLOROBENZENE*","1,3-DICHLOROBENZENE*","1,3-DICHLOROBENZENE",NA,541731,APPROVED,WQX.AliasMatch,NA
DICHLOROBENZENE,DICHLOROBENZENE,DICHLOROBENZENE,"1,3-DICHLOROBENZENE IN FISH TISSUE",NA,25321226,APPROVED,WQX.AliasMatch,NA
"1,3-DICHLOROPROPANE","1,3-DICHLOROPROPANE","1,3-DICHLOROPROPANE","1,3-DICHLOROPROPANE",142289,142289,APPROVED,WQX.AliasMatch,NA
"1,3-DICHLOROPROPENE","1,3-DICHLOROPROPENE","1,3-DICHLOROPROPENE","1,3-DICHLOROPROPENE",542756,542756,APPROVED,WQX.AliasMatch,NA
P-DICHLOROBENZENE,"1,4-DICHLOROBENZENE","1,4-DICHLOROBENZENE","1,4-DICHLOROBENZENE",106467,106467,APPROVED,WQX.AliasMatch,NA
P-DICHLOROBENZENE,"1,4-DICHLOROBENZENE","1,4-DICHLOROBENZENE","1,4-DICHLOROBENZENE IN FISH TISSUE",106467,106467,APPROVED,WQX.AliasMatch,NA
P-DICHLOROBENZENE,"1,4-DICHLOROBENZENE","1,4-DICHLOROBENZENE","1,4-DICHLOROBENZENE IN SEDIMENT",106467,106467,APPROVED,WQX.AliasMatch,NA
"1,4-DIOXANE","1,4-DIOXANE","1,4-DIOXANE","1,4-DIOXANE",123911,123911,APPROVED,WQX.AliasMatch,NA
"1,6,7-TRIMETHYLNAPHTHALENE",NA,NA,"1,6,7-TRIMETHYLNAPHTHALENE",NA,2245387,APPROVED,WQX.AliasMatch,NA
1-METHYLNAPHTHALENE,NA,NA,1-METHYLNAPHTHALENE,NA,90120,APPROVED,WQX.AliasMatch,NA
1-METHYLPHENANTHRENE,NA,NA,1-METHYLPHENANTHRENE,NA,832699,APPROVED,WQX.AliasMatch,NA
1-PENTANOL,NA,NA,1-PENTANOL,NA,71410,APPROVED,WQX.AliasMatch,NA
BIS(2-CHLOROETHYL) ETHER,BIS(2-CHLOROETHYL) ETHER,BIS(2-CHLOROETHYL) ETHER,"2,2'-DICHLORODIETHYL ETHER",111444,111444,APPROVED,WQX.AliasMatch,NA
BIS(2-CHLORO-1-METHYLETHYL) ETHER,BIS(2-CHLORO-1-METHYLETHYL) ETHER,BIS(2-CHLORO-1-METHYLETHYL) ETHER,"2,2'-DICHLORODIISOPROPYL ETHER",108601,108601,APPROVED,WQX.AliasMatch,NA
"2,2-DICHLOROPROPANE","2,2-DICHLOROPROPANE","2,2-DICHLOROPROPANE","2,2-DICHLOROPROPANE",594207,594207,APPROVED,WQX.AliasMatch,NA
"2,3,4,6-TETRACHLOROPHENOL","2,3,4,6-TETRACHLOROPHENOL","2,3,4,6-TETRACHLOROPHENOL","2,3,4,6-TETRACHLOROPHENOL",58902,58902,APPROVED,WQX.AliasMatch,NA
"2,3,5,6-TETRACHLOROPHENOL","TETRACHLOROPHENOL 2,3,5,6","2,3,4,6-TETRACHLOROPHENOL*","2,3,5,6-TETRACHLOROPHENOL",NA,935955,APPROVED,WQX.AliasMatch,NA
"2,3,7,8-TETRACHLORODIBENZO-P-DIOXIN","2,3,7,8-TCDD (DIOXIN)","2,3,7,8-TCDD (DIOXIN)","2,3,7,8-TETRACHLORODIBENZO-P-DIOXIN",1746016,1746016,APPROVED,WQX.AliasMatch,NA
"2,3,7,8-TETRACHLORODIBENZO-P-DIOXIN","2,3,7,8-TCDD (DIOXIN)","2,3,7,8-TCDD (DIOXIN)*","2,3,7,8-TETRACHLORODIBENZO-P-DIOXIN",NA,1746016,APPROVED,WQX.AliasMatch,NA
"2,3,7,8-TETRACHLORODIBENZO-P-DIOXIN","2,3,7,8-TCDD (DIOXIN)*","2,3,7,8-TCDD (DIOXIN)","2,3,7,8-TETRACHLORODIBENZO-P-DIOXIN",NA,1746016,APPROVED,WQX.AliasMatch,NA
"2,3,7,8-TETRACHLORODIBENZO-P-DIOXIN","2,3,7,8-TCDD (DIOXIN)*","2,3,7,8-TCDD (DIOXIN)*","2,3,7,8-TETRACHLORODIBENZO-P-DIOXIN",NA,1746016,APPROVED,WQX.AliasMatch,NA
"2,3,7,8-TETRACHLORODIBENZO-P-DIOXIN","2,3,7,8-TCDD (DIOXIN)","2,3,7,8-TCDD (DIOXIN)","2,3,7,8-TETRACHLORODIBENZO-P-DIOXIN (ONLY)",1746016,1746016,APPROVED,WQX.AliasMatch,NA
"2,3,7,8-TETRACHLORODIBENZO-P-DIOXIN","2,3,7,8-TCDD (DIOXIN)","2,3,7,8-TCDD (DIOXIN)*","2,3,7,8-TETRACHLORODIBENZO-P-DIOXIN (ONLY)",NA,1746016,APPROVED,WQX.AliasMatch,NA
"2,3,7,8-TETRACHLORODIBENZO-P-DIOXIN","2,3,7,8-TCDD (DIOXIN)*","2,3,7,8-TCDD (DIOXIN)","2,3,7,8-TETRACHLORODIBENZO-P-DIOXIN (ONLY)",NA,1746016,APPROVED,WQX.AliasMatch,NA
"2,3,7,8-TETRACHLORODIBENZO-P-DIOXIN","2,3,7,8-TCDD (DIOXIN)*","2,3,7,8-TCDD (DIOXIN)*","2,3,7,8-TETRACHLORODIBENZO-P-DIOXIN (ONLY)",NA,1746016,APPROVED,WQX.AliasMatch,NA
"2,3,7,8-TETRACHLORODIBENZOFURAN",NA,NA,"2,3,7,8-TETRACHLORODIBENZOFURAN",NA,51207319,APPROVED,WQX.AliasMatch,NA
"2,3-DICHLOROPROPENE",NA,NA,"2,3-DICHLOROPROPENE",NA,78886,APPROVED,WQX.AliasMatch,NA
"2,4,5-T","2,4,5-T","2,4,5-T","2,4,5-TP (SILVEX)",93765,93765,APPROVED,WQX.AliasMatch,NA
"2,4,5-TRICHLOROPHENOL","2,4,5-TRICHLOROPHENOL","2,4,5-TRICHLOROPHENOL","2,4,5-TRICHLOROPHENOL",95954,95954,APPROVED,WQX.AliasMatch,NA
"2,4,6-TRICHLOROPHENOL","2,4,6-TRICHLOROPHENOL","2,4,6-TRICHLOROPHENOL*","2,4,6-TRICHLOROPHENOL",NA,88062,APPROVED,WQX.AliasMatch,NA
"2,4,6-TRICHLOROPHENOL","2,4,6-TRICHLOROPHENOL","2,4,6-TRICHLOROPHENOL*","2,4,6-TRICHLOROPHENOL IN FISH TISSUE",NA,88062,APPROVED,WQX.AliasMatch,NA
"2,4-D","2,4 DICHLOROPHENOXYACETIC ACID (2,4-D)","CHLOROPHENOXY HERBICIDE (2,4-D)","2,4-D",94757,94757,APPROVED,WQX.AliasMatch,NA
"2,4-TOLUENEDIAMINE",NA,NA,"2,4-DIAMINOTOLUENE",NA,95807,APPROVED,WQX.AliasMatch,NA
"2,4-DICHLOROPHENOL","2,4-DICHLOROPHENOL","2,4-DICHLOROPHENOL","2,4-DICHLOROPHENOL",120832,120832,APPROVED,WQX.AliasMatch,NA
"2,4-DICHLOROPHENOL","2,4-DICHLOROPHENOL","2,4-DICHLOROPHENOL","2,4-DICHLOROPHENOL IN FISH TISSUE",120832,120832,APPROVED,WQX.AliasMatch,NA
"2,4-D","2,4 DICHLOROPHENOXYACETIC ACID (2,4-D)","CHLOROPHENOXY HERBICIDE (2,4-D)","2,4-DICHLOROPHENOXYACETIC ACID",94757,94757,APPROVED,WQX.AliasMatch,NA
"2,4-DIMETHYLPHENOL","2,4-DIMETHYLPHENOL","2,4-DIMETHYLPHENOL","2,4-DIMETHYLPHENOL",105679,105679,APPROVED,WQX.AliasMatch,NA
"2,4-DIMETHYLPHENOL","2,4-DIMETHYLPHENOL","2,4-DIMETHYLPHENOL","2,4-DIMETHYLPHENOL IN FISH TISSUE",105679,105679,APPROVED,WQX.AliasMatch,NA
"2,4-DIMETHYLPHENOL","2,4-DIMETHYLPHENOL","2,4-DIMETHYLPHENOL","2,4-DIMETHYLPHENOL IN SEDIMENT",105679,105679,APPROVED,WQX.AliasMatch,NA
"2,4-DINITROPHENOL","2,4-DINITROPHENOL","2,4-DINITROPHENOL","2,4-DINITROPHENOL",51285,51285,APPROVED,WQX.AliasMatch,NA
"2,4-DINITROPHENOL","2,4-DINITROPHENOL","2,4-DINITROPHENOL","2,4-DINITROPHENOL IN FISH TISSUE",51285,51285,APPROVED,WQX.AliasMatch,NA
"2,4-DINITROTOLUENE","2,4-DINITROTOLUENE","2,4-DINITROTOLUENE","2,4-DINITROTOLUENE",121142,121142,APPROVED,WQX.AliasMatch,NA
"2,4-DINITROTOLUENE","2,4-DINITROTOLUENE","2,4-DINITROTOLUENE","2,4-DINITROTOLUENE IN FISH TISSUE",121142,121142,APPROVED,WQX.AliasMatch,NA
"2,5-DICHLOROPHENOL","2,5-DICHLOROPHENOL","2,5-DICHLOROPHENOL","2,5-DICHLOROPHENOL",583788,583788,APPROVED,WQX.AliasMatch,NA
"2,6-DIETHYLANILINE",NA,NA,"2,6-DIETHYLANILINE",NA,579668,APPROVED,WQX.AliasMatch,NA
"2,6-DIMETHYLNAPHTHALENE",NA,NA,"2,6-DIMETHYLNAPHTHALENE",NA,581420,APPROVED,WQX.AliasMatch,NA
"2,6-DINITROTOLUENE","2,6-DINITROTOLUENE","2,6-DINITROTOLUENE","2,6-DINITROTOLUENE",606202,606202,APPROVED,WQX.AliasMatch,NA
2-ACETYLAMINOFLUORENE,NA,NA,2-ACETYLAMINOFLUORENE,NA,53963,APPROVED,WQX.AliasMatch,NA
METHYL ETHYL KETONE,METHYL ETHYL KETONE,METHYL KETONE,2-BUTANONE,78933,78933,APPROVED,WQX.AliasMatch,NA
"2-CHLORO-4,6-DIAMINO-S-TRIAZINE",NA,NA,"2-CHLORO-4,6-DIAMINO-S-TRIAZINE",NA,3397624,APPROVED,WQX.AliasMatch,NA
2-CHLORO-4-ISOPROPYLAMINO-6-AMINO-S-TRIAZINE,NA,NA,2-CHLORO-4-ISOPROPYLAMINO-6-AMINO-S-TRIAZINE,NA,6190654,APPROVED,WQX.AliasMatch,NA
2-CHLOROETHYL VINYL ETHER,2-CHLOROETHYL VINYL ETHER,2-CHLOROETHYL VINYL ETHER,2-CHLOROETHYL VINYL ETHER,110758,110758,APPROVED,WQX.AliasMatch,NA
2-CHLORONAPHTHALENE,2-CHLORONAPHTHALENE,2-CHLORONAPHTHALENE,2-CHLORONAPHTHALENE,91587,91587,APPROVED,WQX.AliasMatch,NA
2-CHLORONAPHTHALENE,2-CHLORONAPHTHALENE,2-CHLORONAPHTHALENE,2-CHLORONAPHTHALENE IN FISH TISSUE,91587,91587,APPROVED,WQX.AliasMatch,NA
O-CHLOROPHENOL,2-CHLOROPHENOL,2-CHLOROPHENOL,2-CHLOROPHENOL,95578,95578,APPROVED,WQX.AliasMatch,NA
O-CHLOROPHENOL,2-CHLOROPHENOL,2-CHLOROPHENOL,2-CHLOROPHENOL IN FISH TISSUE,95578,95578,APPROVED,WQX.AliasMatch,NA
2-CHLORO-6-ETHYLAMINO-4-AMINO-S-TRIAZINE,NA,NA,2-CHORO-6-ETHYLAMINO-4-AMINO-S-TRIAZINE,NA,,APPROVED,WQX.AliasMatch,NA
2-ETHOXYETHANOL,NA,NA,2-ETHOXYETHANOL,NA,110805,APPROVED,WQX.AliasMatch,NA
2-HEXANONE,2-HEXANONE,2-HEXANONE,2-HEXANONE,591786,591786,APPROVED,WQX.AliasMatch,NA
2-HYDROXYATRAZINE,HYRDROXYATRAZINE,HYRDROXYATRAZINE,2-HYDROXYATRAZINE,2163680,2163680,APPROVED,WQX.AliasMatch,NA
2-METHOXYETHANOL,NA,NA,2-METHOXYETHANOL,NA,109864,APPROVED,WQX.AliasMatch,NA
2-METHYLNAPHTHALENE,NA,NA,2-METHYLNAPHTHALENE,NA,91576,APPROVED,WQX.AliasMatch,NA
2-METHYLNAPHTHALENE,NA,NA,2-METHYLNAPHTHALENE IN SEDIMENT,NA,91576,APPROVED,WQX.AliasMatch,NA
O-CRESOL,NA,NA,2-METHYLPHENOL IN SEDIMENT,NA,95487,APPROVED,WQX.AliasMatch,NA
2-METHYLPYRIDINE,NA,NA,2-METHYLPYRIDINE,NA,109068,APPROVED,WQX.AliasMatch,NA
O-CRESOL,NA,NA,2-METHYLPHENOL,NA,95487,APPROVED,WQX.AliasMatch,NA
O-NITROPHENOL,2-NITROPHENOL,2-NITROPHENOL,2-NITROPHENOL,88755,88755,APPROVED,WQX.AliasMatch,NA
GENERAL OBSERVATION (TEXT),NA,NA,2700,NA,,APPROVED,WQX.AliasMatch,NA
"3,3'-DICHLOROBENZIDINE","3,3'-DIBENZIDENES","3,3'-DICHLOROBENZIDINE","3,3'-DICHLOROBENZIDINE",91941,91941,APPROVED,WQX.AliasMatch,NA
"3,3'-DICHLOROBENZIDINE","3,3'-DIBENZIDENES","3,3'-DICHLOROBENZIDINE","3,3'-DICHLOROBENZIDINE IN FISH TISSUE",91941,91941,APPROVED,WQX.AliasMatch,NA
"3,3'-DIMETHOXYBENZIDINE",NA,NA,"3,3'-DIMETHOXYBENZIDINE",NA,119904,APPROVED,WQX.AliasMatch,NA
"3,3'-DIMETHYLBENZIDINE",NA,NA,"3,3'-DIMETHYLBENZIDINE",NA,119937,APPROVED,WQX.AliasMatch,NA
"3,4-DICHLOROPHENOL","3,4-DICHLOROPHENOL","3,4-DICHLOROPHENOL","3,4-DICHLOROPHENOL",95772,95772,APPROVED,WQX.AliasMatch,NA
M-CHLOROPHENOL,3-CHLOROPHENOL,3-CHLOROPHENOL,3-CHLOROPHENOL,108430,108430,APPROVED,WQX.AliasMatch,NA
3-HYDROXYCARBOFURAN,NA,NA,3-HYDROXYCARBOFURAN,NA,16655826,APPROVED,WQX.AliasMatch,NA
3-KETOCARBOFURAN,NA,NA,3-KETOCARBOFURAN,NA,16709301,APPROVED,WQX.AliasMatch,NA
"P,P'-DDD","4,4'-DDD","P,P'-DICHLORODIPHENYLDICHLOROETHANE (DDD)","4,4'-DDD",72548,72548,APPROVED,WQX.AliasMatch,NA
"P,P'-DDE","4,4'-DDE","P,P'-DICHLORODIPHENYLDICHLOROETHYLENE (DDE)","4,4'-DDE",72559,72559,APPROVED,WQX.AliasMatch,NA
"P,P'-DDT","4,4'-DDT","P,P'-DICHLORODIPHENYLTRICHLOROETHANE (DDT)","4,4'-DDT",50293,50293,APPROVED,WQX.AliasMatch,NA
"4,4'-ISOPROPYLIDENEDIPHENOL","4,4'-ISOPROPYLIDENEDIPHENOL (BISPHENOL A)","4,4'-ISOPROPYLIDENEDIPHENOL (BISPHENOL A)","4,4'-ISOPROPYLIDENEDIPHENOL",80057,80057,APPROVED,WQX.AliasMatch,NA
"4,4'-METHYLENEBIS(2-CHLOROANILINE)",NA,NA,"4,4'-METHYLENEBIS",NA,101144,APPROVED,WQX.AliasMatch,NA
"CIS-1,4-DICHLORO-2-BUTENE","CIS-1,4-DICHLORO-2-BUTENE","CIS-1,4-DICHLORO-2-BUTENE","4,4-DICHLORO-2-BUTENE",NA,1476115,APPROVED,WQX.AliasMatch,NA
"4,6-DINITRO-O-CRESOL","2-METHYL-4,6-DINITROPHENOL","2-METHYL-4,6-DINITROPHENOL","4,6-DINITRO-O-CRESOL",534521,534521,APPROVED,WQX.AliasMatch,NA
4-AMINOBIPHENYL,4-AMINOBIPHENYL,4-AMINOBIPHENYL,4-AMINOBIPHENYL,NA,92671,APPROVED,WQX.AliasMatch,NA
BDE-003,4-BROMOPHENYL PHENYL ETHER*,4-BROMOPHENYL PHENYL ETHER*,4-BROMOPHENYLPHENYL ETHER,NA,101553,APPROVED,WQX.AliasMatch,NA
P-CHLORO-M-CRESOL,3-METHYL-4-CHLOROPHENOL,3-METHYL-4-CHLOROPHENOL,4-CHLORO-3-METHYLPHENOL (3-METHYL-4-CHLOROPHENOL),59507,59507,APPROVED,WQX.AliasMatch,NA
P-CHLORO-M-CRESOL,3-METHYL-4-CHLOROPHENOL,3-METHYL-4-CHLOROPHENOL,4-CHLORO-3-METHYLPHENOL (3-METHYL-4-CHLOROPHENOL) IN FISH TISSUE,59507,59507,APPROVED,WQX.AliasMatch,NA
P-CHLOROPHENOL,4-CHLOROPHENOL,4-CHLOROPHENOL,4-CHLOROPHENOL,106489,106489,APPROVED,WQX.AliasMatch,NA
4-DIMETHYLAMINOAZOBENZENE,NA,NA,4-DIMETHYLAMINOAZOBENZENE,NA,60117,APPROVED,WQX.AliasMatch,NA
4-HYDROXY-4-METHYL-2-PENTANONE,NA,NA,4-METHYL-2-PENTANONE (MIBK),NA,123422,APPROVED,WQX.AliasMatch,NA
P-CRESOL,P-CRESOL,P-CRESOL,4-METHYLPHENOL,106445,106445,APPROVED,WQX.AliasMatch,NA
P-CRESOL,P-CRESOL,P-CRESOL,4-METHYLPHENOL IN SEDIMENT,106445,106445,APPROVED,WQX.AliasMatch,NA
P-NITROPHENOL,4-NITROPHENOL,4-NITROPHENOL,4-NITROPHENOL,100027,100027,APPROVED,WQX.AliasMatch,NA
5-NITRO-O-TOLUIDINE,NA,NA,5-NITRO-O-TOLUIDINE,NA,99558,APPROVED,WQX.AliasMatch,NA
6PPD-QUINONE,NA,NA,6PPD-QUINONE,NA,2754428185,APPROVED,WQX.AliasMatch,NA
GENERAL OBSERVATION (TEXT),NA,NA,A SOURCE RECORD,NA,,APPROVED,WQX.AliasMatch,NA
ABAMECTIN,NA,NA,ABAMECTIN,NA,71751412,APPROVED,WQX.AliasMatch,NA
FISH ANOMALIES - DEFORMITIES,NA,NA,"ABNORMAL FISH DEFORMITIES, EROSIONS, LESIONS, TUMORS (DELTS)",NA,,APPROVED,WQX.AliasMatch,NA
FISH ANOMALIES - DEFORMITIES,NA,NA,ABNORMAL FISH HISTOLOGY,NA,,APPROVED,WQX.AliasMatch,NA
SEDIMENT,NA,NA,ACCUMULATED SEDIMENT,NA,,APPROVED,WQX.AliasMatch,NA
ACENAPHTHENE,ACENAPHTHENE,ACENAPHTHENE,ACENAPHTHENE,83329,83329,APPROVED,WQX.AliasMatch,NA
ACENAPHTHENE,ACENAPHTHENE,ACENAPHTHENE,ACENAPHTHENE IN FISH TISSUE,83329,83329,APPROVED,WQX.AliasMatch,NA
ACENAPHTHENE,ACENAPHTHENE,ACENAPHTHENE,ACENAPHTHENE IN SEDIMENT,83329,83329,APPROVED,WQX.AliasMatch,NA
ACENAPHTHYLENE,ACENAPHTHYLENE,ACENAPHTHYLENE,ACENAPHTHYLENE,208968,208968,APPROVED,WQX.AliasMatch,NA
ACENAPHTHYLENE,ACENAPHTHYLENE,ACENAPHTHYLENE,ACENAPHTHYLENE IN SEDIMENT,208968,208968,APPROVED,WQX.AliasMatch,NA
ACETALDEHYDE,ACETALDEHYDE,ACETALDEHYDE,ACETALDEHYDE,75070,75070,APPROVED,WQX.AliasMatch,NA
ACETAMIDE,NA,NA,ACETAMIDE,NA,60355,APPROVED,WQX.AliasMatch,NA
ACETAMINOPHEN,NA,NA,ACETAMINOPHEN,NA,103902,APPROVED,WQX.AliasMatch,NA
ACETAMIPRID,NA,NA,ACETAMIPRID,NA,135410207,APPROVED,WQX.AliasMatch,NA
ACETOCHLOR,ACETOCHLOR,ACETOCHLOR,ACETOCHLOR,34256821,34256821,APPROVED,WQX.AliasMatch,NA
ACETONE,ACETONE,ACETONE,ACETONE,67641,67641,APPROVED,WQX.AliasMatch,NA
ACETONITRILE,NA,NA,ACETONITRILE,NA,75058,APPROVED,WQX.AliasMatch,NA
ACIBENZOLAR-S-METHYL,NA,NA,ACIBENZOLAR-S-METHYL,NA,135158542,APPROVED,WQX.AliasMatch,NA
"ACIDITY, (H+)",ACIDITY,ACIDITY,ACID,NA,,APPROVED,WQX.AliasMatch,NA
"ACIDITY, (H+)",ACIDITY,ACIDITY,ACID MINE DRAINAGE,NA,,APPROVED,WQX.AliasMatch,NA
"ACIDITY, (H+)",ACIDITY,ACIDITY,ACIDITY (COLD TITRATION),NA,,APPROVED,WQX.AliasMatch,NA
"ACIDITY, (H+)",ACIDITY,ACIDITY,ACIDITY PH < 6.5 OR PH > 8.5,NA,,APPROVED,WQX.AliasMatch,NA
"ACIDITY, (H+)",ACIDITY,ACIDITY,"ACIDITY, HOT (HOT TITRATION)",NA,,APPROVED,WQX.AliasMatch,NA
ACIFLUORFEN,ACIFLUORFEN,ACIFLUORFEN,ACIFLUORFEN,62476599,50594666,APPROVED,WQX.AliasMatch,NA
ACROLEIN,ACROLEIN,ACROLEIN,ACROLEIN,107028,107028,APPROVED,WQX.AliasMatch,NA
ACRYLAMIDE,ACRYLAMIDE,ACRYLAMIDE,ACRYLAMIDE,79061,79061,APPROVED,WQX.AliasMatch,NA
ACRYLONITRILE,ACRYLONITRILE,ACRYLONITRILE,ACRYLONITRILE,107131,107131,APPROVED,WQX.AliasMatch,NA
TOX,NA,NA,ACUTE TOXICITY,NA,59473040,APPROVED,WQX.AliasMatch,NA
TOX,NA,NA,ACUTE TOXICITY IN SEDIMENT,NA,59473040,APPROVED,WQX.AliasMatch,NA
TOX,NA,NA,ACUTE TOXICITY IN SEDIMENT TO AQUATIC ORGANISMS,NA,59473040,APPROVED,WQX.AliasMatch,NA
TOX,NA,NA,ACUTE TOXICITY IN WATER TO AQUATIC ORGANISMS,NA,59473040,APPROVED,WQX.AliasMatch,NA
TOX,NA,NA,ADDITIVE TOXICITY,NA,59473040,APPROVED,WQX.AliasMatch,NA
TOX,NA,NA,ADDITIVE TOXICITY FOR ORGANOPHOSPHATE PESTICIDES,NA,59473040,APPROVED,WQX.AliasMatch,NA
TOX,NA,NA,ADDITIVE TOXICITY FOR PYRETHROID PESTICIDES,NA,59473040,APPROVED,WQX.AliasMatch,NA
WATER APPEARANCE (TEXT),NA,NA,AESTHETICS,NA,,APPROVED,WQX.AliasMatch,NA
WATER APPEARANCE (TEXT),NA,NA,"AESTHETICS/COLOR, TURBIDITY, ODOR",NA,,APPROVED,WQX.AliasMatch,NA
"FLOW, RUNOFF",NA,NA,AG RUNOFF,NA,,APPROVED,WQX.AliasMatch,NA
ALACHLOR,ALACHLOR,ALACHLOR,ALACHLOR,15972608,15972608,APPROVED,WQX.AliasMatch,NA
ALACHLOR OA,NA,NA,ALACHLOR OA,NA,171262172,APPROVED,WQX.AliasMatch,NA
ALDICARB,ALDICARB,ALDICARB,ALDICARB,116063,116063,APPROVED,WQX.AliasMatch,NA
ALDICARB SULFONE,ALDICARB SULFONE,ALDICARB SULFONE,ALDICARB SULFONE,1646884,1646884,APPROVED,WQX.AliasMatch,NA
ALDICARB SULFOXIDE,ALDISCARB SULFOXIDE,ALDISCARB SULFOXIDE,ALDICARB SULFOXIDE,1646873,1646873,APPROVED,WQX.AliasMatch,NA
ALDRIN,ALDRIN,ALDRIN,ALDRIN,309002,309002,APPROVED,WQX.AliasMatch,NA
ALDRIN,ALDRIN,ALDRIN,ALDRIN IN FISH TISSUE,309002,309002,APPROVED,WQX.AliasMatch,NA
ALGAL GROWTH POTENTIAL,NA,NA,ALGAE,NA,,APPROVED,WQX.AliasMatch,NA
ACTIVITIES - ALGAL BLOOM (Y/N) (CHOICE LIST),NA,NA,ALGAL BLOOMS,NA,,APPROVED,WQX.AliasMatch,NA
ALGAL GROWTH POTENTIAL,NA,NA,ALGAL GROWTH,NA,,APPROVED,WQX.AliasMatch,NA
ALGAL GROWTH POTENTIAL,NA,NA,ALGAL GROWTH POTENTIAL,NA,,APPROVED,WQX.AliasMatch,NA
ALGAL GROWTH POTENTIAL,NA,NA,ALGAL GROWTH/CHLOROPHYLL A,NA,,APPROVED,WQX.AliasMatch,NA
ALGAL GROWTH POTENTIAL,NA,NA,ALGAL TOXINS,NA,,APPROVED,WQX.AliasMatch,NA
ALGAL GROWTH POTENTIAL,NA,NA,ALGAL/MACROPHYTE GROWTH,NA,,APPROVED,WQX.AliasMatch,NA
ALGAL GROWTH POTENTIAL,NA,NA,ALGAL/WEED GROWTH,NA,,APPROVED,WQX.AliasMatch,NA
ALKALINITY,ALKALINITY,ALKALINITY,ALKALINITY,NA,471341,APPROVED,WQX.AliasMatch,NA
"ALKALINITY, CARBONATE",NA,NA,"ALKALINITY, CARBONATE AS CACO3",NA,,APPROVED,WQX.AliasMatch,NA
BENZENE,BENZENE,BENZENE,ALKYLBENZENE,71432,71432,APPROVED,WQX.AliasMatch,NA
ALLETHRIN,NA,NA,ALLETHRIN,NA,584792,APPROVED,WQX.AliasMatch,NA
ALLYL ALCOHOL,NA,NA,ALLYL ALCOHOL,NA,107186,APPROVED,WQX.AliasMatch,NA
ALLYL CHLORIDE,ALLYL CHLORIDE,ALLYL CHLORIDE,ALLYL CHLORIDE,NA,107051,APPROVED,WQX.AliasMatch,NA
ALPHA PARTICLE,NA,NA,ALPHA PARTICLES,NA,12587461,APPROVED,WQX.AliasMatch,NA
.ALPHA.-HEXACHLOROCYCLOHEXANE,ALPHA-BHC,ALPHA-HEXACHLOROCYCLOHEXANE (HCH),ALPHA-BHC,319846,319846,APPROVED,WQX.AliasMatch,NA
.ALPHA.-HEXACHLOROCYCLOHEXANE,ALPHA-BHC,ALPHA-HEXACHLOROCYCLOHEXANE (HCH)*,ALPHA-BHC,NA,319846,APPROVED,WQX.AliasMatch,NA
.ALPHA.-HEXACHLOROCYCLOHEXANE,ALPHA-BHC,ALPHA-HEXACHLOROCYCLOHEXANE (HCH)**,ALPHA-BHC,NA,319846,APPROVED,WQX.AliasMatch,NA
.ALPHA.-HEXACHLOROCYCLOHEXANE,ALPHA-BHC*,ALPHA-HEXACHLOROCYCLOHEXANE (HCH),ALPHA-BHC,NA,319846,APPROVED,WQX.AliasMatch,NA
.ALPHA.-HEXACHLOROCYCLOHEXANE,ALPHA-BHC*,ALPHA-HEXACHLOROCYCLOHEXANE (HCH)*,ALPHA-BHC,NA,319846,APPROVED,WQX.AliasMatch,NA
.ALPHA.-HEXACHLOROCYCLOHEXANE,ALPHA-BHC*,ALPHA-HEXACHLOROCYCLOHEXANE (HCH)**,ALPHA-BHC,NA,319846,APPROVED,WQX.AliasMatch,NA
.ALPHA.-HEXACHLOROCYCLOHEXANE,ALPHA-BHC**,ALPHA-HEXACHLOROCYCLOHEXANE (HCH),ALPHA-BHC,NA,319846,APPROVED,WQX.AliasMatch,NA
.ALPHA.-HEXACHLOROCYCLOHEXANE,ALPHA-BHC**,ALPHA-HEXACHLOROCYCLOHEXANE (HCH)*,ALPHA-BHC,NA,319846,APPROVED,WQX.AliasMatch,NA
.ALPHA.-HEXACHLOROCYCLOHEXANE,ALPHA-BHC**,ALPHA-HEXACHLOROCYCLOHEXANE (HCH)**,ALPHA-BHC,NA,319846,APPROVED,WQX.AliasMatch,NA
.ALPHA.-HEXACHLOROCYCLOHEXANE,ALPHA-BHC,ALPHA-HEXACHLOROCYCLOHEXANE (HCH),ALPHA-BHC IN FISH TISSUE,319846,319846,APPROVED,WQX.AliasMatch,NA
.ALPHA.-HEXACHLOROCYCLOHEXANE,ALPHA-BHC,ALPHA-HEXACHLOROCYCLOHEXANE (HCH)*,ALPHA-BHC IN FISH TISSUE,NA,319846,APPROVED,WQX.AliasMatch,NA
.ALPHA.-HEXACHLOROCYCLOHEXANE,ALPHA-BHC,ALPHA-HEXACHLOROCYCLOHEXANE (HCH)**,ALPHA-BHC IN FISH TISSUE,NA,319846,APPROVED,WQX.AliasMatch,NA
.ALPHA.-HEXACHLOROCYCLOHEXANE,ALPHA-BHC*,ALPHA-HEXACHLOROCYCLOHEXANE (HCH),ALPHA-BHC IN FISH TISSUE,NA,319846,APPROVED,WQX.AliasMatch,NA
.ALPHA.-HEXACHLOROCYCLOHEXANE,ALPHA-BHC*,ALPHA-HEXACHLOROCYCLOHEXANE (HCH)*,ALPHA-BHC IN FISH TISSUE,NA,319846,APPROVED,WQX.AliasMatch,NA
.ALPHA.-HEXACHLOROCYCLOHEXANE,ALPHA-BHC*,ALPHA-HEXACHLOROCYCLOHEXANE (HCH)**,ALPHA-BHC IN FISH TISSUE,NA,319846,APPROVED,WQX.AliasMatch,NA
.ALPHA.-HEXACHLOROCYCLOHEXANE,ALPHA-BHC**,ALPHA-HEXACHLOROCYCLOHEXANE (HCH),ALPHA-BHC IN FISH TISSUE,NA,319846,APPROVED,WQX.AliasMatch,NA
.ALPHA.-HEXACHLOROCYCLOHEXANE,ALPHA-BHC**,ALPHA-HEXACHLOROCYCLOHEXANE (HCH)*,ALPHA-BHC IN FISH TISSUE,NA,319846,APPROVED,WQX.AliasMatch,NA
.ALPHA.-HEXACHLOROCYCLOHEXANE,ALPHA-BHC**,ALPHA-HEXACHLOROCYCLOHEXANE (HCH)**,ALPHA-BHC IN FISH TISSUE,NA,319846,APPROVED,WQX.AliasMatch,NA
ALPHA-BNC,NA,NA,ALPHA-BNC,NA,,APPROVED,WQX.AliasMatch,NA
.ALPHA.-ENDOSULFAN,A-ENDOSULFAN,ALPHA-ENDOSULFAN,ALPHA-ENDOSULFAN (ENDOSULFAN 1),959988,959988,APPROVED,WQX.AliasMatch,NA
.ALPHA.-ENDOSULFAN,A-ENDOSULFAN,ALPHA-ENDOSULFAN,ALPHA-ENDOSULFAN (ENDOSULFAN 1) IN FISH TISSUE,959988,959988,APPROVED,WQX.AliasMatch,NA
1-NAPHTHALENAMINE,NA,NA,ALPHA-NAPHTHYLAMINE,NA,134327,APPROVED,WQX.AliasMatch,NA
STREAM-SIDE OR LITTORAL VEGETATIVE COVER ALTERATION (Y/N) (CHOICE LIST),NA,NA,ALTERATION IN STREAM-SIDE OR LITTORAL VEGETATIVE COVERS,NA,,APPROVED,WQX.AliasMatch,NA
WETLAND HABITAT ALTERATION (Y/N) (CHOICE LIST),NA,NA,ALTERATIONS IN WETLAND HABITATS,NA,,APPROVED,WQX.AliasMatch,NA
ALUMINUM SULFATE,NA,NA,ALUM (ALUMINUM SULFATE),NA,10043013,APPROVED,WQX.AliasMatch,NA
SEDIMENT,NA,NA,ALUM IN SEDIMENT,NA,,APPROVED,WQX.AliasMatch,NA
ALUMINUM,ALUMINUM,ALUMINUM,ALUMINUM,7429905,7429905,APPROVED,WQX.AliasMatch,NA
ALUMINUM,ALUMINUM,ALUMINUM,"ALUMINUM, ACUTE",7429905,7429905,APPROVED,WQX.AliasMatch,NA
ALUMINUM,ALUMINUM,ALUMINUM,"ALUMINUM, CHRONIC",7429905,7429905,APPROVED,WQX.AliasMatch,NA
ALUMINUM,ALUMINUM,ALUMINUM,"ALUMINUM, DISSOLVED",7429905,7429905,APPROVED,WQX.AliasMatch,NA
ALUMINUM,ALUMINUM,ALUMINUM,"ALUMINUM, TOTAL",7429905,7429905,APPROVED,WQX.AliasMatch,NA
ALUMINUM,ALUMINUM,ALUMINUM,"ALUMINUM, TOTAL RECOVERABLE",7429905,7429905,APPROVED,WQX.AliasMatch,NA
TOX,NA,NA,AMBIENT BIOASSAYS - ACUTE AQUATIC TOXICITY,NA,59473040,APPROVED,WQX.AliasMatch,NA
TOX,NA,NA,AMBIENT BIOASSAYS - CHRONIC AQUATIC TOXICITY,NA,59473040,APPROVED,WQX.AliasMatch,NA
WATER,NA,NA,AMBIENT WATER QUALITY CRITERIA,NA,7732185,APPROVED,WQX.AliasMatch,NA
AMETRYN,AMETRYN,AMETRYN,AMETRYN,834128,834128,APPROVED,WQX.AliasMatch,NA
AMINOMETHYLPHOSPHONIC ACID,NA,NA,AMINOMETHYLPHOSPHONIC ACID,NA,1066519,APPROVED,WQX.AliasMatch,NA
AMITROLE,NA,NA,AMITROLE,NA,61825,APPROVED,WQX.AliasMatch,NA
AMMONIA,AMMONIA,AMMONIA,AMMONIA,7664417,7664417,APPROVED,WQX.AliasMatch,NA
AMMONIA,AMMONIA,AMMONIA,"AMMONIA, TOTAL",7664417,7664417,APPROVED,WQX.AliasMatch,NA
AMMONIA,AMMONIA,AMMONIA,"AMMONIA, UN-IONIZED",7664417,7664417,APPROVED,WQX.AliasMatch,NA
AMMONIA-NITROGEN,AMMONIA*,NA,AMMONIA-NITROGEN,NA,,APPROVED,WQX.AliasMatch,NA
AMMONIA-NITROGEN,AMMONIA*,NA,AMMONIA-NITROGEN - ACUTE,NA,,APPROVED,WQX.AliasMatch,NA
AMMONIA-NITROGEN,AMMONIA*,NA,AMMONIA-NITROGEN - CHRONIC EARLY LIFE STAGE,NA,,APPROVED,WQX.AliasMatch,NA
AMMONIA-NITROGEN,AMMONIA*,NA,AMMONIA-NITROGEN - CHRONIC NO EARLY LIFE STAGE,NA,,APPROVED,WQX.AliasMatch,NA
AMMONIUM,NA,NA,AMMONIUM,NA,14798039,APPROVED,WQX.AliasMatch,NA
BIO-TOXIN,NA,NA,AMNESIC  SHELLFISH POISONING (ASP) BIOTOXINS,NA,,APPROVED,WQX.AliasMatch,NA
ANILINE,ANILINE,ANILINE,ANILINE,62533,62533,APPROVED,WQX.AliasMatch,NA
ANTHRACENE,ANTHRACENE,ANTHRACENE,ANTHRACENE,120127,120127,APPROVED,WQX.AliasMatch,NA
ANTHRACENE,ANTHRACENE,ANTHRACENE,ANTHRACENE IN FISH TISSUE,120127,120127,APPROVED,WQX.AliasMatch,NA
ANTHRACENE,ANTHRACENE,ANTHRACENE,ANTHRACENE IN SEDIMENT,120127,120127,APPROVED,WQX.AliasMatch,NA
ANTIMONY,ANTIMONY,ANTIMONY,ANTIMONY,7440360,7440360,APPROVED,WQX.AliasMatch,NA
ANTIMONY,ANTIMONY,ANTIMONY,ANTIMONY IN FISH TISSUE,7440360,7440360,APPROVED,WQX.AliasMatch,NA
LIFE STAGE (CHOICE LIST),NA,NA,AQUATIC ALGAE,NA,,APPROVED,WQX.AliasMatch,NA
LIFE STAGE (CHOICE LIST),NA,NA,AQUATIC LIFE,NA,,APPROVED,WQX.AliasMatch,NA
LIFE STYLE/HABITAT,NA,NA,AQUATIC LIFE CRITERIA,NA,,APPROVED,WQX.AliasMatch,NA
LIFE STYLE/HABITAT,NA,NA,AQUATIC LIFE IMPAIRMENT,NA,,APPROVED,WQX.AliasMatch,NA
LIFE STYLE/HABITAT,NA,NA,AQUATIC MACROINVERTEBRATE BIOASSESSMENTS,NA,,APPROVED,WQX.AliasMatch,NA
"AQUATIC PLANT COVER, SUBSTRATE ROCK/BANK COVER (CHOICE LIST)",NA,NA,AQUATIC PLANT BIOASSESSMENTS,NA,,APPROVED,WQX.AliasMatch,NA
"AQUATIC PLANT COVER, SUBSTRATE ROCK/BANK COVER (CHOICE LIST)",NA,NA,AQUATIC PLANTS,NA,,APPROVED,WQX.AliasMatch,NA
"AQUATIC PLANT COVER, SUBSTRATE ROCK/BANK COVER (CHOICE LIST)",NA,NA,AQUATIC PLANTS (MACROPHYTES),NA,,APPROVED,WQX.AliasMatch,NA
"AQUATIC PLANT COVER, SUBSTRATE ROCK/BANK COVER (CHOICE LIST)",NA,NA,AQUATIC PLANTS - NATIVE,NA,,APPROVED,WQX.AliasMatch,NA
"AQUATIC PLANT COVER, SUBSTRATE ROCK/BANK COVER (CHOICE LIST)",NA,NA,"AQUATIC PLANTS IN AMOUNTS EXCESSIVE TO RECREATION, ETC.",NA,,APPROVED,WQX.AliasMatch,NA
TOX,NA,NA,AQUATIC TOXICITY,NA,59473040,APPROVED,WQX.AliasMatch,NA
AQUATIC VEGETATION JABS,NA,NA,AQUATIC VEGETATION,NA,,APPROVED,WQX.AliasMatch,NA
AQUATIC VEGETATION JABS,NA,NA,AQUATIC WEEDS,NA,,APPROVED,WQX.AliasMatch,NA
AQUATIC VEGETATION JABS,NA,NA,AQUATIC WEEDS OR ALGAE,NA,,APPROVED,WQX.AliasMatch,NA
AROCLOR (UNSPECIFIED),NA,NA,AROCHLOR,NA,12767792,APPROVED,WQX.AliasMatch,NA
ARSENIC,ARSENIC,ARSENIC,ARSENIC,7440382,7440382,APPROVED,WQX.AliasMatch,NA
ARSENIC,ARSENIC,ARSENIC,ARSENIC IN FISH TISSUE,7440382,7440382,APPROVED,WQX.AliasMatch,NA
ARSENIC,ARSENIC,ARSENIC,ARSENIC IN SEDIMENT,7440382,7440382,APPROVED,WQX.AliasMatch,NA
ARSENIC,ARSENIC,ARSENIC,"ARSENIC, DISSOLVED",7440382,7440382,APPROVED,WQX.AliasMatch,NA
"ARSENIC, INORGANIC",ARSENIC*,ARSENIC*,"ARSENIC, INORGANIC",NA,7440382,APPROVED,WQX.AliasMatch,NA
"ARSENIC, INORGANIC",ARSENIC*,ARSENIC*,"ARSENIC, INORGANIC IN FISH TISSUE",NA,7440382,APPROVED,WQX.AliasMatch,NA
ARSENIC,ARSENIC,ARSENIC,"ARSENIC, TOTAL",7440382,7440382,APPROVED,WQX.AliasMatch,NA
ARSENIC,ARSENIC,ARSENIC,"ARSENIC, TRIVALENT",7440382,7440382,APPROVED,WQX.AliasMatch,NA
ARSENIC,ARSENIC,ARSENIC,"ARSENIC, TRIVALENT, DISSOLVED",7440382,7440382,APPROVED,WQX.AliasMatch,NA
ARSENIC,ARSENIC,ARSENIC,"ARSENIC, TRIVALENT, TOTAL",7440382,7440382,APPROVED,WQX.AliasMatch,NA
ASBESTOS,ASBESTOS,ASBESTOS,ASBESTOS,1332214,1332214,APPROVED,WQX.AliasMatch,NA
TAXON PRESENT (Y/N) (CHOICE LIST),NA,NA,ASIAN CLAM,NA,,APPROVED,WQX.AliasMatch,NA
TETRAPROPYL DITHIOPYROPHOSPHATE,NA,NA,ASPON,NA,3244904,APPROVED,WQX.AliasMatch,NA
TAXON PRESENT (Y/N) (CHOICE LIST),NA,NA,"ATLANTIC SEA LAMPREY, PETROMYZON MARINUS",NA,,APPROVED,WQX.AliasMatch,NA
ATRATON,NA,NA,ATRATON,NA,1610179,APPROVED,WQX.AliasMatch,NA
ATRAZINE,ATRAZINE,ATRAZINE,ATRAZINE,1912249,1912249,APPROVED,WQX.AliasMatch,NA
GENERAL OBSERVATION (TEXT),NA,NA,ATTAINING ASSESSMENT UNIT WITH PROTECTION PLAN,NA,,APPROVED,WQX.AliasMatch,NA
GENERAL OBSERVATION (TEXT),NA,NA,AWQC,NA,,APPROVED,WQX.AliasMatch,NA
AZINPHOS-ETHYL,NA,NA,AZINPHOS-ETHYL,NA,2642719,APPROVED,WQX.AliasMatch,NA
AZOXYSTROBIN,AZOXYSTROBIN,AZOXYSTROBIN,AZOXYSTROBIN,131860338,131860338,APPROVED,WQX.AliasMatch,NA
TAXON PRESENT (Y/N) (CHOICE LIST),NA,NA,BACTERIA,NA,,APPROVED,WQX.AliasMatch,NA
GENERAL OBSERVATION (TEXT),NA,NA,BACTERIA (BEACH ADVISORY),NA,,APPROVED,WQX.AliasMatch,NA
TAXON PRESENT (Y/N) (CHOICE LIST),NA,NA,BACTERIA (CSO),NA,,APPROVED,WQX.AliasMatch,NA
TAXON PRESENT (Y/N) (CHOICE LIST),NA,NA,BACTERIA (OYSTER WATERS),NA,,APPROVED,WQX.AliasMatch,NA
TAXON PRESENT (Y/N) (CHOICE LIST),NA,NA,BACTERIA (SHELLFISH),NA,,APPROVED,WQX.AliasMatch,NA
TOTAL COLIFORM,TOTAL COLIFORM,TOTAL COLIFORM,"BACTERIA, TOTAL COLIFORM",NA,,APPROVED,WQX.AliasMatch,NA
TAXON PRESENT (Y/N) (CHOICE LIST),NA,NA,BACTERIA/PATHOGENS,NA,,APPROVED,WQX.AliasMatch,NA
TAXON PRESENT (Y/N) (CHOICE LIST),NA,NA,BACTERIAL COUNTS HAVE EXCEEDED CRITERIA,NA,,APPROVED,WQX.AliasMatch,NA
TAXON PRESENT (Y/N) (CHOICE LIST),NA,NA,BACTERIAL SLIMES,NA,,APPROVED,WQX.AliasMatch,NA
BANK EROSION STABILITY (CHOICE LIST),NA,NA,BANK EROSION,NA,,APPROVED,WQX.AliasMatch,NA
BANK EROSION STABILITY (CHOICE LIST),NA,NA,BANK STABILITY,NA,,APPROVED,WQX.AliasMatch,NA
BARIUM,BARIUM,BARIUM,BARIUM,7440393,7440393,APPROVED,WQX.AliasMatch,NA
GENERAL OBSERVATION (TEXT),NA,NA,BEACH CLOSURES,NA,,APPROVED,WQX.AliasMatch,NA
BEAVER (CHOICE LIST),NA,NA,BEAVER DAM,NA,,APPROVED,WQX.AliasMatch,NA
BENDIOCARB,NA,NA,BENDIOCARB,NA,22781233,APPROVED,WQX.AliasMatch,NA
BENFLURALIN,NA,NA,BENFLURALIN,NA,1861401,APPROVED,WQX.AliasMatch,NA
BENOMYL,NA,NA,BENOMYL,NA,17804352,APPROVED,WQX.AliasMatch,NA
BENSULFURON-METHYL,NA,NA,BENSULFURON,NA,83055996,APPROVED,WQX.AliasMatch,NA
BENSULFURON-METHYL,NA,NA,BENSULFURON-METHYL,NA,83055996,APPROVED,WQX.AliasMatch,NA
BENSULIDE,NA,NA,BENSULIDE,NA,741582,APPROVED,WQX.AliasMatch,NA
BENTAZON,BENTAZON,BENTAZON,BENTAZON,25057890,25057890,APPROVED,WQX.AliasMatch,NA
BENTAZON,BENTAZON,BENTAZON,BENTAZONE,25057890,25057890,APPROVED,WQX.AliasMatch,NA
BENTHIC MACROINVERTEBRATE COMMUNITY,NA,NA,BENTHIC,NA,,APPROVED,WQX.AliasMatch,NA
BENTHIC MACROINVERTEBRATE COMMUNITY,NA,NA,BENTHIC DEPOSITS,NA,,APPROVED,WQX.AliasMatch,NA
BENTHIC MACROINVERTEBRATE COMMUNITY,NA,NA,BENTHIC IMPACTS,NA,,APPROVED,WQX.AliasMatch,NA
MACROINVERTEBRATES,NA,NA,BENTHIC MACROINVERTEBRATES,NA,,APPROVED,WQX.AliasMatch,NA
MACROINVERTEBRATES,NA,NA,BENTHIC MACROINVERTEBRATES BIOASSESSMENTS,NA,,APPROVED,WQX.AliasMatch,NA
BENZAL CHLORIDE,NA,NA,BENZAL CHLORIDE,NA,98873,APPROVED,WQX.AliasMatch,NA
BENZENE,BENZENE,BENZENE,BENZENE,71432,71432,APPROVED,WQX.AliasMatch,NA
BENZIDINE,BENZIDINE,BENZIDINE,BENZIDINE,92875,92875,APPROVED,WQX.AliasMatch,NA
BENZOBICYCLON,NA,NA,BENZOBICYCLON,NA,156963665,APPROVED,WQX.AliasMatch,NA
"BENZO[B,J,K]FLUORANTHENE",NA,NA,BENZOFLUORANTHENES TOTAL (B+K+J),NA,,APPROVED,WQX.AliasMatch,NA
"BENZO[B,J,K]FLUORANTHENE",NA,NA,BENZOFLUORANTHENES TOTAL (B+K+J) IN SEDIMENT,NA,,APPROVED,WQX.AliasMatch,NA
BENZOIC ACID,NA,NA,BENZOIC ACID,NA,65850,APPROVED,WQX.AliasMatch,NA
BENZOIC ACID,NA,NA,BENZOIC ACID IN SEDIMENT,NA,65850,APPROVED,WQX.AliasMatch,NA
BENZO[A]PYRENE,BENZO(A) PYRENE,BENZO(A) PYRENE,BENZOPYRENE,50328,50328,APPROVED,WQX.AliasMatch,NA
BENZOYL CHLORIDE,NA,NA,BENZOYL CHLORIDE,NA,98884,APPROVED,WQX.AliasMatch,NA
BENZ[A]ANTHRACENE,BENZ(A) ANTHRACENE,BENZO(A) ANTHRACENE,BENZO[A]ANTHRACENE,56553,56553,APPROVED,WQX.AliasMatch,NA
BENZ[A]ANTHRACENE,BENZ(A) ANTHRACENE,BENZO(A) ANTHRACENE,BENZO[A]ANTHRACENE IN FISH TISSUE,56553,56553,APPROVED,WQX.AliasMatch,NA
BENZO[A]PYRENE,BENZO(A) PYRENE,BENZO(A) PYRENE,BENZO[A]PYRENE,50328,50328,APPROVED,WQX.AliasMatch,NA
BENZO[A]PYRENE,BENZO(A) PYRENE,BENZO(A) PYRENE,BENZO[A]PYRENE (PAHS),50328,50328,APPROVED,WQX.AliasMatch,NA
BENZO[A]PYRENE,BENZO(A) PYRENE,BENZO(A) PYRENE,BENZO[A]PYRENE IN FISH TISSUE,50328,50328,APPROVED,WQX.AliasMatch,NA
"BENZO[B,K]FLUORANTHENE",NA,NA,"BENZO[B,K]FLUORANTHENES",NA,,APPROVED,WQX.AliasMatch,NA
BENZO(B)FLUORANTHENE,"3,4-BENZOFLUORANTHENE",BENZO(B) FLUORANTHENE,BENZO[B]FLUORANTHENE,205992,205992,APPROVED,WQX.AliasMatch,NA
BENZO(B)FLUORANTHENE,"3,4-BENZOFLUORANTHENE",BENZO(B) FLUORANTHENE,BENZO[B]FLUORANTHENE IN FISH TISSUE,205992,205992,APPROVED,WQX.AliasMatch,NA
11H-BENZO[B]FLUORENE,NA,NA,BENZO[B]FLUORENE,NA,243174,APPROVED,WQX.AliasMatch,NA
"BENZO[G,H,I]PERYLENE","BENZO(G,H,I) PERYLENE",BENZO(GHI)PERYLENE,"BENZO[G,H,I]PERYLENE",191242,191242,APPROVED,WQX.AliasMatch,NA
"BENZO[G,H,I]PERYLENE","BENZO(G,H,I) PERYLENE",BENZO(GHI)PERYLENE,"BENZO[G,H,I]PERYLENE IN SEDIMENT",191242,191242,APPROVED,WQX.AliasMatch,NA
BENZO[K]FLUORANTHENE,BENZO(K) FLUORANTHENE,BENZO(K) FLUORANTHENE,BENZO[K]FLUORANTHENE,207089,207089,APPROVED,WQX.AliasMatch,NA
BENZO[K]FLUORANTHENE,BENZO(K) FLUORANTHENE,BENZO(K) FLUORANTHENE,BENZO[K]FLUORANTHENE IN FISH TISSUE,207089,207089,APPROVED,WQX.AliasMatch,NA
BENZOFLUORENE,NA,NA,BENZO[K]FLUORENE,NA,61089870,APPROVED,WQX.AliasMatch,NA
BENZYL ALCOHOL,NA,NA,BENZYL ALCOHOL,NA,100516,APPROVED,WQX.AliasMatch,NA
BENZYL ALCOHOL,NA,NA,BENZYL ALCOHOL IN SEDIMENT,NA,100516,APPROVED,WQX.AliasMatch,NA
BENZYL CHLORIDE,BENZYL CHLORIDE,BENZYL CHLORIDE,BENZYL CHLORIDE,100447,100447,APPROVED,WQX.AliasMatch,NA
BENZ[A]ANTHRACENE,BENZ(A) ANTHRACENE,BENZO(A) ANTHRACENE,BENZ[A]ANTHRACENE,56553,56553,APPROVED,WQX.AliasMatch,NA
BERYLLIUM,BERYLLIUM,BERYLLIUM,BERYLLIUM,7440417,7440417,APPROVED,WQX.AliasMatch,NA
BETA PARTICLE,NA,NA,BETA PARTICLES AND PHOTON EMITTERS,NA,12587472,APPROVED,WQX.AliasMatch,NA
.BETA.-HEXACHLOROCYCLOHEXANE,BENZENE HEXACHLORIDE-BETA,BETA-HEXACHLOROCYCLOHEXANE (HCH),BETA-BHC,319857,319857,APPROVED,WQX.AliasMatch,NA
.BETA.-HEXACHLOROCYCLOHEXANE,BENZENE HEXACHLORIDE-BETA,BETA-HEXACHLOROCYCLOHEXANE (HCH)*,BETA-BHC,NA,319857,APPROVED,WQX.AliasMatch,NA
.BETA.-HEXACHLOROCYCLOHEXANE,BENZENE HEXACHLORIDE-BETA*,BETA-HEXACHLOROCYCLOHEXANE (HCH),BETA-BHC,NA,319857,APPROVED,WQX.AliasMatch,NA
.BETA.-HEXACHLOROCYCLOHEXANE,BENZENE HEXACHLORIDE-BETA*,BETA-HEXACHLOROCYCLOHEXANE (HCH)*,BETA-BHC,NA,319857,APPROVED,WQX.AliasMatch,NA
.BETA.-HEXACHLOROCYCLOHEXANE,BENZENE HEXACHLORIDE-BETA,BETA-HEXACHLOROCYCLOHEXANE (HCH),BETA-BHC IN FISH TISSUE,319857,319857,APPROVED,WQX.AliasMatch,NA
.BETA.-HEXACHLOROCYCLOHEXANE,BENZENE HEXACHLORIDE-BETA,BETA-HEXACHLOROCYCLOHEXANE (HCH)*,BETA-BHC IN FISH TISSUE,NA,319857,APPROVED,WQX.AliasMatch,NA
.BETA.-HEXACHLOROCYCLOHEXANE,BENZENE HEXACHLORIDE-BETA*,BETA-HEXACHLOROCYCLOHEXANE (HCH),BETA-BHC IN FISH TISSUE,NA,319857,APPROVED,WQX.AliasMatch,NA
.BETA.-HEXACHLOROCYCLOHEXANE,BENZENE HEXACHLORIDE-BETA*,BETA-HEXACHLOROCYCLOHEXANE (HCH)*,BETA-BHC IN FISH TISSUE,NA,319857,APPROVED,WQX.AliasMatch,NA
.BETA.-ENDOSULFAN,BETA-ENDOSULFAN,BETA-ENDOSULFAN,BETA-ENDOSULFAN (ENDOSULFAN 2),33213659,33213659,APPROVED,WQX.AliasMatch,NA
.BETA.-ENDOSULFAN,BETA-ENDOSULFAN,BETA-ENDOSULFAN,BETA-ENDOSULFAN (ENDOSULFAN 2) IN FISH TISSUE,33213659,33213659,APPROVED,WQX.AliasMatch,NA
2-NAPHTHALENAMINE,NA,NA,BETA-NAPHTHYLAMINE,NA,91598,APPROVED,WQX.AliasMatch,NA
"1,2,3,4,5,6-HEXACHLOROCYCLOHEXANE",BHC-TECHNICAL GRADE,HEXACHLOROCYCLOHEXANE (HCH)-TECHNICAL,BHC,608731,608731,APPROVED,WQX.AliasMatch,NA
BICARBONATE,BICARBONATE,BICARBONATE,BICARBONATE,NA,71523,APPROVED,WQX.AliasMatch,NA
BIFENTHRIN,NA,NA,BIFENTHRIN,NA,82657043,APPROVED,WQX.AliasMatch,NA
IRVINE INDEX OF BIOLOGICAL INTEGRITY,NA,NA,BIO,NA,,APPROVED,WQX.AliasMatch,NA
IRVINE INDEX OF BIOLOGICAL INTEGRITY,NA,NA,BIOASSESSMENT,NA,,APPROVED,WQX.AliasMatch,NA
"BIOCHEMICAL OXYGEN DEMAND, STANDARD CONDITIONS",NA,NA,BIOCHEMICAL OXYGEN DEMAND (BOD),NA,,APPROVED,WQX.AliasMatch,NA
"CARBONACEOUS BIOCHEMICAL OXYGEN DEMAND, STANDARD CONDITIONS",NA,NA,"BIOCHEMICAL OXYGEN DEMAND (BOD), CARBONACEOUS",NA,,APPROVED,WQX.AliasMatch,NA
NITROGEN OXYGEN DEMAND,NA,NA,"BIOCHEMICAL OXYGEN DEMAND (BOD), NITROGENOUS",NA,,APPROVED,WQX.AliasMatch,NA
"BIOCHEMICAL OXYGEN DEMAND, STANDARD CONDITIONS",NA,NA,"BIOCHEMICAL OXYGEN DEMAND (BOD), ULTIMATE",NA,,APPROVED,WQX.AliasMatch,NA
IRVINE INDEX OF BIOLOGICAL INTEGRITY,NA,NA,"BIOCHEMICAL OXYGEN DEMAND (BOD),ULTIMATE",NA,,APPROVED,WQX.AliasMatch,NA
IRVINE INDEX OF BIOLOGICAL INTEGRITY,NA,NA,BIODIVERSITY IMPACTS,NA,,APPROVED,WQX.AliasMatch,NA
IRVINE INDEX OF BIOLOGICAL INTEGRITY,NA,NA,BIOLOGICAL,NA,,APPROVED,WQX.AliasMatch,NA
IRVINE INDEX OF BIOLOGICAL INTEGRITY,NA,NA,BIOLOGICAL COMMUNITY THREATENED,NA,,APPROVED,WQX.AliasMatch,NA
IRVINE INDEX OF BIOLOGICAL INTEGRITY,NA,NA,BIOLOGICAL CRITERIA,NA,,APPROVED,WQX.AliasMatch,NA
IRVINE INDEX OF BIOLOGICAL INTEGRITY,NA,NA,BIOLOGICAL DEGRADATION,NA,,APPROVED,WQX.AliasMatch,NA
IRVINE INDEX OF BIOLOGICAL INTEGRITY,NA,NA,BIOLOGICAL IMPAIRMENT,NA,,APPROVED,WQX.AliasMatch,NA
IRVINE INDEX OF BIOLOGICAL INTEGRITY,NA,NA,BIOLOGICAL IMPAIRMENT DUE TO HYDROMODIFICATION,NA,,APPROVED,WQX.AliasMatch,NA
IRVINE INDEX OF BIOLOGICAL INTEGRITY,NA,NA,BIOLOGICAL IMPAIRMENT DUE TO TOXICITY,NA,,APPROVED,WQX.AliasMatch,NA
IRVINE INDEX OF BIOLOGICAL INTEGRITY,NA,NA,BIOLOGICAL INTEGRITY,NA,,APPROVED,WQX.AliasMatch,NA
IRVINE INDEX OF BIOLOGICAL INTEGRITY,NA,NA,BIOLOGY,NA,,APPROVED,WQX.AliasMatch,NA
IRVINE INDEX OF BIOLOGICAL INTEGRITY,NA,NA,BIOLOGY MODERATELY IMPAIRED,NA,,APPROVED,WQX.AliasMatch,NA
IRVINE INDEX OF BIOLOGICAL INTEGRITY,NA,NA,BIOLOGY MODERATELY TO SEVERELY IMPAIRED,NA,,APPROVED,WQX.AliasMatch,NA
IRVINE INDEX OF BIOLOGICAL INTEGRITY,NA,NA,BIOLOGY SEVERELY IMPAIRED,NA,,APPROVED,WQX.AliasMatch,NA
IRVINE INDEX OF BIOLOGICAL INTEGRITY,NA,NA,BIOLOGY SLIGHTLY IMPAIRED,NA,,APPROVED,WQX.AliasMatch,NA
BIO-TOXIN,NA,NA,BIOSTIMULATORY CONDITIONS,NA,,APPROVED,WQX.AliasMatch,NA
BIO-TOXIN,NA,NA,BIOTA,NA,,APPROVED,WQX.AliasMatch,NA
BIO-TOXIN,NA,NA,BIOTA AND HABITAT,NA,,APPROVED,WQX.AliasMatch,NA
BIO-TOXIN,NA,NA,BIOTA IMPACTED,NA,,APPROVED,WQX.AliasMatch,NA
BIO-TOXIN,NA,NA,BIOTA IMPAIRMENT,NA,,APPROVED,WQX.AliasMatch,NA
BIO-TOXIN,NA,NA,BIOTA RATED POOR,NA,,APPROVED,WQX.AliasMatch,NA
BIO-TOXIN,NA,NA,BIOTIC COMMUNITY STATUS,NA,,APPROVED,WQX.AliasMatch,NA
BIO-TOXIN,NA,NA,BIOTOXINS,NA,,APPROVED,WQX.AliasMatch,NA
BIPHENYL,NA,NA,BIPHENYL,NA,92524,APPROVED,WQX.AliasMatch,NA
DI(2-ETHYLHEXYL) PHTHALATE,BIS(2-ETHYLHEXYL) PHTHALATE,BIS(2-ETHYLHEXYL) PHTHALATE,BIS(2 ETHYLHEXYL)PHTHALATE,117817,117817,APPROVED,WQX.AliasMatch,NA
PHENOL,PHENOL,PHENOL,BIS(2 ETHYLHEXYL)PHTHALATE AND PHENOL,108952,108952,APPROVED,WQX.AliasMatch,NA
BIS(2-CHLORO-1-METHYLETHYL) ETHER,BIS(2-CHLORO-1-METHYLETHYL) ETHER,BIS(2-CHLORO-1-METHYLETHYL) ETHER,BIS(2-CHLORO-1-METHYLETHYL),108601,108601,APPROVED,WQX.AliasMatch,NA
BIS(2-CHLOROETHOXY)METHANE,BIS(2-CHLOROETHOXY) METHANE,BIS(2-CHLOROETHOXY) METHANE,BIS(2-CHLOROETHOXY)METHANE,111911,111911,APPROVED,WQX.AliasMatch,NA
BIS(2-CHLOROISOPROPYL) ETHER,BIS(2-CHLOROISOPROPYL) ETHER,BIS(2-CHLORO-1-METHYLETHYL) ETHER*,BIS(2-CHLOROISOPROPYL) ETHER,NA,39638329,APPROVED,WQX.AliasMatch,NA
BIS(2-CHLOROISOPROPYL) ETHER,BIS(2-CHLOROISOPROPYL) ETHER,BIS(2-CHLORO-1-METHYLETHYL) ETHER*,BIS(2-CHLOROISOPROPYL) ETHER IN FISH TISSUE,NA,39638329,APPROVED,WQX.AliasMatch,NA
DI(2-ETHYLHEXYL) PHTHALATE,BIS(2-ETHYLHEXYL) PHTHALATE,BIS(2-ETHYLHEXYL) PHTHALATE,BIS(2-ETHYLHEXYL) PHTHALATE,117817,117817,APPROVED,WQX.AliasMatch,NA
DI(2-ETHYLHEXYL) PHTHALATE,BIS(2-ETHYLHEXYL) PHTHALATE,BIS(2-ETHYLHEXYL) PHTHALATE,BIS(2-ETHYLHEXYL) PHTHALATE IN FISH TISSUE,117817,117817,APPROVED,WQX.AliasMatch,NA
DI(2-ETHYLHEXYL) PHTHALATE,BIS(2-ETHYLHEXYL) PHTHALATE,BIS(2-ETHYLHEXYL) PHTHALATE,BIS(2-ETHYLHEXYL) PHTHALATE IN SEDIMENT,117817,117817,APPROVED,WQX.AliasMatch,NA
DI-N-OCTYL PHTHALATE,DI-N-OCTYL PHTHALATE,DI-N-OCTYL PHTHALATE,BIS(N-OCTYL) PHTHALATE,117840,117840,APPROVED,WQX.AliasMatch,NA
BIS(2-CHLOROETHYL) ETHER,BIS(2-CHLOROETHYL) ETHER,BIS(2-CHLOROETHYL) ETHER,BIS-2-CHLOROETHYL ETHER,111444,111444,APPROVED,WQX.AliasMatch,NA
BIS(2-CHLOROETHYL) ETHER,BIS(2-CHLOROETHYL) ETHER,BIS(2-CHLOROETHYL) ETHER,BIS-2-CHLOROETHYL ETHER IN FISH TISSUE,111444,111444,APPROVED,WQX.AliasMatch,NA
BISMUTH,NA,NA,BISMUTH,NA,7440699,APPROVED,WQX.AliasMatch,NA
DI(2-ETHYLHEXYL) PHTHALATE,BIS(2-ETHYLHEXYL) PHTHALATE,BIS(2-ETHYLHEXYL) PHTHALATE,BISPHTHALATE,117817,117817,APPROVED,WQX.AliasMatch,NA
BLOOM EXTENT,NA,NA,BLOOMS,NA,,APPROVED,WQX.AliasMatch,NA
SEDIMENT OXYGEN DEMAND,NA,NA,"BOD, SEDIMENT LOAD (SEDIMENT OXYGEN DEMAND)",NA,,APPROVED,WQX.AliasMatch,NA
BORON,BORON,BORON,BORON,7440428,7440428,APPROVED,WQX.AliasMatch,NA
BORON,BORON,BORON,BORON OR FLUORIDE LEVELS HIGH,7440428,7440428,APPROVED,WQX.AliasMatch,NA
BORON,BORON,BORON,"BORON, CHRONIC",7440428,7440428,APPROVED,WQX.AliasMatch,NA
BORON,BORON,BORON,"BORON, DISSOLVED",7440428,7440428,APPROVED,WQX.AliasMatch,NA
BORON,BORON,BORON,"BORON, TOTAL",7440428,7440428,APPROVED,WQX.AliasMatch,NA
BOSCALID,NA,NA,BOSCALID,NA,188425856,APPROVED,WQX.AliasMatch,NA
DEPOSITS IN WATER,NA,NA,BOTTOM DEPOSITS,NA,,APPROVED,WQX.AliasMatch,NA
DEPOSITS IN WATER,NA,NA,BOTTOM DEPOSITS/% FINES,NA,,APPROVED,WQX.AliasMatch,NA
TAXON PRESENT (Y/N) (CHOICE LIST),NA,NA,"BRITTLE NAIAD, NAJAS MINOR",NA,,APPROVED,WQX.AliasMatch,NA
BROMACIL,BROMACIL,BROMACIL,BROMACIL,314409,314409,APPROVED,WQX.AliasMatch,NA
BROMIDE,BROMIDE,BROMIDE,BROMIDE,NA,24959679,APPROVED,WQX.AliasMatch,NA
BROMOBENZENE,BROMOBENZENE,BROMOBENZENE,BROMOBENZENE,NA,108861,APPROVED,WQX.AliasMatch,NA
HALON 1011,BROMOCHLOROMETHANE,BROMOCHLOROMETHANE,BROMOCHLOROMETHANE,74975,74975,APPROVED,WQX.AliasMatch,NA
HALON 1011,BROMOCHLOROMETHANE,BROMOCHLOROMETHANE*,BROMOCHLOROMETHANE,NA,74975,APPROVED,WQX.AliasMatch,NA
HALON 1011,BROMOCHLOROMETHANE*,BROMOCHLOROMETHANE,BROMOCHLOROMETHANE,NA,74975,APPROVED,WQX.AliasMatch,NA
HALON 1011,BROMOCHLOROMETHANE*,BROMOCHLOROMETHANE*,BROMOCHLOROMETHANE,NA,74975,APPROVED,WQX.AliasMatch,NA
DICHLOROBROMOMETHANE,BROMODICHLOROMETHANE,DICHLOROBROMOMETHANE,BROMODICHLOROMETHANE,75274,75274,APPROVED,WQX.AliasMatch,NA
TRIBROMOMETHANE,BROMOFORM,BROMOFORM,BROMOFORM,75252,75252,APPROVED,WQX.AliasMatch,NA
BROMOXYNIL,BROMOXYNIL,BROMOXYNIL,BROMOXYNIL,1689849,1689845,APPROVED,WQX.AliasMatch,NA
TIDE STAGE (TEXT),NA,NA,BROWN TIDE,NA,,APPROVED,WQX.AliasMatch,NA
MOSS STREAM REACH COVERAGE AVERAGE (CHOICE LIST),NA,NA,BURIED STREAM,NA,,APPROVED,WQX.AliasMatch,NA
BUTYL BENZYL PHTHALATE,BUTYL BENZENE PHTHALATE,BUTYLBENZYL PHTHALATE,BUTYL BENZYL PHTHALATE,85687,85687,APPROVED,WQX.AliasMatch,NA
BUTYL BENZYL PHTHALATE,BUTYL BENZENE PHTHALATE,BUTYLBENZYL PHTHALATE,BUTYL BENZYL PHTHALATE IN FISH TISSUE,85687,85687,APPROVED,WQX.AliasMatch,NA
BUTYL BENZYL PHTHALATE,BUTYL BENZENE PHTHALATE,BUTYLBENZYL PHTHALATE,BUTYL BENZYL PHTHALATE IN SEDIMENT,85687,85687,APPROVED,WQX.AliasMatch,NA
BUTYLATE,BUTYLATE,BUTYLATE,BUTYLATE,2008415,2008415,APPROVED,WQX.AliasMatch,NA
BUTYLBENZENE,NA,NA,BUTYLBENZENE,NA,68411449,APPROVED,WQX.AliasMatch,NA
BUTYRALDEHYDE,NA,NA,BUTYRALDEHYDE,NA,123728,APPROVED,WQX.AliasMatch,NA
CADMIUM,CADMIUM,CADMIUM,CADMIUM,7440439,7440439,APPROVED,WQX.AliasMatch,NA
CADMIUM,CADMIUM,CADMIUM,CADMIUM IN FISH TISSUE,7440439,7440439,APPROVED,WQX.AliasMatch,NA
CADMIUM,CADMIUM,CADMIUM,CADMIUM IN SEDIMENT,7440439,7440439,APPROVED,WQX.AliasMatch,NA
CADMIUM,CADMIUM,CADMIUM,"CADMIUM, DISSOLVED",7440439,7440439,APPROVED,WQX.AliasMatch,NA
CADMIUM,CADMIUM,CADMIUM,"CADMIUM, DISSOLVED - ACUTE",7440439,7440439,APPROVED,WQX.AliasMatch,NA
CADMIUM,CADMIUM,CADMIUM,"CADMIUM, DISSOLVED - CHRONIC",7440439,7440439,APPROVED,WQX.AliasMatch,NA
CADMIUM,CADMIUM,CADMIUM,"CADMIUM, TOTAL",7440439,7440439,APPROVED,WQX.AliasMatch,NA
CAFFEINE,NA,NA,CAFFEINE,NA,58082,APPROVED,WQX.AliasMatch,NA
CALCIUM,CALCIUM,CALCIUM,CALCIUM,NA,7440702,APPROVED,WQX.AliasMatch,NA
CALCIUM CARBONATE,NA,NA,CALCIUM CARBONATE,NA,471341,APPROVED,WQX.AliasMatch,NA
MERCURY COMPOUNDS,NA,NA,CANCER RISK COMPOUNDS,NA,,APPROVED,WQX.AliasMatch,NA
CANOPY COVER,NA,NA,CANOPY,NA,,APPROVED,WQX.AliasMatch,NA
CAPTAN,CAPTAN,CAPTAN,CAPTAN,NA,133062,APPROVED,WQX.AliasMatch,NA
CARBARYL,CARBARYL,CARBARYL,CARBARYL,63252,63252,APPROVED,WQX.AliasMatch,NA
CARBAZOLE,NA,NA,CARBAZOLE,NA,86748,APPROVED,WQX.AliasMatch,NA
CARBENDAZIM,NA,NA,CARBENDAZIM,NA,10605217,APPROVED,WQX.AliasMatch,NA
CARBOFURAN,CARBOFURAN,CARBOFURAN,CARBOFURAN,1563662,1563662,APPROVED,WQX.AliasMatch,NA
CARBOFURAN,CARBOFURAN,CARBOFURAN,CARBOFURAN/FURADAN,1563662,1563662,APPROVED,WQX.AliasMatch,NA
CARBON,NA,NA,CARBON,NA,7440440,APPROVED,WQX.AliasMatch,NA
CARBON DISULFIDE,CARBON DISULFIDE,CARBON DISULFIDE,CARBON DISULFIDE,75150,75150,APPROVED,WQX.AliasMatch,NA
CARBON TETRACHLORIDE,CARBON TETRACHLORIDE,CARBON TETRACHLORIDE,CARBON TETRACHLORIDE,56235,56235,APPROVED,WQX.AliasMatch,NA
CARBON-13/CARBON-12 RATIO,NA,NA,CARBON-13/CARBON-12 RATIO,NA,,APPROVED,WQX.AliasMatch,NA
CARBON-14,NA,NA,CARBON-14,NA,14762755,APPROVED,WQX.AliasMatch,NA
"CARBONACEOUS BIOCHEMICAL OXYGEN DEMAND, NON-STANDARD CONDITIONS",NA,NA,CARBONACEOUS BOD,NA,,APPROVED,WQX.AliasMatch,NA
CARBONATE,NA,NA,CARBONATE,NA,3812326,APPROVED,WQX.AliasMatch,NA
CARBOPHENOTHION,NA,NA,CARBOPHENOTHION,NA,786196,APPROVED,WQX.AliasMatch,NA
IRVINE INDEX OF BIOLOGICAL INTEGRITY,NA,NA,CAUSE  UNKNOWN:  FISH & INVERTS,NA,,APPROVED,WQX.AliasMatch,NA
IRVINE INDEX OF BIOLOGICAL INTEGRITY,NA,NA,CAUSE UNKNOWN,NA,,APPROVED,WQX.AliasMatch,NA
IRVINE INDEX OF BIOLOGICAL INTEGRITY,NA,NA,CAUSE UNKNOWN (BIOLOGICAL):  FISH,NA,,APPROVED,WQX.AliasMatch,NA
IRVINE INDEX OF BIOLOGICAL INTEGRITY,NA,NA,CAUSE UNKNOWN (BIOLOGICAL):  FISH & INVERTS,NA,,APPROVED,WQX.AliasMatch,NA
IRVINE INDEX OF BIOLOGICAL INTEGRITY,NA,NA,CAUSE UNKNOWN (BIOLOGICAL):  FISH KILL,NA,,APPROVED,WQX.AliasMatch,NA
IRVINE INDEX OF BIOLOGICAL INTEGRITY,NA,NA,CAUSE UNKNOWN (BIOLOGICAL): MUSSELS,NA,,APPROVED,WQX.AliasMatch,NA
IRVINE INDEX OF BIOLOGICAL INTEGRITY,NA,NA,CAUSE UNKNOWN - BIOLOGICAL INTEGRITY,NA,,APPROVED,WQX.AliasMatch,NA
BIO-TOXIN,NA,NA,CAUSE UNKNOWN - BIOTOXINS,NA,,APPROVED,WQX.AliasMatch,NA
FISH KILL OBSERVATION,NA,NA,CAUSE UNKNOWN - FISH KILLS,NA,,APPROVED,WQX.AliasMatch,NA
BIO-TOXIN,NA,NA,CAUSE UNKNOWN - IMPAIRED BIOTA,NA,,APPROVED,WQX.AliasMatch,NA
STRONG ACIDS,NA,NA,CAUSTIC CHEMICALS,NA,,APPROVED,WQX.AliasMatch,NA
CERIUM,NA,NA,CERIUM,NA,7440451,APPROVED,WQX.AliasMatch,NA
2-CHLORO-4-ISOPROPYLAMINO-6-AMINO-S-TRIAZINE,NA,NA,CESETHYLATRAZINE,NA,6190654,APPROVED,WQX.AliasMatch,NA
CESIUM,CESIUM,CESIUM,CESIUM,NA,7440462,APPROVED,WQX.AliasMatch,NA
GENERAL OBSERVATION (TEXT),NA,NA,CFB,NA,,APPROVED,WQX.AliasMatch,NA
CFC-113,"1,1,2-TRICHLORO-1,2,2-TRIFLUOROETHANE","1,1,2-TRICHLORO-1,2,2-TRIFLUOROETHANE",CFC-113,76131,76131,APPROVED,WQX.AliasMatch,NA
GENERAL OBSERVATION (TEXT),NA,NA,CFU/YR,NA,,APPROVED,WQX.AliasMatch,NA
DEPTH,NA,NA,CHANGES IN STREAM DEPTH AND VELOCITY PATTERNS,NA,,APPROVED,WQX.AliasMatch,NA
CHANNEL ALTERATION (TEXT),NA,NA,CHANNEL INCISEMENT,NA,,APPROVED,WQX.AliasMatch,NA
CHANNEL ALTERATION (TEXT),NA,NA,CHANNEL INCISION,NA,,APPROVED,WQX.AliasMatch,NA
CHANNEL ALTERATION (TEXT),NA,NA,CHANNEL INSTABILITY,NA,,APPROVED,WQX.AliasMatch,NA
CHANNEL ALTERATION (TEXT),NA,NA,CHANNEL MODIFICATIONS,NA,,APPROVED,WQX.AliasMatch,NA
CHANNELIZATION TYPE,NA,NA,CHANNELIZATION,NA,,APPROVED,WQX.AliasMatch,NA
GENERAL OBSERVATION (TEXT),NA,NA,CHEMA,NA,,APPROVED,WQX.AliasMatch,NA
IRVINE INDEX OF BIOLOGICAL INTEGRITY,NA,NA,CHEMICAL BIOLOGICAL OXYGEN DEMAND 5 DAY AVERAGE,NA,,APPROVED,WQX.AliasMatch,NA
CHEMICAL OXYGEN DEMAND,NA,NA,CHEMICAL OXYGEN DEMAND (COD),NA,,APPROVED,WQX.AliasMatch,NA
GENERAL OBSERVATION (TEXT),NA,NA,CHEMICAL SPILLS,NA,,APPROVED,WQX.AliasMatch,NA
GENERAL OBSERVATION (TEXT),NA,NA,CHEMICALS,NA,,APPROVED,WQX.AliasMatch,NA
CHLORAMBEN,CHLORAMBEN,CHLORAMBEN,CHLORAMBEN,133904,133904,APPROVED,WQX.AliasMatch,NA
CHLORAMBEN-METHYL,NA,NA,CHLORAMBEN-METHYL,NA,7286842,APPROVED,WQX.AliasMatch,NA
CHLORAMINE,NA,NA,CHLORAMINES,NA,10599903,APPROVED,WQX.AliasMatch,NA
CHLORANTRANILIPROLE,NA,NA,CHLORANTRANILIPROLE,NA,500008457,APPROVED,WQX.AliasMatch,NA
CHLORDANE,CHLORDANE,CHLORDANE,CHLORDANE,57749,57749,APPROVED,WQX.AliasMatch,NA
CHLORDANE,CHLORDANE,CHLORDANE,CHLORDANE AND DIOXIN IN FISH TISSUE,57749,57749,APPROVED,WQX.AliasMatch,NA
CHLORDANE,CHLORDANE,CHLORDANE,CHLORDANE IN FISH TISSUE,57749,57749,APPROVED,WQX.AliasMatch,NA
CHLORDANE,CHLORDANE,CHLORDANE,CHLORDANE IN SEDIMENT,57749,57749,APPROVED,WQX.AliasMatch,NA
CHLORDANE,CHLORDANE,CHLORDANE,CHLORDANE IN SEDIMENTS,57749,57749,APPROVED,WQX.AliasMatch,NA
CHLORDANE,CHLORDANE,CHLORDANE,CHLORDANE IN SMALLMOUTH BUFFALO,57749,57749,APPROVED,WQX.AliasMatch,NA
CHLORDANE,CHLORDANE,CHLORDANE,CHLORDANE/DDT,57749,57749,APPROVED,WQX.AliasMatch,NA
CHLORFENAPYR,NA,NA,CHLORFENAPYR,NA,122453730,APPROVED,WQX.AliasMatch,NA
CHLORFENVINPHOS,NA,NA,CHLORFENVINPHOS,NA,470906,APPROVED,WQX.AliasMatch,NA
CHLORIDE,CHLORIDE,CHLORIDE,CHLORIDE,16887006,16887006,APPROVED,WQX.AliasMatch,NA
CHLORIDE,CHLORIDE,CHLORIDE,CHLORIDES,16887006,16887006,APPROVED,WQX.AliasMatch,NA
SOLIDS,NA,NA,CHLORIDES/SULFATES/TOTAL DISSOLVED SOLIDS,NA,,APPROVED,WQX.AliasMatch,NA
CHLORIMURON-ETHYL,CHLORIMURON ETHYL,CHLORIMURON ETHYL,CHLORIMURON,90982324,90982324,APPROVED,WQX.AliasMatch,NA
CHLORINATED DIBENZO-P-DIOXINS,NA,NA,CHLORINATED BENZENES,NA,136677093,APPROVED,WQX.AliasMatch,NA
CHLORINATED DIBENZO-P-DIOXINS,NA,NA,CHLORINATED DIBENZO-P-DIOXINS,NA,136677093,APPROVED,WQX.AliasMatch,NA
CHLORINATED DIBENZOFURANS,NA,NA,CHLORINATED DIBENZOFURANS,NA,136677106,APPROVED,WQX.AliasMatch,NA
"PESTICIDE MIX, UNSPECIFIED",NA,NA,CHLORINATED PESTICIDES,NA,,APPROVED,WQX.AliasMatch,NA
"CHLORINATED DIOXINS AND FURANS -- EXCLUDING 2,3,7,8 CONGENERS",NA,NA,CHLORINATED PESTICIDES IN FISH TISSUE,NA,,APPROVED,WQX.AliasMatch,NA
CHLORINATED PHENOLS,NA,NA,CHLORINATED PHENOLS,NA,1336352,APPROVED,WQX.AliasMatch,NA
CHLORINE,CHLORINE,CHLORINE,CHLORINE,7782505,7782505,APPROVED,WQX.AliasMatch,NA
CHLORINE DIOXIDE,NA,NA,CHLORINE DIOXIDE,NA,10049044,APPROVED,WQX.AliasMatch,NA
CHLORINE DIOXIDE,NA,NA,CHLORINE DIOXIDE (AS CLO2),NA,10049044,APPROVED,WQX.AliasMatch,NA
"CHLORINE, TOTAL RESIDUAL",NA,NA,"CHLORINE, RESIDUAL (CHLORINE DEMAND)",NA,7782505,APPROVED,WQX.AliasMatch,NA
CHLORINE,CHLORINE,CHLORINE,"CHLORINE, TOTAL RESIDUAL (TRC)",7782505,7782505,APPROVED,WQX.AliasMatch,NA
CHLOROACETIC ACID,CHLOROACETIC ACID,CHLOROACETIC ACID,CHLOROACETIC ACID,NA,79118,APPROVED,WQX.AliasMatch,NA
CHLOROBENZENE,CHLOROBENZENE,MONOCHLOROBENZENE,CHLOROBENZENE (MONO),108907,108907,APPROVED,WQX.AliasMatch,NA
CHLOROBENZILATE,NA,NA,CHLOROBENZILATE,NA,510156,APPROVED,WQX.AliasMatch,NA
CHLORODIBROMOMETHANE,CHLORODIBROMOMETHANE,CHLORODIBROMOMETHANE,CHLORODIBROMOMETHANE,124481,124481,APPROVED,WQX.AliasMatch,NA
HCFC-22,NA,NA,CHLORODIFLUOROMETHANE,NA,75456,APPROVED,WQX.AliasMatch,NA
CHLOROETHANE,CHLOROETHANE,CHLOROETHANE,CHLOROETHANE,75003,75003,APPROVED,WQX.AliasMatch,NA
CHLOROFORM,CHLOROFORM,TRIHALOMETHANES,CHLOROFORM,67663,67663,APPROVED,WQX.AliasMatch,NA
CHLOROMETHANE,CHLOROMETHANE,METHYL CHLORIDE,CHLOROMETHANE,74873,74873,APPROVED,WQX.AliasMatch,NA
CHLOROMETHYL METHYL ETHER,CHLOROMETHYL METHYL ETHER,CHLOROMETHYL METHYL ETHER,CHLOROMETHYL METHYL ETHER,NA,107302,APPROVED,WQX.AliasMatch,NA
SILVEX,"(2,4,5-TRICHLOROPHENOXY)-PROPIONIC ACID (2,4,5-TP)","CHLOROPHENOXY HERBICIDE (2,4,5-TP) [SILVEX]","CHLOROPHENOXY HERBICIDES (2,4,5,-TP)",93721,93721,APPROVED,WQX.AliasMatch,NA
AMINOPYRALID,AMINOPYRALID,AMINOPYRALID,"CHLOROPHENOXY HERBICIDES (2,4-D)",NA,150114719,APPROVED,WQX.AliasMatch,NA
P-CHLOROPHENYL PHENYL ETHER,NA,NA,CHLOROPHENYL-4 PHENYL ETHER,NA,7005723,APPROVED,WQX.AliasMatch,NA
CHLOROPHYLL A,CHLOROPHYLL A,CHLOROPHYLL A,CHLOROPHYLL-A,NA,479618,APPROVED,WQX.AliasMatch,NA
CHLOROPHYLL A FILTER AMOUNT,NA,NA,CHLOROPHYLL-A - AQUATIC LIFE USE SUPPORT,NA,,APPROVED,WQX.AliasMatch,NA
CHLOROPHYLL A FILTER AMOUNT,NA,NA,CHLOROPHYLL-A - PRIMARY CONTACT RECREATION,NA,,APPROVED,WQX.AliasMatch,NA
CHLOROPICRIN,NA,NA,CHLOROPICRIN,NA,76062,APPROVED,WQX.AliasMatch,NA
CHLOROPRENE,CHLOROPRENE,CHLOROPRENE,CHLOROPRENE,NA,126998,APPROVED,WQX.AliasMatch,NA
CHLOROTHALONIL,CHLOROTHAONIL,CHLOROTHAONIL,CHLOROTHALONIL,1897456,1897456,APPROVED,WQX.AliasMatch,NA
CHLORPYRIFOS,CHLOROPYRIFOS,CHLORPYRIFOS,CHLORPYRIFOS,2921882,2921882,APPROVED,WQX.AliasMatch,NA
CHLORPYRIFOS,CHLOROPYRIFOS,CHLORPYRIFOS,CHLORPYRIFOS - WATER & SEDIMENTS,2921882,2921882,APPROVED,WQX.AliasMatch,NA
CHLORSULFURON,CHLORSULFURON,CHLORSULFURON,CHLORSULFURON,64902723,64902723,APPROVED,WQX.AliasMatch,NA
CHLORTHAL-MONOMETHYL,NA,NA,CHLORTHAL-MONOMETHYL,NA,887547,APPROVED,WQX.AliasMatch,NA
CHROMIUM,CHROMIUM,CHROMIUM,CHROMIUM,7440473,7440473,APPROVED,WQX.AliasMatch,NA
CHROMIUM,CHROMIUM,CHROMIUM,CHROMIUM - ACUTE,7440473,7440473,APPROVED,WQX.AliasMatch,NA
CHROMIUM,CHROMIUM,CHROMIUM,CHROMIUM - CHRONIC,7440473,7440473,APPROVED,WQX.AliasMatch,NA
CHROMIUM(III),CHROMIUM (III),CHROMIUM (III),CHROMIUM III,16065831,16065831,APPROVED,WQX.AliasMatch,NA
CHROMIUM,CHROMIUM,CHROMIUM,CHROMIUM IN FISH TISSUE,7440473,7440473,APPROVED,WQX.AliasMatch,NA
CHROMIUM,CHROMIUM,CHROMIUM,CHROMIUM IN SEDIMENT,7440473,7440473,APPROVED,WQX.AliasMatch,NA
CHROMIUM,CHROMIUM,CHROMIUM,CHROMIUM IN SEDIMENTS,7440473,7440473,APPROVED,WQX.AliasMatch,NA
CHROMIUM,CHROMIUM,CHROMIUM,CHROMIUM IV,7440473,7440473,APPROVED,WQX.AliasMatch,NA
CHROMIUM(VI),CHROMIUM (VI),CHROMIUM (VI),CHROMIUM VI,18540299,18540299,APPROVED,WQX.AliasMatch,NA
CHROMIUM(VI),CHROMIUM (VI),CHROMIUM (VI),"CHROMIUM, HEXAVALENT",18540299,18540299,APPROVED,WQX.AliasMatch,NA
CHROMIUM(VI),CHROMIUM (VI),CHROMIUM (VI),"CHROMIUM, HEXAVALENT IN FISH TISSUE",18540299,18540299,APPROVED,WQX.AliasMatch,NA
CHROMIUM(VI),CHROMIUM (VI),CHROMIUM (VI),"CHROMIUM, HEXAVALENT IN SEDIMENT",18540299,18540299,APPROVED,WQX.AliasMatch,NA
CHROMIUM,CHROMIUM,CHROMIUM,"CHROMIUM, HEXAVALENT, DISSOLVED",7440473,7440473,APPROVED,WQX.AliasMatch,NA
CHROMIUM,CHROMIUM,CHROMIUM,"CHROMIUM, HEXAVALENT, TOTAL",7440473,7440473,APPROVED,WQX.AliasMatch,NA
CHROMIUM,CHROMIUM,CHROMIUM,"CHROMIUM, TOTAL",7440473,7440473,APPROVED,WQX.AliasMatch,NA
CHROMIUM(III),CHROMIUM (III),CHROMIUM (III),"CHROMIUM, TRIVALENT",16065831,16065831,APPROVED,WQX.AliasMatch,NA
CHROMIUM,CHROMIUM,CHROMIUM,"CHROMIUM, TRIVALENT, DISSOLVED",7440473,7440473,APPROVED,WQX.AliasMatch,NA
CHROMIUM,CHROMIUM,CHROMIUM,"CHROMIUM, TRIVALENT, TOTAL",7440473,7440473,APPROVED,WQX.AliasMatch,NA
TURBIDITY,TURBIDITY,TURBIDITY,CHRONIC HIGH TURBIDITY/POSSIBLE SEDIMENTATION,NA,,APPROVED,WQX.AliasMatch,NA
TOXICITY CHRONIC,NA,NA,CHRONIC TOXICITY,NA,,APPROVED,WQX.AliasMatch,NA
TOX,NA,NA,CHRONIC TOXICITY IN SEDIMENT TO AQUATIC ORGANISMS,NA,59473040,APPROVED,WQX.AliasMatch,NA
TOX,NA,NA,CHRONIC TOXICITY IN WATER TO AQUATIC ORGANISMS,NA,59473040,APPROVED,WQX.AliasMatch,NA
CIS-CHLORDANE,ALPHA-CHLORDANE,ALPHA-CHLORDANE,CHRORDANE,5103719,5103719,APPROVED,WQX.AliasMatch,NA
CHRYSENE,CHRYSENE,CHRYSENE,CHRYSENE,218019,218019,APPROVED,WQX.AliasMatch,NA
CHRYSENE,CHRYSENE,CHRYSENE,CHRYSENE IN FISH TISSUE,218019,218019,APPROVED,WQX.AliasMatch,NA
GENERAL OBSERVATION (TEXT),NA,NA,CHS,NA,,APPROVED,WQX.AliasMatch,NA
BIO-TOXIN,NA,NA,CIGUATERA FISH POISONING (CFP) BIOTOXINS,NA,,APPROVED,WQX.AliasMatch,NA
CINERIN I,NA,NA,CINERIN I,NA,25402066,APPROVED,WQX.AliasMatch,NA
"CIS-1,2-DICHLOROETHYLENE","1,2-CIS-DICHLOROETHYLENE","1,2-CIS-DICHLOROETHYLENE","CIS-1,2-DICHLOROETHYLENE",156592,156592,APPROVED,WQX.AliasMatch,NA
CIS-CHLORDANE,ALPHA-CHLORDANE,ALPHA-CHLORDANE,CIS-CHLORDANE,5103719,5103719,APPROVED,WQX.AliasMatch,NA
CIS-NONACHLOR,NA,NA,CIS-NONACHLOR,NA,5103731,APPROVED,WQX.AliasMatch,NA
GENERAL OBSERVATION (TEXT),NA,NA,CITIZEN MONITORING,NA,,APPROVED,WQX.AliasMatch,NA
"CLADOPHORA, VISUAL OBSERVATION",NA,NA,CLADOPHORA,NA,,APPROVED,WQX.AliasMatch,NA
GENERAL OBSERVATION (TEXT),NA,NA,CLARITY,NA,,APPROVED,WQX.AliasMatch,NA
CLOMAZONE,NA,NA,CLOMAZONE,NA,81777891,APPROVED,WQX.AliasMatch,NA
CLOPYRALID,CHLOPYRALID,CHLOPYRALID,CLOPYRALID,1702176,1702176,APPROVED,WQX.AliasMatch,NA
CLOTHIANIDIN,CLOTHIANIDIN,CLOTHIANIDIN,CLOTHIANIDIN,210880925,210880925,APPROVED,WQX.AliasMatch,NA
CYANIDE,CYANIDE,CYANIDE,CN,57125,57125,APPROVED,WQX.AliasMatch,NA
GENERAL OBSERVATION (TEXT),NA,NA,CNA-ALGAE,NA,,APPROVED,WQX.AliasMatch,NA
IRVINE INDEX OF BIOLOGICAL INTEGRITY,NA,NA,CNA-BIOLOGICAL,NA,,APPROVED,WQX.AliasMatch,NA
COAL,NA,NA,COAL ASH,NA,125612262,APPROVED,WQX.AliasMatch,NA
COAL TAR,NA,NA,COAL TAR,NA,8007452,APPROVED,WQX.AliasMatch,NA
SEDIMENT,NA,NA,COARSE SEDIMENT,NA,,APPROVED,WQX.AliasMatch,NA
COBALT,COBALT,COBALT,COBALT,7440484,7440484,APPROVED,WQX.AliasMatch,NA
GENERAL OBSERVATION (TEXT),NA,NA,COF,NA,,APPROVED,WQX.AliasMatch,NA
TOTAL COLIFORM,TOTAL COLIFORM,TOTAL COLIFORM,COLIFORMS,NA,,APPROVED,WQX.AliasMatch,NA
COLOR,COLOR,COLOR,COLOR,NA,,APPROVED,WQX.AliasMatch,NA
COLORED DISSOLVED ORGANIC MATTER (CDOM),NA,NA,COLORED DISSOLVED ORGANIC MATTER (CDOM),NA,,APPROVED,WQX.AliasMatch,NA
BENTHIC MACROINVERTEBRATE COMMUNITY,NA,NA,COMBINATION BENTHIC/FISHES BIOASSESSMENTS,NA,,APPROVED,WQX.AliasMatch,NA
BIO-TOXIN,NA,NA,COMBINED BIOTA/HABITAT BIOASSESSMENTS,NA,,APPROVED,WQX.AliasMatch,NA
GENERAL OBSERVATION (TEXT),NA,NA,COMMERCIAL FISHING BAN,NA,,APPROVED,WQX.AliasMatch,NA
TOTAL PCBS,NA,NA,COMMERCIAL FISHING BAN (PCBS),NA,,APPROVED,WQX.AliasMatch,NA
CONDUCTIVITY,CONDUCTIVITY,CONDUCTIVITY,CONDUCTIVITY,NA,,APPROVED,WQX.AliasMatch,NA
FISH TISSUE COLLECTED (Y/N) (CHOICE LIST),NA,NA,CONTAMINATED CRAB & SHRIMP TISSUE,NA,,APPROVED,WQX.AliasMatch,NA
FISH TISSUE COLLECTED (Y/N) (CHOICE LIST),NA,NA,CONTAMINATED FISH TISSUE,NA,,APPROVED,WQX.AliasMatch,NA
FILTER CONTAMINATION MASS,NA,NA,CONTAMINATED SEDIMENTS,NA,,APPROVED,WQX.AliasMatch,NA
ALUMINUM,ALUMINUM,ALUMINUM,CONTAMINATED SEDIMENTS (ALUM),7429905,7429905,APPROVED,WQX.AliasMatch,NA
ARSENIC,ARSENIC,ARSENIC,CONTAMINATED SEDIMENTS (ARSENIC),7440382,7440382,APPROVED,WQX.AliasMatch,NA
BENZ[A]ANTHRACENE,BENZ(A) ANTHRACENE,BENZO(A) ANTHRACENE,CONTAMINATED SEDIMENTS (BENZO[A]ANTHRACENE),56553,56553,APPROVED,WQX.AliasMatch,NA
BENZO[A]PYRENE,BENZO(A) PYRENE,BENZO(A) PYRENE,CONTAMINATED SEDIMENTS (BENZO[A]PYRENE),50328,50328,APPROVED,WQX.AliasMatch,NA
CADMIUM,CADMIUM,CADMIUM,CONTAMINATED SEDIMENTS (CADMIUM),7440439,7440439,APPROVED,WQX.AliasMatch,NA
CALCIUM,CALCIUM,CALCIUM,CONTAMINATED SEDIMENTS (CALCIUM),NA,7440702,APPROVED,WQX.AliasMatch,NA
CHLORDANE,CHLORDANE,CHLORDANE,CONTAMINATED SEDIMENTS (CHLORDANE),57749,57749,APPROVED,WQX.AliasMatch,NA
CHROMIUM,CHROMIUM,CHROMIUM,CONTAMINATED SEDIMENTS (CHROMIUM),7440473,7440473,APPROVED,WQX.AliasMatch,NA
CHRYSENE,CHRYSENE,CHRYSENE,CONTAMINATED SEDIMENTS (CHRYSENE),218019,218019,APPROVED,WQX.AliasMatch,NA
COPPER,COPPER,COPPER,CONTAMINATED SEDIMENTS (COPPER),7440508,7440508,APPROVED,WQX.AliasMatch,NA
FLUORANTHENE,FLUORANTHENE,FLUORANTHENE,CONTAMINATED SEDIMENTS (FLUORANTHENE),206440,206440,APPROVED,WQX.AliasMatch,NA
GOLD,NA,NA,CONTAMINATED SEDIMENTS (GOLD),NA,7440575,APPROVED,WQX.AliasMatch,NA
HYDROCARBONS,NA,NA,CONTAMINATED SEDIMENTS (HYDROCARBONS),NA,308067530,APPROVED,WQX.AliasMatch,NA
LEAD,LEAD,LEAD,CONTAMINATED SEDIMENTS (LEAD),7439921,7439921,APPROVED,WQX.AliasMatch,NA
MERCURY,MERCURY,MERCURY,CONTAMINATED SEDIMENTS (MERCURY),7439976,7439976,APPROVED,WQX.AliasMatch,NA
NICKEL,NICKEL,NICKEL,CONTAMINATED SEDIMENTS (NICKEL),7440020,7440020,APPROVED,WQX.AliasMatch,NA
POLYCYCLIC AROMATIC HYDROCARBONS,POLYCYCLIC AROMATIC HYDROCARBONS,POLYCYCLIC AROMATIC HYDROCARBONS (PAHS),CONTAMINATED SEDIMENTS (PAHS),NA,130498292,APPROVED,WQX.AliasMatch,NA
POLYCHLORINATED BIPHENYLS,PCBS,POLYCHLORINATED BIPHENYLS (PCBS),CONTAMINATED SEDIMENTS (PCBS),1336363,1336363,APPROVED,WQX.AliasMatch,NA
PHENANTHRENE,PHENANTHRENE,PHENANTHRENE,CONTAMINATED SEDIMENTS (PHENANTHRENE),85018,85018,APPROVED,WQX.AliasMatch,NA
PYRENE,PYRENE,PYRENE,CONTAMINATED SEDIMENTS (PYRENE),129000,129000,APPROVED,WQX.AliasMatch,NA
SILVER,SILVER,SILVER,CONTAMINATED SEDIMENTS (SILVER),7440224,7440224,APPROVED,WQX.AliasMatch,NA
ZINC,ZINC,ZINC,CONTAMINATED SEDIMENTS (ZINC),7440666,7440666,APPROVED,WQX.AliasMatch,NA
GENERAL OBSERVATION (TEXT),NA,NA,CONVENTIONALS,NA,,APPROVED,WQX.AliasMatch,NA
COPPER,COPPER,COPPER,COPPER,7440508,7440508,APPROVED,WQX.AliasMatch,NA
COPPER,COPPER,COPPER,COPPER IN FISH TISSUE,7440508,7440508,APPROVED,WQX.AliasMatch,NA
COPPER,COPPER,COPPER,COPPER IN SEDIMENT,7440508,7440508,APPROVED,WQX.AliasMatch,NA
COPPER,COPPER,COPPER,COPPER MANGANESE,7440508,7440508,APPROVED,WQX.AliasMatch,NA
COPPER,COPPER,COPPER,"COPPER, ACUTE",7440508,7440508,APPROVED,WQX.AliasMatch,NA
COPPER,COPPER,COPPER,"COPPER, CHRONIC",7440508,7440508,APPROVED,WQX.AliasMatch,NA
COPPER,COPPER,COPPER,"COPPER, DISSOLVED",7440508,7440508,APPROVED,WQX.AliasMatch,NA
COPPER,COPPER,COPPER,"COPPER, DISSOLVED - ACUTE",7440508,7440508,APPROVED,WQX.AliasMatch,NA
COPPER,COPPER,COPPER,"COPPER, DISSOLVED - CHRONIC",7440508,7440508,APPROVED,WQX.AliasMatch,NA
COPPER,COPPER,COPPER,"COPPER, TOTAL",7440508,7440508,APPROVED,WQX.AliasMatch,NA
COUMAPHOS,NA,NA,COUMAPHOS,NA,56724,APPROVED,WQX.AliasMatch,NA
CREOSOTE,NA,NA,CREOSOTE,NA,8001589,APPROVED,WQX.AliasMatch,NA
CRESOL,CRESOLS,CRESOLS,CRESOL (MIXED ISOMERS),1319773,1319773,APPROVED,WQX.AliasMatch,NA
CROTOXYPHOS,NA,NA,CROTOXYPHOS,NA,7700176,APPROVED,WQX.AliasMatch,NA
CRYPTOSPORIDIUM,CRYPTOSPORIDIUM,CRYPTOSPORIDIUM,CRYPTOSPORIDIUM,NA,137259508,APPROVED,WQX.AliasMatch,NA
CUMENE,NA,NA,CUMENE,NA,98828,APPROVED,WQX.AliasMatch,NA
TAXON PRESENT (Y/N) (CHOICE LIST),NA,NA,CURLY-LEAF PONDWEED,NA,,APPROVED,WQX.AliasMatch,NA
CYANAZINE,CYANIZINE,CYANIZINE,CYANAZINE,21725462,21725462,APPROVED,WQX.AliasMatch,NA
CYANIDE,CYANIDE,CYANIDE,CYANIDE,57125,57125,APPROVED,WQX.AliasMatch,NA
"CYANIDE, FREE",NA,NA,CYANIDE (AS FREE CYANIDE),NA,,APPROVED,WQX.AliasMatch,NA
CYANIDE,CYANIDE,CYANIDE,CYANIDE (SILVER AND ZINC IN EFFLUENT),57125,57125,APPROVED,WQX.AliasMatch,NA
"CYANIDE, AVAILABLE",NA,NA,"CYANIDE, AVAILABLE",NA,,APPROVED,WQX.AliasMatch,NA
MICROCYSTINS,NA,NA,CYANOBACTERIA HEPATOTOXIC MICROCYSTINS,NA,77238392,APPROVED,WQX.AliasMatch,NA
NODULARIN,NA,NA,CYANOBACTERIA HEPATOTOXIC NODULARINS,NA,118399227,APPROVED,WQX.AliasMatch,NA
ANATOXIN,NA,NA,CYANOBACTERIA NEUROTOXIC ANATOXINS,NA,,APPROVED,WQX.AliasMatch,NA
SAXITOXIN,NA,NA,CYANOBACTERIA NEUROTOXIC SAXITOXINS,NA,35523898,APPROVED,WQX.AliasMatch,NA
CYAZOFAMID,NA,NA,CYAZOFAMID,NA,120116883,APPROVED,WQX.AliasMatch,NA
CYCLOATE,NA,NA,CYCLOATE,NA,1134232,APPROVED,WQX.AliasMatch,NA
"CYCLOHEXANAMINE, N-ETHYL-1-PHENYL-",NA,NA,"CYCLOHEXANAMINE, N-ETHYL-1-PHENYL-",NA,2201152,APPROVED,WQX.AliasMatch,NA
CYCLOHEXANE,NA,NA,CYCLOHEXANE,NA,110827,APPROVED,WQX.AliasMatch,NA
CYFLUTHRIN,NA,NA,CYFLUTHRIN,NA,68359375,APPROVED,WQX.AliasMatch,NA
CYLINDROSPERMOPSIN,CYLINDROSPERMOPSIN,CYLINDROSPERMOPSIN,CYLINDROSPERMOPSIN,143545908,143545908,APPROVED,WQX.AliasMatch,NA
CYMENE,NA,NA,CYMENE,NA,25155151,APPROVED,WQX.AliasMatch,NA
BETA CYPERMETHRIN,NA,NA,CYPERMETHRIN,NA,52315078,APPROVED,WQX.AliasMatch,NA
CYPRODINIL,NA,NA,CYPRODINIL,NA,121552612,APPROVED,WQX.AliasMatch,NA
CHLORTHAL-DIMETHYL,DACTHAL,DCPA,DACTHAL,1861321,1861321,APPROVED,WQX.AliasMatch,NA
DALAPON,DALAPON,DALAPON,DALAPON,75990,75990,APPROVED,WQX.AliasMatch,NA
"P,P'-DDD","4,4'-DDD","P,P'-DICHLORODIPHENYLDICHLOROETHANE (DDD)",DDD,72548,72548,APPROVED,WQX.AliasMatch,NA
"P,P'-DDD","4,4'-DDD","P,P'-DICHLORODIPHENYLDICHLOROETHANE (DDD)",DDD (DICHLORODIPHENYLDICHLOROETHANE),72548,72548,APPROVED,WQX.AliasMatch,NA
"P,P'-DDD","4,4'-DDD","P,P'-DICHLORODIPHENYLDICHLOROETHANE (DDD)",DDD IN FISH TISSUE,72548,72548,APPROVED,WQX.AliasMatch,NA
"P,P'-DDD","4,4'-DDD","P,P'-DICHLORODIPHENYLDICHLOROETHANE (DDD)",DDD IN SEDIMENT,72548,72548,APPROVED,WQX.AliasMatch,NA
"P,P'-DDD","4,4'-DDD","P,P'-DICHLORODIPHENYLDICHLOROETHANE (DDD)",DDD IN SMALLMOUTH BUFFALO,72548,72548,APPROVED,WQX.AliasMatch,NA
"P,P'-DDE","4,4'-DDE","P,P'-DICHLORODIPHENYLDICHLOROETHYLENE (DDE)",DDE,72559,72559,APPROVED,WQX.AliasMatch,NA
"P,P'-DDE","4,4'-DDE","P,P'-DICHLORODIPHENYLDICHLOROETHYLENE (DDE)",DDE (DICHLORODIPHENYLDICHLOROETHYLENE),72559,72559,APPROVED,WQX.AliasMatch,NA
"P,P'-DDE","4,4'-DDE","P,P'-DICHLORODIPHENYLDICHLOROETHYLENE (DDE)",DDE IN FISH TISSUE,72559,72559,APPROVED,WQX.AliasMatch,NA
"P,P'-DDE","4,4'-DDE","P,P'-DICHLORODIPHENYLDICHLOROETHYLENE (DDE)",DDE IN SEDIMENT,72559,72559,APPROVED,WQX.AliasMatch,NA
"P,P'-DDT","4,4'-DDT","P,P'-DICHLORODIPHENYLTRICHLOROETHANE (DDT)",DDT,50293,50293,APPROVED,WQX.AliasMatch,NA
"P,P'-DDT","4,4'-DDT","P,P'-DICHLORODIPHENYLTRICHLOROETHANE (DDT)",DDT (DICHLORODIPHENYLTRICHLOROETHANE),50293,50293,APPROVED,WQX.AliasMatch,NA
"P,P'-DDT","4,4'-DDT","P,P'-DICHLORODIPHENYLTRICHLOROETHANE (DDT)",DDT IN FISH TISSUE,50293,50293,APPROVED,WQX.AliasMatch,NA
"P,P'-DDT","4,4'-DDT","P,P'-DICHLORODIPHENYLTRICHLOROETHANE (DDT)",DDT IN SEDIMENT,50293,50293,APPROVED,WQX.AliasMatch,NA
"P,P'-DDT","4,4'-DDT","P,P'-DICHLORODIPHENYLTRICHLOROETHANE (DDT)",DDT IN SMALLMOUTH BUFFALO,50293,50293,APPROVED,WQX.AliasMatch,NA
HEPTACHLOROBIPHENYL,NA,NA,DDT IN TISSUE,NA,28655712,APPROVED,WQX.AliasMatch,NA
HEPTACHLOROBIPHENYL,NA,NA,DDT IN TISSUE AND SEDIMENT,NA,28655712,APPROVED,WQX.AliasMatch,NA
"P,P'-DDT","4,4'-DDT","P,P'-DICHLORODIPHENYLTRICHLOROETHANE (DDT)",DDT METABOLITES,50293,50293,APPROVED,WQX.AliasMatch,NA
GENERAL OBSERVATION (TEXT),NA,NA,DE-ICERS,NA,,APPROVED,WQX.AliasMatch,NA
GENERAL OBSERVATION (TEXT),NA,NA,DE-ICING AGENTS,NA,,APPROVED,WQX.AliasMatch,NA
UNNATURAL FLOATING DEBRIS (CHOICE LIST),NA,NA,DEBRIS,NA,,APPROVED,WQX.AliasMatch,NA
UNNATURAL FLOATING DEBRIS (CHOICE LIST),NA,NA,DEBRIS/FLOATABLES/TRASH,NA,,APPROVED,WQX.AliasMatch,NA
UNNATURAL FLOATING DEBRIS (CHOICE LIST),NA,NA,DEBRIS/FOAM-SCUMS-FLOCS,NA,,APPROVED,WQX.AliasMatch,NA
2-CHLORO-4-ISOPROPYLAMINO-6-AMINO-S-TRIAZINE,NA,NA,DEETHYLATRAZINE,NA,6190654,APPROVED,WQX.AliasMatch,NA
AQUATIC HABITAT CHANGES PRESENT,NA,NA,DEGRADED HABITAT,NA,,APPROVED,WQX.AliasMatch,NA
AQUATIC HABITAT CHANGES PRESENT,NA,NA,DEGRADED SUBMERGED AQUATIC VEGETATION (SAV),NA,,APPROVED,WQX.AliasMatch,NA
DI(2-ETHYLHEXYL) PHTHALATE,BIS(2-ETHYLHEXYL) PHTHALATE,BIS(2-ETHYLHEXYL) PHTHALATE,DEHP (DI-SEC-OCTYL PHTHALATE),117817,117817,APPROVED,WQX.AliasMatch,NA
.DELTA.-HEXACHLOROCYCLOHEXANE,DELTA-BHC,HEXACHLOROCYCLOHEXANE DELTA,DELTA-BHC,319868,319868,APPROVED,WQX.AliasMatch,NA
.DELTA.-HEXACHLOROCYCLOHEXANE,DELTA-BHC,HEXACHLOROCYCLOHEXANE DELTA*,DELTA-BHC,NA,319868,APPROVED,WQX.AliasMatch,NA
.DELTA.-HEXACHLOROCYCLOHEXANE,DELTA-BHC*,HEXACHLOROCYCLOHEXANE DELTA,DELTA-BHC,NA,319868,APPROVED,WQX.AliasMatch,NA
.DELTA.-HEXACHLOROCYCLOHEXANE,DELTA-BHC*,HEXACHLOROCYCLOHEXANE DELTA*,DELTA-BHC,NA,319868,APPROVED,WQX.AliasMatch,NA
DELTAMETHRIN,NA,NA,DELTAMETHRIN,NA,52918635,APPROVED,WQX.AliasMatch,NA
DEMETON,DEMETON,DEMETON,DEMETON,8065483,8065483,APPROVED,WQX.AliasMatch,NA
2-CHLORO-4-ISOPROPYLAMINO-6-AMINO-S-TRIAZINE,NA,NA,DESETHYLATRAZINE,NA,6190654,APPROVED,WQX.AliasMatch,NA
GENERAL OBSERVATION (TEXT),NA,NA,DESIGNATED NEW,NA,,APPROVED,WQX.AliasMatch,NA
BENTHIC MACROINVERTEBRATE COMMUNITY,NA,NA,DESIGNATED USE STANDARD (BENTHIC),NA,,APPROVED,WQX.AliasMatch,NA
2-CHLORO-6-ETHYLAMINO-4-AMINO-S-TRIAZINE,NA,NA,DESISOPROYLATRAZINE,NA,,APPROVED,WQX.AliasMatch,NA
DESNITRO-IMIDACLOPRID,NA,NA,DESNITRO-IMIDACLOPRID,NA,,APPROVED,WQX.AliasMatch,NA
DEUTERIUM/HYDROGEN RATIO,NA,NA,DEUTERIUM/HYDROGEN RATIO,NA,,APPROVED,WQX.AliasMatch,NA
SOIL SATURATION EVIDENCE: DRY SEASON WATER TABLE (CHOICE LIST),NA,NA,DEWATERING,NA,,APPROVED,WQX.AliasMatch,NA
SOIL SATURATION EVIDENCE: DRY SEASON WATER TABLE (CHOICE LIST),NA,NA,DEWATERING-DAMS AND DIVERSIONS,NA,,APPROVED,WQX.AliasMatch,NA
SOIL SATURATION EVIDENCE: DRY SEASON WATER TABLE (CHOICE LIST),NA,NA,DEWATERING-GROUNDWATER WITHDRAWALS,NA,,APPROVED,WQX.AliasMatch,NA
SOIL SATURATION EVIDENCE: DRY SEASON WATER TABLE (CHOICE LIST),NA,NA,DEWATERING-MULTIPLE SOURCES,NA,,APPROVED,WQX.AliasMatch,NA
SOIL SATURATION EVIDENCE: DRY SEASON WATER TABLE (CHOICE LIST),NA,NA,DEWATERING-SURFACE WATER WITHDRAWALS,NA,,APPROVED,WQX.AliasMatch,NA
SOIL SATURATION EVIDENCE: DRY SEASON WATER TABLE (CHOICE LIST),NA,NA,DEWATERING-UNKNOWN SOURCE,NA,,APPROVED,WQX.AliasMatch,NA
DI(2-ETHYLHEXYL) ADIPATE,BIS(2-ETHYLHEXYL) ADIPATE,DI (2-ETHYLHEXYL) ADIPATE,DI(2-ETHYLHEXYL) ADIPATE,103231,103231,APPROVED,WQX.AliasMatch,NA
DI(2-ETHYLHEXYL) PHTHALATE,BIS(2-ETHYLHEXYL) PHTHALATE,BIS(2-ETHYLHEXYL) PHTHALATE,DI-2-ETHYLHEXYL PHTHALATE,117817,117817,APPROVED,WQX.AliasMatch,NA
DIBUTYL PHTHALATE,DIBUTYL PHTHALATE,DI-N-BUTYL PHTHALATE,DI-N-BUTYL PHTHALATE,84742,84742,APPROVED,WQX.AliasMatch,NA
DIBUTYL PHTHALATE,DIBUTYL PHTHALATE,DI-N-BUTYL PHTHALATE,DI-N-BUTYL PHTHALATE IN FISH TISSUE,84742,84742,APPROVED,WQX.AliasMatch,NA
DIBUTYL PHTHALATE,DIBUTYL PHTHALATE,DI-N-BUTYL PHTHALATE,DI-N-BUTYL PHTHALATE IN SEDIMENT,84742,84742,APPROVED,WQX.AliasMatch,NA
DI-N-OCTYL PHTHALATE,DI-N-OCTYL PHTHALATE,DI-N-OCTYL PHTHALATE,DI-N-OCTYL PHTHALATE,117840,117840,APPROVED,WQX.AliasMatch,NA
DI-N-OCTYL PHTHALATE,DI-N-OCTYL PHTHALATE,DI-N-OCTYL PHTHALATE,DI-N-OCTYL PHTHALATE IN SEDIMENT,117840,117840,APPROVED,WQX.AliasMatch,NA
DIALLATE,NA,NA,DIALLATE,NA,2303164,APPROVED,WQX.AliasMatch,NA
"2,4-TOLUENEDIAMINE",NA,NA,DIAMINOTOLUENE (MIXED ISOMERS),NA,95807,APPROVED,WQX.AliasMatch,NA
BIO-TOXIN,NA,NA,DIARRHETIC SHELLFISH POISONING (DSP) BIOTOXINS,NA,,APPROVED,WQX.AliasMatch,NA
DIAZINON,DIAZINON,DIAZINON,DIAZINON,333415,333415,APPROVED,WQX.AliasMatch,NA
DIBENZOFURAN,NA,NA,DIBENZOFURAN,NA,132649,APPROVED,WQX.AliasMatch,NA
DIBENZOFURAN,NA,NA,DIBENZOFURAN IN SEDIMENT,NA,132649,APPROVED,WQX.AliasMatch,NA
DIBENZOTHIOPHENE,NA,NA,DIBENZOTHIOPHENE,NA,132650,APPROVED,WQX.AliasMatch,NA
"DIBENZ[A,H]ANTHRACENE","DIBENZ(A,H)ANTHRACENE","DIBENZ(A,H)ANTHRACENE","DIBENZ[A,H]ANTHRACENE",53703,53703,APPROVED,WQX.AliasMatch,NA
"DIBENZ[A,H]ANTHRACENE","DIBENZ(A,H)ANTHRACENE","DIBENZ(A,H)ANTHRACENE","DIBENZ[A,H]ANTHRACENE IN FISH TISSUE",53703,53703,APPROVED,WQX.AliasMatch,NA
"DIBENZ[A,H]ANTHRACENE","DIBENZ(A,H)ANTHRACENE","DIBENZ(A,H)ANTHRACENE","DIBENZ[A,H]ANTHRACENE IN SEDIMENT",53703,53703,APPROVED,WQX.AliasMatch,NA
CHLORODIBROMOMETHANE,CHLORODIBROMOMETHANE,CHLORODIBROMOMETHANE,DIBROMOCHLOROMETHANE,124481,124481,APPROVED,WQX.AliasMatch,NA
DIBUTYL PHTHALATE,DIBUTYL PHTHALATE,DI-N-BUTYL PHTHALATE,DIBUTYL PHTHALATE,84742,84742,APPROVED,WQX.AliasMatch,NA
DICAMBA,DICAMBA,DICAMBA,DICAMBA,1918009,1918009,APPROVED,WQX.AliasMatch,NA
DICHLOBENIL,NA,NA,DICHLOBENIL,NA,1194656,APPROVED,WQX.AliasMatch,NA
DICHLOFENTHION,NA,NA,DICHLOFENTHION,NA,97176,APPROVED,WQX.AliasMatch,NA
DICHLOROBENZENE,DICHLOROBENZENE,DICHLOROBENZENE,DICHLOROBENZENE (MIXED ISOMERS),NA,25321226,APPROVED,WQX.AliasMatch,NA
DICHLOROBROMOMETHANE,BROMODICHLOROMETHANE,DICHLOROBROMOMETHANE,DICHLOROBROMOMETHANE,75274,75274,APPROVED,WQX.AliasMatch,NA
CFC-12,DICHLORODIFLUOROMETHANE,DICHLORODIFLUOROMETHANE,DICHLORODIFLUOROMETHANE,75718,75718,APPROVED,WQX.AliasMatch,NA
DICHLOROETHANE,NA,NA,DICHLOROETHANE,NA,1300216,APPROVED,WQX.AliasMatch,NA
DICHLOROETHANE,NA,NA,DICHLOROETHANE/PCBS,NA,1300216,APPROVED,WQX.AliasMatch,NA
HYDROCARBONS,NA,NA,DICHLOROETHANE/POLYCYCLIC AROMATIC HYDROCARBONS,NA,308067530,APPROVED,WQX.AliasMatch,NA
DICHLOROETHYLENE,NA,NA,"DICHLOROETHYLENE/1,1-DCE",NA,25323302,APPROVED,WQX.AliasMatch,NA
DICHLOROETHYLENE,NA,NA,DICHLOROETHYLENES,NA,25323302,APPROVED,WQX.AliasMatch,NA
METHYLENE CHLORIDE,DICHLOROMETHANE,METHYLENE CHLORIDE,DICHLOROMETHANE,75092,75092,APPROVED,WQX.AliasMatch,NA
DICHLOROPROPENE,DICHLOROPROPENE,DICHLOROPROPENE,DICHLOROPROPENES,26952238,26952238,APPROVED,WQX.AliasMatch,NA
DICHLOROTRIFLUOROETHANE,NA,NA,DICHLOROTRIFLUOROETHANE,NA,34077877,APPROVED,WQX.AliasMatch,NA
DICHLORPROP,DICHLORPROP*,DICHLORPROP*,DICHLORPROP,NA,120365,APPROVED,WQX.AliasMatch,NA
DICHLORVOS,DICHLORVOS,DICHLORVOS,DICHLORVOS,62737,62737,APPROVED,WQX.AliasMatch,NA
DICOFOL,DICOFOL,DICOFOL,DICOFOL,115322,115322,APPROVED,WQX.AliasMatch,NA
DICROTOPHOS,NA,NA,DICROTOPHOS,NA,141662,APPROVED,WQX.AliasMatch,NA
DIELDRIN,DIELDRIN,DIELDRIN,DIELDRIN,60571,60571,APPROVED,WQX.AliasMatch,NA
DIELDRIN,DIELDRIN,DIELDRIN,DIELDRIN IN FISH TISSUE,60571,60571,APPROVED,WQX.AliasMatch,NA
DIELDRIN,DIELDRIN,DIELDRIN,DIELDRIN IN SEDIMENT,60571,60571,APPROVED,WQX.AliasMatch,NA
DIELDRIN,DIELDRIN,DIELDRIN,DIELDRIN IN SMALLMOUTH BUFFALO,60571,60571,APPROVED,WQX.AliasMatch,NA
DIELDRIN,DIELDRIN,DIELDRIN,DIELDRIN IN TISSUE,60571,60571,APPROVED,WQX.AliasMatch,NA
DIESEL FUEL,NA,NA,DIESEL FUEL,NA,68334305,APPROVED,WQX.AliasMatch,NA
DIETHYL PHTHALATE,DIETHYL PHTHALATE,DIETHYL PHTHALATE,DIETHYL PHTHALATE,84662,84662,APPROVED,WQX.AliasMatch,NA
DIETHYL PHTHALATE,DIETHYL PHTHALATE,DIETHYL PHTHALATE,DIETHYL PHTHALATE IN FISH TISSUE,84662,84662,APPROVED,WQX.AliasMatch,NA
DIETHYL PHTHALATE,DIETHYL PHTHALATE,DIETHYL PHTHALATE,DIETHYL PHTHALATE IN SEDIMENT,84662,84662,APPROVED,WQX.AliasMatch,NA
DIFLUBENZURON,NA,NA,DIFLUBENZURON,NA,35367385,APPROVED,WQX.AliasMatch,NA
DIMETHOATE,DEMETHOATE,DEMETHOATE,DIMETHOATE,60515,60515,APPROVED,WQX.AliasMatch,NA
DIMETHOMORPH,NA,NA,DIMETHOMORPH,NA,110488705,APPROVED,WQX.AliasMatch,NA
DIMETHYL PHTHALATE,DIMETHYL PHTHALATE,DIMETHYL PHTHALATE,DIMETHYL PHTHALATE,131113,131113,APPROVED,WQX.AliasMatch,NA
DIMETHYL PHTHALATE,DIMETHYL PHTHALATE,DIMETHYL PHTHALATE,DIMETHYL PHTHALATE IN FISH TISSUE,131113,131113,APPROVED,WQX.AliasMatch,NA
DIMETHYL PHTHALATE,DIMETHYL PHTHALATE,DIMETHYL PHTHALATE,DIMETHYL PHTHALATE IN SEDIMENT,131113,131113,APPROVED,WQX.AliasMatch,NA
DIMETHYL PHTHALATE,DIMETHYL PHTHALATE,DIMETHYL PHTHALATE,DIMETHYL THALATE,131113,131113,APPROVED,WQX.AliasMatch,NA
"4,6-DINITRO-O-CRESOL","2-METHYL-4,6-DINITROPHENOL","2-METHYL-4,6-DINITROPHENOL",DINITRO-O-CRESOL,534521,534521,APPROVED,WQX.AliasMatch,NA
DINITROTOLUENE,NA,NA,DINITROTOLUENE,NA,25321146,APPROVED,WQX.AliasMatch,NA
DINOSEB,DINOSEB,DINOSEB,DINOSEB,88857,88857,APPROVED,WQX.AliasMatch,NA
DINOTEFURAN,NA,NA,DINOTEFURAN,NA,165252700,APPROVED,WQX.AliasMatch,NA
DIOXATHION,NA,NA,DIOXATHION,NA,78342,APPROVED,WQX.AliasMatch,NA
"2,3,7,8-TETRACHLORODIBENZO-P-DIOXIN","2,3,7,8-TCDD (DIOXIN)","2,3,7,8-TCDD (DIOXIN)",DIOXIN,1746016,1746016,APPROVED,WQX.AliasMatch,NA
"2,3,7,8-TETRACHLORODIBENZO-P-DIOXIN","2,3,7,8-TCDD (DIOXIN)","2,3,7,8-TCDD (DIOXIN)*",DIOXIN,NA,1746016,APPROVED,WQX.AliasMatch,NA
"2,3,7,8-TETRACHLORODIBENZO-P-DIOXIN","2,3,7,8-TCDD (DIOXIN)*","2,3,7,8-TCDD (DIOXIN)",DIOXIN,NA,1746016,APPROVED,WQX.AliasMatch,NA
"2,3,7,8-TETRACHLORODIBENZO-P-DIOXIN","2,3,7,8-TCDD (DIOXIN)*","2,3,7,8-TCDD (DIOXIN)*",DIOXIN,NA,1746016,APPROVED,WQX.AliasMatch,NA
"2,3,7,8-TETRACHLORODIBENZO-P-DIOXIN","2,3,7,8-TCDD (DIOXIN)","2,3,7,8-TCDD (DIOXIN)","DIOXIN (INCLUDING 2,3,7,8-TCDD)",1746016,1746016,APPROVED,WQX.AliasMatch,NA
"2,3,7,8-TETRACHLORODIBENZO-P-DIOXIN","2,3,7,8-TCDD (DIOXIN)","2,3,7,8-TCDD (DIOXIN)*","DIOXIN (INCLUDING 2,3,7,8-TCDD)",NA,1746016,APPROVED,WQX.AliasMatch,NA
"2,3,7,8-TETRACHLORODIBENZO-P-DIOXIN","2,3,7,8-TCDD (DIOXIN)*","2,3,7,8-TCDD (DIOXIN)","DIOXIN (INCLUDING 2,3,7,8-TCDD)",NA,1746016,APPROVED,WQX.AliasMatch,NA
"2,3,7,8-TETRACHLORODIBENZO-P-DIOXIN","2,3,7,8-TCDD (DIOXIN)*","2,3,7,8-TCDD (DIOXIN)*","DIOXIN (INCLUDING 2,3,7,8-TCDD)",NA,1746016,APPROVED,WQX.AliasMatch,NA
"2,3,7,8-TETRACHLORODIBENZO-P-DIOXIN","2,3,7,8-TCDD (DIOXIN)","2,3,7,8-TCDD (DIOXIN)","DIOXIN (INCLUDING 2,3,7,8-TCDD) IN FISH TISSUE",1746016,1746016,APPROVED,WQX.AliasMatch,NA
"2,3,7,8-TETRACHLORODIBENZO-P-DIOXIN","2,3,7,8-TCDD (DIOXIN)","2,3,7,8-TCDD (DIOXIN)*","DIOXIN (INCLUDING 2,3,7,8-TCDD) IN FISH TISSUE",NA,1746016,APPROVED,WQX.AliasMatch,NA
"2,3,7,8-TETRACHLORODIBENZO-P-DIOXIN","2,3,7,8-TCDD (DIOXIN)*","2,3,7,8-TCDD (DIOXIN)","DIOXIN (INCLUDING 2,3,7,8-TCDD) IN FISH TISSUE",NA,1746016,APPROVED,WQX.AliasMatch,NA
"2,3,7,8-TETRACHLORODIBENZO-P-DIOXIN","2,3,7,8-TCDD (DIOXIN)*","2,3,7,8-TCDD (DIOXIN)*","DIOXIN (INCLUDING 2,3,7,8-TCDD) IN FISH TISSUE",NA,1746016,APPROVED,WQX.AliasMatch,NA
"2,3,7,8-TETRACHLORODIBENZO-P-DIOXIN","2,3,7,8-TCDD (DIOXIN)","2,3,7,8-TCDD (DIOXIN)",DIOXIN - FISH CONSUMPTION ADVISORY,1746016,1746016,APPROVED,WQX.AliasMatch,NA
"2,3,7,8-TETRACHLORODIBENZO-P-DIOXIN","2,3,7,8-TCDD (DIOXIN)","2,3,7,8-TCDD (DIOXIN)*",DIOXIN - FISH CONSUMPTION ADVISORY,NA,1746016,APPROVED,WQX.AliasMatch,NA
"2,3,7,8-TETRACHLORODIBENZO-P-DIOXIN","2,3,7,8-TCDD (DIOXIN)*","2,3,7,8-TCDD (DIOXIN)",DIOXIN - FISH CONSUMPTION ADVISORY,NA,1746016,APPROVED,WQX.AliasMatch,NA
"2,3,7,8-TETRACHLORODIBENZO-P-DIOXIN","2,3,7,8-TCDD (DIOXIN)*","2,3,7,8-TCDD (DIOXIN)*",DIOXIN - FISH CONSUMPTION ADVISORY,NA,1746016,APPROVED,WQX.AliasMatch,NA
CHLORDANE,CHLORDANE,CHLORDANE,DIOXIN AND CHLORDANE IN FISH TISSUE,57749,57749,APPROVED,WQX.AliasMatch,NA
"2,3,7,8-TETRACHLORODIBENZO-P-DIOXIN","2,3,7,8-TCDD (DIOXIN)","2,3,7,8-TCDD (DIOXIN)",DIOXIN COMPOUNDS,1746016,1746016,APPROVED,WQX.AliasMatch,NA
"2,3,7,8-TETRACHLORODIBENZO-P-DIOXIN","2,3,7,8-TCDD (DIOXIN)","2,3,7,8-TCDD (DIOXIN)*",DIOXIN COMPOUNDS,NA,1746016,APPROVED,WQX.AliasMatch,NA
"2,3,7,8-TETRACHLORODIBENZO-P-DIOXIN","2,3,7,8-TCDD (DIOXIN)*","2,3,7,8-TCDD (DIOXIN)",DIOXIN COMPOUNDS,NA,1746016,APPROVED,WQX.AliasMatch,NA
"2,3,7,8-TETRACHLORODIBENZO-P-DIOXIN","2,3,7,8-TCDD (DIOXIN)*","2,3,7,8-TCDD (DIOXIN)*",DIOXIN COMPOUNDS,NA,1746016,APPROVED,WQX.AliasMatch,NA
"2,3,7,8-TETRACHLORODIBENZO-P-DIOXIN","2,3,7,8-TCDD (DIOXIN)","2,3,7,8-TCDD (DIOXIN)",DIOXIN IN CATFISH AND CRAB TISSUE,1746016,1746016,APPROVED,WQX.AliasMatch,NA
"2,3,7,8-TETRACHLORODIBENZO-P-DIOXIN","2,3,7,8-TCDD (DIOXIN)","2,3,7,8-TCDD (DIOXIN)*",DIOXIN IN CATFISH AND CRAB TISSUE,NA,1746016,APPROVED,WQX.AliasMatch,NA
"2,3,7,8-TETRACHLORODIBENZO-P-DIOXIN","2,3,7,8-TCDD (DIOXIN)*","2,3,7,8-TCDD (DIOXIN)",DIOXIN IN CATFISH AND CRAB TISSUE,NA,1746016,APPROVED,WQX.AliasMatch,NA
"2,3,7,8-TETRACHLORODIBENZO-P-DIOXIN","2,3,7,8-TCDD (DIOXIN)*","2,3,7,8-TCDD (DIOXIN)*",DIOXIN IN CATFISH AND CRAB TISSUE,NA,1746016,APPROVED,WQX.AliasMatch,NA
"2,3,7,8-TETRACHLORODIBENZO-P-DIOXIN","2,3,7,8-TCDD (DIOXIN)","2,3,7,8-TCDD (DIOXIN)",DIOXIN IN FISH TISSUE,1746016,1746016,APPROVED,WQX.AliasMatch,NA
"2,3,7,8-TETRACHLORODIBENZO-P-DIOXIN","2,3,7,8-TCDD (DIOXIN)","2,3,7,8-TCDD (DIOXIN)*",DIOXIN IN FISH TISSUE,NA,1746016,APPROVED,WQX.AliasMatch,NA
"2,3,7,8-TETRACHLORODIBENZO-P-DIOXIN","2,3,7,8-TCDD (DIOXIN)*","2,3,7,8-TCDD (DIOXIN)",DIOXIN IN FISH TISSUE,NA,1746016,APPROVED,WQX.AliasMatch,NA
"2,3,7,8-TETRACHLORODIBENZO-P-DIOXIN","2,3,7,8-TCDD (DIOXIN)*","2,3,7,8-TCDD (DIOXIN)*",DIOXIN IN FISH TISSUE,NA,1746016,APPROVED,WQX.AliasMatch,NA
SEDIMENT,NA,NA,DIOXIN IN SEDIMENT,NA,,APPROVED,WQX.AliasMatch,NA
"2,3,7,8-TETRACHLORODIBENZO-P-DIOXIN","2,3,7,8-TCDD (DIOXIN)","2,3,7,8-TCDD (DIOXIN)",DIOXIN TOXIC EQUIVALENTS,1746016,1746016,APPROVED,WQX.AliasMatch,NA
"2,3,7,8-TETRACHLORODIBENZO-P-DIOXIN","2,3,7,8-TCDD (DIOXIN)","2,3,7,8-TCDD (DIOXIN)*",DIOXIN TOXIC EQUIVALENTS,NA,1746016,APPROVED,WQX.AliasMatch,NA
"2,3,7,8-TETRACHLORODIBENZO-P-DIOXIN","2,3,7,8-TCDD (DIOXIN)*","2,3,7,8-TCDD (DIOXIN)",DIOXIN TOXIC EQUIVALENTS,NA,1746016,APPROVED,WQX.AliasMatch,NA
"2,3,7,8-TETRACHLORODIBENZO-P-DIOXIN","2,3,7,8-TCDD (DIOXIN)*","2,3,7,8-TCDD (DIOXIN)*",DIOXIN TOXIC EQUIVALENTS,NA,1746016,APPROVED,WQX.AliasMatch,NA
TOTAL DIOXINS,NA,NA,DIOXINS,NA,,APPROVED,WQX.AliasMatch,NA
TOTAL DIOXINS,NA,NA,"DIOXINS, TOTAL",NA,,APPROVED,WQX.AliasMatch,NA
TOTAL DIOXINS,NA,NA,DIOXINS/FURANS,NA,,APPROVED,WQX.AliasMatch,NA
DIPHENAMID,DIPHENAMID,DIPHENAMID,DIPHENAMID,957517,957517,APPROVED,WQX.AliasMatch,NA
DIQUAT,DIQUAT,DIQUAT,DIQUAT,85007,2764729,APPROVED,WQX.AliasMatch,NA
WETLAND HABITAT ALTERATION (Y/N) (CHOICE LIST),NA,NA,DIRECT HABITAT ALTERATIONS,NA,,APPROVED,WQX.AliasMatch,NA
"DISCHARGE, RIVER/STREAM",NA,NA,DISCHARGE TO ESTUARY,NA,,APPROVED,WQX.AliasMatch,NA
"DISCHARGE, RIVER/STREAM",NA,NA,DISCHARGE TO ESTUARY WITH WQS AT END OF PIPE ON FY91,NA,,APPROVED,WQX.AliasMatch,NA
"DISCHARGE, RIVER/STREAM",NA,NA,DISCHARGE TO ESTUARY WITH WQS AT END OF PIPE ON FY94,NA,,APPROVED,WQX.AliasMatch,NA
GENERAL OBSERVATION (TEXT),NA,NA,DISCOLORATION,NA,,APPROVED,WQX.AliasMatch,NA
GENERAL OBSERVATION (TEXT),NA,NA,DISINFECTION BY-PRODUCTS,NA,,APPROVED,WQX.AliasMatch,NA
COPPER,COPPER,COPPER,DISSOLVED AND TOTAL COPPER,7440508,7440508,APPROVED,WQX.AliasMatch,NA
DISSOLVED GASES - SATURATION,NA,NA,DISSOLVED GAS SUPERSATURATION,NA,,APPROVED,WQX.AliasMatch,NA
DISSOLVED GASES,DISSOLVED GASES,DISSOLVED GASES,DISSOLVED GASES,NA,,APPROVED,WQX.AliasMatch,NA
DISSOLVED INORGANIC NITROGEN/SOLUBLE REACTIVE PHOSPHORUS RATIO,NA,NA,DISSOLVED INORGANIC SUBSTANCE,NA,,APPROVED,WQX.AliasMatch,NA
CARBON,NA,NA,DISSOLVED ORGANIC CARBON (DOC),NA,7440440,APPROVED,WQX.AliasMatch,NA
DISSOLVED OXYGEN (DO),DISSOLVED OXYGEN,DISSOLVED OXYGEN,DISSOLVED OXYGEN,7782447,,APPROVED,WQX.AliasMatch,NA
DISSOLVED OXYGEN (DO),DISSOLVED OXYGEN,DISSOLVED OXYGEN,DISSOLVED OXYGEN - CRITICAL,7782447,,APPROVED,WQX.AliasMatch,NA
DISSOLVED OXYGEN (DO),DISSOLVED OXYGEN,DISSOLVED OXYGEN,DISSOLVED OXYGEN - PRIMARY,7782447,,APPROVED,WQX.AliasMatch,NA
DISSOLVED OXYGEN (DO),DISSOLVED OXYGEN,DISSOLVED OXYGEN,DISSOLVED OXYGEN DEFICIT,7782447,,APPROVED,WQX.AliasMatch,NA
DISSOLVED OXYGEN SATURATION,DISSOLVED OXYGEN*,NA,DISSOLVED OXYGEN SATURATION,NA,,APPROVED,WQX.AliasMatch,NA
DISSOLVED OXYGEN SATURATION,DISSOLVED OXYGEN*,NA,DISSOLVED OXYGEN SUPERSATURATION,NA,,APPROVED,WQX.AliasMatch,NA
TOTAL DISSOLVED SOLIDS,DISSOLVED SOLIDS,DISSOLVED SOLIDS,DISSOLVED SOLIDS,NA,,APPROVED,WQX.AliasMatch,NA
TOTAL DISSOLVED SOLIDS,DISSOLVED SOLIDS,TOTAL DISSOLVED SOLIDS,DISSOLVED SOLIDS,NA,,APPROVED,WQX.AliasMatch,NA
TOTAL DISSOLVED SOLIDS,TOTAL DISSOLVED SOLIDS,DISSOLVED SOLIDS,DISSOLVED SOLIDS,NA,,APPROVED,WQX.AliasMatch,NA
TOTAL DISSOLVED SOLIDS,TOTAL DISSOLVED SOLIDS,TOTAL DISSOLVED SOLIDS,DISSOLVED SOLIDS,NA,,APPROVED,WQX.AliasMatch,NA
DISULFOTON,DISULFOTON,DISULFOTON,DISULFOTON,298044,298044,APPROVED,WQX.AliasMatch,NA
DISULFOTON SULFONE,NA,NA,DISULFOTON SULFONE,NA,"	2497065",APPROVED,WQX.AliasMatch,NA
DITHIOPYR,NA,NA,DITHIOPYR,NA,97886458,APPROVED,WQX.AliasMatch,NA
DIURON,DIURON,DIURON,DIURON,330541,330541,APPROVED,WQX.AliasMatch,NA
"TEMPERATURE, WATER",NA,NA,DO/BOD TEMPERATURE,NA,,APPROVED,WQX.AliasMatch,NA
DODECYLBENZENE,NA,NA,DODECYLBENZENE,NA,123013,APPROVED,WQX.AliasMatch,NA
DODINE,NA,NA,DODINE,NA,"	2439103",APPROVED,WQX.AliasMatch,NA
INUNDATION EVIDENCE: DRAINAGE PATTERNS (CHOICE LIST),NA,NA,DRAINED,NA,,APPROVED,WQX.AliasMatch,NA
CHANNELIZATION TYPE,NA,NA,DREDGING OR CHANNELIZATION,NA,,APPROVED,WQX.AliasMatch,NA
FONOFOS,FONOFOS,FONOFOS,DYFONATE (FONOFOS OR FONOPHOS),944229,944229,APPROVED,WQX.AliasMatch,NA
BIS(2-CHLOROETHYL) ETHER,BIS(2-CHLOROETHYL) ETHER,BIS(2-CHLOROETHYL) ETHER,DICHLOROETHYL ETHER,111444,111444,APPROVED,WQX.AliasMatch,NA
BIS(2-CHLOROETHYL) ETHER,BIS(2-CHLOROETHYL) ETHER,BIS(2-CHLOROETHYL) ETHER,DIETHYLENE GLYCOL DICHLORIDE,111444,111444,APPROVED,WQX.AliasMatch,NA
ESCHERICHIA COLI,NA,NA,E. COLI - PRIMARY CONTACT RECREATION,NA,68583222,APPROVED,WQX.AliasMatch,NA
ESCHERICHIA COLI,NA,NA,E. COLI - SECONDARY CONTACT RECREATION,NA,68583222,APPROVED,WQX.AliasMatch,NA
IRVINE INDEX OF BIOLOGICAL INTEGRITY,NA,NA,ECOLOGICAL/BIOLOGICAL INTEGRITY BENTHOS,NA,,APPROVED,WQX.AliasMatch,NA
IRVINE INDEX OF BIOLOGICAL INTEGRITY,NA,NA,ECOLOGICAL/BIOLOGICAL INTEGRITY FISHCOM,NA,,APPROVED,WQX.AliasMatch,NA
TOX,NA,NA,EFFLUENT TOXICITY,NA,59473040,APPROVED,WQX.AliasMatch,NA
DIELDRIN,DIELDRIN,DIELDRIN,ELDRIN,60571,60571,APPROVED,WQX.AliasMatch,NA
EMBEDDEDNESS,NA,NA,EMBEDDEDNESS,NA,,APPROVED,WQX.AliasMatch,NA
ENDOSULFAN,ENDOSULFAN,ENDOSULFAN,ENDOSULFAN,115297,115297,APPROVED,WQX.AliasMatch,NA
ENDOSULFAN,ENDOSULFAN,ENDOSULFAN,ENDOSULFAN IN FISH TISSUE,115297,115297,APPROVED,WQX.AliasMatch,NA
ENDOSULFAN SULFATE,ENDOSULFAN SULFATE,ENDOSULFAN SULFATE,ENDOSULFAN SULFATE,1031078,1031078,APPROVED,WQX.AliasMatch,NA
ENDOSULFAN SULFATE,ENDOSULFAN SULFATE,ENDOSULFAN SULFATE,ENDOSULFAN SULFATE IN FISH TISSUE,1031078,1031078,APPROVED,WQX.AliasMatch,NA
ENDOTHALL,ENDOTHALL,ENDOTHALL,ENDOTHALL,145733,145733,APPROVED,WQX.AliasMatch,NA
ENDRIN,ENDRIN,ENDRIN,ENDRIN,72208,72208,APPROVED,WQX.AliasMatch,NA
ENDRIN ALDEHYDE,ENDRIN ALDEHYDE,ENDRIN ALDEHYDE,ENDRIN ALDEHYDE,7421934,7421934,APPROVED,WQX.AliasMatch,NA
ENDRIN ALDEHYDE,ENDRIN ALDEHYDE,ENDRIN ALDEHYDE,ENDRIN ALDEHYDE IN FISH TISSUE,7421934,7421934,APPROVED,WQX.AliasMatch,NA
ENDRIN,ENDRIN,ENDRIN,ENDRIN IN FISH TISSUE,72208,72208,APPROVED,WQX.AliasMatch,NA
ENDRIN,ENDRIN,ENDRIN,ENDRIN IN SEDIMENT,72208,72208,APPROVED,WQX.AliasMatch,NA
ENDRIN,ENDRIN,ENDRIN,ENDRIN IN SMALLMOUTH BUFFALO,72208,72208,APPROVED,WQX.AliasMatch,NA
ENDRIN KETONE,ENDRIN KETONE,ENDRIN KETONE,ENDRIN KETONE,NA,53494705,APPROVED,WQX.AliasMatch,NA
GENERAL OBSERVATION (TEXT),NA,NA,ENTERIC VIRUSES,NA,,APPROVED,WQX.AliasMatch,NA
ENTEROCOCCUS,ENTEROCOCCI,ENTEROCOCCI,ENTEROCOCCUS,NA,,APPROVED,WQX.AliasMatch,NA
ENTEROCOCCUS,ENTEROCOCCI,ENTEROCOCCI*,ENTEROCOCCUS,NA,,APPROVED,WQX.AliasMatch,NA
ENTEROCOCCUS,ENTEROCOCCUS,ENTEROCOCCI,ENTEROCOCCUS,NA,,APPROVED,WQX.AliasMatch,NA
ENTEROCOCCUS,ENTEROCOCCUS,ENTEROCOCCI*,ENTEROCOCCUS,NA,,APPROVED,WQX.AliasMatch,NA
ENTEROCOCCUS,ENTEROCOCCI,ENTEROCOCCI,ENTEROCOCCUS BACTERIA,NA,,APPROVED,WQX.AliasMatch,NA
ENTEROCOCCUS,ENTEROCOCCI,ENTEROCOCCI*,ENTEROCOCCUS BACTERIA,NA,,APPROVED,WQX.AliasMatch,NA
ENTEROCOCCUS,ENTEROCOCCUS,ENTEROCOCCI,ENTEROCOCCUS BACTERIA,NA,,APPROVED,WQX.AliasMatch,NA
ENTEROCOCCUS,ENTEROCOCCUS,ENTEROCOCCI*,ENTEROCOCCUS BACTERIA,NA,,APPROVED,WQX.AliasMatch,NA
EPICHLOROHYDRIN,NA,NA,EPICHLOROHYDRIN,NA,106898,APPROVED,WQX.AliasMatch,NA
S-ETHYL DIPROPYLTHIOCARBAMATE,NA,NA,EPTAM,NA,759944,APPROVED,WQX.AliasMatch,NA
S-ETHYL DIPROPYLTHIOCARBAMATE,NA,NA,EPTC,NA,759944,APPROVED,WQX.AliasMatch,NA
EROSION CAUSES,NA,NA,EROSION,NA,,APPROVED,WQX.AliasMatch,NA
ESCHERICHIA COLI,NA,NA,ESCHERICHIA COLI (E. COLI),NA,68583222,APPROVED,WQX.AliasMatch,NA
ESFENVALERATE,NA,NA,ESFENVALERATE,NA,66230044,APPROVED,WQX.AliasMatch,NA
GENERAL OBSERVATION (TEXT),NA,NA,ESTUARINE BIOASSESSMENTS,NA,,APPROVED,WQX.AliasMatch,NA
ETHALFLURALIN,NA,NA,ETHALFLURALIN,NA,55283686,APPROVED,WQX.AliasMatch,NA
ETHANOL,NA,NA,ETHANOL,NA,64175,APPROVED,WQX.AliasMatch,NA
ETHYLENE DIBROMIDE,"1,2-DIBROMOETHANE","1,2-DIBROMOETHANE",ETHELYNE DIBROMIDE,106934,106934,APPROVED,WQX.AliasMatch,NA
ETHYLENE DIBROMIDE,"1,2-DIBROMOETHANE","1,2-DIBROMOETHANE*",ETHELYNE DIBROMIDE,NA,106934,APPROVED,WQX.AliasMatch,NA
ETHYLENE DIBROMIDE,"1,2-DIBROMOETHANE*","1,2-DIBROMOETHANE",ETHELYNE DIBROMIDE,NA,106934,APPROVED,WQX.AliasMatch,NA
ETHYLENE DIBROMIDE,"1,2-DIBROMOETHANE*","1,2-DIBROMOETHANE*",ETHELYNE DIBROMIDE,NA,106934,APPROVED,WQX.AliasMatch,NA
BIS(CHLOROMETHYL) ETHER,BIS(CHLOROMETHYL) ETHER,BIS(CHLOROMETHYL) ETHER,"ETHER, BIS CHLOROMETHYL",542881,542881,APPROVED,WQX.AliasMatch,NA
ETHION,ETHION,ETHION,ETHION,NA,563122,APPROVED,WQX.AliasMatch,NA
ETHOPROP,NA,NA,ETHOPROP,NA,13194484,APPROVED,WQX.AliasMatch,NA
ETHYL ETHER,NA,NA,ETHYL ETHER,NA,60297,APPROVED,WQX.AliasMatch,NA
ETHYLBENZENE,ETHYLBENZENE,ETHYLBENZENE,ETHYLBENZENE,100414,100414,APPROVED,WQX.AliasMatch,NA
ETHYLENE,NA,NA,ETHYLENE,NA,74851,APPROVED,WQX.AliasMatch,NA
ETHYLENE GLYCOL,ETHYLENE GLYCOL,ETHYLENE GLYCOL,ETHYLENE GLYCOL,107211,107211,APPROVED,WQX.AliasMatch,NA
ETHYLENE OXIDE,NA,NA,ETHYLENE OXIDE,NA,75218,APPROVED,WQX.AliasMatch,NA
ETHYLENE THIOUREA,NA,NA,ETHYLENE THIOUREA,NA,96457,APPROVED,WQX.AliasMatch,NA
ETOFENPROX,NA,NA,ETOFENPROX,NA,80844071,APPROVED,WQX.AliasMatch,NA
WATER,NA,NA,"EURASIAN WATER MILFOIL, MYRIOPHYLLUM SPICATUM",NA,7732185,APPROVED,WQX.AliasMatch,NA
WATER,NA,NA,EUROPEAN WATER CLOVER,NA,7732185,APPROVED,WQX.AliasMatch,NA
EUROPIUM,NA,NA,EUROPIUM,NA,7440531,APPROVED,WQX.AliasMatch,NA
GENERAL OBSERVATION (TEXT),NA,NA,EUTROPHICATION,NA,,APPROVED,WQX.AliasMatch,NA
CHLOROPHYLL A,CHLOROPHYLL A,CHLOROPHYLL A,EUTROPHICATION (NUTRIENTS/CHLOROPHYLL-A/TROPHIC STATE),NA,479618,APPROVED,WQX.AliasMatch,NA
GENERAL OBSERVATION (TEXT),NA,NA,"EUTROPHICATION, NUTRIENTS",NA,,APPROVED,WQX.AliasMatch,NA
GENERAL OBSERVATION (TEXT),NA,NA,EXCEEDANCE OF FISH TISSUE,NA,,APPROVED,WQX.AliasMatch,NA
GENERAL OBSERVATION (TEXT),NA,NA,EXCEEDANCE OF NUTRIENT SV,NA,,APPROVED,WQX.AliasMatch,NA
SEDIMENT,NA,NA,EXCEEDANCE OF SEDIMENT SV,NA,,APPROVED,WQX.AliasMatch,NA
GENERAL OBSERVATION (TEXT),NA,NA,EXCEEDS GEOMORPHIC THRESHOLD OR BANK STABILITY RAT,NA,,APPROVED,WQX.AliasMatch,NA
GROWTH,NA,NA,EXCESS ALGAL GROWTH,NA,,APPROVED,WQX.AliasMatch,NA
GENERAL OBSERVATION (TEXT),NA,NA,EXCESSIVE AQUATIC PLANTS,NA,,APPROVED,WQX.AliasMatch,NA
GROWTH,NA,NA,EXCESSIVE MACROPHYTE GROWTH,NA,,APPROVED,WQX.AliasMatch,NA
SOLIDS,NA,NA,EXCESSIVE SOLIDS DEPOSITS,NA,,APPROVED,WQX.AliasMatch,NA
NUMBER OF EXOTIC SPECIES,NA,NA,EXOTIC AQUATIC PLANTS,NA,,APPROVED,WQX.AliasMatch,NA
NUMBER OF EXOTIC SPECIES,NA,NA,EXOTIC FISH SPECIES,NA,,APPROVED,WQX.AliasMatch,NA
NUMBER OF EXOTIC SPECIES,NA,NA,EXOTIC PLANT SPECIES,NA,,APPROVED,WQX.AliasMatch,NA
NUMBER OF EXOTIC SPECIES,NA,NA,EXOTIC SPECIES,NA,,APPROVED,WQX.AliasMatch,NA
NUMBER OF EXOTIC SPECIES,NA,NA,EXOTIC VEGETATION,NA,,APPROVED,WQX.AliasMatch,NA
GENERAL OBSERVATION (TEXT),NA,NA,FAILED BIOASSAY,NA,,APPROVED,WQX.AliasMatch,NA
FAMPHUR,NA,NA,FAMPHUR,NA,52857,APPROVED,WQX.AliasMatch,NA
TAXON PRESENT (Y/N) (CHOICE LIST),NA,NA,FANWORT,NA,,APPROVED,WQX.AliasMatch,NA
FECAL BACTEROIDETES,NA,NA,FECAL,NA,,APPROVED,WQX.AliasMatch,NA
FECAL STREPTOCOCCUS GROUP BACTERIA,NA,NA,FECAL BACTERIA,NA,,APPROVED,WQX.AliasMatch,NA
FECAL COLIFORM,FECAL COLIFORM,FECAL COLIFORM,FECAL COLIFORM,NA,,APPROVED,WQX.AliasMatch,NA
FENAMIDONE,NA,NA,FENAMIDONE,NA,161326347,APPROVED,WQX.AliasMatch,NA
FENAMIPHOS,FENAMIPHOS,FENAMIPHOS,FENAMIPHOS,22224926,22224926,APPROVED,WQX.AliasMatch,NA
FENHEXAMID,NA,NA,FENHEXAMID,NA,126833178,APPROVED,WQX.AliasMatch,NA
FENITROTHION,NA,NA,FENITROTHION,NA,122145,APPROVED,WQX.AliasMatch,NA
FENPROPATHRIN,DANITOL,DANITOL,FENPROPATHRIN,39515418,39515418,APPROVED,WQX.AliasMatch,NA
FENPYROXIMATE,NA,NA,FENPYROXIMATE,NA,134098616,APPROVED,WQX.AliasMatch,NA
FENSULFOTHION,NA,NA,FENSULFOTHION,NA,115902,APPROVED,WQX.AliasMatch,NA
FENTHION,NA,NA,FENTHION,NA,55389,APPROVED,WQX.AliasMatch,NA
FENURON,NA,NA,FENURON,NA,101428,APPROVED,WQX.AliasMatch,NA
FENVALERATE,NA,NA,FENVALERATE,NA,51630581,APPROVED,WQX.AliasMatch,NA
FILAMENTOUS ALGAE COVER,NA,NA,FILAMENTOUS ALGAE,NA,,APPROVED,WQX.AliasMatch,NA
DISCHARGE - TIMED FILLING - VOLUME,NA,NA,FILLING AND DRAINING,NA,,APPROVED,WQX.AliasMatch,NA
SEDIMENT,NA,NA,FINE SEDIMENT,NA,,APPROVED,WQX.AliasMatch,NA
FIPRONIL,FIPRONIL,FIPRONIL,FIPRONIL,NA,120068373,APPROVED,WQX.AliasMatch,NA
FIPRONIL DESULFINYL,NA,NA,FIPRONIL DESULFINYL,NA,205650653,APPROVED,WQX.AliasMatch,NA
FIPRONIL SULFIDE,NA,NA,FIPRONIL SULFIDE,NA,120067836,APPROVED,WQX.AliasMatch,NA
FIPRONIL SULFONE,NA,NA,FIPRONIL SULFONE,NA,120068362,APPROVED,WQX.AliasMatch,NA
GENERAL OBSERVATION (TEXT),NA,NA,FISH ADVISORIES,NA,,APPROVED,WQX.AliasMatch,NA
TOTAL DIOXINS,NA,NA,FISH ADVISORIES - DIOXIN,NA,,APPROVED,WQX.AliasMatch,NA
MERCURY,MERCURY,MERCURY,FISH ADVISORIES - MERCURY,7439976,7439976,APPROVED,WQX.AliasMatch,NA
POLYBROMINATED BIPHENYLS,POLYBROMINATED BIPHENYLS,POLYBROMINATED BIPHENYLS,FISH ADVISORIES - PCB,NA,,APPROVED,WQX.AliasMatch,NA
SELENIUM,SELENIUM,SELENIUM,FISH ADVISORIES - SELENIUM,7782492,7782492,APPROVED,WQX.AliasMatch,NA
GENERAL OBSERVATION (TEXT),NA,NA,FISH ADVISORY - NO RESTRICTION,NA,,APPROVED,WQX.AliasMatch,NA
GENERAL OBSERVATION (TEXT),NA,NA,FISH ADVISORY-COMMERCIAL FISHING RESTRICTIONS,NA,,APPROVED,WQX.AliasMatch,NA
GENERAL OBSERVATION (TEXT),NA,NA,FISH AND MACROINVERTEBRATE COMMUNITIES RATED POOR,NA,,APPROVED,WQX.AliasMatch,NA
GENERAL OBSERVATION (TEXT),NA,NA,FISH BARRIERS,NA,,APPROVED,WQX.AliasMatch,NA
GENERAL OBSERVATION (TEXT),NA,NA,FISH BIOASSESSMENTS,NA,,APPROVED,WQX.AliasMatch,NA
FISH COMMUNITY,NA,NA,FISH COMMUNITY,NA,,APPROVED,WQX.AliasMatch,NA
GENERAL OBSERVATION (TEXT),NA,NA,FISH COMMUNITY IMBALANCE,NA,,APPROVED,WQX.AliasMatch,NA
FISH COMMUNITY,NA,NA,FISH COMMUNITY RATED POOR,NA,,APPROVED,WQX.AliasMatch,NA
GENERAL OBSERVATION (TEXT),NA,NA,FISH CONSUMPTION ADVISORY,NA,,APPROVED,WQX.AliasMatch,NA
ARSENIC,ARSENIC,ARSENIC,FISH CONSUMPTION ADVISORY - ARSENIC,7440382,7440382,APPROVED,WQX.AliasMatch,NA
CADMIUM,CADMIUM,CADMIUM,FISH CONSUMPTION ADVISORY - CADMIUM,7440439,7440439,APPROVED,WQX.AliasMatch,NA
CHLORDANE,CHLORDANE,CHLORDANE,FISH CONSUMPTION ADVISORY - CHLORDANE,57749,57749,APPROVED,WQX.AliasMatch,NA
"P,P'-DDD","4,4'-DDD","P,P'-DICHLORODIPHENYLDICHLOROETHANE (DDD)","FISH CONSUMPTION ADVISORY - DDE, DDD",72548,72548,APPROVED,WQX.AliasMatch,NA
"P,P'-DDT","4,4'-DDT","P,P'-DICHLORODIPHENYLTRICHLOROETHANE (DDT)","FISH CONSUMPTION ADVISORY - DDE, DDT",50293,50293,APPROVED,WQX.AliasMatch,NA
"P,P'-DDT","4,4'-DDT","P,P'-DICHLORODIPHENYLTRICHLOROETHANE (DDT)",FISH CONSUMPTION ADVISORY - DDT,50293,50293,APPROVED,WQX.AliasMatch,NA
DIELDRIN,DIELDRIN,DIELDRIN,FISH CONSUMPTION ADVISORY - DIELDRIN,60571,60571,APPROVED,WQX.AliasMatch,NA
"DIOXIN AND FURAN MIXTURE, UNSPECIFIED",NA,NA,FISH CONSUMPTION ADVISORY - DIOXIN,NA,,APPROVED,WQX.AliasMatch,NA
HEXACHLOROBENZENE,HEXACHLOROBENZENE,HEXACHLOROBENZENE,FISH CONSUMPTION ADVISORY - HEXACHLOROBENZE,118741,118741,APPROVED,WQX.AliasMatch,NA
LEAD,LEAD,LEAD,FISH CONSUMPTION ADVISORY - LEAD,7439921,7439921,APPROVED,WQX.AliasMatch,NA
MERCURY,MERCURY,MERCURY,FISH CONSUMPTION ADVISORY - MERCURY,7439976,7439976,APPROVED,WQX.AliasMatch,NA
MIREX,MIREX,MIREX,FISH CONSUMPTION ADVISORY - MIREX,2385855,2385855,APPROVED,WQX.AliasMatch,NA
POLYCYCLIC AROMATIC HYDROCARBONS,POLYCYCLIC AROMATIC HYDROCARBONS,POLYCYCLIC AROMATIC HYDROCARBONS (PAHS),FISH CONSUMPTION ADVISORY - PAHS,NA,130498292,APPROVED,WQX.AliasMatch,NA
POLYBROMINATED BIPHENYLS,POLYBROMINATED BIPHENYLS,POLYBROMINATED BIPHENYLS,FISH CONSUMPTION ADVISORY - PBB,NA,,APPROVED,WQX.AliasMatch,NA
POLYCHLORINATED BIPHENYLS,PCBS,POLYCHLORINATED BIPHENYLS (PCBS),FISH CONSUMPTION ADVISORY - PCBS,1336363,1336363,APPROVED,WQX.AliasMatch,NA
"2,3,7,8-TETRACHLORODIBENZO-P-DIOXIN","2,3,7,8-TCDD (DIOXIN)","2,3,7,8-TCDD (DIOXIN)",FISH CONSUMPTION ADVISORY - TCDD (DIOXINS),1746016,1746016,APPROVED,WQX.AliasMatch,NA
"2,3,7,8-TETRACHLORODIBENZO-P-DIOXIN","2,3,7,8-TCDD (DIOXIN)","2,3,7,8-TCDD (DIOXIN)*",FISH CONSUMPTION ADVISORY - TCDD (DIOXINS),NA,1746016,APPROVED,WQX.AliasMatch,NA
"2,3,7,8-TETRACHLORODIBENZO-P-DIOXIN","2,3,7,8-TCDD (DIOXIN)*","2,3,7,8-TCDD (DIOXIN)",FISH CONSUMPTION ADVISORY - TCDD (DIOXINS),NA,1746016,APPROVED,WQX.AliasMatch,NA
"2,3,7,8-TETRACHLORODIBENZO-P-DIOXIN","2,3,7,8-TCDD (DIOXIN)*","2,3,7,8-TCDD (DIOXIN)*",FISH CONSUMPTION ADVISORY - TCDD (DIOXINS),NA,1746016,APPROVED,WQX.AliasMatch,NA
LITTORAL FISH MICROHABITAT: COVER CLASS,NA,NA,FISH HABITAT,NA,,APPROVED,WQX.AliasMatch,NA
LITTORAL FISH MICROHABITAT: COVER CLASS,NA,NA,FISH HABITAT DEGRADATION,NA,,APPROVED,WQX.AliasMatch,NA
IRVINE INDEX OF BIOLOGICAL INTEGRITY,NA,NA,FISH IBI,NA,,APPROVED,WQX.AliasMatch,NA
AMMONIA,AMMONIA,AMMONIA,FISH KILL CAUSED BY AMMONIA,7664417,7664417,APPROVED,WQX.AliasMatch,NA
FISH KILL OBSERVATION,NA,NA,FISH KILL CAUSED BY ANIMAL WASTE,NA,,APPROVED,WQX.AliasMatch,NA
CHLORINE,CHLORINE,CHLORINE,FISH KILL CAUSED BY CHLORINE,7782505,7782505,APPROVED,WQX.AliasMatch,NA
FISH KILL OBSERVATION,NA,NA,FISH KILL CAUSED BY FERTILIZER SPILL,NA,,APPROVED,WQX.AliasMatch,NA
FISH KILL OBSERVATION,NA,NA,FISH KILL CAUSED BY FUEL SPILL,NA,,APPROVED,WQX.AliasMatch,NA
DISSOLVED OXYGEN (DO),DISSOLVED OXYGEN,DISSOLVED OXYGEN,FISH KILL CAUSED BY ORGANIC ENRICHMENT/LOW DISSOLVED OXYGEN,7782447,,APPROVED,WQX.AliasMatch,NA
"PESTICIDE MIX, UNSPECIFIED",NA,NA,FISH KILL CAUSED BY PESTICIDES,NA,,APPROVED,WQX.AliasMatch,NA
PETROLEUM,NA,NA,FISH KILL CAUSED BY PETROLEUM SPILL,NA,"	8002059",APPROVED,WQX.AliasMatch,NA
FISH KILL OBSERVATION,NA,NA,FISH KILL CAUSED BY SILAGE RUNOFF,NA,,APPROVED,WQX.AliasMatch,NA
FISH KILL OBSERVATION,NA,NA,FISH KILL CAUSED BY SPILL,NA,,APPROVED,WQX.AliasMatch,NA
FISH KILL OBSERVATION,NA,NA,FISH KILL CAUSED BY WASTEWATER,NA,,APPROVED,WQX.AliasMatch,NA
FISH KILL OBSERVATION,NA,NA,FISH KILL DUE TO NATURAL CAUSES,NA,,APPROVED,WQX.AliasMatch,NA
FISH KILL OBSERVATION,NA,NA,FISH KILL DUE TO THERMAL MODIFICATIONS,NA,,APPROVED,WQX.AliasMatch,NA
FISH KILL OBSERVATION,NA,NA,FISH KILL DUE TO UNKNOWN TOXICITY,NA,,APPROVED,WQX.AliasMatch,NA
FISH KILL OBSERVATION,NA,NA,FISH KILL(S),NA,,APPROVED,WQX.AliasMatch,NA
FISH KILL OBSERVATION,NA,NA,FISH MIGRATION INHIBITED,NA,,APPROVED,WQX.AliasMatch,NA
FISH KILL OBSERVATION,NA,NA,FISH PASSAGE BARRIER,NA,,APPROVED,WQX.AliasMatch,NA
FISH KILL OBSERVATION,NA,NA,FISH TISSUE,NA,,APPROVED,WQX.AliasMatch,NA
FISH KILL OBSERVATION,NA,NA,FISH TRAUMA,NA,,APPROVED,WQX.AliasMatch,NA
GENERAL OBSERVATION (TEXT),NA,NA,FISHES BIOASSESSMENTS (STREAMS),NA,,APPROVED,WQX.AliasMatch,NA
UNNATURAL FLOATING DEBRIS (CHOICE LIST),NA,NA,FLOATABLE DEBRIS,NA,,APPROVED,WQX.AliasMatch,NA
UNNATURAL FLOATING DEBRIS (CHOICE LIST),NA,NA,FLOATABLES,NA,,APPROVED,WQX.AliasMatch,NA
UNNATURAL FLOATING DEBRIS (CHOICE LIST),NA,NA,FLOATING DEBRIS,NA,,APPROVED,WQX.AliasMatch,NA
UNNATURAL FLOATING DEBRIS (CHOICE LIST),NA,NA,FLOATING MATERIAL,NA,,APPROVED,WQX.AliasMatch,NA
FLOATING SOLIDS OR FOAM,NA,NA,FLOATING SOLIDS,NA,,APPROVED,WQX.AliasMatch,NA
GENERAL OBSERVATION (TEXT),NA,NA,FLOCCULANT MASSES,NA,,APPROVED,WQX.AliasMatch,NA
FLOOD EVIDENCE (CHOICE LIST),NA,NA,FLOODING,NA,,APPROVED,WQX.AliasMatch,NA
FLOW,NA,NA,FLOW ALTERATION,NA,,APPROVED,WQX.AliasMatch,NA
FLOW,NA,NA,FLOW ALTERATION(S),NA,,APPROVED,WQX.AliasMatch,NA
FLOW,NA,NA,FLOW ALTERATION-CHANGES IN DEPTH AND FLOW VELOCITY,NA,,APPROVED,WQX.AliasMatch,NA
FLOW,NA,NA,FLOW ALTERATION/ HABITAT MODIFICATION,NA,,APPROVED,WQX.AliasMatch,NA
FLOW,NA,NA,"FLOW DISRUPTION, GROUNDWATER MINING, INADEQUATE HYDROLOGY",NA,,APPROVED,WQX.AliasMatch,NA
FLOW,NA,NA,FLOW MODIFICATION,NA,,APPROVED,WQX.AliasMatch,NA
FLOW,NA,NA,FLOW MODIFICATION/REGULATION,NA,,APPROVED,WQX.AliasMatch,NA
FLOW,NA,NA,FLOW REGIME MODIFICATION,NA,,APPROVED,WQX.AliasMatch,NA
FLOW,NA,NA,FLOW REGIME MODIFICATION-DIVERSIONS,NA,,APPROVED,WQX.AliasMatch,NA
FLOW,NA,NA,FLOW REGIME MODIFICATION-FARM PONDS,NA,,APPROVED,WQX.AliasMatch,NA
FLOW,NA,NA,FLOW REGIME MODIFICATION-HIGH FLOWS DUE TO IMPERVIOUS COVER,NA,,APPROVED,WQX.AliasMatch,NA
FLOW,NA,NA,FLOW REGIME MODIFICATION-HIGH FLOWS DUE TO STORMWATER,NA,,APPROVED,WQX.AliasMatch,NA
FLOW,NA,NA,FLOW REGIME MODIFICATION-INTERBASIN TRANSFER,NA,,APPROVED,WQX.AliasMatch,NA
FLOW,NA,NA,FLOW REGIME MODIFICATION-LARGE DAMS,NA,,APPROVED,WQX.AliasMatch,NA
FLOW,NA,NA,FLOW REGIME MODIFICATION-LOW HEAD DAMS,NA,,APPROVED,WQX.AliasMatch,NA
FLOW,NA,NA,FLOW REGIME MODIFICATION-MINING,NA,,APPROVED,WQX.AliasMatch,NA
FLOW,NA,NA,FLOW REGIME MODIFICATION-MULTIPLE SOURCES,NA,,APPROVED,WQX.AliasMatch,NA
FLOW,NA,NA,FLOW REGIME MODIFICATION-UNKNOWN SOURCE,NA,,APPROVED,WQX.AliasMatch,NA
FLOW,NA,NA,FLOW REGIME MODIFICATION-WITHDRAWALS GROUND WATER,NA,,APPROVED,WQX.AliasMatch,NA
FLOW,NA,NA,FLOW REGIME MODIFICATION-WITHDRAWALS SURFACE WATER,NA,,APPROVED,WQX.AliasMatch,NA
FLOW,NA,NA,FLOW REGIME SURROGATE,NA,,APPROVED,WQX.AliasMatch,NA
FLOW,NA,NA,FLOW REGULATION,NA,,APPROVED,WQX.AliasMatch,NA
FLOW,NA,NA,FLOW/HYDROLOGIC PROBLEMS,NA,,APPROVED,WQX.AliasMatch,NA
FLUAZINAM,NA,NA,FLUAZINAM,NA,79622596,APPROVED,WQX.AliasMatch,NA
FLUBENDIAMIDE,NA,NA,FLUBENDIAMIDE,NA,272451657,APPROVED,WQX.AliasMatch,NA
FLUMETSULAM,NA,NA,FLUMETSULAM,NA,98967409,APPROVED,WQX.AliasMatch,NA
FLUMIOXAZIN,NA,NA,FLUMIOXAZIN,NA,103361097,APPROVED,WQX.AliasMatch,NA
FLUOMETURON,FLUOMETURON,FLUOMETURON,FLUOMETURON,2164172,2164172,APPROVED,WQX.AliasMatch,NA
FLUOPICOLIDE,NA,NA,FLUOPICOLIDE,NA,,APPROVED,WQX.AliasMatch,NA
FLUORANTHENE,FLUORANTHENE,FLUORANTHENE,FLUORANTHENE,206440,206440,APPROVED,WQX.AliasMatch,NA
FLUORANTHENE,FLUORANTHENE,FLUORANTHENE,FLUORANTHENE IN FISH TISSUE,206440,206440,APPROVED,WQX.AliasMatch,NA
FLUORENE,FLUORENE,FLUORENE,FLUORENE,86737,86737,APPROVED,WQX.AliasMatch,NA
FLUORENE,FLUORENE,FLUORENE,FLUORENE IN FISH TISSUE,86737,86737,APPROVED,WQX.AliasMatch,NA
FLUORENE,FLUORENE,FLUORENE,FLUORENE IN SEDIMENT,86737,86737,APPROVED,WQX.AliasMatch,NA
FLUORESCENT DISSOLVED ORGANIC MATTER (FDOM),NA,NA,FLUORESCENT DISSOLVED ORGANIC MATTER (FDOM),NA,,APPROVED,WQX.AliasMatch,NA
FLUORIDE,FLUORIDE,FLUORIDE,FLUORIDE,7681494,16984488,APPROVED,WQX.AliasMatch,NA
FLUTOLANIL,NA,NA,FLUTOLANIL,NA,66332965,APPROVED,WQX.AliasMatch,NA
FLUVALINATE,NA,NA,FLUVALINATE,NA,69409945,APPROVED,WQX.AliasMatch,NA
FLOATING SOLIDS OR FOAM,NA,NA,FOAM/FLOCS/SCUM/OIL SLICKS,NA,,APPROVED,WQX.AliasMatch,NA
FONOFOS,FONOFOS,FONOFOS,FONOFOS,944229,944229,APPROVED,WQX.AliasMatch,NA
FORMALDEHYDE,FORMALDEHYDE,FORMALDEHYDE,FORMALDEHYDE,50000,50000,APPROVED,WQX.AliasMatch,NA
FORMIC ACID,NA,NA,FORMIC ACID,NA,64186,APPROVED,WQX.AliasMatch,NA
"CHLORINE, FREE RESIDUAL",NA,NA,FREE CHLORINE,NA,,APPROVED,WQX.AliasMatch,NA
MOTOR OIL,NA,NA,FUEL OIL,NA,,APPROVED,WQX.AliasMatch,NA
JET PROPULSION FUEL - 4,NA,NA,FUEL OIL NO. 4,NA,,APPROVED,WQX.AliasMatch,NA
FUEL OIL #5,NA,NA,FUEL OIL NO. 5,NA,70892114,APPROVED,WQX.AliasMatch,NA
FUEL OIL #6,NA,NA,FUEL OIL NO. 6,NA,68553004,APPROVED,WQX.AliasMatch,NA
FURAN,NA,NA,FURAN COMPOUNDS,NA,110009,APPROVED,WQX.AliasMatch,NA
FURAN,NA,NA,FURAN COMPOUNDS IN FISH TISSUE,NA,110009,APPROVED,WQX.AliasMatch,NA
FURAN,NA,NA,"FURANS, TOTAL",NA,110009,APPROVED,WQX.AliasMatch,NA
GALLIUM,NA,NA,GALLIUM,NA,7440553,APPROVED,WQX.AliasMatch,NA
DISSOLVED GASES - SATURATION,NA,NA,GAS SUPERSATURATION,NA,,APPROVED,WQX.AliasMatch,NA
GASOLINE,NA,NA,GASOLINE,NA,86290815,APPROVED,WQX.AliasMatch,NA
GENERAL OBSERVATION (TEXT),NA,NA,GENERAL WQS,NA,,APPROVED,WQX.AliasMatch,NA
GENERAL OBSERVATION (TEXT),NA,NA,GENERAL WQS (BENTHIC),NA,,APPROVED,WQX.AliasMatch,NA
GIARDIA LAMBLIA,NA,NA,GIARDIA LAMBLIA,NA,,APPROVED,WQX.AliasMatch,NA
GENERAL OBSERVATION (TEXT),NA,NA,GLEOTRICHIA BLOOMS,NA,,APPROVED,WQX.AliasMatch,NA
GLUFOSINATE,NA,NA,GLUFOSINATE,NA,51276472,APPROVED,WQX.AliasMatch,NA
GLYPHOSATE,GLYPHOSATE,GLYPHOSATE,GLYPHOSATE,1071836,1071836,APPROVED,WQX.AliasMatch,NA
GOLD,NA,NA,GOLD,NA,7440575,APPROVED,WQX.AliasMatch,NA
GOLD,NA,NA,GOLD IN SEDIMENT,NA,7440575,APPROVED,WQX.AliasMatch,NA
GROSS ALPHA RADIOACTIVITY,NA,NA,GROSS ALPHA,NA,,APPROVED,WQX.AliasMatch,NA
GENERAL OBSERVATION (TEXT),NA,NA,GROUNDWATER CONTAMINATION,NA,,APPROVED,WQX.AliasMatch,NA
"PESTICIDE MIX, UNSPECIFIED",NA,NA,GROUP A PESTICIDES,NA,,APPROVED,WQX.AliasMatch,NA
AZINPHOS-METHYL,AZINOPHOS,GUTHION,GUTHION,86500,86500,APPROVED,WQX.AliasMatch,NA
AZINPHOS-METHYL,AZINOPHOS,GUTHION,GUTHION(AZINPHOS-METHYL),86500,86500,APPROVED,WQX.AliasMatch,NA
GENERAL OBSERVATION (TEXT),NA,NA,HABITAT,NA,,APPROVED,WQX.AliasMatch,NA
GENERAL OBSERVATION (TEXT),NA,NA,HABITAT - BANK EROSION,NA,,APPROVED,WQX.AliasMatch,NA
GENERAL OBSERVATION (TEXT),NA,NA,HABITAT - CHANNEL,NA,,APPROVED,WQX.AliasMatch,NA
GENERAL OBSERVATION (TEXT),NA,NA,HABITAT - EMBEDDED,NA,,APPROVED,WQX.AliasMatch,NA
GENERAL OBSERVATION (TEXT),NA,NA,HABITAT - INSTREAM,NA,,APPROVED,WQX.AliasMatch,NA
WATER,NA,NA,HABITAT - WATER QUALITY,NA,7732185,APPROVED,WQX.AliasMatch,NA
GENERAL OBSERVATION (TEXT),NA,NA,HABITAT ALTERATIONS,NA,,APPROVED,WQX.AliasMatch,NA
GENERAL OBSERVATION (TEXT),NA,NA,HABITAT ALTERATIONS (DAM),NA,,APPROVED,WQX.AliasMatch,NA
GENERAL OBSERVATION (TEXT),NA,NA,HABITAT ALTERATIONS (OTHER THAN FLOW),NA,,APPROVED,WQX.AliasMatch,NA
GENERAL OBSERVATION (TEXT),NA,NA,HABITAT ASSESSMENT,NA,,APPROVED,WQX.AliasMatch,NA
GENERAL OBSERVATION (TEXT),NA,NA,HABITAT ASSESSMENT (LAKES),NA,,APPROVED,WQX.AliasMatch,NA
GENERAL OBSERVATION (TEXT),NA,NA,HABITAT ASSESSMENT (STREAMS),NA,,APPROVED,WQX.AliasMatch,NA
GENERAL OBSERVATION (TEXT),NA,NA,HABITAT DEGRADATION,NA,,APPROVED,WQX.AliasMatch,NA
GENERAL OBSERVATION (TEXT),NA,NA,HABITAT INDEX,NA,,APPROVED,WQX.AliasMatch,NA
GENERAL OBSERVATION (TEXT),NA,NA,HABITAT LOSS,NA,,APPROVED,WQX.AliasMatch,NA
GENERAL OBSERVATION (TEXT),NA,NA,HABITAT MODIFICATION,NA,,APPROVED,WQX.AliasMatch,NA
GENERAL OBSERVATION (TEXT),NA,NA,HALOMETHANES,NA,,APPROVED,WQX.AliasMatch,NA
HALOSULFURON-METHYL,NA,NA,HALOSULFURON-METHYL,NA,100784201,APPROVED,WQX.AliasMatch,NA
HARDNESS,HARDNESS,HARDNESS,HARDNESS,NA,,APPROVED,WQX.AliasMatch,NA
HARMFUL ALGAL BLOOMS PRESENT (Y/N) (CHOICE LIST),NA,NA,HARMFUL ALGAL BLOOMS,NA,,APPROVED,WQX.AliasMatch,NA
GENERAL OBSERVATION (TEXT),NA,NA,HAZARD INDEX COMPOUNDS,NA,,APPROVED,WQX.AliasMatch,NA
GENERAL OBSERVATION (TEXT),NA,NA,HAZARDOUS WASTE,NA,,APPROVED,WQX.AliasMatch,NA
GENERAL OBSERVATION (TEXT),NA,NA,HAZARDOUS WASTE REMEDIATION PROJECT (SUPERFUND),NA,,APPROVED,WQX.AliasMatch,NA
METALS,NA,NA,HEAVY METALS,NA,,APPROVED,WQX.AliasMatch,NA
METALS,NA,NA,HEAVY METALS (PRIORITY POLLUTANTS),NA,,APPROVED,WQX.AliasMatch,NA
HEPTACHLOR,HEPTACHLOR,HEPTACHLOR,HEPTACHLOR,76448,76448,APPROVED,WQX.AliasMatch,NA
HEPTACHLOR EPOXIDE,HEPTACHLOR EPOXIDE,HEPTACHLOR EPOXIDE,HEPTACHLOR EPOXIDE,1024573,1024573,APPROVED,WQX.AliasMatch,NA
HEPTACHLOR EPOXIDE,HEPTACHLOR EPOXIDE,HEPTACHLOR EPOXIDE,HEPTACHLOR EPOXIDE IN FISH TISSUE,1024573,1024573,APPROVED,WQX.AliasMatch,NA
HEPTACHLOR EPOXIDE,HEPTACHLOR EPOXIDE,HEPTACHLOR EPOXIDE,HEPTACHLOR EPOXIDE IN SEDIMENT,1024573,1024573,APPROVED,WQX.AliasMatch,NA
HEPTACHLOR EPOXIDE,HEPTACHLOR EPOXIDE,HEPTACHLOR EPOXIDE,HEPTACHLOR EPOXIDE IN SMALLMOUTH BUFFALO,1024573,1024573,APPROVED,WQX.AliasMatch,NA
HEPTACHLOR,HEPTACHLOR,HEPTACHLOR,HEPTACHLOR IN FISH TISSUE,76448,76448,APPROVED,WQX.AliasMatch,NA
HEPTACHLOR,HEPTACHLOR,HEPTACHLOR,HEPTACHLOR IN SMALLMOUTH BUFFALO,76448,76448,APPROVED,WQX.AliasMatch,NA
GENERAL OBSERVATION (TEXT),NA,NA,HEXACHLOROBENZE - FISH CONSUMPTION ADVISORY,NA,,APPROVED,WQX.AliasMatch,NA
HEXACHLOROBENZENE,HEXACHLOROBENZENE,HEXACHLOROBENZENE,HEXACHLOROBENZENE,118741,118741,APPROVED,WQX.AliasMatch,NA
HEXACHLOROBENZENE,HEXACHLOROBENZENE,HEXACHLOROBENZENE,HEXACHLOROBENZENE IN FISH TISSUE,118741,118741,APPROVED,WQX.AliasMatch,NA
HEXACHLOROBENZENE,HEXACHLOROBENZENE,HEXACHLOROBENZENE,HEXACHLOROBENZENE IN SEDIMENT,118741,118741,APPROVED,WQX.AliasMatch,NA
HEXACHLOROBENZENE,HEXACHLOROBENZENE,HEXACHLOROBENZENE,HEXACHLOROBENZENE IN SMALLMOUTH BUFFALO,118741,118741,APPROVED,WQX.AliasMatch,NA
HEXACHLOROBUTADIENE,HEXACHLOROBUTADIENE,HEXACHLOROBUTADIENE,HEXACHLOROBUTADIENE,87683,87683,APPROVED,WQX.AliasMatch,NA
HEXACHLOROBUTADIENE,HEXACHLOROBUTADIENE,HEXACHLOROBUTADIENE,HEXACHLOROBUTADIENE IN FISH TISSUE,87683,87683,APPROVED,WQX.AliasMatch,NA
HEXACHLOROBUTADIENE,HEXACHLOROBUTADIENE,HEXACHLOROBUTADIENE,HEXACHLOROBUTADIENE IN SEDIMENT,87683,87683,APPROVED,WQX.AliasMatch,NA
HEXACHLOROCYCLOHEXANE,HEXACHLOROCYCLOHEXANE,HEXACHLOROCYCLOHEXANE (HCH)-TECHNICAL*,HEXACHLOROCYCLOHEXANE,NA,27154445,APPROVED,WQX.AliasMatch,NA
.ALPHA.-HEXACHLOROCYCLOHEXANE,ALPHA-BHC,ALPHA-HEXACHLOROCYCLOHEXANE (HCH),HEXACHLOROCYCLOHEXANE (HCH),319846,319846,APPROVED,WQX.AliasMatch,NA
.ALPHA.-HEXACHLOROCYCLOHEXANE,ALPHA-BHC,ALPHA-HEXACHLOROCYCLOHEXANE (HCH)*,HEXACHLOROCYCLOHEXANE (HCH),NA,319846,APPROVED,WQX.AliasMatch,NA
.ALPHA.-HEXACHLOROCYCLOHEXANE,ALPHA-BHC,ALPHA-HEXACHLOROCYCLOHEXANE (HCH)**,HEXACHLOROCYCLOHEXANE (HCH),NA,319846,APPROVED,WQX.AliasMatch,NA
.ALPHA.-HEXACHLOROCYCLOHEXANE,ALPHA-BHC*,ALPHA-HEXACHLOROCYCLOHEXANE (HCH),HEXACHLOROCYCLOHEXANE (HCH),NA,319846,APPROVED,WQX.AliasMatch,NA
.ALPHA.-HEXACHLOROCYCLOHEXANE,ALPHA-BHC*,ALPHA-HEXACHLOROCYCLOHEXANE (HCH)*,HEXACHLOROCYCLOHEXANE (HCH),NA,319846,APPROVED,WQX.AliasMatch,NA
.ALPHA.-HEXACHLOROCYCLOHEXANE,ALPHA-BHC*,ALPHA-HEXACHLOROCYCLOHEXANE (HCH)**,HEXACHLOROCYCLOHEXANE (HCH),NA,319846,APPROVED,WQX.AliasMatch,NA
.ALPHA.-HEXACHLOROCYCLOHEXANE,ALPHA-BHC**,ALPHA-HEXACHLOROCYCLOHEXANE (HCH),HEXACHLOROCYCLOHEXANE (HCH),NA,319846,APPROVED,WQX.AliasMatch,NA
.ALPHA.-HEXACHLOROCYCLOHEXANE,ALPHA-BHC**,ALPHA-HEXACHLOROCYCLOHEXANE (HCH)*,HEXACHLOROCYCLOHEXANE (HCH),NA,319846,APPROVED,WQX.AliasMatch,NA
.ALPHA.-HEXACHLOROCYCLOHEXANE,ALPHA-BHC**,ALPHA-HEXACHLOROCYCLOHEXANE (HCH)**,HEXACHLOROCYCLOHEXANE (HCH),NA,319846,APPROVED,WQX.AliasMatch,NA
.ALPHA.-HEXACHLOROCYCLOHEXANE,ALPHA-BHC,ALPHA-HEXACHLOROCYCLOHEXANE (HCH),HEXACHLOROCYCLOHEXANE (MIXTURE),319846,319846,APPROVED,WQX.AliasMatch,NA
.ALPHA.-HEXACHLOROCYCLOHEXANE,ALPHA-BHC,ALPHA-HEXACHLOROCYCLOHEXANE (HCH)*,HEXACHLOROCYCLOHEXANE (MIXTURE),NA,319846,APPROVED,WQX.AliasMatch,NA
.ALPHA.-HEXACHLOROCYCLOHEXANE,ALPHA-BHC,ALPHA-HEXACHLOROCYCLOHEXANE (HCH)**,HEXACHLOROCYCLOHEXANE (MIXTURE),NA,319846,APPROVED,WQX.AliasMatch,NA
.ALPHA.-HEXACHLOROCYCLOHEXANE,ALPHA-BHC*,ALPHA-HEXACHLOROCYCLOHEXANE (HCH),HEXACHLOROCYCLOHEXANE (MIXTURE),NA,319846,APPROVED,WQX.AliasMatch,NA
.ALPHA.-HEXACHLOROCYCLOHEXANE,ALPHA-BHC*,ALPHA-HEXACHLOROCYCLOHEXANE (HCH)*,HEXACHLOROCYCLOHEXANE (MIXTURE),NA,319846,APPROVED,WQX.AliasMatch,NA
.ALPHA.-HEXACHLOROCYCLOHEXANE,ALPHA-BHC*,ALPHA-HEXACHLOROCYCLOHEXANE (HCH)**,HEXACHLOROCYCLOHEXANE (MIXTURE),NA,319846,APPROVED,WQX.AliasMatch,NA
.ALPHA.-HEXACHLOROCYCLOHEXANE,ALPHA-BHC**,ALPHA-HEXACHLOROCYCLOHEXANE (HCH),HEXACHLOROCYCLOHEXANE (MIXTURE),NA,319846,APPROVED,WQX.AliasMatch,NA
.ALPHA.-HEXACHLOROCYCLOHEXANE,ALPHA-BHC**,ALPHA-HEXACHLOROCYCLOHEXANE (HCH)*,HEXACHLOROCYCLOHEXANE (MIXTURE),NA,319846,APPROVED,WQX.AliasMatch,NA
.ALPHA.-HEXACHLOROCYCLOHEXANE,ALPHA-BHC**,ALPHA-HEXACHLOROCYCLOHEXANE (HCH)**,HEXACHLOROCYCLOHEXANE (MIXTURE),NA,319846,APPROVED,WQX.AliasMatch,NA
HEXACHLOROCYCLOHEXANE,HEXACHLOROCYCLOHEXANE,HEXACHLOROCYCLOHEXANE (HCH)-TECHNICAL*,HEXACHLOROCYCLOHEXANE IN FISH TISSUE,NA,27154445,APPROVED,WQX.AliasMatch,NA
HEXACHLOROCYCLOPENTADIENE,HEXACHLOROCYCLOPENTADIENE,HEXACHLOROCYCLOPENTADIENE,HEXACHLOROCYCLOPENTADIENE,77474,77474,APPROVED,WQX.AliasMatch,NA
HEXACHLOROCYCLOPENTADIENE,HEXACHLOROCYCLOPENTADIENE,HEXACHLOROCYCLOPENTADIENE,HEXACHLOROCYCLOPENTADIENE IN FISH TISSUE,77474,77474,APPROVED,WQX.AliasMatch,NA
HEXACHLOROETHANE,HEXACHLOROETHANE,HEXACHLOROETHANE,HEXACHLOROETHANE,67721,67721,APPROVED,WQX.AliasMatch,NA
HEXACHLOROETHANE,HEXACHLOROETHANE,HEXACHLOROETHANE,HEXACHLOROETHANE IN FISH TISSUE,67721,67721,APPROVED,WQX.AliasMatch,NA
HEXACHLOROPHENE,HEXACHLOROPHENE,HEXACHLOROPHENE,HEXACHLOROPHENE,70304,70304,APPROVED,WQX.AliasMatch,NA
HEXAMETHYLPHOSPHORAMIDE,NA,NA,HEXAMETHYLPHOSPHORAMIDE,NA,680319,APPROVED,WQX.AliasMatch,NA
HEXANE,NA,NA,HEXANE,NA,110543,APPROVED,WQX.AliasMatch,NA
HEXAZINONE,HEXAZINONE,HEXAZINONE,HEXAZINONE,51235042,51235042,APPROVED,WQX.AliasMatch,NA
COUNT,NA,NA,HIGH COLIFORM COUNT,NA,,APPROVED,WQX.AliasMatch,NA
FLOW,NA,NA,HIGH FLOW REGIME,NA,,APPROVED,WQX.AliasMatch,NA
POLYCYCLIC AROMATIC HYDROCARBONS,POLYCYCLIC AROMATIC HYDROCARBONS,POLYCYCLIC AROMATIC HYDROCARBONS (PAHS),HIGH MOLECULAR WEIGHT POLYCYCLIC AROMATIC HYDROCARBONS (HMW PAHS),NA,130498292,APPROVED,WQX.AliasMatch,NA
POLYCYCLIC AROMATIC HYDROCARBONS,POLYCYCLIC AROMATIC HYDROCARBONS,POLYCYCLIC AROMATIC HYDROCARBONS (PAHS),HIGH MOLECULAR WEIGHT POLYCYCLIC AROMATIC HYDROCARBONS (HMW PAHS) IN SEDIMENT,NA,130498292,APPROVED,WQX.AliasMatch,NA
"POLYCYCLIC AROMATIC HYDROCARBONS, HIGH MOLECULAR WEIGHT",NA,NA,HIGH MOLECULAR WEIGHT POLYCYCLIC AROMATIC HYDROCARBONS (HPAH),NA,,APPROVED,WQX.AliasMatch,NA
PH SATURATED PASTE,NA,NA,HIGH PH,NA,,APPROVED,WQX.AliasMatch,NA
GENERAL OBSERVATION (TEXT),NA,NA,HIGHLY MODIFIED,NA,,APPROVED,WQX.AliasMatch,NA
GENERAL OBSERVATION (TEXT),NA,NA,HINDRANCE TO FISH MIGRATION,NA,,APPROVED,WQX.AliasMatch,NA
GENERAL OBSERVATION (TEXT),NA,NA,HISTORIC POINT SOURCES - LEGACY POLLUTANTS,NA,,APPROVED,WQX.AliasMatch,NA
HOLMIUM,NA,NA,HOLMIUM,NA,7440600,APPROVED,WQX.AliasMatch,NA
"POLYCYCLIC AROMATIC HYDROCARBONS, HIGH MOLECULAR WEIGHT",NA,NA,HPAH,NA,,APPROVED,WQX.AliasMatch,NA
HYDRAZINE,NA,NA,HYDRAZINE,NA,302012,APPROVED,WQX.AliasMatch,NA
GENERAL OBSERVATION (TEXT),NA,NA,HYDRILLA,NA,,APPROVED,WQX.AliasMatch,NA
GENERAL OBSERVATION (TEXT),NA,NA,HYDRO,NA,,APPROVED,WQX.AliasMatch,NA
HYDROCARBONS,NA,NA,HYDROCARBONS,NA,308067530,APPROVED,WQX.AliasMatch,NA
HYDROCARBONS,NA,NA,HYDROCARBONS - NON PRIORITY,NA,308067530,APPROVED,WQX.AliasMatch,NA
HYDROCARBONS,NA,NA,HYDROCARBONS - PRIORITY ORGANICS,NA,308067530,APPROVED,WQX.AliasMatch,NA
HYDROCHLORIC ACID,NA,NA,HYDROCHLORIC ACID,NA,7647010,APPROVED,WQX.AliasMatch,NA
HYDROGEN CYANIDE,NA,NA,HYDROGEN CYANIDE,NA,74908,APPROVED,WQX.AliasMatch,NA
HYDROGEN SULFIDE,HYDROGEN SULFIDE,HYDROGEN SULFIDE,HYDROGEN SULFIDE,7783064,"	7783064",APPROVED,WQX.AliasMatch,NA
GENERAL OBSERVATION (TEXT),NA,NA,HYDROLOGIC MODIFICATION,NA,,APPROVED,WQX.AliasMatch,NA
GENERAL OBSERVATION (TEXT),NA,NA,HYDROMODIFICATION,NA,,APPROVED,WQX.AliasMatch,NA
HYDROQUINONE,HYDROQUINONE,HYDROQUINONE,HYDROQUINONE,123319,123319,APPROVED,WQX.AliasMatch,NA
HYDROXIDE,NA,NA,HYDROXIDE,NA,14280309,APPROVED,WQX.AliasMatch,NA
GENERAL OBSERVATION (TEXT),NA,NA,HYPOXIA,NA,,APPROVED,WQX.AliasMatch,NA
IMAZALIL,IMAZALIL,IMAZALIL,IMAZALIL,NA,35554440,APPROVED,WQX.AliasMatch,NA
IMAZAMOX,IMAZAMOX,IMAZAMOX,IMAZAMOX,114311329,114311329,APPROVED,WQX.AliasMatch,NA
IMAZAQUIN,NA,NA,IMAZAQUIN,NA,81335377,APPROVED,WQX.AliasMatch,NA
IMAZETHAPYR,IMAZETHAPYR,IMAZETHAPYR,IMAZETHAPYR,NA,81335775,APPROVED,WQX.AliasMatch,NA
IMIDACLOPRID,IMIDACLOPRID,IMIDACLOPRID,IMIDACLOPRID,138261413,138261413,APPROVED,WQX.AliasMatch,NA
IMIDACLOPRID,IMIDACLOPRID,IMIDACLOPRID,IMIDACLOPRID GUANIDINE OLEFIN,138261413,138261413,APPROVED,WQX.AliasMatch,NA
IMIDACLOPRID-OLEFIN,NA,NA,IMIDACLOPRID-OLEFIN,NA,115086549,APPROVED,WQX.AliasMatch,NA
IMIDACLOPRID-UREA,NA,NA,IMIDACLOPRID-UREA,NA,120868668,APPROVED,WQX.AliasMatch,NA
GENERAL OBSERVATION (TEXT),NA,NA,IMPAIRED BIOCOMM UPSTREAM,NA,,APPROVED,WQX.AliasMatch,NA
GENERAL OBSERVATION (TEXT),NA,NA,IMPAIRED BIOLOGIC COMMUNITY,NA,,APPROVED,WQX.AliasMatch,NA
GENERAL OBSERVATION (TEXT),NA,NA,IMPAIRED BIOTIC COMMUNITIES,NA,,APPROVED,WQX.AliasMatch,NA
GENERAL OBSERVATION (TEXT),NA,NA,IMPAIRED FISH COMMUNITY,NA,,APPROVED,WQX.AliasMatch,NA
GENERAL OBSERVATION (TEXT),NA,NA,IMPAIRED HABITAT,NA,,APPROVED,WQX.AliasMatch,NA
GENERAL OBSERVATION (TEXT),NA,NA,IMPAIRED MACROBENTHOS COMMUNITY,NA,,APPROVED,WQX.AliasMatch,NA
"INDENO[1,2,3-CD]PYRENE","INDENO (1,2,3-CD) PYRENE","INDENO(1,2,3-CD)PYRENE","INDENO[1,2,3-CD]PYRENE",193395,193395,APPROVED,WQX.AliasMatch,NA
"INDENO[1,2,3-CD]PYRENE","INDENO (1,2,3-CD) PYRENE","INDENO(1,2,3-CD)PYRENE","INDENO[1,2,3-CD]PYRENE IN FISH TISSUE",193395,193395,APPROVED,WQX.AliasMatch,NA
"INDENO[1,2,3-CD]PYRENE","INDENO (1,2,3-CD) PYRENE","INDENO(1,2,3-CD)PYRENE","INDENO[1,2,3-CD]PYRENE IN SEDIMENT",193395,193395,APPROVED,WQX.AliasMatch,NA
IRVINE INDEX OF BIOLOGICAL INTEGRITY,NA,NA,INDEX OF BIOLOGICAL INTEGRITY (IBI),NA,,APPROVED,WQX.AliasMatch,NA
GENERAL OBSERVATION (TEXT),NA,NA,INDICATOR BACTERIA,NA,,APPROVED,WQX.AliasMatch,NA
INDOXACARB,NA,NA,INDOXACARB,NA,173584446,APPROVED,WQX.AliasMatch,NA
INORGANIC CARBON,NA,NA,INORGANIC CARBON,NA,,APPROVED,WQX.AliasMatch,NA
MANNING'S COEFFICIENT,NA,NA,INORGANIC N,NA,,APPROVED,WQX.AliasMatch,NA
NITRATE,NITRATE,NITRATES,INORGANIC N: NITRATES,14797558,14797558,APPROVED,WQX.AliasMatch,NA
"INORGANIC NITROGEN (NO2, NO3, & NH3)",NA,NA,INORGANIC NITROGEN,NA,,APPROVED,WQX.AliasMatch,NA
INORGANIC PHOSPHORUS,NA,NA,INORGANIC PHOSPHORUS,NA,,APPROVED,WQX.AliasMatch,NA
SEDIMENT,NA,NA,INORGANIC SEDIMENT,NA,,APPROVED,WQX.AliasMatch,NA
GENERAL OBSERVATION (TEXT),NA,NA,INORGANICS,NA,,APPROVED,WQX.AliasMatch,NA
STREAM FLOW,NA,NA,INSTREAM FLOW,NA,,APPROVED,WQX.AliasMatch,NA
GENERAL OBSERVATION (TEXT),NA,NA,INUNDATION,NA,,APPROVED,WQX.AliasMatch,NA
GENERAL OBSERVATION (TEXT),NA,NA,INVASIVE AQUATIC ALGAE,NA,,APPROVED,WQX.AliasMatch,NA
INVASIVE SPECIES NAME,NA,NA,INVASIVE EXOTIC SPECIES,NA,,APPROVED,WQX.AliasMatch,NA
IPRODIONE,NA,NA,IPRODIONE,NA,36734197,APPROVED,WQX.AliasMatch,NA
IRON,IRON,IRON,IRON,7439896,7439896,APPROVED,WQX.AliasMatch,NA
IRON,IRON,IRON,IRON TOTAL RECOVERABLE,7439896,7439896,APPROVED,WQX.AliasMatch,NA
IRON,IRON,IRON,"IRON, DISSOLVED",7439896,7439896,APPROVED,WQX.AliasMatch,NA
IRON,IRON,IRON,"IRON, TOTAL",7439896,7439896,APPROVED,WQX.AliasMatch,NA
ISOBUTYRALDEHYDE,NA,NA,ISOBUTYRALDEHYDE,NA,78842,APPROVED,WQX.AliasMatch,NA
ISOPHORONE,ISOPHORONE,ISOPHORONE,ISOPHORONE,78591,78591,APPROVED,WQX.AliasMatch,NA
ISOPHORONE,ISOPHORONE,ISOPHORONE,ISOPHORONE IN FISH TISSUE,78591,78591,APPROVED,WQX.AliasMatch,NA
ISOPROPANOL,2-PROPANOL,2-PROPANOL,ISOPROPANOL,67630,67630,APPROVED,WQX.AliasMatch,NA
ISOPROPYL ETHER,NA,NA,ISOPROPYL ETHER,NA,108203,APPROVED,WQX.AliasMatch,NA
ISOSAFROLE,NA,NA,ISOSAFROLE,NA,120581,APPROVED,WQX.AliasMatch,NA
ISOXABEN,NA,NA,ISOXABEN,NA,82558507,APPROVED,WQX.AliasMatch,NA
GENERAL OBSERVATION (TEXT),NA,NA,JAPANESE KNOTWEED,NA,,APPROVED,WQX.AliasMatch,NA
JASMOLIN I,NA,NA,JASMOLIN I,NA,4466142,APPROVED,WQX.AliasMatch,NA
CHLORDECONE,KEPONE,KEPONE,KEPONE,143500,143500,APPROVED,WQX.AliasMatch,NA
CHLORDECONE,KEPONE,KEPONE,KEPONE IN FISH TISSUE,143500,143500,APPROVED,WQX.AliasMatch,NA
CHLORDECONE,KEPONE,KEPONE,KEPONE IN SEDIMENT,143500,143500,APPROVED,WQX.AliasMatch,NA
KEROSENE,NA,NA,KEROSENE,NA,8008206,APPROVED,WQX.AliasMatch,NA
KJELDAHL NITROGEN,NA,NA,KJELDAHL NITROGEN,NA,,APPROVED,WQX.AliasMatch,NA
KRESOXIM-METHYL,NA,NA,KRESOXIM-METHYL,NA,143390890,APPROVED,WQX.AliasMatch,NA
GENERAL OBSERVATION (TEXT),NA,NA,LACK OF A COLDWATER ASSEMBLAGE,NA,,APPROVED,WQX.AliasMatch,NA
GENERAL OBSERVATION (TEXT),NA,NA,LAKE BIOASSESSMENTS,NA,,APPROVED,WQX.AliasMatch,NA
.LAMBDA.-CYHALOTHRIN,NA,NA,LAMBDA-CYHALOTHRIN,NA,91465086,APPROVED,WQX.AliasMatch,NA
.LAMBDA.-CYHALOTHRIN,NA,NA,LAMDA-CYHALOTHRIN,NA,91465086,APPROVED,WQX.AliasMatch,NA
LANTHANUM,NA,NA,LANTHANUM,NA,7439910,APPROVED,WQX.AliasMatch,NA
LARGE WOODY DEBRIS - LWD DENSITY (CHOICE LIST),NA,NA,LARGE WOODY DEBRIS,NA,,APPROVED,WQX.AliasMatch,NA
GENERAL OBSERVATION (TEXT),NA,NA,LEACHATE,NA,,APPROVED,WQX.AliasMatch,NA
LEAD,LEAD,LEAD,LEAD,7439921,7439921,APPROVED,WQX.AliasMatch,NA
LEAD,LEAD,LEAD,LEAD IN FISH TISSUE,7439921,7439921,APPROVED,WQX.AliasMatch,NA
LEAD,LEAD,LEAD,LEAD IN SEDIMENT,7439921,7439921,APPROVED,WQX.AliasMatch,NA
LEAD,LEAD,LEAD,"LEAD, ACUTE",7439921,7439921,APPROVED,WQX.AliasMatch,NA
LEAD,LEAD,LEAD,"LEAD, CHRONIC",7439921,7439921,APPROVED,WQX.AliasMatch,NA
LEAD,LEAD,LEAD,"LEAD, DISSOLVED",7439921,7439921,APPROVED,WQX.AliasMatch,NA
LEAD,LEAD,LEAD,"LEAD, DISSOLVED - ACUTE",7439921,7439921,APPROVED,WQX.AliasMatch,NA
LEAD,LEAD,LEAD,"LEAD, DISSOLVED - CHRONIC",7439921,7439921,APPROVED,WQX.AliasMatch,NA
LEAD,LEAD,LEAD,"LEAD, TOTAL",7439921,7439921,APPROVED,WQX.AliasMatch,NA
WATER,NA,NA,LEGACY NUTRIENT LISTING NO WATER QUALITY STANDARD,NA,7732185,APPROVED,WQX.AliasMatch,NA
SEDIMENT,NA,NA,LEGACY SEDIMENT LISTING NO WATER QUALITY STANDARD,NA,,APPROVED,WQX.AliasMatch,NA
LEPTOPHOS,NA,NA,LEPTOPHOS,NA,21609905,APPROVED,WQX.AliasMatch,NA
LIGHT ATTENUATION COEFFICIENT,NA,NA,LIGHT ATTENUATION COEFFICIENT,NA,,APPROVED,WQX.AliasMatch,NA
LINDANE,BENZENE HEXACHLORIDE-GAMMA (LINDANE),GAMMA-HEXACHLOROCYCLOHEXANE (HCH) (LINDANE),LINDANE,58899,58899,APPROVED,WQX.AliasMatch,NA
LINDANE,BENZENE HEXACHLORIDE-GAMMA (LINDANE),GAMMA-HEXACHLOROCYCLOHEXANE (HCH) (LINDANE)*,LINDANE,NA,58899,APPROVED,WQX.AliasMatch,NA
LINDANE,BENZENE HEXACHLORIDE-GAMMA (LINDANE),GAMMA-HEXACHLOROCYCLOHEXANE (HCH) (LINDANE)**,LINDANE,NA,58899,APPROVED,WQX.AliasMatch,NA
LINDANE,BENZENE HEXACHLORIDE-GAMMA (LINDANE)*,GAMMA-HEXACHLOROCYCLOHEXANE (HCH) (LINDANE),LINDANE,NA,58899,APPROVED,WQX.AliasMatch,NA
LINDANE,BENZENE HEXACHLORIDE-GAMMA (LINDANE)*,GAMMA-HEXACHLOROCYCLOHEXANE (HCH) (LINDANE)*,LINDANE,NA,58899,APPROVED,WQX.AliasMatch,NA
LINDANE,BENZENE HEXACHLORIDE-GAMMA (LINDANE)*,GAMMA-HEXACHLOROCYCLOHEXANE (HCH) (LINDANE)**,LINDANE,NA,58899,APPROVED,WQX.AliasMatch,NA
LINDANE,BENZENE HEXACHLORIDE-GAMMA (LINDANE)**,GAMMA-HEXACHLOROCYCLOHEXANE (HCH) (LINDANE),LINDANE,NA,58899,APPROVED,WQX.AliasMatch,NA
LINDANE,BENZENE HEXACHLORIDE-GAMMA (LINDANE)**,GAMMA-HEXACHLOROCYCLOHEXANE (HCH) (LINDANE)*,LINDANE,NA,58899,APPROVED,WQX.AliasMatch,NA
LINDANE,BENZENE HEXACHLORIDE-GAMMA (LINDANE)**,GAMMA-HEXACHLOROCYCLOHEXANE (HCH) (LINDANE)**,LINDANE,NA,58899,APPROVED,WQX.AliasMatch,NA
LINDANE,BENZENE HEXACHLORIDE-GAMMA (LINDANE),GAMMA-HEXACHLOROCYCLOHEXANE (HCH) (LINDANE),LINDANE IN FISH TISSUE,58899,58899,APPROVED,WQX.AliasMatch,NA
LINDANE,BENZENE HEXACHLORIDE-GAMMA (LINDANE),GAMMA-HEXACHLOROCYCLOHEXANE (HCH) (LINDANE)*,LINDANE IN FISH TISSUE,NA,58899,APPROVED,WQX.AliasMatch,NA
LINDANE,BENZENE HEXACHLORIDE-GAMMA (LINDANE),GAMMA-HEXACHLOROCYCLOHEXANE (HCH) (LINDANE)**,LINDANE IN FISH TISSUE,NA,58899,APPROVED,WQX.AliasMatch,NA
LINDANE,BENZENE HEXACHLORIDE-GAMMA (LINDANE)*,GAMMA-HEXACHLOROCYCLOHEXANE (HCH) (LINDANE),LINDANE IN FISH TISSUE,NA,58899,APPROVED,WQX.AliasMatch,NA
LINDANE,BENZENE HEXACHLORIDE-GAMMA (LINDANE)*,GAMMA-HEXACHLOROCYCLOHEXANE (HCH) (LINDANE)*,LINDANE IN FISH TISSUE,NA,58899,APPROVED,WQX.AliasMatch,NA
LINDANE,BENZENE HEXACHLORIDE-GAMMA (LINDANE)*,GAMMA-HEXACHLOROCYCLOHEXANE (HCH) (LINDANE)**,LINDANE IN FISH TISSUE,NA,58899,APPROVED,WQX.AliasMatch,NA
LINDANE,BENZENE HEXACHLORIDE-GAMMA (LINDANE)**,GAMMA-HEXACHLOROCYCLOHEXANE (HCH) (LINDANE),LINDANE IN FISH TISSUE,NA,58899,APPROVED,WQX.AliasMatch,NA
LINDANE,BENZENE HEXACHLORIDE-GAMMA (LINDANE)**,GAMMA-HEXACHLOROCYCLOHEXANE (HCH) (LINDANE)*,LINDANE IN FISH TISSUE,NA,58899,APPROVED,WQX.AliasMatch,NA
LINDANE,BENZENE HEXACHLORIDE-GAMMA (LINDANE)**,GAMMA-HEXACHLOROCYCLOHEXANE (HCH) (LINDANE)**,LINDANE IN FISH TISSUE,NA,58899,APPROVED,WQX.AliasMatch,NA
LINDANE,BENZENE HEXACHLORIDE-GAMMA (LINDANE),GAMMA-HEXACHLOROCYCLOHEXANE (HCH) (LINDANE),LINDANE IN SEDIMENT,58899,58899,APPROVED,WQX.AliasMatch,NA
LINDANE,BENZENE HEXACHLORIDE-GAMMA (LINDANE),GAMMA-HEXACHLOROCYCLOHEXANE (HCH) (LINDANE)*,LINDANE IN SEDIMENT,NA,58899,APPROVED,WQX.AliasMatch,NA
LINDANE,BENZENE HEXACHLORIDE-GAMMA (LINDANE),GAMMA-HEXACHLOROCYCLOHEXANE (HCH) (LINDANE)**,LINDANE IN SEDIMENT,NA,58899,APPROVED,WQX.AliasMatch,NA
LINDANE,BENZENE HEXACHLORIDE-GAMMA (LINDANE)*,GAMMA-HEXACHLOROCYCLOHEXANE (HCH) (LINDANE),LINDANE IN SEDIMENT,NA,58899,APPROVED,WQX.AliasMatch,NA
LINDANE,BENZENE HEXACHLORIDE-GAMMA (LINDANE)*,GAMMA-HEXACHLOROCYCLOHEXANE (HCH) (LINDANE)*,LINDANE IN SEDIMENT,NA,58899,APPROVED,WQX.AliasMatch,NA
LINDANE,BENZENE HEXACHLORIDE-GAMMA (LINDANE)*,GAMMA-HEXACHLOROCYCLOHEXANE (HCH) (LINDANE)**,LINDANE IN SEDIMENT,NA,58899,APPROVED,WQX.AliasMatch,NA
LINDANE,BENZENE HEXACHLORIDE-GAMMA (LINDANE)**,GAMMA-HEXACHLOROCYCLOHEXANE (HCH) (LINDANE),LINDANE IN SEDIMENT,NA,58899,APPROVED,WQX.AliasMatch,NA
LINDANE,BENZENE HEXACHLORIDE-GAMMA (LINDANE)**,GAMMA-HEXACHLOROCYCLOHEXANE (HCH) (LINDANE)*,LINDANE IN SEDIMENT,NA,58899,APPROVED,WQX.AliasMatch,NA
LINDANE,BENZENE HEXACHLORIDE-GAMMA (LINDANE)**,GAMMA-HEXACHLOROCYCLOHEXANE (HCH) (LINDANE)**,LINDANE IN SEDIMENT,NA,58899,APPROVED,WQX.AliasMatch,NA
LINDANE,BENZENE HEXACHLORIDE-GAMMA (LINDANE),GAMMA-HEXACHLOROCYCLOHEXANE (HCH) (LINDANE),LINDANE IN SMALLMOUTH BUFFALO,58899,58899,APPROVED,WQX.AliasMatch,NA
LINDANE,BENZENE HEXACHLORIDE-GAMMA (LINDANE),GAMMA-HEXACHLOROCYCLOHEXANE (HCH) (LINDANE)*,LINDANE IN SMALLMOUTH BUFFALO,NA,58899,APPROVED,WQX.AliasMatch,NA
LINDANE,BENZENE HEXACHLORIDE-GAMMA (LINDANE),GAMMA-HEXACHLOROCYCLOHEXANE (HCH) (LINDANE)**,LINDANE IN SMALLMOUTH BUFFALO,NA,58899,APPROVED,WQX.AliasMatch,NA
LINDANE,BENZENE HEXACHLORIDE-GAMMA (LINDANE)*,GAMMA-HEXACHLOROCYCLOHEXANE (HCH) (LINDANE),LINDANE IN SMALLMOUTH BUFFALO,NA,58899,APPROVED,WQX.AliasMatch,NA
LINDANE,BENZENE HEXACHLORIDE-GAMMA (LINDANE)*,GAMMA-HEXACHLOROCYCLOHEXANE (HCH) (LINDANE)*,LINDANE IN SMALLMOUTH BUFFALO,NA,58899,APPROVED,WQX.AliasMatch,NA
LINDANE,BENZENE HEXACHLORIDE-GAMMA (LINDANE)*,GAMMA-HEXACHLOROCYCLOHEXANE (HCH) (LINDANE)**,LINDANE IN SMALLMOUTH BUFFALO,NA,58899,APPROVED,WQX.AliasMatch,NA
LINDANE,BENZENE HEXACHLORIDE-GAMMA (LINDANE)**,GAMMA-HEXACHLOROCYCLOHEXANE (HCH) (LINDANE),LINDANE IN SMALLMOUTH BUFFALO,NA,58899,APPROVED,WQX.AliasMatch,NA
LINDANE,BENZENE HEXACHLORIDE-GAMMA (LINDANE)**,GAMMA-HEXACHLOROCYCLOHEXANE (HCH) (LINDANE)*,LINDANE IN SMALLMOUTH BUFFALO,NA,58899,APPROVED,WQX.AliasMatch,NA
LINDANE,BENZENE HEXACHLORIDE-GAMMA (LINDANE)**,GAMMA-HEXACHLOROCYCLOHEXANE (HCH) (LINDANE)**,LINDANE IN SMALLMOUTH BUFFALO,NA,58899,APPROVED,WQX.AliasMatch,NA
LINURON,NA,NA,LINURON,NA,330552,APPROVED,WQX.AliasMatch,NA
LITHIUM,LITHIUM,LITHIUM,LITHIUM,7439932,7439932,APPROVED,WQX.AliasMatch,NA
GENERAL OBSERVATION (TEXT),NA,NA,LOSS OF INSTREAM COVER,NA,,APPROVED,WQX.AliasMatch,NA
GENERAL OBSERVATION (TEXT),NA,NA,LOSS OF INSTREAM HABITAT,NA,,APPROVED,WQX.AliasMatch,NA
GENERAL OBSERVATION (TEXT),NA,NA,LOSS OF NATIVE MUSSEL SPECIES,NA,,APPROVED,WQX.AliasMatch,NA
GENERAL OBSERVATION (TEXT),NA,NA,LOSS OF RIPARIAN VEGETATION,NA,,APPROVED,WQX.AliasMatch,NA
PH SATURATED PASTE,NA,NA,LOW AND HIGH PH,NA,,APPROVED,WQX.AliasMatch,NA
DISSOLVED OXYGEN (DO),DISSOLVED OXYGEN,DISSOLVED OXYGEN,LOW DISSOLVED OXYGEN WITHIN THE TOP 3.0 METERS,7782447,,APPROVED,WQX.AliasMatch,NA
FLOW,NA,NA,LOW FLOW ALTERATION,NA,,APPROVED,WQX.AliasMatch,NA
FLOW,NA,NA,LOW FLOW ALTERATIONS,NA,,APPROVED,WQX.AliasMatch,NA
"RADIOACTIVITY, GROSS",NA,NA,LOW LEVEL RADIOACTIVITY,NA,,APPROVED,WQX.AliasMatch,NA
POLYCYCLIC AROMATIC HYDROCARBONS,POLYCYCLIC AROMATIC HYDROCARBONS,POLYCYCLIC AROMATIC HYDROCARBONS (PAHS),LOW MOLECULAR WEIGHT POLYCYCLIC AROMATIC HYDROCARBONS (LMW PAHS),NA,130498292,APPROVED,WQX.AliasMatch,NA
POLYCYCLIC AROMATIC HYDROCARBONS,POLYCYCLIC AROMATIC HYDROCARBONS,POLYCYCLIC AROMATIC HYDROCARBONS (PAHS),LOW MOLECULAR WEIGHT POLYCYCLIC AROMATIC HYDROCARBONS (LMW PAHS) IN SEDIMENT,NA,130498292,APPROVED,WQX.AliasMatch,NA
"POLYCYCLIC AROMATIC HYDROCARBONS, LOW MOLECULAR WEIGHT",NA,NA,LOW MOLECULAR WEIGHT POLYCYCLIC AROMATIC HYDROCARBONS (LPAH),NA,,APPROVED,WQX.AliasMatch,NA
GENERAL OBSERVATION (TEXT),NA,NA,LOW NUTRIENTS,NA,,APPROVED,WQX.AliasMatch,NA
PH SATURATED PASTE,NA,NA,LOW PH,NA,,APPROVED,WQX.AliasMatch,NA
PH SATURATED PASTE,NA,NA,LOW PH - ACID MINE DRAINAGE,NA,,APPROVED,WQX.AliasMatch,NA
"POLYCYCLIC AROMATIC HYDROCARBONS, LOW MOLECULAR WEIGHT",NA,NA,LPAH,NA,,APPROVED,WQX.AliasMatch,NA
"M,P-XYLENE",NA,NA,"M,P, -XYLENES",NA,179601231,APPROVED,WQX.AliasMatch,NA
M-CRESOL,NA,NA,M-CRESOL,NA,108394,APPROVED,WQX.AliasMatch,NA
M-DICHLOROBENZENE,"1,3-DICHLOROBENZENE","1,3-DICHLOROBENZENE",M-DICHLOROBENZENE,541731,541731,APPROVED,WQX.AliasMatch,NA
M-DICHLOROBENZENE,"1,3-DICHLOROBENZENE","1,3-DICHLOROBENZENE*",M-DICHLOROBENZENE,NA,541731,APPROVED,WQX.AliasMatch,NA
M-DICHLOROBENZENE,"1,3-DICHLOROBENZENE*","1,3-DICHLOROBENZENE",M-DICHLOROBENZENE,NA,541731,APPROVED,WQX.AliasMatch,NA
M-DICHLOROBENZENE,"1,3-DICHLOROBENZENE*","1,3-DICHLOROBENZENE*",M-DICHLOROBENZENE,NA,541731,APPROVED,WQX.AliasMatch,NA
M-DINITROBENZENE,NA,NA,M-DINITROBENZENE,NA,99650,APPROVED,WQX.AliasMatch,NA
M-XYLENE,"1,3-XYLENE","1,3-XYLENE",M-XYLENE,108383,108383,APPROVED,WQX.AliasMatch,NA
GENERAL OBSERVATION (TEXT),NA,NA,MACROINVERTEBRATE,NA,,APPROVED,WQX.AliasMatch,NA
GENERAL OBSERVATION (TEXT),NA,NA,MACROINVERTEBRATE COMMUNITY RATED POOR,NA,,APPROVED,WQX.AliasMatch,NA
GENERAL OBSERVATION (TEXT),NA,NA,MACROINVERTEBRATE COMMUNITY THREATENED,NA,,APPROVED,WQX.AliasMatch,NA
GENERAL OBSERVATION (TEXT),NA,NA,MACROPHYTES,NA,,APPROVED,WQX.AliasMatch,NA
MAGNESIUM,MAGNESIUM,MAGNESIUM,MAGNESIUM,7439954,7439954,APPROVED,WQX.AliasMatch,NA
MALATHION,MALATHION,MALATHION,MALATHION,121755,121755,APPROVED,WQX.AliasMatch,NA
MALEIC ANHYDRIDE,NA,NA,MALEIC ANHYDRIDE,NA,108316,APPROVED,WQX.AliasMatch,NA
MANGANESE,MANGANESE,MANGANESE,MANGANESE,7439965,7439965,APPROVED,WQX.AliasMatch,NA
MANGANESE,MANGANESE,MANGANESE,"MANGANESE, DISSOLVED",7439965,7439965,APPROVED,WQX.AliasMatch,NA
MANGANESE,MANGANESE,MANGANESE,"MANGANESE, TOTAL",7439965,7439965,APPROVED,WQX.AliasMatch,NA
MCPA,4-CHLORO-2 METHYLPHENOXY ACETIC ACID,4-CHLORO-2 METHYLPHENOXY ACETIC ACID,MCPA,94746,94746,APPROVED,WQX.AliasMatch,NA
MCPB,NA,NA,MCPB,NA,94815,APPROVED,WQX.AliasMatch,NA
MERCURY,MERCURY,MERCURY,MERCURY,7439976,7439976,APPROVED,WQX.AliasMatch,NA
MERCURY,MERCURY,MERCURY,MERCURY - FISH CONSUMPTION ADVISORY,7439976,7439976,APPROVED,WQX.AliasMatch,NA
MERCURY,MERCURY,MERCURY,MERCURY ADVISORY,7439976,7439976,APPROVED,WQX.AliasMatch,NA
MERCURY,MERCURY,MERCURY,MERCURY IN FISH AND CRAB TISSUE,7439976,7439976,APPROVED,WQX.AliasMatch,NA
MERCURY,MERCURY,MERCURY,MERCURY IN FISH TISSUE,7439976,7439976,APPROVED,WQX.AliasMatch,NA
MERCURY,MERCURY,MERCURY,MERCURY IN KING MACKEREL > 43 INCHES,7439976,7439976,APPROVED,WQX.AliasMatch,NA
MERCURY,MERCURY,MERCURY,MERCURY IN LARGEMOUTH BASS AND FRESHWATER DRUM,7439976,7439976,APPROVED,WQX.AliasMatch,NA
MERCURY,MERCURY,MERCURY,MERCURY IN SEDIMENT,7439976,7439976,APPROVED,WQX.AliasMatch,NA
MERCURY,MERCURY,MERCURY,MERCURY IN WALLEYE,7439976,7439976,APPROVED,WQX.AliasMatch,NA
MERCURY,MERCURY,MERCURY,MERCURY IN WATER,7439976,7439976,APPROVED,WQX.AliasMatch,NA
MERCURY,MERCURY,MERCURY,MERCURY IN WATER COLUMN,7439976,7439976,APPROVED,WQX.AliasMatch,NA
MERCURY,MERCURY,MERCURY,MERCURY IN WHITE AND HYBRID WHITE/STRIPED BASS,7439976,7439976,APPROVED,WQX.AliasMatch,NA
MERCURY,MERCURY,MERCURY,"MERCURY, CHRONIC",7439976,7439976,APPROVED,WQX.AliasMatch,NA
MERCURY,MERCURY,MERCURY,"MERCURY, DISSOLVED",7439976,7439976,APPROVED,WQX.AliasMatch,NA
MERCURY,MERCURY,MERCURY,"MERCURY, TOTAL",7439976,7439976,APPROVED,WQX.AliasMatch,NA
MERPHOS,NA,NA,MERPHOS,NA,150505,APPROVED,WQX.AliasMatch,NA
METALAXYL,METALAXYL,METALAXYL,METALAXYL,57837191,57837191,APPROVED,WQX.AliasMatch,NA
METALS,NA,NA,METALS,NA,,APPROVED,WQX.AliasMatch,NA
METALS,NA,NA,METALS (OTHER THAN MERCURY),NA,,APPROVED,WQX.AliasMatch,NA
MERCURY,MERCURY,MERCURY,METALS - MERCURY,7439976,7439976,APPROVED,WQX.AliasMatch,NA
"ACIDITY, (H+)",ACIDITY,ACIDITY,"METALS, ACID - MINING",NA,,APPROVED,WQX.AliasMatch,NA
METHACRYLONITRILE,METHACRYLONITRILE,METHACRYLONITRILE,METHACRYLONITRILE,NA,126987,APPROVED,WQX.AliasMatch,NA
METHAMIDOPHOS,METHAMIDOPHOS,METHAMIDOPHOS,METHAMIDOPHOS,10265926,10265926,APPROVED,WQX.AliasMatch,NA
METHANOL,NA,NA,METHANOL,NA,67561,APPROVED,WQX.AliasMatch,NA
"METHANONE, BIS(4-CHLOROPHENYL)-",NA,NA,"METHANONE, BIS(4-CHLOROPHENYL)-",NA,90982,APPROVED,WQX.AliasMatch,NA
METHIDATHION,NA,NA,METHIDATHION,NA,950378,APPROVED,WQX.AliasMatch,NA
METHIOCARB,NA,NA,METHIOCARB,NA,2032657,APPROVED,WQX.AliasMatch,NA
METHOMYL,METHOMYL,METHOMYL,METHOMYL,16752775,16752775,APPROVED,WQX.AliasMatch,NA
METHOXYCHLOR,METHOXYCHLOR,METHOXYCHLOR,METHOXYCHLOR,72435,72435,APPROVED,WQX.AliasMatch,NA
METHOXYFENOZIDE,NA,NA,METHOXYFENOZIDE,NA,161050584,APPROVED,WQX.AliasMatch,NA
C.I. ACID BLUE 93,NA,NA,METHYL BLUE,NA,28983564,APPROVED,WQX.AliasMatch,NA
METHYL BROMIDE,BROMOMETHANE,METHYL BROMIDE,METHYL BROMIDE,74839,74839,APPROVED,WQX.AliasMatch,NA
CHLOROMETHANE,CHLOROMETHANE,METHYL CHLORIDE,METHYL CHLORIDE,74873,74873,APPROVED,WQX.AliasMatch,NA
METHYL ETHYL KETONE,METHYL ETHYL KETONE,METHYL KETONE,METHYL ETHYL KETONE,78933,78933,APPROVED,WQX.AliasMatch,NA
METHYL HYDRAZINE,NA,NA,METHYL HYDRAZINE,NA,60344,APPROVED,WQX.AliasMatch,NA
METHYL IODIDE,METHYL IODIDE,METHYL IODIDE,METHYL IODIDE,NA,74884,APPROVED,WQX.AliasMatch,NA
METHYL ISOBUTYL KETONE,METHYLISO-BUTYL KETONE,METHYLISO-BUTYL KETONE,METHYL ISOBUTYL KETONE,108101,108101,APPROVED,WQX.AliasMatch,NA
METHYLMERCURY(1+),METHYLMERCURY,METHYLMERCURY,METHYL MERCURY,22967926,22967926,APPROVED,WQX.AliasMatch,NA
METHYL METHACRYLATE,METHYL METHACRYLATE,METHYL METHACRYLATE,METHYL METHACRYLATE,NA,80626,APPROVED,WQX.AliasMatch,NA
METHYL PARAOXON,NA,NA,METHYL PARAOXON,NA,950356,APPROVED,WQX.AliasMatch,NA
METHYL PARATHION,METHYL PARATHION,METHYL PARATHION,METHYL PARATHION,298000,298000,APPROVED,WQX.AliasMatch,NA
GENERAL OBSERVATION (TEXT),NA,NA,METHYL TERTIARY-BUTYL ETHER (MTBE),NA,,APPROVED,WQX.AliasMatch,NA
"ACIDITY, (H+)",ACIDITY,ACIDITY,METHYLCHLOROPHENOXYPROPIONIC ACID (MCPP),NA,,APPROVED,WQX.AliasMatch,NA
MBAS,MBAS,METHYLENE BLUE ACTIVE SUBSTANCES,METHYLENE BLUE ACTIVE SUBSTANCES ASSAY (MBAS),NA,,APPROVED,WQX.AliasMatch,NA
DIBROMOMETHANE,DIBROMOMETHANE,DIBROMOMETHANE,METHYLENE BROMIDE,NA,74953,APPROVED,WQX.AliasMatch,NA
METHYLENE CHLORIDE,DICHLOROMETHANE,METHYLENE CHLORIDE,METHYLENE CHLORIDE,75092,75092,APPROVED,WQX.AliasMatch,NA
METHYLMERCURY(1+),METHYLMERCURY,METHYLMERCURY,METHYLMERCURY,22967926,22967926,APPROVED,WQX.AliasMatch,NA
METHYLMERCURY(1+),METHYLMERCURY,METHYLMERCURY,METHYLMERCURY IN FISH TISSUE,22967926,22967926,APPROVED,WQX.AliasMatch,NA
METOLACHLOR,METOLACHLOR,METOLACHLOR,METOLACHLOR,51218452,51218452,APPROVED,WQX.AliasMatch,NA
METRIBUZIN,METRIBUZIN,METRIBUZIN,METRIBUZIN,21087649,21087649,APPROVED,WQX.AliasMatch,NA
METSULFURON,NA,NA,METSULFURON,NA,79510488,APPROVED,WQX.AliasMatch,NA
MEVINPHOS,NA,NA,MEVINPHOS,NA,7786347,APPROVED,WQX.AliasMatch,NA
PLASTICS,NA,NA,MICROPLASTICS,NA,,APPROVED,WQX.AliasMatch,NA
GENERAL OBSERVATION (TEXT),NA,NA,MIGRATORY FISH,NA,,APPROVED,WQX.AliasMatch,NA
MICA GROUP MINERALS,NA,NA,MINERALS,NA,12001262,APPROVED,WQX.AliasMatch,NA
MIREX,MIREX,MIREX,MIREX,2385855,2385855,APPROVED,WQX.AliasMatch,NA
MIREX,MIREX,MIREX,MIREX - FISH CONSUMPTION ADVISORY,2385855,2385855,APPROVED,WQX.AliasMatch,NA
MOLINATE,MOLINATE,MOLINATE,MOLINAT (ODRAM),2212671,2212671,APPROVED,WQX.AliasMatch,NA
MOLINATE,MOLINATE,MOLINATE,MOLINATE,2212671,2212671,APPROVED,WQX.AliasMatch,NA
MOLYBDENUM,MOLYBDENUM,MOLYBDENUM,MOLYBDENUM,7439987,7439987,APPROVED,WQX.AliasMatch,NA
MONURON,NA,NA,MONURON,NA,150685,APPROVED,WQX.AliasMatch,NA
METHYL TERT-BUTYL ETHER,METHYL T-BUTYL ETHER (MTBE),METHYL TERTIARY-BUTYL ETHER,MTBE,1634044,1634044,APPROVED,WQX.AliasMatch,NA
MYCLOBUTANIL,MYCLOBUTANIL,MYCLOBUTANIL,MYCLOBUTANIL,NA,88671890,APPROVED,WQX.AliasMatch,NA
"N,N-DIETHYL-M-TOLUAMIDE",NA,NA,"N,N-DIETHYL-M-TOLUAMIDE",NA,134623,APPROVED,WQX.AliasMatch,NA
ACETAMIDE,NA,NA,N-(METHOXY-METHYLSULFANYLPHOSPHORYL) ACETAMIDE,NA,60355,APPROVED,WQX.AliasMatch,NA
1-BUTANOL,NA,NA,N-BUTYL ALCOHOL,NA,71363,APPROVED,WQX.AliasMatch,NA
BUTYL BENZYL PHTHALATE,BUTYL BENZENE PHTHALATE,BUTYLBENZYL PHTHALATE,N-BUTYLBENZYLPHTHALATE,85687,85687,APPROVED,WQX.AliasMatch,NA
N-NITROSODI-N-BUTYLAMINE,NITROSODIBUTYLAMINE,NITROSODIBUTYLAMINE,N-NITROSO-DI-N-BUTYLAMINE,924163,924163,APPROVED,WQX.AliasMatch,NA
N-NITROSO-N-ETHYLUREA,NA,NA,N-NITROSO-N-ETHYLUREA,NA,759739,APPROVED,WQX.AliasMatch,NA
N-NITROSO-N-METHYLUREA,NA,NA,N-NITROSO-N-METHYLUREA,NA,684935,APPROVED,WQX.AliasMatch,NA
N-NITROSODIETHYLAMINE,NITROSODIETHYLAMINE,NITROSODIETHYLAMINE,N-NITROSODIETHYLAMINE,55185,55185,APPROVED,WQX.AliasMatch,NA
N-NITROSODIMETHYLAMINE,NITROSODIMETHYLAMINE N,N-NITROSODIMETHYLAMINE,N-NITROSODIMETHYLAMINE,62759,62759,APPROVED,WQX.AliasMatch,NA
N-NITROSODIPHENYLAMINE,NITROSODIPHENYLAMINE N,N-NITROSODIPHENYLAMINE,N-NITROSODIPHENYLAMINE,86306,86306,APPROVED,WQX.AliasMatch,NA
N-NITROSODIPHENYLAMINE,NITROSODIPHENYLAMINE N,N-NITROSODIPHENYLAMINE,N-NITROSODIPHENYLAMINE IN FISH TISSUE,86306,86306,APPROVED,WQX.AliasMatch,NA
N-NITROSODIPHENYLAMINE,NITROSODIPHENYLAMINE N,N-NITROSODIPHENYLAMINE,N-NITROSODIPHENYLAMINE IN SEDIMENT,86306,86306,APPROVED,WQX.AliasMatch,NA
N-NITROSODI-N-PROPYLAMINE,NITROSODI-N-PROPYLAMINE N,N-NITROSODI-N-PROPYLAMINE,N-NITROSODIPROPYLAMINE,621647,621647,APPROVED,WQX.AliasMatch,NA
N-NITROSOMORPHOLINE,NA,NA,N-NITROSOMORPHOLINE,NA,59892,APPROVED,WQX.AliasMatch,NA
N-NITROSOPIPERIDINE,NA,NA,N-NITROSOPIPERIDINE,NA,100754,APPROVED,WQX.AliasMatch,NA
"BENZENE, NONYL-",NA,NA,N-NONYLBENZENE,NA,1081772,APPROVED,WQX.AliasMatch,NA
N-PROPYLBENZENE,N-PROPYLBENZENE,N-PROPYLBENZENE,N-PROPYLBENZENE,103651,103651,APPROVED,WQX.AliasMatch,NA
NALED,NA,NA,NALED,NA,300765,APPROVED,WQX.AliasMatch,NA
NAPHTHALENE,NAPHTHALENE,NAPHTHALENE,NAPHTHALENE,91203,91203,APPROVED,WQX.AliasMatch,NA
NAPHTHALENE,NAPHTHALENE,NAPHTHALENE,NAPHTHALENE IN SEDIMENT,91203,91203,APPROVED,WQX.AliasMatch,NA
NAPROPAMIDE,NA,NA,NAPROPAMIDE,NA,15299997,APPROVED,WQX.AliasMatch,NA
GENERAL OBSERVATION (TEXT),NA,NA,NARRATIVE NUTRIENT STANDARDS,NA,,APPROVED,WQX.AliasMatch,NA
GENERAL OBSERVATION (TEXT),NA,NA,NATURAL CONDITIONS (FLOW OR HABITAT),NA,,APPROVED,WQX.AliasMatch,NA
GENERAL OBSERVATION (TEXT),NA,NA,NATURAL LIMITS,NA,,APPROVED,WQX.AliasMatch,NA
GENERAL OBSERVATION (TEXT),NA,NA,NATURAL LIMITS (DROUGHT),NA,,APPROVED,WQX.AliasMatch,NA
GENERAL OBSERVATION (TEXT),NA,NA,NATURAL LIMITS (WETLANDS),NA,,APPROVED,WQX.AliasMatch,NA
BEAVER (CHOICE LIST),NA,NA,NATURAL-BEAVER DAMS/LOG JAMS,NA,,APPROVED,WQX.AliasMatch,NA
GENERAL OBSERVATION (TEXT),NA,NA,NATURAL-DROUGHT,NA,,APPROVED,WQX.AliasMatch,NA
GENERAL OBSERVATION (TEXT),NA,NA,NATURAL-FLOOD,NA,,APPROVED,WQX.AliasMatch,NA
GENERAL OBSERVATION (TEXT),NA,NA,NATURAL-SNOWMELT,NA,,APPROVED,WQX.AliasMatch,NA
NEBURON,NA,NA,NEBURON,NA,555373,APPROVED,WQX.AliasMatch,NA
NEODYMIUM,NA,NA,NEODYMIUM,NA,7440008,APPROVED,WQX.AliasMatch,NA
BIO-TOXIN,NA,NA,NEUROTOXIC SHELLFISH POISONING (NSP) BIOTOXINS,NA,,APPROVED,WQX.AliasMatch,NA
GENERAL OBSERVATION (TEXT),NA,NA,NFR (NON FILTERABLE RESIDUES),NA,,APPROVED,WQX.AliasMatch,NA
AMMONIA,AMMONIA,AMMONIA,NH3,7664417,7664417,APPROVED,WQX.AliasMatch,NA
AMMONIA-NITROGEN,AMMONIA*,NA,NH3-N,NA,,APPROVED,WQX.AliasMatch,NA
NICKEL,NICKEL,NICKEL,NICKEL,7440020,7440020,APPROVED,WQX.AliasMatch,NA
NICKEL,NICKEL,NICKEL,NICKEL IN FISH TISSUE,7440020,7440020,APPROVED,WQX.AliasMatch,NA
NICKEL,NICKEL,NICKEL,NICKEL IN SEDIMENT,7440020,7440020,APPROVED,WQX.AliasMatch,NA
NICKEL,NICKEL,NICKEL,"NICKEL, DISSOLVED",7440020,7440020,APPROVED,WQX.AliasMatch,NA
NICKEL,NICKEL,NICKEL,"NICKEL, DISSOLVED - ACUTE",7440020,7440020,APPROVED,WQX.AliasMatch,NA
NICKEL,NICKEL,NICKEL,"NICKEL, DISSOLVED - CHRONIC",7440020,7440020,APPROVED,WQX.AliasMatch,NA
NICKEL,NICKEL,NICKEL,"NICKEL, TOTAL",7440020,7440020,APPROVED,WQX.AliasMatch,NA
NICOSULFURON,NICOSULFURON,NICOSULFURON,NICOSULFURON,111991094,111991094,APPROVED,WQX.AliasMatch,NA
NIOBIUM,NA,NA,NIOBIUM,NA,"	7440031",APPROVED,WQX.AliasMatch,NA
NITRATE,NITRATE,NITRATES,NITRATE,14797558,14797558,APPROVED,WQX.AliasMatch,NA
NITRATE,NITRATE,NITRATES,NITRATE AS NITRATE (NO3),14797558,14797558,APPROVED,WQX.AliasMatch,NA
NITRATE,NITRATE,NITRATES,NITRATE AS NITROGEN,14797558,14797558,APPROVED,WQX.AliasMatch,NA
NITRATE + NITRITE,NITRATE + NITRITE,NITRATE + NITRITE,NITRATE/NITRITE,NA,,APPROVED,WQX.AliasMatch,NA
NITRATE + NITRITE,NITRATE + NITRITE,NITRATE + NITRITE,NITRATE/NITRITE (NITRITE + NITRATE AS N),NA,,APPROVED,WQX.AliasMatch,NA
NITRATE,NITRATE,NITRATES,NITRATES,14797558,14797558,APPROVED,WQX.AliasMatch,NA
NITRILOTRIACETIC ACID,NA,NA,NITRILOTRIACETIC ACID,NA,139139,APPROVED,WQX.AliasMatch,NA
NITRITE,NITRITE,NITRITE,NITRITE,14797650,14797650,APPROVED,WQX.AliasMatch,NA
NITRITE,NITRITE,NITRITE,NITRITE (TROUT),14797650,14797650,APPROVED,WQX.AliasMatch,NA
NITRATE,NITRATE,NITRATES,NITRITE AS NITROGEN,14797558,14797558,APPROVED,WQX.AliasMatch,NA
NITRATE,NITRATE,NITRATES,NITRITE/NITRATE,14797558,14797558,APPROVED,WQX.AliasMatch,NA
NITROBENZENE,NITROBENZENE,NITROBENZENE,NITROBENZENE,98953,98953,APPROVED,WQX.AliasMatch,NA
NITROBENZENE,NITROBENZENE,NITROBENZENE,NITROBENZENE IN FISH TISSUE,98953,98953,APPROVED,WQX.AliasMatch,NA
N-NITROSODI-N-BUTYLAMINE,NITROSODIBUTYLAMINE,NITROSODIBUTYLAMINE,"NITRODIBUTYLAMINE,N",924163,924163,APPROVED,WQX.AliasMatch,NA
NITROFEN,NA,NA,NITROFEN,NA,1836755,APPROVED,WQX.AliasMatch,NA
NITROGEN,NITROGEN,TOTAL NITROGEN,NITROGEN,NA,7727379,APPROVED,WQX.AliasMatch,NA
AMMONIA-NITROGEN,AMMONIA*,NA,"NITROGEN, AMMONIA",NA,,APPROVED,WQX.AliasMatch,NA
AMMONIA-NITROGEN,AMMONIA*,NA,"NITROGEN, AMMONIA (TOTAL AMMONIA)",NA,,APPROVED,WQX.AliasMatch,NA
NITRATE,NITRATE,NITRATES,"NITROGEN, NITRATE",14797558,14797558,APPROVED,WQX.AliasMatch,NA
NITRITE,NITRITE,NITRITE,"NITROGEN, NITRITE",14797650,14797650,APPROVED,WQX.AliasMatch,NA
"TOTAL NITROGEN, MIXED FORMS",NA,NA,"NITROGEN, TOTAL",NA,,APPROVED,WQX.AliasMatch,NA
NITROGENOUS BIOCHEMICAL OXYGEN DEMAND,NA,NA,NITROGENOUS BOD,NA,,APPROVED,WQX.AliasMatch,NA
NITROGLYCERIN,NA,NA,NITROGLYCERIN,NA,55630,APPROVED,WQX.AliasMatch,NA
NITROSAMINE,NA,NA,NITROSAMINES,NA,35576911,APPROVED,WQX.AliasMatch,NA
N-NITROSODIETHYLAMINE,NITROSODIETHYLAMINE,NITROSODIETHYLAMINE,"NITROSODIETHYLAMINE,N",55185,55185,APPROVED,WQX.AliasMatch,NA
NITROUS OXIDE,NA,NA,NITROUS OXIDE (NOX),NA,10024972,APPROVED,WQX.AliasMatch,NA
NITROGEN OXYGEN DEMAND,NA,NA,NOD (NITROGEN OXYGEN DEMAND),NA,,APPROVED,WQX.AliasMatch,NA
"RESIDUE, TOTAL",NA,NA,NON FILTERABLE RESIDUES,NA,,APPROVED,WQX.AliasMatch,NA
GENERAL OBSERVATION (TEXT),NA,NA,NON-NATIVE AQUATIC PLANTS,NA,,APPROVED,WQX.AliasMatch,NA
GENERAL OBSERVATION (TEXT),NA,NA,NON-NATIVE FISH/ANIMALS,NA,,APPROVED,WQX.AliasMatch,NA
ZOOPLANKTON,NA,NA,NON-NATIVE FISH/SHELLFISH/ZOOPLANKTON,NA,,APPROVED,WQX.AliasMatch,NA
GENERAL OBSERVATION (TEXT),NA,NA,NON-POINT SOURCE (RURAL OR URBAN),NA,,APPROVED,WQX.AliasMatch,NA
GENERAL OBSERVATION (TEXT),NA,NA,NONPRIORITY ORGANICS,NA,,APPROVED,WQX.AliasMatch,NA
POLYCYCLIC AROMATIC HYDROCARBONS,POLYCYCLIC AROMATIC HYDROCARBONS,POLYCYCLIC AROMATIC HYDROCARBONS (PAHS),NONPRIORITY ORGANICS/PAHS,NA,130498292,APPROVED,WQX.AliasMatch,NA
NONYLPHENOL,NONYLPHENOL*,NONYLPHENOL*,NONYLPHENOL,NA,25154523,APPROVED,WQX.AliasMatch,NA
NORFLURAZON,NA,NA,NORFLURAZON,NA,27314132,APPROVED,WQX.AliasMatch,NA
GENERAL OBSERVATION (TEXT),NA,NA,NOT APPLICABLE,NA,,APPROVED,WQX.AliasMatch,NA
NOVALURON,NA,NA,NOVALURON,NA,116714466,APPROVED,WQX.AliasMatch,NA
GENERAL OBSERVATION (TEXT),NA,NA,NOXIOUS AQUATIC PLANTS,NA,,APPROVED,WQX.AliasMatch,NA
GENERAL OBSERVATION (TEXT),NA,NA,NOXIOUS AQUATIC PLANTS - ALGAE,NA,,APPROVED,WQX.AliasMatch,NA
GENERAL OBSERVATION (TEXT),NA,NA,NOXIOUS AQUATIC PLANTS NATIVE,NA,,APPROVED,WQX.AliasMatch,NA
GENERAL OBSERVATION (TEXT),NA,NA,NUISANCE ALGAE,NA,,APPROVED,WQX.AliasMatch,NA
GENERAL OBSERVATION (TEXT),NA,NA,NUISANCE EXOTIC SPECIES,NA,,APPROVED,WQX.AliasMatch,NA
GENERAL OBSERVATION (TEXT),NA,NA,NUISANCE NATIVE SPECIES,NA,,APPROVED,WQX.AliasMatch,NA
GENERAL OBSERVATION (TEXT),NA,NA,NUISANCE PLANT GROWTHS,NA,,APPROVED,WQX.AliasMatch,NA
IRVINE INDEX OF BIOLOGICAL INTEGRITY,NA,NA,NUTRIENT/EUTROPHICATION BIOLOGICAL INDICATORS,NA,,APPROVED,WQX.AliasMatch,NA
GENERAL OBSERVATION (TEXT),NA,NA,NUTRIENTS,NA,,APPROVED,WQX.AliasMatch,NA
GENERAL OBSERVATION (TEXT),NA,NA,NUTRIENTS - ALGAE,NA,,APPROVED,WQX.AliasMatch,NA
GENERAL OBSERVATION (TEXT),NA,NA,NUTRIENTS - EUTROPHICATION,NA,,APPROVED,WQX.AliasMatch,NA
TOX,NA,NA,NUTRIENTS - TOXICS,NA,59473040,APPROVED,WQX.AliasMatch,NA
GENERAL OBSERVATION (TEXT),NA,NA,NUTRIENTS OR SEDIMENTS,NA,,APPROVED,WQX.AliasMatch,NA
OXYGEN,DISSOLVED OXYGEN**,DISSOLVED OXYGEN*,NUTRIENTS OXYGEN DEMAND,NA,7782447,APPROVED,WQX.AliasMatch,NA
GENERAL OBSERVATION (TEXT),NA,NA,NUTRIENTS/NUTRIENT RECYCLING,NA,,APPROVED,WQX.AliasMatch,NA
GENERAL OBSERVATION (TEXT),NA,NA,NUTRIENTS/THERMAL MODIFICATIONS,NA,,APPROVED,WQX.AliasMatch,NA
O-CHLOROTOLUENE,2-CHLOROTOLUENE,2-CHLOROTOLUENE,O-CHLOROTOLUENE,95498,95498,APPROVED,WQX.AliasMatch,NA
O-CRESOL,NA,NA,O-CRESOL (2-METHYLPHENOL),NA,95487,APPROVED,WQX.AliasMatch,NA
O-DICHLOROBENZENE,"1,2-DICHLOROBENZENE","1,2-DICHLOROBENZENE",O-DICHLOROBENZENE,95501,95501,APPROVED,WQX.AliasMatch,NA
O-ETHYL O-(P-NITROPHENYL) PHENYLPHOSPHONOTHIOATE,NA,NA,O-ETHYL O-(P-NITROPHENYL) PHENYLPHOSPHONOTHIOATE,NA,2104645,APPROVED,WQX.AliasMatch,NA
O-TOLUIDINE,O-TOLUIDINE,O-TOLUIDINE,O-TOLUIDINE,NA,95534,APPROVED,WQX.AliasMatch,NA
O-TOLUIDINE HYDROCHLORIDE,NA,NA,O-TOLUIDINE HYDROCHLORIDE,NA,636215,APPROVED,WQX.AliasMatch,NA
O-XYLENE,"1,2-XYLENE","1,2-XYLENE",O-XYLENE,95476,95476,APPROVED,WQX.AliasMatch,NA
GENERAL OBSERVATION (TEXT),NA,NA,OBJECTIONABLE DEPOSITS,NA,,APPROVED,WQX.AliasMatch,NA
OCTACHLOROSTYRENE,OCTACHLOROSTYRENE,OCTACHLOROSTYRENE,OCTACHLOROSTYRENE,29082744,29082744,APPROVED,WQX.AliasMatch,NA
OCTACHLORONAPHTHALENE,NA,NA,OCTOCHLORONAPHTHALENE,NA,2234131,APPROVED,WQX.AliasMatch,NA
ODOR SEVERITY (CHOICE LIST),NA,NA,ODOR,NA,,APPROVED,WQX.AliasMatch,NA
ODOR THRESHOLD NUMBER,NA,NA,ODOR THRESHOLD NUMBER,NA,,APPROVED,WQX.AliasMatch,NA
ACTIVITIES - ODORS (CHOICE LIST),NA,NA,ODORS,NA,,APPROVED,WQX.AliasMatch,NA
GENERAL OBSERVATION (TEXT),NA,NA,OIL,NA,,APPROVED,WQX.AliasMatch,NA
GENERAL OBSERVATION (TEXT),NA,NA,OIL AND FLOATING SUBSTANCES,NA,,APPROVED,WQX.AliasMatch,NA
OIL AND GREASE,OIL AND GREASE,OIL AND GREASE,OIL AND GREASE,NA,,APPROVED,WQX.AliasMatch,NA
GENERAL OBSERVATION (TEXT),NA,NA,OIL DEPOSITS,NA,,APPROVED,WQX.AliasMatch,NA
GENERAL OBSERVATION (TEXT),NA,NA,OIL FIELD WASTES,NA,,APPROVED,WQX.AliasMatch,NA
POLYCYCLIC AROMATIC HYDROCARBONS,POLYCYCLIC AROMATIC HYDROCARBONS,POLYCYCLIC AROMATIC HYDROCARBONS (PAHS),OIL SPILL - PAHS,NA,130498292,APPROVED,WQX.AliasMatch,NA
GENERAL OBSERVATION (TEXT),NA,NA,OIL SPILLS,NA,,APPROVED,WQX.AliasMatch,NA
ACTIVITIES - OIL/GAS WELLS (CHOICE LIST),NA,NA,OIL/GASOLINE,NA,,APPROVED,WQX.AliasMatch,NA
GENERAL OBSERVATION (TEXT),NA,NA,OMEGA ARAGONITE,NA,,APPROVED,WQX.AliasMatch,NA
GENERAL OBSERVATION (TEXT),NA,NA,ORGANIC CHEMICALS,NA,,APPROVED,WQX.AliasMatch,NA
GENERAL OBSERVATION (TEXT),NA,NA,ORGANIC ENRICHMENT,NA,,APPROVED,WQX.AliasMatch,NA
IRVINE INDEX OF BIOLOGICAL INTEGRITY,NA,NA,ORGANIC ENRICHMENT (SEWAGE) BIOLOGICAL INDICATORS,NA,,APPROVED,WQX.AliasMatch,NA
DISSOLVED OXYGEN (DO),DISSOLVED OXYGEN,DISSOLVED OXYGEN,ORGANIC ENRICHMENT/LOW DISSOLVED OXYGEN,7782447,,APPROVED,WQX.AliasMatch,NA
OXYGEN,DISSOLVED OXYGEN**,DISSOLVED OXYGEN*,ORGANIC ENRICHMENT/OXYGEN DEPLETION,NA,7782447,APPROVED,WQX.AliasMatch,NA
ORGANIC PHOSPHORUS,NA,NA,ORGANIC PHOSPHORUS,NA,,APPROVED,WQX.AliasMatch,NA
SEDIMENT,NA,NA,ORGANIC SEDIMENT,NA,,APPROVED,WQX.AliasMatch,NA
GENERAL OBSERVATION (TEXT),NA,NA,ORGANICS,NA,,APPROVED,WQX.AliasMatch,NA
ORGANOCHLORINE PESTICIDES,NA,NA,ORGANOCHLORINE PESTICIDES,NA,,APPROVED,WQX.AliasMatch,NA
ORGANOPHOSPHORUS PESTICIDES,NA,NA,ORGANOPHOSPHORUS PESTICIDES,NA,,APPROVED,WQX.AliasMatch,NA
ORTHOPHOSPHATE,ORTHOPHOSPHATE,ORTHOPHOSPHATE,ORTHOPHOSPHATE,NA,14265442,APPROVED,WQX.AliasMatch,NA
ORTHOPHOSPHATE,ORTHOPHOSPHATE,PHOSPHATE,ORTHOPHOSPHATE,NA,14265442,APPROVED,WQX.AliasMatch,NA
ORTHOPHOSPHATE,PHOSPHATE,ORTHOPHOSPHATE,ORTHOPHOSPHATE,NA,14265442,APPROVED,WQX.AliasMatch,NA
ORTHOPHOSPHATE,PHOSPHATE,PHOSPHATE,ORTHOPHOSPHATE,NA,14265442,APPROVED,WQX.AliasMatch,NA
PHOSPHORIC ACID,NA,NA,ORTHOPHOSPHORUS,NA,7664382,APPROVED,WQX.AliasMatch,NA
ORYZALIN,NA,NA,ORYZALIN,NA,19044883,APPROVED,WQX.AliasMatch,NA
OSMOTIC PRESSURE,OSMOTIC PRESSURE,OSMOTIC PRESSURE,OSMOTIC PRESSURE,NA,,APPROVED,WQX.AliasMatch,NA
ENTRENCHMENT RATIO,NA,NA,OTHER,NA,,APPROVED,WQX.AliasMatch,NA
ENTRENCHMENT RATIO,NA,NA,OTHER (BIOLOGICAL IMPAIRMENTS),NA,,APPROVED,WQX.AliasMatch,NA
ENTRENCHMENT RATIO,NA,NA,OTHER ANTHROPOGENIC SUBSTRATE ALTERATIONS,NA,,APPROVED,WQX.AliasMatch,NA
ENTRENCHMENT RATIO,NA,NA,OTHER CAUSE,NA,,APPROVED,WQX.AliasMatch,NA
ENTRENCHMENT RATIO,NA,NA,OTHER FLOW REGIME ALTERATIONS,NA,,APPROVED,WQX.AliasMatch,NA
ENTRENCHMENT RATIO,NA,NA,OTHER HABITAT ALTERATION(S),NA,,APPROVED,WQX.AliasMatch,NA
ENTRENCHMENT RATIO,NA,NA,OTHER HABITAT ALTERATIONS (DAM),NA,,APPROVED,WQX.AliasMatch,NA
ENTRENCHMENT RATIO,NA,NA,OTHER INORGANICS,NA,,APPROVED,WQX.AliasMatch,NA
ENTRENCHMENT RATIO,NA,NA,OTHER INORGANICS (FLORIDE),NA,,APPROVED,WQX.AliasMatch,NA
METALS,NA,NA,OTHER METALS,NA,,APPROVED,WQX.AliasMatch,NA
ENTRENCHMENT RATIO,NA,NA,OTHER NUTRIENTS,NA,,APPROVED,WQX.AliasMatch,NA
ENTRENCHMENT RATIO,NA,NA,OTHER ORGANICS,NA,,APPROVED,WQX.AliasMatch,NA
ENTRENCHMENT RATIO,NA,NA,OTHER ORGANICS (FLORIDE),NA,,APPROVED,WQX.AliasMatch,NA
ENTRENCHMENT RATIO,NA,NA,OTHER POLLUTANTS/ENCROACHMENT,NA,,APPROVED,WQX.AliasMatch,NA
ENTRENCHMENT RATIO,NA,NA,"OTHER POLLUTANTS/LOSS OF COVER, PREDATIO",NA,,APPROVED,WQX.AliasMatch,NA
ENTRENCHMENT RATIO,NA,NA,"OTHER POLLUTANTS/SOLIDS, SLUDGE",NA,,APPROVED,WQX.AliasMatch,NA
ENTRENCHMENT RATIO,NA,NA,OTHER TOXIC ORGANICS,NA,,APPROVED,WQX.AliasMatch,NA
"	DISCHARGE",NA,NA,OVERBOARD DISCHARGE,NA,NA,APPROVED,WQX.AliasMatch,NA
OXADIAZON,NA,NA,OXADIAZON,NA,19666309,APPROVED,WQX.AliasMatch,NA
OXAMYL,OXAMYL,OXAMYL (VYDATE),OXAMYL (VYDATE),23135220,23135220,APPROVED,WQX.AliasMatch,NA
OXYCHLORDANE,NA,NA,OXYCHLORDANE,NA,27304138,APPROVED,WQX.AliasMatch,NA
OXYFLUORFEN,NA,NA,OXYFLUORFEN,NA,42874033,APPROVED,WQX.AliasMatch,NA
TOTAL OXYGEN DEMAND,NA,NA,OXYGEN DEMAND,NA,,APPROVED,WQX.AliasMatch,NA
OXYGEN,DISSOLVED OXYGEN**,DISSOLVED OXYGEN*,OXYGEN DEPLETION,NA,7782447,APPROVED,WQX.AliasMatch,NA
OXYGEN-18/OXYGEN-16 RATIO,NA,NA,OXYGEN-18/OXYGEN-16 RATIO,NA,,APPROVED,WQX.AliasMatch,NA
OXYTETRACYCLINE,NA,NA,OXYTETRACYCLINE,NA,79572,APPROVED,WQX.AliasMatch,NA
GENERAL OBSERVATION (TEXT),NA,NA,OXYTHERMAL HABITAT,NA,,APPROVED,WQX.AliasMatch,NA
OZONE,NA,NA,OZONE,NA,10028156,APPROVED,WQX.AliasMatch,NA
P-CHLOROTOLUENE,4-CHLOROTOLUENE,4-CHLOROTOLUENE,P-CHLOROTOLUENE,106434,106434,APPROVED,WQX.AliasMatch,NA
P-CYMENE,4-ISOPROPYLTOLUENE,4-ISOPROPYLTOLUENE,P-CYMENE,99876,99876,APPROVED,WQX.AliasMatch,NA
P-DICHLOROBENZENE,"1,4-DICHLOROBENZENE","1,4-DICHLOROBENZENE",P-DICHLOROBENZENE,106467,106467,APPROVED,WQX.AliasMatch,NA
P-PHENYLENEDIAMINE,NA,NA,P-PHENYLENEDIAMINE,NA,106503,APPROVED,WQX.AliasMatch,NA
P-XYLENE,"1,4-XYLENE","1,4-XYLENE",P-XYLENE,106423,106423,APPROVED,WQX.AliasMatch,NA
"BENZO[G,H,I]PERYLENE","BENZO(G,H,I) PERYLENE",BENZO(GHI)PERYLENE,PAH1 - 2 & 3 RING POLYCYCLIC AROMATIC HYDROCARBONS,191242,191242,APPROVED,WQX.AliasMatch,NA
HYDROCARBONS,NA,NA,PAH2 - 4 RING POLYCYCLIC AROMATIC HYDROCARBONS,NA,308067530,APPROVED,WQX.AliasMatch,NA
POLYCYCLIC AROMATIC HYDROCARBONS,POLYCYCLIC AROMATIC HYDROCARBONS,POLYCYCLIC AROMATIC HYDROCARBONS (PAHS),PAH2 - 4 RING POLYCYCLIC AROMATIC HYDROCARBONS IN FISH TISSUE,NA,130498292,APPROVED,WQX.AliasMatch,NA
"BENZO[G,H,I]PERYLENE","BENZO(G,H,I) PERYLENE",BENZO(GHI)PERYLENE,PAH3 - 5 & 6 RING POLYCYCLIC AROMATIC HYDROCARBONS,191242,191242,APPROVED,WQX.AliasMatch,NA
GENERAL OBSERVATION (TEXT),NA,NA,PAPER SLUDGE,NA,,APPROVED,WQX.AliasMatch,NA
PARALDEHYDE,NA,NA,PARALDEHYDE,NA,123637,APPROVED,WQX.AliasMatch,NA
BIO-TOXIN,NA,NA,PARALYTIC SHELLFISH POISONING (PSP) BIOTOXINS,NA,,APPROVED,WQX.AliasMatch,NA
PARAQUAT,PARAQUAT,PARAQUAT,PARAQUAT,1910425,4685147,APPROVED,WQX.AliasMatch,NA
PARATHION,PARATHION,PARATHION,PARATHION,56382,56382,APPROVED,WQX.AliasMatch,NA
GENERAL OBSERVATION (TEXT),NA,NA,PARROT FEATHER,NA,,APPROVED,WQX.AliasMatch,NA
PARTIAL PRESSURE OF DISSOLVED GASES,NA,NA,PARTIAL PRESSURE OF DISSOLVED GASES,NA,,APPROVED,WQX.AliasMatch,NA
PARTICLE DISTRIBUTION,NA,NA,PARTICLE DISTRIBUTION (EMBEDDEDNESS),NA,,APPROVED,WQX.AliasMatch,NA
CRYPTOSPORIDIUM,CRYPTOSPORIDIUM,CRYPTOSPORIDIUM,PATHOGENS,NA,137259508,APPROVED,WQX.AliasMatch,NA
TOTAL PCBS,NA,NA,PCB IN WATER COLUMN,NA,,APPROVED,WQX.AliasMatch,NA
AROCLOR 1242,PCB 1242,PCB-1242,PCB-1242,53469219,53469219,APPROVED,WQX.AliasMatch,NA
AROCLOR 1248,PCB 1248,PCB-1248,PCB-1248,12672296,12672296,APPROVED,WQX.AliasMatch,NA
AROCLOR 1254,PCB 1254,PCB-1254,PCB-1254,11097691,11097691,APPROVED,WQX.AliasMatch,NA
AROCLOR 1260,PCB 1260,PCB-1260,PCB-1260,11096825,11096825,APPROVED,WQX.AliasMatch,NA
POLYCHLORINATED BIPHENYLS,PCBS,POLYCHLORINATED BIPHENYLS (PCBS),PCBS & CHLORDANE IN FISH TISSUE,1336363,1336363,APPROVED,WQX.AliasMatch,NA
POLYCHLORINATED BIPHENYLS,PCBS,POLYCHLORINATED BIPHENYLS (PCBS),PCBS & CHLORDANE IN SEDIMENT,1336363,1336363,APPROVED,WQX.AliasMatch,NA
TOTAL PCBS,NA,NA,PCBS - DIOXIN-LIKE,NA,,APPROVED,WQX.AliasMatch,NA
POLYCHLORINATED BIPHENYLS,PCBS,POLYCHLORINATED BIPHENYLS (PCBS),PCBS - FISH CONSUMPTION ADVISORY,1336363,1336363,APPROVED,WQX.AliasMatch,NA
POLYCHLORINATED BIPHENYLS,PCBS,POLYCHLORINATED BIPHENYLS (PCBS),"PCBS IN CATFISH, SPOTTED SEATROUT, AND BLUE CRAB",1336363,1336363,APPROVED,WQX.AliasMatch,NA
POLYCHLORINATED BIPHENYLS,PCBS,POLYCHLORINATED BIPHENYLS (PCBS),PCBS IN FISH TISSUE,1336363,1336363,APPROVED,WQX.AliasMatch,NA
POLYCHLORINATED BIPHENYLS,PCBS,POLYCHLORINATED BIPHENYLS (PCBS),PCBS IN LOBSTER TOMALLEY AND BLUEFISH,1336363,1336363,APPROVED,WQX.AliasMatch,NA
POLYCHLORINATED BIPHENYLS,PCBS,POLYCHLORINATED BIPHENYLS (PCBS),PCBS IN MIGRATORY SPECIES,1336363,1336363,APPROVED,WQX.AliasMatch,NA
POLYCHLORINATED BIPHENYLS,PCBS,POLYCHLORINATED BIPHENYLS (PCBS),PCBS IN SEDIMENT,1336363,1336363,APPROVED,WQX.AliasMatch,NA
TOTAL PCBS,NA,NA,PCBS IN SEDIMENTS AND FISH TISSUE,NA,,APPROVED,WQX.AliasMatch,NA
POLYCHLORINATED BIPHENYLS,PCBS,POLYCHLORINATED BIPHENYLS (PCBS),PCBS/MIGRATORY SPECIES,1336363,1336363,APPROVED,WQX.AliasMatch,NA
TETRACHLOROETHYLENE,TETRACHLOROETHENE*,TETRACHLOROETHYLENE*,PCE,NA,127184,APPROVED,WQX.AliasMatch,NA
GENERAL OBSERVATION (TEXT),NA,NA,PCPS/DIOXIN,NA,,APPROVED,WQX.AliasMatch,NA
PEBULATE,NA,NA,PEBULATE,NA,1114712,APPROVED,WQX.AliasMatch,NA
PENDIMETHALIN,PENDIMETHALIN,PENDIMETHALIN,PENDIMETHALIN,NA,40487421,APPROVED,WQX.AliasMatch,NA
PENOXSULAM,NA,NA,PENOXSULAM,NA,219714962,APPROVED,WQX.AliasMatch,NA
PENTACHLOROBENZENE,PENTACHLOROBENZENE,PENTACHLOROBENZENE,PENTACHLOROBENZENE,608935,608935,APPROVED,WQX.AliasMatch,NA
PENTACHLOROETHANE,PENTACHLOROETHANE,PENTACHLOROETHANE,PENTACHLOROETHANE,76017,76017,APPROVED,WQX.AliasMatch,NA
PENTACHLOROPHENOL,PENTACHLOROPHENOL,PENTACHLOROPHENOL,PENTACHLOROPHENOL (PCP),87865,87865,APPROVED,WQX.AliasMatch,NA
PENTACHLOROPHENOL,PENTACHLOROPHENOL,PENTACHLOROPHENOL,PENTACHLOROPHENOL (PCP) IN FISH TISSUE,87865,87865,APPROVED,WQX.AliasMatch,NA
PENTACHLOROPHENOL,PENTACHLOROPHENOL,PENTACHLOROPHENOL,PENTACHLOROPHENOL (PCP) IN SEDIMENT,87865,87865,APPROVED,WQX.AliasMatch,NA
PENTHIOPYRAD,NA,NA,PENTHIOPYRAD,NA,,APPROVED,WQX.AliasMatch,NA
GENERAL OBSERVATION (TEXT),NA,NA,PER- AND POLYFLUOROALKYL SUBSTANCES (PFAS),NA,,APPROVED,WQX.AliasMatch,NA
PERCHLORATE,PERCHLORATE,PERCHLORATE,PERCHLORATE,7601903,14797730,APPROVED,WQX.AliasMatch,NA
TETRACHLOROETHYLENE,TETRACHLOROETHENE*,TETRACHLOROETHYLENE*,PERCHLOROETHYLENE,NA,127184,APPROVED,WQX.AliasMatch,NA
PERFLUOROHEXANE,NA,NA,PERFLUOROHEXANE SULFONIC ACID (PFHXS),NA,355420,APPROVED,WQX.AliasMatch,NA
PERFLUOROHEXANE,NA,NA,PERFLUOROHEXANE SULFONIC ACID (PFHXS) IN FISH TISSUE,NA,355420,APPROVED,WQX.AliasMatch,NA
PERFLUORONONANOIC ACID,NA,NA,PERFLUORONONANOIC ACID (PFNA),NA,375951,APPROVED,WQX.AliasMatch,NA
PERFLUORONONANOIC ACID,NA,NA,PERFLUORONONANOIC ACID (PFNA) IN FISH TISSUE,NA,375951,APPROVED,WQX.AliasMatch,NA
PERFLUOROOCTANE SULFONIC ACID,NA,NA,PERFLUOROOCTANE SULFONATE (PFOS),NA,1763231,APPROVED,WQX.AliasMatch,NA
PERFLUOROOCTANE SULFONIC ACID,NA,NA,PERFLUOROOCTANE SULFONATE (PFOS) IN FISH TISSUE,NA,1763231,APPROVED,WQX.AliasMatch,NA
PERFLUOROOCTANOIC ACID,NA,NA,PERFLUOROOCTANOIC ACID (PFOA),NA,335671,APPROVED,WQX.AliasMatch,NA
PERFLUOROOCTANOIC ACID,NA,NA,PERFLUOROOCTANOIC ACID (PFOA) IN FISH TISSUE,NA,335671,APPROVED,WQX.AliasMatch,NA
PERIPHYTON,NA,NA,PERIPHYTON (AUFWUCHS) INDICATOR BIOASSESSMENTS,NA,,APPROVED,WQX.AliasMatch,NA
PERMETHRIN,PERMETHRIN,PERMETHRIN,PERMETHRIN,52645531,52645531,APPROVED,WQX.AliasMatch,NA
.BETA.-ENDOSULFAN,BETA-ENDOSULFAN,BETA-ENDOSULFAN,PESTICIDES,33213659,33213659,APPROVED,WQX.AliasMatch,NA
.BETA.-ENDOSULFAN,BETA-ENDOSULFAN,BETA-ENDOSULFAN,"PESTICIDES - DDE, DDT",33213659,33213659,APPROVED,WQX.AliasMatch,NA
MIREX,MIREX,MIREX,PESTICIDES - MIREX,2385855,2385855,APPROVED,WQX.AliasMatch,NA
"PESTICIDE MIX, UNSPECIFIED",NA,NA,PESTICIDES 1/2LIFE <=90 D,NA,,APPROVED,WQX.AliasMatch,NA
"HYDROCARBONS, PETROLEUM",NA,NA,PETROLEUM HYDROCARBONS,NA,,APPROVED,WQX.AliasMatch,NA
PETROLEUM,NA,NA,PETROLEUM PRODUCTS,NA,"	8002059",APPROVED,WQX.AliasMatch,NA
GENERAL OBSERVATION (TEXT),NA,NA,PFAS IN FISH TISSUE,NA,,APPROVED,WQX.AliasMatch,NA
SEDIMENT,NA,NA,PFAS IN SEDIMENT,NA,,APPROVED,WQX.AliasMatch,NA
GENERAL OBSERVATION (TEXT),NA,NA,PFC(PROPER FUNCTIONING CONDITION),NA,,APPROVED,WQX.AliasMatch,NA
ENTRENCHMENT RATIO,NA,NA,PH - SUMMER,NA,,APPROVED,WQX.AliasMatch,NA
PH,NA,NA,"PH, HIGH",NA,,APPROVED,WQX.AliasMatch,NA
PH,NA,NA,"PH, LOW",NA,,APPROVED,WQX.AliasMatch,NA
"ACIDITY, (H+)",ACIDITY,ACIDITY,PH/ACIDITY/CAUSTIC CONDITIONS,NA,,APPROVED,WQX.AliasMatch,NA
PHENANTHRENE,PHENANTHRENE,PHENANTHRENE,PHENANTHRENE,85018,85018,APPROVED,WQX.AliasMatch,NA
PHENOL,PHENOL,PHENOL,PHENOL,108952,108952,APPROVED,WQX.AliasMatch,NA
PHENOL,PHENOL,PHENOL,PHENOL IN FISH TISSUE,108952,108952,APPROVED,WQX.AliasMatch,NA
PHENOL,PHENOL,PHENOL,PHENOL IN SEDIMENT,108952,108952,APPROVED,WQX.AliasMatch,NA
PHENOLICS,NA,NA,PHENOLICS,NA,,APPROVED,WQX.AliasMatch,NA
PHENOLS,PHENOLS,PHENOL*,PHENOLS,NA,,APPROVED,WQX.AliasMatch,NA
PHENOTHRIN,NA,NA,PHENOTHRIN,NA,26002802,APPROVED,WQX.AliasMatch,NA
PHEOPHYTIN A,NA,NA,PHEOPHYTIN A,NA,603178,APPROVED,WQX.AliasMatch,NA
PHORATE,NA,NA,PHORATE,NA,298022,APPROVED,WQX.AliasMatch,NA
PHOSMET,NA,NA,PHOSMET,NA,732116,APPROVED,WQX.AliasMatch,NA
PHOSPHAMIDON,NA,NA,PHOSPHAMIDON,NA,13171216,APPROVED,WQX.AliasMatch,NA
ORTHOPHOSPHATE,ORTHOPHOSPHATE,ORTHOPHOSPHATE,PHOSPHATE,NA,14265442,APPROVED,WQX.AliasMatch,NA
ORTHOPHOSPHATE,ORTHOPHOSPHATE,PHOSPHATE,PHOSPHATE,NA,14265442,APPROVED,WQX.AliasMatch,NA
ORTHOPHOSPHATE,PHOSPHATE,ORTHOPHOSPHATE,PHOSPHATE,NA,14265442,APPROVED,WQX.AliasMatch,NA
ORTHOPHOSPHATE,PHOSPHATE,PHOSPHATE,PHOSPHATE,NA,14265442,APPROVED,WQX.AliasMatch,NA
PHOSPHATE-PHOSPHORUS,NA,NA,PHOSPHATES,NA,,APPROVED,WQX.AliasMatch,NA
ORTHOPHOSPHATE,ORTHOPHOSPHATE,ORTHOPHOSPHATE,PHOSPHORUS,NA,14265442,APPROVED,WQX.AliasMatch,NA
ORTHOPHOSPHATE,ORTHOPHOSPHATE,PHOSPHATE,PHOSPHORUS,NA,14265442,APPROVED,WQX.AliasMatch,NA
ORTHOPHOSPHATE,PHOSPHATE,ORTHOPHOSPHATE,PHOSPHORUS,NA,14265442,APPROVED,WQX.AliasMatch,NA
ORTHOPHOSPHATE,PHOSPHATE,PHOSPHATE,PHOSPHORUS,NA,14265442,APPROVED,WQX.AliasMatch,NA
PHOSPHORUS,PHOSPHOROUS (YELLOW),PHOSPHOROUS (YELLOW),"PHOSPHORUS, ELEMENTAL",7723140,7723140,APPROVED,WQX.AliasMatch,NA
"TOTAL PHOSPHORUS, MIXED FORMS",NA,NA,"PHOSPHORUS, TOTAL",NA,,APPROVED,WQX.AliasMatch,NA
PHOTOMIREX,NA,NA,PHOTOMIREX,NA,39801144,APPROVED,WQX.AliasMatch,NA
GENERAL OBSERVATION (TEXT),NA,NA,PHTHALATE ESTERS,NA,,APPROVED,WQX.AliasMatch,NA
PHTHALIC ANHYDRIDE,NA,NA,PHTHALIC ANHYDRIDE,NA,85449,APPROVED,WQX.AliasMatch,NA
GENERAL OBSERVATION (TEXT),NA,NA,PHTHLATE,NA,,APPROVED,WQX.AliasMatch,NA
GENERAL OBSERVATION (TEXT),NA,NA,PHYSICAL DEGRADATION,NA,,APPROVED,WQX.AliasMatch,NA
GENERAL OBSERVATION (TEXT),NA,NA,PHYSICAL HABITAT CHANGES,NA,,APPROVED,WQX.AliasMatch,NA
SUBSTRATE (CHOICE LIST),NA,NA,PHYSICAL SUBSTRATE HABITAT ALTERATIONS,NA,,APPROVED,WQX.AliasMatch,NA
PICLORAM,PICLORAM,PICLORAM,PICLORAM,1918021,"	1918021",APPROVED,WQX.AliasMatch,NA
PICRIC ACID,NA,NA,PICRIC ACID,NA,88891,APPROVED,WQX.AliasMatch,NA
IRVINE INDEX OF BIOLOGICAL INTEGRITY,NA,NA,PINELAND BIOLOGICAL COMMUNITY,NA,,APPROVED,WQX.AliasMatch,NA
PIPERONYL BUTOXIDE,NA,NA,PIPERONYL BUTOXIDE,NA,51036,APPROVED,WQX.AliasMatch,NA
GENERAL OBSERVATION (TEXT),NA,NA,"PLACEHOLDER, FOR YEAR 2000, SPECIFIC IMPAIRMENT INFORMATION WAS NOT REPORTED FOR SOURCES",NA,,APPROVED,WQX.AliasMatch,NA
PLANKTON,NA,NA,PLANKTON COUNT,NA,,APPROVED,WQX.AliasMatch,NA
GENERAL OBSERVATION (TEXT),NA,NA,PLANT NUTRIENTS,NA,,APPROVED,WQX.AliasMatch,NA
WATER,NA,NA,POLLUTANTS IN URBAN STORMWATER,NA,7732185,APPROVED,WQX.AliasMatch,NA
POLYBROMINATED BIPHENYLS,POLYBROMINATED BIPHENYLS,POLYBROMINATED BIPHENYLS,POLYBROMINATED BIPHENYLS,NA,,APPROVED,WQX.AliasMatch,NA
POLYBROMINATED DIPHENYL ETHERS,NA,NA,POLYBROMINATED DIPHENYL ETHERS,NA,60371144,APPROVED,WQX.AliasMatch,NA
POLYBROMINATED DIPHENYL ETHERS,NA,NA,POLYBROMINATED DIPHENYL ETHERS IN FISH TISSUE,NA,60371144,APPROVED,WQX.AliasMatch,NA
AROCLOR 1016,PCB 1016,PCB-1016,POLYCHLORINATED BIPHENYLS (PCBS),12674112,12674112,APPROVED,WQX.AliasMatch,NA
POLYCYCLIC AROMATIC HYDROCARBONS,POLYCYCLIC AROMATIC HYDROCARBONS,POLYCYCLIC AROMATIC HYDROCARBONS (PAHS),POLYCYCLIC AROMATIC HYDROCARBONS (PAHS),NA,130498292,APPROVED,WQX.AliasMatch,NA
POLYCYCLIC AROMATIC HYDROCARBONS,POLYCYCLIC AROMATIC HYDROCARBONS,POLYCYCLIC AROMATIC HYDROCARBONS (PAHS),POLYCYCLIC AROMATIC HYDROCARBONS (PAHS) (AQUATIC ECOSYSTEMS),NA,130498292,APPROVED,WQX.AliasMatch,NA
POLYCYCLIC AROMATIC HYDROCARBONS,POLYCYCLIC AROMATIC HYDROCARBONS,POLYCYCLIC AROMATIC HYDROCARBONS (PAHS),POLYCYCLIC AROMATIC HYDROCARBONS (PAHS) IN FISH TISSUE,NA,130498292,APPROVED,WQX.AliasMatch,NA
GENERAL OBSERVATION (TEXT),NA,NA,POOR MACROINVERTEBRATE COMMUNITY,NA,,APPROVED,WQX.AliasMatch,NA
POTASSIUM,POTASSIUM,POTASSIUM,POTASSIUM,NA,"	7440097",APPROVED,WQX.AliasMatch,NA
"P,P'-DDE","4,4'-DDE","P,P'-DICHLORODIPHENYLDICHLOROETHYLENE (DDE)",PPDDE,72559,72559,APPROVED,WQX.AliasMatch,NA
"P,P'-DDE","4,4'-DDE","P,P'-DICHLORODIPHENYLDICHLOROETHYLENE (DDE)",PPDDE IN SEDIMENT,72559,72559,APPROVED,WQX.AliasMatch,NA
PRALLETHRIN,NA,NA,PRALLETHRIN,NA,23031369,APPROVED,WQX.AliasMatch,NA
GENERAL OBSERVATION (TEXT),NA,NA,PREDATION,NA,,APPROVED,WQX.AliasMatch,NA
GENERAL OBSERVATION (TEXT),NA,NA,PREVIOUSLY 5-A LISTED.,NA,,APPROVED,WQX.AliasMatch,NA
GENERAL OBSERVATION (TEXT),NA,NA,PRIORITY & NONPRIORITY ORGANICS,NA,,APPROVED,WQX.AliasMatch,NA
GENERAL OBSERVATION (TEXT),NA,NA,PRIORITY ASSESSMENT UNIT ATTAINING WQS,NA,,APPROVED,WQX.AliasMatch,NA
GENERAL OBSERVATION (TEXT),NA,NA,PRIORITY ORGANICS,NA,,APPROVED,WQX.AliasMatch,NA
POLYCHLORINATED BIPHENYLS,PCBS,POLYCHLORINATED BIPHENYLS (PCBS),PRIORITY ORGANICS - PCBS,1336363,1336363,APPROVED,WQX.AliasMatch,NA
GENERAL OBSERVATION (TEXT),NA,NA,PRIORITY ORGANICS COMPOUNDS,NA,,APPROVED,WQX.AliasMatch,NA
POLYCHLORINATED BIPHENYLS,PCBS,POLYCHLORINATED BIPHENYLS (PCBS),PRIORITY ORGANICS/PCBS/MIGRATORY SPECIES,1336363,1336363,APPROVED,WQX.AliasMatch,NA
GENERAL OBSERVATION (TEXT),NA,NA,PRIORITY ORGANICS/VOLATILE ORGANICS,NA,,APPROVED,WQX.AliasMatch,NA
PRIORITY POLLUTANTS,NA,NA,PRIORITY POLLUTANTS,NA,,APPROVED,WQX.AliasMatch,NA
INVASIVE SPECIES PREVALENCE,NA,NA,PROBLEM SPECIES,NA,,APPROVED,WQX.AliasMatch,NA
PRODIAMINE,NA,NA,PRODIAMINE,NA,29091212,APPROVED,WQX.AliasMatch,NA
PROFENOFOS,NA,NA,PROFENOFOS,NA,41198087,APPROVED,WQX.AliasMatch,NA
PROMETON,PROMETON,PROMETON,PROMETON,1610180,1610180,APPROVED,WQX.AliasMatch,NA
PROMETON,PROMETON,PROMETON,PROMETON (PROMETONE),1610180,1610180,APPROVED,WQX.AliasMatch,NA
PROMETRYN,NA,NA,PROMETRYN,NA,7287196,APPROVED,WQX.AliasMatch,NA
PRONAMIDE,PRONAMIDE,PRONAMIDE,PRONAMIDE,23950585,23950585,APPROVED,WQX.AliasMatch,NA
PROPACHLOR,PROPACHLOR,PROPACHLOR,PROPACHLOR,1918167,1918167,APPROVED,WQX.AliasMatch,NA
PROPANIL,PROPANIL,PROPANIL,PROPANIL,NA,709988,APPROVED,WQX.AliasMatch,NA
PROPANIL,PROPANIL,PROPANIL,PROPANIL (DCPA MONO- AND DI-ACID DEGRAD,NA,709988,APPROVED,WQX.AliasMatch,NA
PROPARGITE,NA,NA,PROPARGITE,NA,2312358,APPROVED,WQX.AliasMatch,NA
PROPAZINE,PROPAZINE,PROPAZINE,PROPAZINE,139402,139402,APPROVED,WQX.AliasMatch,NA
PROPETAMPHOS,NA,NA,PROPETAMPHOS,NA,31218834,APPROVED,WQX.AliasMatch,NA
PROPHAM,PROPHAM,PROPHAM,PROPHAM,122429,122429,APPROVED,WQX.AliasMatch,NA
PROPICONAZOLE,NA,NA,PROPICONAZOLE,NA,60207901,APPROVED,WQX.AliasMatch,NA
PROPIONALDEHYDE,NA,NA,PROPIONALDEHYDE,NA,123386,APPROVED,WQX.AliasMatch,NA
PROPOXUR,PROPOXUR,PROPOXUR,PROPOXUR,114261,114261,APPROVED,WQX.AliasMatch,NA
PROPYLENE GLYCOL,NA,NA,PROPYLENE GLYCOL,NA,57556,APPROVED,WQX.AliasMatch,NA
PROPYLENE OXIDE,NA,NA,PROPYLENE OXIDE,NA,75569,APPROVED,WQX.AliasMatch,NA
PROTHIOFOS,NA,NA,PROTHIOFOS,NA,34643464,APPROVED,WQX.AliasMatch,NA
GENERAL OBSERVATION (TEXT),NA,NA,PUMPING,NA,,APPROVED,WQX.AliasMatch,NA
PYRACLOSTROBIN,NA,NA,PYRACLOSTROBIN,NA,175013180,APPROVED,WQX.AliasMatch,NA
PYRENE,PYRENE,PYRENE,PYRENE,129000,129000,APPROVED,WQX.AliasMatch,NA
PYRENE,PYRENE,PYRENE,PYRENE IN FISH TISSUE,129000,129000,APPROVED,WQX.AliasMatch,NA
PYRETHRINS,NA,NA,PYRETHRIN,NA,8003347,APPROVED,WQX.AliasMatch,NA
PYRETHRINS,NA,NA,PYRETHRINS,NA,8003347,APPROVED,WQX.AliasMatch,NA
PYRETHROID INSECTICIDES,NA,NA,PYRETHROIDS,NA,,APPROVED,WQX.AliasMatch,NA
PYRIDABEN,NA,NA,PYRIDABEN,NA,96489713,APPROVED,WQX.AliasMatch,NA
PYRIDINE,PYRIDINE,PYRIDINE,PYRIDINE,110861,110861,APPROVED,WQX.AliasMatch,NA
PYRIMETHANIL,NA,NA,PYRIMETHANIL,NA,53112280,APPROVED,WQX.AliasMatch,NA
PYRIPROXYFEN,NA,NA,PYRIPROXYFEN,NA,95737681,APPROVED,WQX.AliasMatch,NA
QUINOLINE,QUINOLINE,QUINOLINE,QUINOLINE,91225,91225,APPROVED,WQX.AliasMatch,NA
QUINONE,NA,NA,QUINONE,NA,106514,APPROVED,WQX.AliasMatch,NA
QUINOXYFEN,NA,NA,QUINOXYFEN,NA,124495187,APPROVED,WQX.AliasMatch,NA
PENTACHLORONITROBENZENE,PENTACHLORONITROBENZENE,PENTACHLORONITROBENZENE,QUINTOZENE,NA,82688,APPROVED,WQX.AliasMatch,NA
NET RADIATION,NA,NA,RADIATION,NA,,APPROVED,WQX.AliasMatch,NA
GENERAL OBSERVATION (TEXT),NA,NA,RADIONUCLIDES,NA,,APPROVED,WQX.AliasMatch,NA
RADIUM,NA,NA,RADIUM,NA,7440144,APPROVED,WQX.AliasMatch,NA
RADIUM-226,RADIUM-226,RADIUM 226,RADIUM 226,NA,13982633,APPROVED,WQX.AliasMatch,NA
RADIUM-228,RADIUM 228,RADIUM 228,RADIUM 228,15262201,15262201,APPROVED,WQX.AliasMatch,NA
CYCLONITE,RDX,RDX,"RDX (HEXAHYDRO-1,3,5-TRINITRO-1,3,5-TRIAZINE)",121824,121824,APPROVED,WQX.AliasMatch,NA
GENERAL OBSERVATION (TEXT),NA,NA,RECREATION ADVISORY POSTINGS,NA,,APPROVED,WQX.AliasMatch,NA
GENERAL OBSERVATION (TEXT),NA,NA,RECREATIONAL RESTRICTIONS - BLUE GREEN ALGAE,NA,,APPROVED,WQX.AliasMatch,NA
CRYPTOSPORIDIUM,CRYPTOSPORIDIUM,CRYPTOSPORIDIUM,RECREATIONAL RESTRICTIONS - PATHOGENS,NA,137259508,APPROVED,WQX.AliasMatch,NA
GENERAL OBSERVATION (TEXT),NA,NA,REDUCED TIDAL FLUSHING,NA,,APPROVED,WQX.AliasMatch,NA
FLOW,NA,NA,REDUCED TIDAL FLUSHING - NO FLOW ALTERATION,NA,,APPROVED,WQX.AliasMatch,NA
GENERAL OBSERVATION (TEXT),NA,NA,REDUCTION OF RIPARIAN VEGETATION,NA,,APPROVED,WQX.AliasMatch,NA
GENERAL OBSERVATION (TEXT),NA,NA,RESIDUAL SURFACE AND SUB-SURFACE OIL/TAR BALLS/TAR MATS,NA,,APPROVED,WQX.AliasMatch,NA
"RESIDUE, TOTAL",NA,NA,RESIDUES,NA,,APPROVED,WQX.AliasMatch,NA
"RESIDUE, TOTAL",NA,NA,"RESIDUES (DEBRIS, SLUDGE)",NA,,APPROVED,WQX.AliasMatch,NA
RESMETHRIN,NA,NA,RESMETHRIN,NA,10453868,APPROVED,WQX.AliasMatch,NA
GENERAL OBSERVATION (TEXT),NA,NA,RESTRICTED PASSAGE,NA,,APPROVED,WQX.AliasMatch,NA
GENERAL OBSERVATION (TEXT),NA,NA,REVISED TMDL/PREVIOUSLY ON 303D LIST,NA,,APPROVED,WQX.AliasMatch,NA
"EMBEDDEDNESS, RIFFLE (%)",NA,NA,RIFFLE%,NA,,APPROVED,WQX.AliasMatch,NA
GENERAL OBSERVATION (TEXT),NA,NA,"RIPARIAN BUFFER, LACK OF",NA,,APPROVED,WQX.AliasMatch,NA
GENERAL OBSERVATION (TEXT),NA,NA,RIPARIAN DEGRADATION,NA,,APPROVED,WQX.AliasMatch,NA
GENERAL OBSERVATION (TEXT),NA,NA,RIPARIAN DISTURBANCE,NA,,APPROVED,WQX.AliasMatch,NA
GENERAL OBSERVATION (TEXT),NA,NA,RIPARIAN FOREST,NA,,APPROVED,WQX.AliasMatch,NA
GENERAL OBSERVATION (TEXT),NA,NA,RIPARIAN HABITAT ALTERATION,NA,,APPROVED,WQX.AliasMatch,NA
GENERAL OBSERVATION (TEXT),NA,NA,RIPARIAN LOSS,NA,,APPROVED,WQX.AliasMatch,NA
GENERAL OBSERVATION (TEXT),NA,NA,RIPARIAN SHADE,NA,,APPROVED,WQX.AliasMatch,NA
RONNEL,NA,NA,RONNEL,NA,299843,APPROVED,WQX.AliasMatch,NA
SAFROLE,NA,NA,SAFROLE,NA,94597,APPROVED,WQX.AliasMatch,NA
GENERAL OBSERVATION (TEXT),NA,NA,SALINE SEEPS,NA,,APPROVED,WQX.AliasMatch,NA
SALINITY,SALINITY,SALINITY,SALINITY,NA,,APPROVED,WQX.AliasMatch,NA
SALINITY,SALINITY,SALINITY,SALINITY CHANGE DUE TO CHANGE IN FLOW,NA,,APPROVED,WQX.AliasMatch,NA
SALINITY,SALINITY,SALINITY,SALINITY CHANGE-BIOLOGY IMPAIRMENT DUE TO REDUCED/ALTERED FRESHWATER FLOW,NA,,APPROVED,WQX.AliasMatch,NA
SALINITY,SALINITY,SALINITY,SALINITY CHANGE-CUTS AND CHANNELS,NA,,APPROVED,WQX.AliasMatch,NA
SALINITY,SALINITY,SALINITY,SALINITY CHANGE-GROUNDWATER WITHDRAWALS,NA,,APPROVED,WQX.AliasMatch,NA
SALINITY,SALINITY,SALINITY,SALINITY CHANGE-REDUCED FRESHWATER FLOWS,NA,,APPROVED,WQX.AliasMatch,NA
SALINITY,SALINITY,SALINITY,SALINITY CHANGE-UNKNOWN SOURCE,NA,,APPROVED,WQX.AliasMatch,NA
SOLIDS,NA,NA,SALINITY/TOTAL DISSOLVED SOLIDS,NA,,APPROVED,WQX.AliasMatch,NA
SALINITY,SALINITY,SALINITY,SALINITY/TOTAL DISSOLVED SOLIDS/CHLORIDES,NA,,APPROVED,WQX.AliasMatch,NA
SALINITY,SALINITY,SALINITY,SALINITY/TOTAL DISSOLVED SOLIDS/CHLORIDES/SULFATES,NA,,APPROVED,WQX.AliasMatch,NA
SALINITY,SALINITY,SALINITY,SALINITY/TOTAL DISSOLVED SOLIDS/SULFATES,NA,,APPROVED,WQX.AliasMatch,NA
GENERAL OBSERVATION (TEXT),NA,NA,SALTS,NA,,APPROVED,WQX.AliasMatch,NA
SAND,NA,NA,SAND,NA,308075072,APPROVED,WQX.AliasMatch,NA
GENERAL OBSERVATION (TEXT),NA,NA,SANITARY WASTE,NA,,APPROVED,WQX.AliasMatch,NA
SCANDIUM,NA,NA,SCANDIUM,NA,7440202,APPROVED,WQX.AliasMatch,NA
SCUM (Y/N) (CHOICE LIST),NA,NA,SCUM,NA,,APPROVED,WQX.AliasMatch,NA
SCUM (Y/N) (CHOICE LIST),NA,NA,SCUM/FOAM,NA,,APPROVED,WQX.AliasMatch,NA
SCUM (Y/N) (CHOICE LIST),NA,NA,"SCUM/FOAM, UNNATURAL",NA,,APPROVED,WQX.AliasMatch,NA
GENERAL OBSERVATION (TEXT),NA,NA,SEA LETTUCE,NA,,APPROVED,WQX.AliasMatch,NA
GENERAL OBSERVATION (TEXT),NA,NA,SEAFOOD RESIDUE,NA,,APPROVED,WQX.AliasMatch,NA
TAXON PRESENT (Y/N) (CHOICE LIST),NA,NA,SEAGRASS,NA,,APPROVED,WQX.AliasMatch,NA
2-BUTANOL,NA,NA,SEC-BUTYL ALCOHOL,NA,78922,APPROVED,WQX.AliasMatch,NA
SEC-BUTYLBENZENE,SEC-BUTYLBENZENE,SEC-BUTYLBENZENE,SEC-BUTYLBENZENE,135988,135988,APPROVED,WQX.AliasMatch,NA
SECBUMETON,NA,NA,SECBUMETON,NA,26259450,APPROVED,WQX.AliasMatch,NA
"DEPTH, SECCHI DISK DEPTH",SECCHI DEPTH,SECCHI DEPTH,SECCHI DISK TRANSPARENCY,NA,,APPROVED,WQX.AliasMatch,NA
SEDIMENT,NA,NA,SEDIMENT,NA,,APPROVED,WQX.AliasMatch,NA
SEDIMENT,NA,NA,SEDIMENT BIOASSAY,NA,,APPROVED,WQX.AliasMatch,NA
SEDIMENT,NA,NA,SEDIMENT BIOASSAYS - ACUTE TOXICITY FRESHWATER,NA,,APPROVED,WQX.AliasMatch,NA
SEDIMENT,NA,NA,SEDIMENT BIOASSAYS FOR ESTUARINE AND MARINE WATER,NA,,APPROVED,WQX.AliasMatch,NA
SEDIMENT,NA,NA,SEDIMENT CONTAMINANTS,NA,,APPROVED,WQX.AliasMatch,NA
SEDIMENT DEPOSITION,NA,NA,SEDIMENT DEPOSITION,NA,,APPROVED,WQX.AliasMatch,NA
SEDIMENT OXYGEN DEMAND,NA,NA,SEDIMENT OXYGEN DEMAND,NA,,APPROVED,WQX.AliasMatch,NA
SEDIMENT,NA,NA,SEDIMENT SCREENING VALUE (EXCEEDANCE),NA,,APPROVED,WQX.AliasMatch,NA
SEDIMENT,NA,NA,SEDIMENT SCREENING VALUE (EXCEEDENCE),NA,,APPROVED,WQX.AliasMatch,NA
TOXICITY SEDIMENT SURVIVAL,NA,NA,SEDIMENT TOXICITY,NA,,APPROVED,WQX.AliasMatch,NA
GENERAL OBSERVATION (TEXT),NA,NA,SEDIMENTATION,NA,,APPROVED,WQX.AliasMatch,NA
GENERAL OBSERVATION (TEXT),NA,NA,SEDIMENTATION (>SILT),NA,,APPROVED,WQX.AliasMatch,NA
SILT,NA,NA,SEDIMENTATION/SILTATION,NA,,APPROVED,WQX.AliasMatch,NA
SELENIUM,SELENIUM,SELENIUM,SELENIUM,7782492,7782492,APPROVED,WQX.AliasMatch,NA
SELENIUM,SELENIUM,SELENIUM,SELENIUM - ACUTE,7782492,7782492,APPROVED,WQX.AliasMatch,NA
SELENIUM,SELENIUM,SELENIUM,SELENIUM - CHRONIC,7782492,7782492,APPROVED,WQX.AliasMatch,NA
SELENIUM,SELENIUM,SELENIUM,SELENIUM IN FISH TISSUE,7782492,7782492,APPROVED,WQX.AliasMatch,NA
SELENIUM,SELENIUM,SELENIUM,SELENIUM IN SEDIMENT,7782492,7782492,APPROVED,WQX.AliasMatch,NA
SELENIUM,SELENIUM,SELENIUM,SELENIUM IN TISSUE,7782492,7782492,APPROVED,WQX.AliasMatch,NA
SELENIUM,SELENIUM,SELENIUM,"SELENIUM, CHRONIC",7782492,7782492,APPROVED,WQX.AliasMatch,NA
SELENIUM,SELENIUM,SELENIUM,"SELENIUM, DISSOLVED",7782492,7782492,APPROVED,WQX.AliasMatch,NA
SELENIUM,SELENIUM,SELENIUM,"SELENIUM, TOTAL",7782492,7782492,APPROVED,WQX.AliasMatch,NA
SELENIUM,SELENIUM,SELENIUM,"SELENIUM, TOTAL RECOVERABLE",7782492,7782492,APPROVED,WQX.AliasMatch,NA
SETTLEABLE SOLIDS,NA,NA,SETTLEABLE SOLIDS,NA,,APPROVED,WQX.AliasMatch,NA
GENERAL OBSERVATION (TEXT),NA,NA,SHALLOW LAKE BASIN,NA,,APPROVED,WQX.AliasMatch,NA
GENERAL OBSERVATION (TEXT),NA,NA,SHELLFISH GROWING AREA - APPROVED,NA,,APPROVED,WQX.AliasMatch,NA
GENERAL OBSERVATION (TEXT),NA,NA,SHELLFISH GROWING AREA-CONDITIONALLY APPROVED CLOSED,NA,,APPROVED,WQX.AliasMatch,NA
GENERAL OBSERVATION (TEXT),NA,NA,SHELLFISH GROWING AREA-CONDITIONALLY APPROVED OPEN,NA,,APPROVED,WQX.AliasMatch,NA
GENERAL OBSERVATION (TEXT),NA,NA,SHELLFISH GROWING AREA-PROHIBITED,NA,,APPROVED,WQX.AliasMatch,NA
GENERAL OBSERVATION (TEXT),NA,NA,SHELLFISH HARVESTING ADVISORY,NA,,APPROVED,WQX.AliasMatch,NA
GENERAL OBSERVATION (TEXT),NA,NA,SHELLFISHING BAN,NA,,APPROVED,WQX.AliasMatch,NA
SIDURON,NA,NA,SIDURON,NA,1982496,APPROVED,WQX.AliasMatch,NA
SILICA,SILICA,SILICA,SILICA,NA,7631869,APPROVED,WQX.AliasMatch,NA
SILICATE,NA,NA,SILICATE,NA,12627133,APPROVED,WQX.AliasMatch,NA
SILT,NA,NA,SILTATION,NA,,APPROVED,WQX.AliasMatch,NA
SILT,NA,NA,SILTATION/TURBIDITY,NA,,APPROVED,WQX.AliasMatch,NA
SILVER,SILVER,SILVER,SILVER,7440224,7440224,APPROVED,WQX.AliasMatch,NA
SILVER,SILVER,SILVER,SILVER IN SEDIMENT,7440224,7440224,APPROVED,WQX.AliasMatch,NA
SILVER,SILVER,SILVER,"SILVER, DISSOLVED",7440224,7440224,APPROVED,WQX.AliasMatch,NA
SILVER,SILVER,SILVER,"SILVER, TOTAL",7440224,7440224,APPROVED,WQX.AliasMatch,NA
GENERAL OBSERVATION (TEXT),NA,NA,SILVICULTURE,NA,,APPROVED,WQX.AliasMatch,NA
SIMAZINE,SIMAZINE,SIMAZINE,SIMAZINE,122349,122349,APPROVED,WQX.AliasMatch,NA
SIMETRYN,NA,NA,SIMETRYN,NA,1014706,APPROVED,WQX.AliasMatch,NA
GENERAL OBSERVATION (TEXT),NA,NA,SINGLE SAMPLE TOXIC EXCEEDANCE,NA,,APPROVED,WQX.AliasMatch,NA
GENERAL OBSERVATION (TEXT),NA,NA,SINGLE SAMPLE TOXIC EXCEEDENCE,NA,,APPROVED,WQX.AliasMatch,NA
GENERAL OBSERVATION (TEXT),NA,NA,SLUDGE,NA,,APPROVED,WQX.AliasMatch,NA
GENERAL OBSERVATION (TEXT),NA,NA,SLUDGE DEPOSITS,NA,,APPROVED,WQX.AliasMatch,NA
SEDIMENT,NA,NA,SLUDGE/SEDIMENT,NA,,APPROVED,WQX.AliasMatch,NA
SODIUM,SODIUM,SODIUM,SODIUM,NA,7440235,APPROVED,WQX.AliasMatch,NA
SODIUM,SODIUM,SODIUM,SODIUM ABSORPTION RATIO,NA,7440235,APPROVED,WQX.AliasMatch,NA
SODIUM ADSORPTION RATIO [(NA)/(SQ ROOT OF 1/2 CA + MG)],NA,NA,SODIUM ADSORPTION RATIO,NA,,APPROVED,WQX.AliasMatch,NA
SODIUM,SODIUM,SODIUM,"SODIUM THIOSULFATE (DECHLOR, ANTICLOR)",NA,7440235,APPROVED,WQX.AliasMatch,NA
SOLIDS,NA,NA,SOLID WASTE,NA,,APPROVED,WQX.AliasMatch,NA
SOLIDS,NA,NA,SOLIDS,NA,,APPROVED,WQX.AliasMatch,NA
SOLIDS,NA,NA,SOLIDS (SUSPENDED/BEDLOAD),NA,,APPROVED,WQX.AliasMatch,NA
SOLIDS,NA,NA,SOLIDS DEPOSITION,NA,,APPROVED,WQX.AliasMatch,NA
GENERAL OBSERVATION (TEXT),NA,NA,SOUTH AMERICAN WATERWEED,NA,,APPROVED,WQX.AliasMatch,NA
SPECIFIC CONDUCTANCE,SPECIFIC CONDUCTANCE,SPECIFIC CONDUCTANCE,SPECIFIC CONDUCTIVITY,NA,,APPROVED,WQX.AliasMatch,NA
SPECIFIC CONDUCTANCE,SPECIFIC CONDUCTANCE*,SPECIFIC CONDUCTANCE,SPECIFIC CONDUCTIVITY,NA,,APPROVED,WQX.AliasMatch,NA
WATER,NA,NA,STORMWATER,NA,7732185,APPROVED,WQX.AliasMatch,NA
GENERAL OBSERVATION (TEXT),NA,NA,STREAM BOTTOM DEPOSITS,NA,,APPROVED,WQX.AliasMatch,NA
GENERAL OBSERVATION (TEXT),NA,NA,STREAM MODIFICATION,NA,,APPROVED,WQX.AliasMatch,NA
GENERAL OBSERVATION (TEXT),NA,NA,STREAM MODIFICATION-BANK OR SHORELINE MODIFICATION,NA,,APPROVED,WQX.AliasMatch,NA
GENERAL OBSERVATION (TEXT),NA,NA,STREAM MODIFICATION-CHANNELIZATION/CANALIZATION,NA,,APPROVED,WQX.AliasMatch,NA
GENERAL OBSERVATION (TEXT),NA,NA,STREAM MODIFICATION-UNKNOWN SOURCE,NA,,APPROVED,WQX.AliasMatch,NA
GENERAL OBSERVATION (TEXT),NA,NA,STREAMBANK DESTABILIZATION,NA,,APPROVED,WQX.AliasMatch,NA
FECAL STREPTOCOCCUS GROUP BACTERIA,NA,NA,"STREPTOCOCCUS, FECAL",NA,,APPROVED,WQX.AliasMatch,NA
STRONTIUM,STRONTIUM,STRONTIUM,STRONTIUM,7447246,7440246,APPROVED,WQX.AliasMatch,NA
STYRENE,STYRENE,STYRENE,STYRENE,100425,100425,APPROVED,WQX.AliasMatch,NA
STYRENE OXIDE,NA,NA,STYRENE OXIDE,NA,96093,APPROVED,WQX.AliasMatch,NA
SULFATE,SULFATES,SULFATE,SULFATE,14808798,14808798,APPROVED,WQX.AliasMatch,NA
SULFATE,SULFATES,SULFATE,SULFATE + CHLORIDE,14808798,14808798,APPROVED,WQX.AliasMatch,NA
SULFATE,SULFATES,SULFATE,SULFATES,14808798,14808798,APPROVED,WQX.AliasMatch,NA
SULFIDE,SULFIDE,SULFIDE,SULFIDE,NA,18496258,APPROVED,WQX.AliasMatch,NA
HYDROGEN SULFIDE,HYDROGEN SULFIDE,HYDROGEN SULFIDE,SULFIDE-HYDROGEN SULFIDE,7783064,"	7783064",APPROVED,WQX.AliasMatch,NA
SULFOMETURON METHYL,SULFOMETURON METHYL,SULFOMETURON METHYL,SULFOMETURON METHYL,74222972,74222972,APPROVED,WQX.AliasMatch,NA
SULFOSULFURON,SULFOSULFURON,SULFOSULFURON,SULFOSULFURON,NA,141776321,APPROVED,WQX.AliasMatch,NA
SULFOTEP,NA,NA,SULFOTEP,NA,3689245,APPROVED,WQX.AliasMatch,NA
SULFUR,NA,NA,SULFUR,NA,7704349,APPROVED,WQX.AliasMatch,NA
SULPROFOS,NA,NA,SULPROFOS,NA,35400432,APPROVED,WQX.AliasMatch,NA
GENERAL OBSERVATION (TEXT),NA,NA,SUPERSATURATED GAS,NA,,APPROVED,WQX.AliasMatch,NA
GENERAL OBSERVATION (TEXT),NA,NA,SUPERSATURATION,NA,,APPROVED,WQX.AliasMatch,NA
SURFACTANTS,NA,NA,SURFACTANTS,NA,,APPROVED,WQX.AliasMatch,NA
GENERAL OBSERVATION (TEXT),NA,NA,SUSPENDED ALGAE,NA,,APPROVED,WQX.AliasMatch,NA
SUSPENDED SEDIMENT DISCHARGE,NA,NA,SUSPENDED SEDIMENT,NA,,APPROVED,WQX.AliasMatch,NA
SUSPENDED SEDIMENT CONCENTRATION (SSC),NA,NA,SUSPENDED SEDIMENT CONCENTRATION,NA,,APPROVED,WQX.AliasMatch,NA
SEDIMENT,NA,NA,SUSPENDED SEDIMENT/SILTATION,NA,,APPROVED,WQX.AliasMatch,NA
TOTAL SUSPENDED SOLIDS,TOTAL SUSPENDED SOLIDS,SOLIDS SUSPENDED AND TURBIDITY,SUSPENDED SOLIDS,NA,,APPROVED,WQX.AliasMatch,NA
GENERAL OBSERVATION (TEXT),NA,NA,SWIMMING ADVISORY,NA,,APPROVED,WQX.AliasMatch,NA
GENERAL OBSERVATION (TEXT),NA,NA,SWIMMING RESTRICTION,NA,,APPROVED,WQX.AliasMatch,NA
GENERAL OBSERVATION (TEXT),NA,NA,SWOLLEN BLADDERWORT,NA,,APPROVED,WQX.AliasMatch,NA
ORGANIC COMPOUNDS,NA,NA,SYNTHETIC ORGANICS,NA,,APPROVED,WQX.AliasMatch,NA
ORGANIC COMPOUNDS,NA,NA,SYNTHETIC ORGANICS - PRIORITY,NA,,APPROVED,WQX.AliasMatch,NA
TANTALUM,NA,NA,TANTALUM,NA,7440257,APPROVED,WQX.AliasMatch,NA
GENERAL OBSERVATION (TEXT),NA,NA,TASTE,NA,,APPROVED,WQX.AliasMatch,NA
ODOR SEVERITY (CHOICE LIST),NA,NA,TASTE AND ODOR,NA,,APPROVED,WQX.AliasMatch,NA
ODOR SEVERITY (CHOICE LIST),NA,NA,"TASTE, COLOR, AND ODOR",NA,,APPROVED,WQX.AliasMatch,NA
"2,3,7,8-TETRACHLORODIBENZO-P-DIOXIN","2,3,7,8-TCDD (DIOXIN)","2,3,7,8-TCDD (DIOXIN)",TCDD,1746016,1746016,APPROVED,WQX.AliasMatch,NA
"2,3,7,8-TETRACHLORODIBENZO-P-DIOXIN","2,3,7,8-TCDD (DIOXIN)","2,3,7,8-TCDD (DIOXIN)*",TCDD,NA,1746016,APPROVED,WQX.AliasMatch,NA
"2,3,7,8-TETRACHLORODIBENZO-P-DIOXIN","2,3,7,8-TCDD (DIOXIN)*","2,3,7,8-TCDD (DIOXIN)",TCDD,NA,1746016,APPROVED,WQX.AliasMatch,NA
"2,3,7,8-TETRACHLORODIBENZO-P-DIOXIN","2,3,7,8-TCDD (DIOXIN)*","2,3,7,8-TCDD (DIOXIN)*",TCDD,NA,1746016,APPROVED,WQX.AliasMatch,NA
TEBUCONAZOLE,TEBUCONAZOLE,TEBUCONAZOLE,TEBUCONAZOLE,NA,107534963,APPROVED,WQX.AliasMatch,NA
TEBUFENOZIDE,NA,NA,TEBUFENOZIDE,NA,112410238,APPROVED,WQX.AliasMatch,NA
TEBUTHIURON,TEBUTHIURON,TEBUTHIURON,TEBUTHIURON,34014181,34014181,APPROVED,WQX.AliasMatch,NA
TEFLUTHRIN,NA,NA,TEFLUTHRIN,NA,79538322,APPROVED,WQX.AliasMatch,NA
TEMEPHOS,NA,NA,TEMEPHOS,NA,3383968,APPROVED,WQX.AliasMatch,NA
TEMPERATURE,TEMPERATURE,TEMPERATURE,TEMPERATURE,NA,,APPROVED,WQX.AliasMatch,NA
"TEMPERATURE, WATER",NA,NA,"TEMPERATURE, WATER",NA,,APPROVED,WQX.AliasMatch,NA
GENERAL OBSERVATION (TEXT),NA,NA,TEMPORARY PLACEHOLDER,NA,,APPROVED,WQX.AliasMatch,NA
TERBACIL,TERBACIL,TERBACIL,TERBACIL,5902511,5902512,APPROVED,WQX.AliasMatch,NA
TERBUFOS,TERBUFOS,TERBUFOS,TERBUFOS,13071799,13071799,APPROVED,WQX.AliasMatch,NA
TERBUTHYLAZINE,NA,NA,TERBUTHYLAZINE,NA,5915413,APPROVED,WQX.AliasMatch,NA
TERBUTRYN,NA,NA,TERBUTRYN,NA,886500,APPROVED,WQX.AliasMatch,NA
TERT-AMYL METHYL ETHER,NA,NA,TERT-AMYL METHYL ETHER,NA,994058,APPROVED,WQX.AliasMatch,NA
TERT-BUTANOL,NA,NA,TERT-BUTYL ALCOHOL,NA,75650,APPROVED,WQX.AliasMatch,NA
ETHYL TERT-BUTYL ETHER,NA,NA,TERT-BUTYL ETHYL ETHER,NA,637923,APPROVED,WQX.AliasMatch,NA
P-CHLOROBENZOTRIFLUORIDE,4-CHLOROBENZOTRIFLUORIDE,4-CHLOROBENZOTRIFLUORIDE,TERT-BUTYLBENZENE,98566,98566,APPROVED,WQX.AliasMatch,NA
TETRACHLOROETHYLENE,TETRACHLOROETHENE*,TETRACHLOROETHYLENE*,TETRACHLOROETHANE,NA,127184,APPROVED,WQX.AliasMatch,NA
TETRACHLOROETHYLENE,TETRACHLOROETHENE*,TETRACHLOROETHYLENE*,TETRACHLOROETHENE,NA,127184,APPROVED,WQX.AliasMatch,NA
TETRACHLOROETHENE***RETIRED***USE TETRACHLOROETHYLENE,TETRACHLOROETHENE,TETRACHLOROETHYLENE,TETRACHLOROETHYLENE,127184,127184,APPROVED,WQX.AliasMatch,NA
TETRACHLOROETHYLENE,TETRACHLOROETHENE*,TETRACHLOROETHYLENE*,TETRACHLOROETHYLENE/PCE,NA,127184,APPROVED,WQX.AliasMatch,NA
TETRACHLORVINPHOS,NA,NA,TETRACHLORVINPHOS,NA,22248799,APPROVED,WQX.AliasMatch,NA
TETRACONAZOLE,NA,NA,TETRACONAZOLE,NA,112281773,APPROVED,WQX.AliasMatch,NA
TETRADIFON,NA,NA,TETRADIFON,NA,116290,APPROVED,WQX.AliasMatch,NA
TETRAMETHRIN,NA,NA,TETRAMETHRIN,NA,7696120,APPROVED,WQX.AliasMatch,NA
THALLIUM,THALLIUM,THALLIUM,THALLIUM,7440280,7440280,APPROVED,WQX.AliasMatch,NA
THALLIUM,THALLIUM,THALLIUM,THALLIUM IN FISH TISSUE,7440280,7440280,APPROVED,WQX.AliasMatch,NA
GENERAL OBSERVATION (TEXT),NA,NA,THERMAL MODIFICATIONS,NA,,APPROVED,WQX.AliasMatch,NA
GENERAL OBSERVATION (TEXT),NA,NA,THERMAL STRATIFICATION,NA,,APPROVED,WQX.AliasMatch,NA
THIABENDAZOLE,NA,NA,THIABENDAZOLE,NA,148798,APPROVED,WQX.AliasMatch,NA
THIACLOPRID,NA,NA,THIACLOPRID,NA,111988499,APPROVED,WQX.AliasMatch,NA
THIAMETHOXAM,THIAMETHOXAM,THIAMETHOXAM,THIAMETHOXAM,153719234,153719234,APPROVED,WQX.AliasMatch,NA
THIOBENCARB,THIOBENCARB,THIOBENCARB,THIOBENCARB,NA,28249776,APPROVED,WQX.AliasMatch,NA
THIONAZIN,NA,NA,THIONAZIN,NA,297972,APPROVED,WQX.AliasMatch,NA
THIOUREA,NA,NA,THIOUREA,NA,62566,APPROVED,WQX.AliasMatch,NA
FLOW,NA,NA,TIDAL FLOW ALTERATION,NA,,APPROVED,WQX.AliasMatch,NA
TIN,NA,NA,TIN,NA,7440315,APPROVED,WQX.AliasMatch,NA
TITANIUM,NA,NA,TITANIUM,NA,7440326,APPROVED,WQX.AliasMatch,NA
GENERAL OBSERVATION (TEXT),NA,NA,TMDL YEAR DELIST: NONNPOL. (AQ.LIFE:DRWDN) 2002 LISTING: 4C,NA,,APPROVED,WQX.AliasMatch,NA
TOLUENE,TOLUENE,TOLUENE,TOLUENE,108883,108883,APPROVED,WQX.AliasMatch,NA
GENERAL OBSERVATION (TEXT),NA,NA,TOTAL AGG. CONCENTRATION,NA,,APPROVED,WQX.AliasMatch,NA
FECAL COLIFORM,FECAL COLIFORM,FECAL COLIFORM,TOTAL AND FECAL COLIFORM,NA,,APPROVED,WQX.AliasMatch,NA
HYDROCARBONS,NA,NA,TOTAL AROMATIC HYDROCARBONS,NA,308067530,APPROVED,WQX.AliasMatch,NA
GENERAL OBSERVATION (TEXT),NA,NA,TOTAL BENZOFLUORANTHENES,NA,,APPROVED,WQX.AliasMatch,NA
TOTAL COLIFORM,TOTAL COLIFORM,TOTAL COLIFORM,TOTAL COLIFORM,NA,,APPROVED,WQX.AliasMatch,NA
DISSOLVED GASES,DISSOLVED GASES,DISSOLVED GASES,TOTAL DISSOLVED GAS,NA,,APPROVED,WQX.AliasMatch,NA
TOTAL DISSOLVED SOLIDS,DISSOLVED SOLIDS,DISSOLVED SOLIDS,TOTAL DISSOLVED SOLIDS (TDS),NA,,APPROVED,WQX.AliasMatch,NA
TOTAL DISSOLVED SOLIDS,DISSOLVED SOLIDS,TOTAL DISSOLVED SOLIDS,TOTAL DISSOLVED SOLIDS (TDS),NA,,APPROVED,WQX.AliasMatch,NA
TOTAL DISSOLVED SOLIDS,TOTAL DISSOLVED SOLIDS,DISSOLVED SOLIDS,TOTAL DISSOLVED SOLIDS (TDS),NA,,APPROVED,WQX.AliasMatch,NA
TOTAL DISSOLVED SOLIDS,TOTAL DISSOLVED SOLIDS,TOTAL DISSOLVED SOLIDS,TOTAL DISSOLVED SOLIDS (TDS),NA,,APPROVED,WQX.AliasMatch,NA
TOTAL DISSOLVED SOLIDS,DISSOLVED SOLIDS,DISSOLVED SOLIDS,TOTAL DISSOLVED SOLIDS - CONDUCTIVITY,NA,,APPROVED,WQX.AliasMatch,NA
TOTAL DISSOLVED SOLIDS,DISSOLVED SOLIDS,TOTAL DISSOLVED SOLIDS,TOTAL DISSOLVED SOLIDS - CONDUCTIVITY,NA,,APPROVED,WQX.AliasMatch,NA
TOTAL DISSOLVED SOLIDS,TOTAL DISSOLVED SOLIDS,DISSOLVED SOLIDS,TOTAL DISSOLVED SOLIDS - CONDUCTIVITY,NA,,APPROVED,WQX.AliasMatch,NA
TOTAL DISSOLVED SOLIDS,TOTAL DISSOLVED SOLIDS,TOTAL DISSOLVED SOLIDS,TOTAL DISSOLVED SOLIDS - CONDUCTIVITY,NA,,APPROVED,WQX.AliasMatch,NA
FECAL COLIFORM,FECAL COLIFORM,FECAL COLIFORM,TOTAL FECAL COLIFORM,NA,,APPROVED,WQX.AliasMatch,NA
"INORGANIC NITROGEN (NO2, NO3, & NH3)",NA,NA,TOTAL INORGANIC NITROGEN,NA,,APPROVED,WQX.AliasMatch,NA
"INORGANIC NITROGEN (NO2, NO3, & NH3)",NA,NA,TOTAL INORGANIC NITROGEN AS N,NA,,APPROVED,WQX.AliasMatch,NA
TOTAL KJELDAHL NITROGEN,NA,NA,TOTAL KJEHLDAHL NITROGEN (TKN),NA,,APPROVED,WQX.AliasMatch,NA
"TOTAL NITROGEN, MIXED FORMS",NA,NA,TOTAL NITROGEN AS N,NA,,APPROVED,WQX.AliasMatch,NA
ORGANIC CARBON,NA,NA,TOTAL ORGANIC CARBON (TOC),NA,,APPROVED,WQX.AliasMatch,NA
TOTAL PCBS,NA,NA,TOTAL PCBS,NA,,APPROVED,WQX.AliasMatch,NA
PHOSPHATE-PHOSPHORUS,NA,NA,TOTAL PHOSPHATES,NA,,APPROVED,WQX.AliasMatch,NA
CHLORINE,CHLORINE,CHLORINE,TOTAL RESIDUAL CHLORINE,7782505,7782505,APPROVED,WQX.AliasMatch,NA
TOTAL SOLIDS,NA,NA,TOTAL SOLIDS,NA,,APPROVED,WQX.AliasMatch,NA
NITROGEN,NITROGEN,TOTAL NITROGEN,TOTAL SOLUBLE INORGANIC NITROGEN AS N,NA,7727379,APPROVED,WQX.AliasMatch,NA
SUSPENDED SEDIMENT DISCHARGE,NA,NA,TOTAL SUSPENDED SEDIMENT,NA,,APPROVED,WQX.AliasMatch,NA
TOTAL SUSPENDED SOLIDS,TOTAL SUSPENDED SOLIDS,SOLIDS SUSPENDED AND TURBIDITY,TOTAL SUSPENDED SOLIDS (TSS),NA,,APPROVED,WQX.AliasMatch,NA
TOX,NA,NA,TOTAL TOXICS,NA,59473040,APPROVED,WQX.AliasMatch,NA
TRIHALOMETHANES,TRIHALOMETHANES,TRIHALOMETHANES*,TOTAL TRIHALOMETHANE (TTHM),NA,,APPROVED,WQX.AliasMatch,NA
NITRATE,NITRATE,NITRATES,TOTAL-N: NITRATES & TKN,14797558,14797558,APPROVED,WQX.AliasMatch,NA
TOX,NA,NA,TOX,NA,59473040,APPROVED,WQX.AliasMatch,NA
TOXAPHENE,TOXAPHENE,TOXAPHENE,TOXAPHENE,8001352,8001352,APPROVED,WQX.AliasMatch,NA
TOXAPHENE,TOXAPHENE,TOXAPHENE,TOXAPHENE IN FISH TISSUE,8001352,8001352,APPROVED,WQX.AliasMatch,NA
TOXAPHENE,TOXAPHENE,TOXAPHENE,TOXAPHENE IN SEDIMENT,8001352,8001352,APPROVED,WQX.AliasMatch,NA
TOXAPHENE,TOXAPHENE,TOXAPHENE,TOXAPHENE IN SMALLMOUTH BUFFALO,8001352,8001352,APPROVED,WQX.AliasMatch,NA
TOXAPHENE,TOXAPHENE,TOXAPHENE,TOXAPHENE LIKE CHLORINATED CAMPHENES,8001352,8001352,APPROVED,WQX.AliasMatch,NA
ENTRENCHMENT RATIO,NA,NA,TOXIC & OTHER DELETERIOUS SUBSTANCES,NA,,APPROVED,WQX.AliasMatch,NA
"	DISCHARGE",NA,NA,TOXIC DISCHARGE,NA,NA,APPROVED,WQX.AliasMatch,NA
TOX,NA,NA,TOXIC IMPACTS,NA,59473040,APPROVED,WQX.AliasMatch,NA
TOX,NA,NA,TOXIC INORGANICS,NA,59473040,APPROVED,WQX.AliasMatch,NA
TOX,NA,NA,TOXIC ORGANICS,NA,59473040,APPROVED,WQX.AliasMatch,NA
GENERAL OBSERVATION (TEXT),NA,NA,TOXIC SEAFOOD ADVISORY (SEAWEED),NA,,APPROVED,WQX.AliasMatch,NA
GENERAL OBSERVATION (TEXT),NA,NA,TOXIC SUBSTANCES,NA,,APPROVED,WQX.AliasMatch,NA
TOX,NA,NA,TOXICANTS,NA,59473040,APPROVED,WQX.AliasMatch,NA
TOX,NA,NA,TOXICITY,NA,59473040,APPROVED,WQX.AliasMatch,NA
TOX,NA,NA,TOXICS,NA,59473040,APPROVED,WQX.AliasMatch,NA
TOX,NA,NA,TOXICS - METALS AND ORGANICS,NA,59473040,APPROVED,WQX.AliasMatch,NA
TOX,NA,NA,TOXINS,NA,59473040,APPROVED,WQX.AliasMatch,NA
MICROHABITATS FOUND,NA,NA,TRACE ELEMENTS,NA,,APPROVED,WQX.AliasMatch,NA
METALS,NA,NA,TRACE ELEMENTS - NON METALS,NA,,APPROVED,WQX.AliasMatch,NA
MICROHABITATS FOUND,NA,NA,TRACE ELEMENTS/MICRONUTRIENTS,NA,,APPROVED,WQX.AliasMatch,NA
"TRANS-1,2-DICHLOROETHYLENE","1,2-TRANS-DICHLOROETHENE*","TRANS-1,2-DICHLOROETHYLENE*","TRANS-1,2-DICHLOROETHENE",NA,156605,APPROVED,WQX.AliasMatch,NA
"TRANS-1,2-DICHLOROETHENE***RETIRED***USE TRANS-1,2-DICHLOROETHYLENE","1,2-TRANS-DICHLOROETHENE","TRANS-1,2-DICHLOROETHYLENE","TRANS-1,2-DICHLOROETHYLENE",156605,156605,APPROVED,WQX.AliasMatch,NA
TRANS-CHLORDANE,NA,NA,TRANS-CHLORDANE,NA,5103742,APPROVED,WQX.AliasMatch,NA
TRANS-NONACHLOR,TRANS-NONACHLOR,TRANS-NONACHLOR,TRANS-NONACHLOR,39765805,39765805,APPROVED,WQX.AliasMatch,NA
GENERAL OBSERVATION (TEXT),NA,NA,TRANSPARENCY / CLARITY,NA,,APPROVED,WQX.AliasMatch,NA
GENERAL OBSERVATION (TEXT),NA,NA,TRASH,NA,,APPROVED,WQX.AliasMatch,NA
GENERAL OBSERVATION (TEXT),NA,NA,TREND,NA,,APPROVED,WQX.AliasMatch,NA
TRIALLATE,NA,NA,TRIALLATE,NA,2303175,APPROVED,WQX.AliasMatch,NA
TRIBENURON-METHYL,TRIBENURON METHYL,TRIBENURON METHYL,TRIBENURON-METHYL,101200480,101200480,APPROVED,WQX.AliasMatch,NA
TRIBUFOS,NA,NA,TRIBUFOS,NA,78488,APPROVED,WQX.AliasMatch,NA
TRIBUTYLTIN,TRIBUTYLTIN (TBT)*,TRIBUTYLTIN (TBT)*,TRIBUTYLTIN,NA,688733,APPROVED,WQX.AliasMatch,NA
TRIBUTYLTIN,TRIBUTYLTIN (TBT)*,TRIBUTYLTIN (TBT)*,TRIBUTYLTIN TBT (TRIBUTYLSTANNE),NA,688733,APPROVED,WQX.AliasMatch,NA
TRICHLORFON,NA,NA,TRICHLORFON,NA,52686,APPROVED,WQX.AliasMatch,NA
TRICHLOROETHANE,TRICHLORINATED ETHANES,TRICHLORINATED ETHANES,TRICHLORINATED ETHANES,25323891,25323891,APPROVED,WQX.AliasMatch,NA
TRICHLOROETHANE,TRICHLORINATED ETHANES,TRICHLORINATED ETHANES,TRICHLOROETHANE,25323891,25323891,APPROVED,WQX.AliasMatch,NA
TRICHLOROETHYLENE,"1,1,2-TRICHLOROETHYLENE",TRICHLOROETHYLENE,TRICHLOROETHENE,79016,79016,APPROVED,WQX.AliasMatch,NA
TRICHLOROETHYLENE,"1,1,2-TRICHLOROETHYLENE",TRICHLOROETHYLENE,TRICHLOROETHYLENE (TCE),79016,79016,APPROVED,WQX.AliasMatch,NA
CFC-11,TRICHLOROFLUOROMETHANE,TRICHLOROFLUOROMETHANE,TRICHLOROFLUOROMETHANE (CFC-11),75694,75694,APPROVED,WQX.AliasMatch,NA
TRICHLORONATE,NA,NA,TRICHLORONATE,NA,327980,APPROVED,WQX.AliasMatch,NA
TRICLOPYR,TRICLOPYR,TRICLOPYR,TRICLOPYR,55335063,55335063,APPROVED,WQX.AliasMatch,NA
"1,2-BIS(2-CHLOROETHOXY)ETHANE",NA,NA,TRIETHYLENE GLYCOL DICHLORIDE,NA,112265,APPROVED,WQX.AliasMatch,NA
TRIFLOXYSTROBIN,NA,NA,TRIFLOXYSTROBIN,NA,141517217,APPROVED,WQX.AliasMatch,NA
TRIFLUMIZOLE,NA,NA,TRIFLUMIZOLE,NA,68694111,APPROVED,WQX.AliasMatch,NA
TRIFLURALIN,TRIFLURALIN,TRIFLURALIN,TRIFLURALIN,1582098,1582098,APPROVED,WQX.AliasMatch,NA
TRITIUM,TRITIUM,TRITIUM,TRITIUM,NA,10028178,APPROVED,WQX.AliasMatch,NA
ARSENIC,ARSENIC,ARSENIC,TRIVALENT ARSENIC (ARSENIC III),7440382,7440382,APPROVED,WQX.AliasMatch,NA
TROPHIC STATE (CHOICE LIST),NA,NA,TROPHIC STATE INDEX (TSI),NA,,APPROVED,WQX.AliasMatch,NA
TROPHIC STATE (CHOICE LIST),NA,NA,TROPHIC WEIGHTED RESIDUE,NA,,APPROVED,WQX.AliasMatch,NA
TROPHIC STATE (CHOICE LIST),NA,NA,TTS,NA,,APPROVED,WQX.AliasMatch,NA
TURBIDITY,TURBIDITY,TURBIDITY,TURBIDITY,NA,,APPROVED,WQX.AliasMatch,NA
TURBIDITY,TURBIDITY,TURBIDITY,TURBIDITY - BASE FLOWS,NA,,APPROVED,WQX.AliasMatch,NA
TURBIDITY,TURBIDITY,TURBIDITY,TURBIDITY - STORM FLOWS,NA,,APPROVED,WQX.AliasMatch,NA
GENERAL OBSERVATION (TEXT),NA,NA,TWR,NA,,APPROVED,WQX.AliasMatch,NA
GENERAL OBSERVATION (TEXT),NA,NA,UNDETERMINED NPS STRESSOR,NA,,APPROVED,WQX.AliasMatch,NA
GENERAL OBSERVATION (TEXT),NA,NA,UNKNOWN (BIOLOGICAL IMPACTS),NA,,APPROVED,WQX.AliasMatch,NA
GENERAL OBSERVATION (TEXT),NA,NA,UNKNOWN BIOLOGIC STRESSOR,NA,,APPROVED,WQX.AliasMatch,NA
TOX,NA,NA,UNKNOWN TOXICITY,NA,59473040,APPROVED,WQX.AliasMatch,NA
GENERAL OBSERVATION (TEXT),NA,NA,UNLISTED BUT IMPAIRED,NA,,APPROVED,WQX.AliasMatch,NA
"	DISCHARGE",NA,NA,UNPERMITTED DISCHARGE OF WASTE,NA,NA,APPROVED,WQX.AliasMatch,NA
METALS,NA,NA,UNSPECIFIED METALS IN SEDIMENT,NA,,APPROVED,WQX.AliasMatch,NA
GENERAL OBSERVATION (TEXT),NA,NA,UNSPECIFIED NUTRIENTS,NA,,APPROVED,WQX.AliasMatch,NA
TOX,NA,NA,UNSPECIFIED TOXICITY,NA,59473040,APPROVED,WQX.AliasMatch,NA
GENERAL OBSERVATION (TEXT),NA,NA,UNTREATED SEWAGE DISCHARGES,NA,,APPROVED,WQX.AliasMatch,NA
GENERAL OBSERVATION (TEXT),NA,NA,UPSTREAM IMPOUNDMENT,NA,,APPROVED,WQX.AliasMatch,NA
URANIUM,URANIUM,URANIUM,URANIUM,7440611,7440611,APPROVED,WQX.AliasMatch,NA
GENERAL OBSERVATION (TEXT),NA,NA,URBAN POLLUTANTS,NA,,APPROVED,WQX.AliasMatch,NA
GENERAL OBSERVATION (TEXT),NA,NA,URBAN RUNOFF,NA,,APPROVED,WQX.AliasMatch,NA
UREA,NA,NA,UREA,NA,57136,APPROVED,WQX.AliasMatch,NA
GENERAL OBSERVATION (TEXT),NA,NA,USES,NA,,APPROVED,WQX.AliasMatch,NA
VANADIUM,VANADIUM,VANADIUM,VANADIUM,7440622,7440622,APPROVED,WQX.AliasMatch,NA
VANADIUM,VANADIUM,VANADIUM,VANADIUM (FUME OR DUST),7440622,7440622,APPROVED,WQX.AliasMatch,NA
TAXON PRESENT (Y/N) (CHOICE LIST),NA,NA,"VARIABLE-LEAVED WATERMILFOIL, MYRIOPHYLLUM HETEROPHYLLUM",NA,,APPROVED,WQX.AliasMatch,NA
MERCURY,MERCURY,MERCURY,VDH HEALTH ADVISORY - MERCURY,7439976,7439976,APPROVED,WQX.AliasMatch,NA
POLYCHLORINATED BIPHENYLS,PCBS,POLYCHLORINATED BIPHENYLS (PCBS),VDH HEALTH ADVISORY - PCBS,1336363,1336363,APPROVED,WQX.AliasMatch,NA
GENERAL OBSERVATION (TEXT),NA,NA,VDH SHELLFISH RESTRICTION,NA,,APPROVED,WQX.AliasMatch,NA
VERNOLATE,NA,NA,VERNOLATE,NA,1929777,APPROVED,WQX.AliasMatch,NA
GENERAL OBSERVATION (TEXT),NA,NA,VERTICAL EXTINCTION COEFFICIENT,NA,,APPROVED,WQX.AliasMatch,NA
VINCLOZOLIN,NA,NA,VINCLOZOLIN,NA,50471448,APPROVED,WQX.AliasMatch,NA
VINYL ACETATE,NA,NA,VINYL ACETATE,NA,108054,APPROVED,WQX.AliasMatch,NA
VINYL BROMIDE,NA,NA,VINYL BROMIDE,NA,593602,APPROVED,WQX.AliasMatch,NA
VINYL CHLORIDE,CHLOROETHYLENE (VINYL CHLORIDE),VINYL CHLORIDE,VINYL CHLORIDE,75014,75014,APPROVED,WQX.AliasMatch,NA
"1,1-DICHLOROETHYLENE","1,1-DICHLOROETHENE","1,1-DICHLOROETHYLENE",VINYLIDENE CHLORIDE,75354,75354,APPROVED,WQX.AliasMatch,NA
"1,1-DICHLOROETHYLENE","1,1-DICHLOROETHENE","1,1-DICHLOROETHYLENE*",VINYLIDENE CHLORIDE,NA,75354,APPROVED,WQX.AliasMatch,NA
"1,1-DICHLOROETHYLENE","1,1-DICHLOROETHENE*","1,1-DICHLOROETHYLENE",VINYLIDENE CHLORIDE,NA,75354,APPROVED,WQX.AliasMatch,NA
"1,1-DICHLOROETHYLENE","1,1-DICHLOROETHENE*","1,1-DICHLOROETHYLENE*",VINYLIDENE CHLORIDE,NA,75354,APPROVED,WQX.AliasMatch,NA
VIRUSES (ENTERIC),NA,NA,VIRUSES (ENTERIC),NA,,APPROVED,WQX.AliasMatch,NA
SODIUM,SODIUM,SODIUM,VISIBLE OIL AND SODIUM ADSORPTION RATIO (SAR),NA,7440235,APPROVED,WQX.AliasMatch,NA
VOLATILE ORGANIC COMPOUNDS,NA,NA,VOLATILE ORGANICS (VOCS),NA,,APPROVED,WQX.AliasMatch,NA
TOTAL VOLATILE SOLIDS,NA,NA,VOLATILE SOLIDS,NA,,APPROVED,WQX.AliasMatch,NA
GENERAL OBSERVATION (TEXT),NA,NA,WASTE (MANURE) REMOVAL  (AGRIC NPS) BY CONSENT ORDER AND SITE PERMIT,NA,,APPROVED,WQX.AliasMatch,NA
WASTEWATER RELATIVE FLUORESCENCE (FWW),NA,NA,WASTEWATER,NA,,APPROVED,WQX.AliasMatch,NA
WATER,NA,NA,WATER CHESTNUT,NA,7732185,APPROVED,WQX.AliasMatch,NA
WATER COLUMN HABITAT TYPE (%),NA,NA,WATER COLUMN BIOASSAY,NA,,APPROVED,WQX.AliasMatch,NA
WATER,NA,NA,WATER DIVERSION,NA,7732185,APPROVED,WQX.AliasMatch,NA
WATER,NA,NA,WATER LEVEL FLUCTUATION,NA,7732185,APPROVED,WQX.AliasMatch,NA
WATER,NA,NA,WATER QUALITY USE RESTRICTIONS,NA,7732185,APPROVED,WQX.AliasMatch,NA
WATER,NA,NA,WATER/FLOW VARIABILITY,NA,7732185,APPROVED,WQX.AliasMatch,NA
FUEL OIL NO. 2,NA,NA,WEATHERED #2 OIL,NA,68476302,APPROVED,WQX.AliasMatch,NA
SHORELINE CHARACTERISTICS - WETLAND (CHOICE LIST),NA,NA,WETLAND LOSS,NA,,APPROVED,WQX.AliasMatch,NA
SHORELINE CHARACTERISTICS - WETLAND (CHOICE LIST),NA,NA,WETLANDS DRAINAGE,NA,,APPROVED,WQX.AliasMatch,NA
SHORELINE CHARACTERISTICS - WETLAND (CHOICE LIST),NA,NA,WETLANDS DREDGED/FILLED,NA,,APPROVED,WQX.AliasMatch,NA
SHORELINE CHARACTERISTICS - WETLAND (CHOICE LIST),NA,NA,WETLANDS IMPAIRMENT-DRAINAGE,NA,,APPROVED,WQX.AliasMatch,NA
SHORELINE CHARACTERISTICS - WETLAND (CHOICE LIST),NA,NA,WETLANDS IMPAIRMENT-DREDGED/FILLED,NA,,APPROVED,WQX.AliasMatch,NA
SHORELINE CHARACTERISTICS - WETLAND (CHOICE LIST),NA,NA,WETLANDS IMPAIRMENT-SOURCE UNKNOWN,NA,,APPROVED,WQX.AliasMatch,NA
PHOSPHORUS,PHOSPHOROUS (YELLOW),PHOSPHOROUS (YELLOW),"WHITE PHOSPHORUS, MUNITIIONS RESIDUE",7723140,7723140,APPROVED,WQX.AliasMatch,NA
TOX,NA,NA,WHOLE EFFLUENT TOXICITY (WET),NA,59473040,APPROVED,WQX.AliasMatch,NA
GENERAL OBSERVATION (TEXT),NA,NA,WI 2800,NA,,APPROVED,WQX.AliasMatch,NA
GENERAL OBSERVATION (TEXT),NA,NA,WILDLIFE,NA,,APPROVED,WQX.AliasMatch,NA
GENERAL OBSERVATION (TEXT),NA,NA,WINTER KILLS,NA,,APPROVED,WQX.AliasMatch,NA
GENERAL OBSERVATION (TEXT),NA,NA,WLA DEVELOPED ON FY94,NA,,APPROVED,WQX.AliasMatch,NA
GENERAL OBSERVATION (TEXT),NA,NA,WLA DEVELOPED ON FY95,NA,,APPROVED,WQX.AliasMatch,NA
GENERAL OBSERVATION (TEXT),NA,NA,WLA DEVELOPED ON FY96,NA,,APPROVED,WQX.AliasMatch,NA
GENERAL OBSERVATION (TEXT),NA,NA,WLA DEVELOPED ON FY97,NA,,APPROVED,WQX.AliasMatch,NA
GENERAL OBSERVATION (TEXT),NA,NA,WLA DEVELOPED ON FY98,NA,,APPROVED,WQX.AliasMatch,NA
GENERAL OBSERVATION (TEXT),NA,NA,WLA PENDING WQC REQUEST,NA,,APPROVED,WQX.AliasMatch,NA
GENERAL OBSERVATION (TEXT),NA,NA,WLA WILL BE ISSUED ON FY99,NA,,APPROVED,WQX.AliasMatch,NA
GENERAL OBSERVATION (TEXT),NA,NA,WLA WILL BE PERFORMED ON FY99,NA,,APPROVED,WQX.AliasMatch,NA
GENERAL OBSERVATION (TEXT),NA,NA,WQS AT END OF PIPE,NA,,APPROVED,WQX.AliasMatch,NA
GENERAL OBSERVATION (TEXT),NA,NA,WQS AT END OF PIPE ON FY92,NA,,APPROVED,WQX.AliasMatch,NA
GENERAL OBSERVATION (TEXT),NA,NA,WQS AT END OF PIPE ON FY93,NA,,APPROVED,WQX.AliasMatch,NA
GENERAL OBSERVATION (TEXT),NA,NA,WQS AT END OF PIPE ON FY94,NA,,APPROVED,WQX.AliasMatch,NA
GENERAL OBSERVATION (TEXT),NA,NA,WQS AT END OF PIPE ON FY95,NA,,APPROVED,WQX.AliasMatch,NA
GENERAL OBSERVATION (TEXT),NA,NA,WQS AT END OF PIPE ON FY96,NA,,APPROVED,WQX.AliasMatch,NA
GENERAL OBSERVATION (TEXT),NA,NA,WQS AT END OF PIPE ON FY97,NA,,APPROVED,WQX.AliasMatch,NA
GENERAL OBSERVATION (TEXT),NA,NA,WQS AT END OF PIPE ON FY98,NA,,APPROVED,WQX.AliasMatch,NA
GENERAL OBSERVATION (TEXT),NA,NA,WQS AT END OF PIPE ON FY99,NA,,APPROVED,WQX.AliasMatch,NA
GENERAL OBSERVATION (TEXT),NA,NA,WQS AT END OF PIPE PENDING COMPLY PR REGS,NA,,APPROVED,WQX.AliasMatch,NA
GENERAL OBSERVATION (TEXT),NA,NA,WQS AT END OF PIPE PENDING WQC REQUEST,NA,,APPROVED,WQX.AliasMatch,NA
GENERAL OBSERVATION (TEXT),NA,NA,WQS AT END OF PIPE WILL BE PERFORMED ON FY99,NA,,APPROVED,WQX.AliasMatch,NA
XYLENE,XYLENE,XYLENE,XYLENE,1330207,1330207,APPROVED,WQX.AliasMatch,NA
TOTAL XYLENES,NA,NA,XYLENES,NA,1330207,APPROVED,WQX.AliasMatch,NA
TOTAL XYLENES,NA,NA,"XYLENES - TOTAL, MIXED",NA,1330207,APPROVED,WQX.AliasMatch,NA
YTTERBIUM,NA,NA,YTTERBIUM,NA,7440644,APPROVED,WQX.AliasMatch,NA
YTTRIUM,NA,NA,YTTRIUM,NA,7440655,APPROVED,WQX.AliasMatch,NA
GENERAL OBSERVATION (TEXT),NA,NA,"ZEBRA MUSSEL, DREISSENA POLYMORPH",NA,,APPROVED,WQX.AliasMatch,NA
ZINC,ZINC,ZINC,ZINC,7440666,7440666,APPROVED,WQX.AliasMatch,NA
ZINC,ZINC,ZINC,ZINC IN EDIBLE TISSUE,7440666,7440666,APPROVED,WQX.AliasMatch,NA
ZINC,ZINC,ZINC,ZINC IN FISH TISSUE,7440666,7440666,APPROVED,WQX.AliasMatch,NA
ZINC,ZINC,ZINC,ZINC IN OYSTER TISSUE,7440666,7440666,APPROVED,WQX.AliasMatch,NA
ZINC,ZINC,ZINC,ZINC IN SEDIMENT,7440666,7440666,APPROVED,WQX.AliasMatch,NA
ZINC,ZINC,ZINC,ZINC IN SHELLFISH,7440666,7440666,APPROVED,WQX.AliasMatch,NA
ZINC,ZINC,ZINC,"ZINC, ACUTE",7440666,7440666,APPROVED,WQX.AliasMatch,NA
ZINC,ZINC,ZINC,"ZINC, CHRONIC",7440666,7440666,APPROVED,WQX.AliasMatch,NA
ZINC,ZINC,ZINC,"ZINC, DISSOLVED",7440666,7440666,APPROVED,WQX.AliasMatch,NA
ZINC,ZINC,ZINC,"ZINC, DISSOLVED - ACUTE",7440666,7440666,APPROVED,WQX.AliasMatch,NA
ZINC,ZINC,ZINC,"ZINC, DISSOLVED - CHRONIC",7440666,7440666,APPROVED,WQX.AliasMatch,NA
ZINC,ZINC,ZINC,"ZINC, TOTAL",7440666,7440666,APPROVED,WQX.AliasMatch,NA
ZINEB,NA,NA,ZINEB,NA,12122677,APPROVED,WQX.AliasMatch,NA
ZIRAM,ZIRAM,ZIRAM,ZIRAM,NA,137304,APPROVED,WQX.AliasMatch,NA
"P,P'-DDD","4,4'-DDD","P,P'-DICHLORODIPHENYLDICHLOROETHANE (DDD)","P,P' DDD",72548,72548,APPROVED,WQX.AliasMatch,NA
"ACIDITY, (H+)",ACIDITY,ACIDITY,PH,NA,,APPROVED,WQX.AliasMatch,NA
CFC-113A,"1,1,1-TRICHLORO-2,2,2-TRIFLUOROETHANE","1,1,1-TRICHLORO-2,2,2-TRIFLUOROETHANE",NA,354585,354585,APPROVED,WQX.AliasMatch,NA
"1,1-DICHLOROPROPANE","1,1-DICHLOROPROPANE","1,1-DICHLOROPROPANE",NA,78999,78999,APPROVED,WQX.AliasMatch,NA
"1,2,3,5-TETRACHLOROBENZENE","1,2,3,5-TETRACHLOROBENZENE","1,2,3,5-TETRACHLOROBENZENE",NA,634902,634902,APPROVED,WQX.AliasMatch,NA
"1,2,3-TRIMETHYLBENZENE","1,2,3-TRIMETHYLBENZENE","1,2,3-TRIMETHYLBENZENE",NA,526738,526738,APPROVED,WQX.AliasMatch,NA
"1,4-DIBROMOBENZENE","1,4-DIBROMOBENZENE","1,4-DIBROMOBENZENE",NA,106376,,APPROVED,WQX.AliasMatch,NA
1-CHLOROBUTANE,1-CHLOROBUTANE,1-CHLOROBUTANE,NA,NA,109693,APPROVED,WQX.AliasMatch,NA
1-CHLORONAPHTHALENE,1-CHLORONAPHTHALENE,1-CHLORONAPHTHALENE,NA,90131,90131,APPROVED,WQX.AliasMatch,NA
"2,3-DICHLOROPHENOL","2,3-DICHLOROPHENOL","2,3-DICHLOROPHENOL",NA,576249,576249,APPROVED,WQX.AliasMatch,NA
TRINITROTOLUENE,"2,4,6 TNT","2,4,6 TNT",NA,118967,118967,APPROVED,WQX.AliasMatch,NA
"4,6-DICHLORO-O-CRESOL","2,4-DICHLORO-6-METHYLPHENOL","2,4-DICHLORO-6-METHYLPHENOL",NA,1570656,1570656,APPROVED,WQX.AliasMatch,NA
"2,6-DICHLOROPHENOL","2,6-DICHLOROPHENOL","2,6-DICHLOROPHENOL",NA,87650,87650,APPROVED,WQX.AliasMatch,NA
ETHYLENE GLYCOL MONOBUTYL ETHER,2-BUTOXY ETHANOL,2-BUTOXY ETHANOL,NA,111762,111762,APPROVED,WQX.AliasMatch,NA
4-CHLORO-2-METHYLPHENOL,2-METHYL-4-CHLOROPHENOL,2-METHYL-4-CHLOROPHENOL,NA,1570645,1570645,APPROVED,WQX.AliasMatch,NA
M-CHLOROTOLUENE,3-CHLOROTOLUENE,3-CHLOROTOLUENE,NA,108418,108418,APPROVED,WQX.AliasMatch,NA
M-CYMENE,3-ISOPROPYLTOLUENE,3-ISOPROPYLTOLUENE,NA,535773,535773,APPROVED,WQX.AliasMatch,NA
4-BROMOPHENYL PHENYL ETHER***RETIRED***USE BDE-003,4-BROMOPHENYL PHENYL ETHER,4-BROMOPHENYL PHENYL ETHER,NA,101553,101553,APPROVED,WQX.AliasMatch,NA
P-BROMOPHENYL PHENYL ETHER***RETIRED***USE BDE-003,4-BROMOPHENYL PHENYL ETHER**,4-BROMOPHENYL PHENYL ETHER**,NA,NA,101553,APPROVED,WQX.AliasMatch,NA
"ACIFLUORFEN, SODIUM SALT",ACIFLUORFEN*,ACIFLUORFEN*,NA,NA,62476599,APPROVED,WQX.AliasMatch,NA
AMMONIA AND AMMONIUM,AMMONIA AND AMMONIUM,AMMONIA AND AMMONIUM,NA,NA,,APPROVED,WQX.AliasMatch,NA
ARAMITE,ARAMITE,ARAMITE,NA,140578,140578,APPROVED,WQX.AliasMatch,NA
AZOBENZENE,AZOBENZENE,AZOBENZENE,NA,103333,103333,APPROVED,WQX.AliasMatch,NA
BENTAZON METHYL,BENTAZON METHYL,BENTAZON METHYL,NA,61592458,61592458,APPROVED,WQX.AliasMatch,NA
BROMATE,BROMATE,BROMATE,NA,15541454,15541454,APPROVED,WQX.AliasMatch,NA
BROMINE,BROMINE,BROMINE,NA,7726956,7726956,APPROVED,WQX.AliasMatch,NA
BUTACHLOR,BUTACHLOR,BUTACHLOR,NA,NA,23184669,APPROVED,WQX.AliasMatch,NA
CARBOXIN,CARBOXIN,CARBOXIN,NA,5234684,5234684,APPROVED,WQX.AliasMatch,NA
CHLORINATED NAPHTHALENES,CHLORINATED NAPHTHALENES,CHLORINATED NAPHTHALENES,NA,NA,70776033,APPROVED,WQX.AliasMatch,NA
CHLORITE,CHLORITE,CHLORITE,NA,67481,14998277,APPROVED,WQX.AliasMatch,NA
"CIS-1,3-DICHLOROPROPENE","CIS-1,3-DICHLOROPROPENE","CIS-1,3-DICHLOROPROPENE",NA,10061015,10061015,APPROVED,WQX.AliasMatch,NA
DIBROMOCHLOROPROPANE,DIBROMOCHLOROPROPANE,"1,2 DIBROMO-3-CHLOROPROPANE*",NA,NA,73506919,APPROVED,WQX.AliasMatch,NA
DIBROMODICHLOROMETHANE,DIBROMODICHLOROMETHANE,DIBROMODICHLOROMETHANE,NA,594183,594183,APPROVED,WQX.AliasMatch,NA
DICHLOROACETIC ACID,DICHLOROACETIC ACID,DICHLOROACETIC ACID,NA,79436,79436,APPROVED,WQX.AliasMatch,NA
DICHLORODIFLUOROMETHANE***RETIRED***USE CFC-12,DICHLORODIFLUOROMETHANE*,DICHLORODIFLUOROMETHANE*,NA,NA,75718,APPROVED,WQX.AliasMatch,NA
HCFC-21,DICHLOROFLUOROMETHANE,DICHLOROFLUOROMETHANE,NA,75434,75434,APPROVED,WQX.AliasMatch,NA
DICHLOROPROPANE,DICHLOROPROPANE,DICHLOROPROPANE,NA,26638197,26638197,APPROVED,WQX.AliasMatch,NA
DICHLOROPROP***RETIRED***USE DICHLORPROP,DICHLORPROP,DICHLORPROP,NA,120365,120365,APPROVED,WQX.AliasMatch,NA
DIFENOCONAZOLE,DIFENOCONAZOLE,DIFENOCONAZOLE,NA,NA,119446683,APPROVED,WQX.AliasMatch,NA
DIMETHENAMID,DIMETHENAMID,DIMETHENAMID,NA,NA,87674688,APPROVED,WQX.AliasMatch,NA
DIPHENYLAMINE,DIPHENYLAMINE,DIPHENYLAMINE,NA,NA,122394,APPROVED,WQX.AliasMatch,NA
DIQUAT DIBROMIDE,DIQUAT*,DIQUAT*,NA,NA,85007,APPROVED,WQX.AliasMatch,NA
ETHOFUMESATE,ETHOFUMESATE,ETHOFUMESATE,NA,NA,26225796,APPROVED,WQX.AliasMatch,NA
FENBUCONAZOLE,FENBUCONAZOLE,FENBUCONAZOLE,NA,NA,114369436,APPROVED,WQX.AliasMatch,NA
FLUCARBAZONE,FLUCARBAZONE,FLUCARBAZONE,NA,NA,145026886,APPROVED,WQX.AliasMatch,NA
FLUROXYPYR,FLUROXYPYR,FLUROXYPYR,NA,NA,69377817,APPROVED,WQX.AliasMatch,NA
FOLPET,FOLPET,FOLPET,NA,133073,133073,APPROVED,WQX.AliasMatch,NA
GLUFOSINATE-AMMONIUM,GLUFOSINATE-AMMONIUM,GLUFOSINATE-AMMONIUM,NA,73777501,77182822,APPROVED,WQX.AliasMatch,NA
HALOACETIC ACIDS,HALOACETIC ACIDS,HALOACETIC ACID,NA,NA,,APPROVED,WQX.AliasMatch,NA
BDE-153,HEXABROMODIPHENYL ETHER,HEXABROMODIPHENYL ETHER,NA,68631492,68631492,APPROVED,WQX.AliasMatch,NA
HEXABROMODIPHENYL ETHER,HEXABROMODIPHENYL ETHER*,HEXABROMODIPHENYL ETHER*,NA,NA,36483600,APPROVED,WQX.AliasMatch,NA
HEXACHLOROBENZINE,HEXACHLOROBENZENE*,HEXACHLOROBENZENE*,NA,NA,118741,APPROVED,WQX.AliasMatch,NA
"1,2,3,7,8,9-HEXACHLORODIBENZO-P-DIOXIN","HEXACHLORODIBENZO-P-DIOXIN (1,2,3,7,8,9-HCDD)","HEXACHLORODIBENZO-P-DIOXIN (1,2,3,7,8,9-HCDD)",NA,19408743,19408743,APPROVED,WQX.AliasMatch,NA
HEXACHLOROPROPENE,HEXACHLOROPROPENE,HEXACHLOROPROPENE,NA,NA,1888717,APPROVED,WQX.AliasMatch,NA
1-PROPANOL,I-PROPANOL,I-PROPANOL,NA,71238,71238,APPROVED,WQX.AliasMatch,NA
IMAZAMETHABENZ-METHYL,IMAZAMETHABENZ-METHYL ESTER,IMAZAMETHABENZ-METHYL ESTER,NA,81405858,81405858,APPROVED,WQX.AliasMatch,NA
IMAZAPIC,IMAZAPIC,IMAZAPIC,NA,NA,104098488,APPROVED,WQX.AliasMatch,NA
IMAZAPYR,IMAZAPYR,IMAZAPYR,NA,81334341,81334341,APPROVED,WQX.AliasMatch,NA
IODINE,IODINE,IODINE,NA,NA,7553562,APPROVED,WQX.AliasMatch,NA
ISODRIN,ISODRIN,ISODRIN,NA,NA,465736,APPROVED,WQX.AliasMatch,NA
ISOPROPALIN,ISOPROPALIN,ISOPROPALIN,NA,NA,33820530,APPROVED,WQX.AliasMatch,NA
METSULFURON-METHYL,METSULFURON METHYL,METSULFURON METHYL,NA,74223646,74223646,APPROVED,WQX.AliasMatch,NA
N-BUTYLBENZENE,N-BUTYLBENZENE,N-BUTYLBENZENE,NA,104518,104518,APPROVED,WQX.AliasMatch,NA
N-NITROSOMETHYLETHYLAMINE,N-NITROSO-N-METHYLETHYLAMINE,N-NITROSO-N-METHYLETHYLAMINE,NA,10595956,10595956,APPROVED,WQX.AliasMatch,NA
NICOTINAMIDE,NIACINAMIDE,NIACINAMIDE,NA,98920,98920,APPROVED,WQX.AliasMatch,NA
NITROGUANIDINE,NITROGUANIDINE,NITROGUANIDINE,NA,NA,556887,APPROVED,WQX.AliasMatch,NA
N-NITROSOPYRROLIDINE,NITROSOPYRROLIDINE,NITROSOPYRROLIDINE,NA,930552,930552,APPROVED,WQX.AliasMatch,NA
BRANCHED P-NONYLPHENOL,NONYLPHENOL,NONYLPHENOL,NA,84852153,84852153,APPROVED,WQX.AliasMatch,NA
OXYDEMETON-METHYL,OXYDEMETON METHYL,OXYDEMETON METHYL,NA,301122,301122,APPROVED,WQX.AliasMatch,NA
AROCLOR 1221,PCB 1221,PCB-1221,NA,11104282,11104282,APPROVED,WQX.AliasMatch,NA
AROCLOR 1232,PCB 1232,PCB-1232,NA,11141165,11141165,APPROVED,WQX.AliasMatch,NA
PENTABROMODIPHENYL ETHER,PENTABROMODIPHENYL ETHER,PENTABROMODIPHENYL ETHER,NA,NA,32534819,APPROVED,WQX.AliasMatch,NA
DIPHENYL ETHER,PHENYL ETHER,PHENYL ETHER,NA,101848,101848,APPROVED,WQX.AliasMatch,NA
PHENYL ETHER,PHENYL ETHER*,PHENYL ETHER*,NA,NA,101848,APPROVED,WQX.AliasMatch,NA
PRIMISULFURON-METHYL,PRIMISULFURON METHYL,PRIMISULFURON METHYL,NA,86209510,86209510,APPROVED,WQX.AliasMatch,NA
PROSULFURON,PROSULFURON,PROSULFURON,NA,NA,94125345,APPROVED,WQX.AliasMatch,NA
PYROXSULAM,PYROXSULAM,PYROXSULAM,NA,NA,422556089,APPROVED,WQX.AliasMatch,NA
RADON,RADON,RADON,NA,NA,10043922,APPROVED,WQX.AliasMatch,NA
RADON-222,RADON 222,RADON 222,NA,14859677,14859677,APPROVED,WQX.AliasMatch,NA
SAFLUFENACIL,SAFLUFENACIL,SAFLUFENACIL,NA,372137354,372137354,APPROVED,WQX.AliasMatch,NA
SELENIUM DRY WEIGHT,SELENIUM*,SELENIUM*,NA,NA,7782492,APPROVED,WQX.AliasMatch,NA
STRONTIUM-90,STRONTIUM-90,STRONTIUM 90,NA,NA,10098972,APPROVED,WQX.AliasMatch,NA
SULFUR SULFATE,SULFATES*,SULFATE*,NA,NA,14808798,APPROVED,WQX.AliasMatch,NA
TOTAL SULFATE,SULFATES**,SULFATE**,NA,NA,14808798,APPROVED,WQX.AliasMatch,NA
SULFENTRAZONE,SULFENTRAZONE,SULFENTRAZONE,NA,122836355,122836355,APPROVED,WQX.AliasMatch,NA
SULFITE,SULFITE,SULFITE,NA,NA,14265453,APPROVED,WQX.AliasMatch,NA
TERT-BUTYLBENZENE,TERT-BUTYLBENZENE,TERT-BUTYLBENZENE,NA,98066,98066,APPROVED,WQX.AliasMatch,NA
TETRABROMODIPHENYL ETHER,TETRABROMODIPHENYL ETHER,TETRABROMODIPHENYL ETHER,NA,NA,40088479,APPROVED,WQX.AliasMatch,NA
TETRACHLOROETHANE,TETRACHLOROETHANES,TETRACHLOROETHANES,NA,25322207,25322207,APPROVED,WQX.AliasMatch,NA
THEOPHYLLINE,THEOPHYLLINE,THEOPHYLLINE,NA,58559,58559,APPROVED,WQX.AliasMatch,NA
THIFENSULFURON-METHYL,THIFENSULFURON METHYL,THIFENSULFURON METHYL,NA,79277273,79277273,APPROVED,WQX.AliasMatch,NA
TRALKOXYDIM,TRALKOXYDIM,TRALKOXYDIM,NA,87820880,87820880,APPROVED,WQX.AliasMatch,NA
"TRANS-1,3-DICHLOROPROPENE","TRANS-1,3-DICHLOROPROPENE","TRANS-1,3-DICHLOROPROPENE",NA,10061026,10061026,APPROVED,WQX.AliasMatch,NA
"TRANS-1,4-DICHLORO-2-BUTENE","TRANS-1,4-DICHLORO-2-BUTENE","TRANS-1,4-DICHLORO-2-BUTENE",NA,NA,110576,APPROVED,WQX.AliasMatch,NA
TRIASULFURON,TRIASULFURON,TRIASULFURON,NA,82097505,82097505,APPROVED,WQX.AliasMatch,NA
3-METHYL-1-PENTENE,TRIBUTYLTIN (TBT),TRIBUTYLTIN (TBT),NA,688733,760203,APPROVED,WQX.AliasMatch,NA
TRICHLOROACETIC ACID,TRICHLORACETIC ACID,TRICHLORACETIC ACID,NA,76039,76039,APPROVED,WQX.AliasMatch,NA
TRIPHENYL PHOSPHATE,TRIPHENYL PHOSPHATE,TRIPHENYL PHOSPHATE,NA,115866,115866,APPROVED,WQX.AliasMatch,NA
TRITICONAZOLE,TRITICONAZOLE,TRITICONAZOLE,NA,131983727,131983727,APPROVED,WQX.AliasMatch,NA
